id,name,filePath,startLine,endLine,isExported,content,description
"Function:_generated_mapping_v2.py:_get_f0_32_entry_name","_get_f0_32_entry_name","_generated_mapping_v2.py",1,163,false,"    @staticmethod
    def _get_f0_32_entry_name(classified_id: int, data_id: int) -> str:
        """"""获取 F0 32 条目的名称""""""
        names = {
            # === Class 0: 基本信息 ===
            (0, 0): ""本分类ID所有数据ID"",
            (0, 1): ""外部厂商代码"",
            (0, 2): ""外部芯片代码"",
            (0, 3): ""外部版本日期"",
            (0, 4): ""外部版本号"",
            (0, 5): ""内部厂商代码"",
            (0, 6): ""内部芯片代码"",
            (0, 7): ""应用省份"",
            (0, 8): ""应用方案"",
            (0, 9): ""模块功能开关"",
            (0, 11): ""模块类型"",
            (0, 12): ""模块生产信息"",
            (0, 13): ""最后升级时间"",
            (0, 14): ""程序CRC32校验"",
            (0, 15): ""本地接口默认信息 （CCO：生产设置波特率）"",
            (0, 16): ""默认HPLC频段信息"",
            (0, 17): ""默认HPLC参数信息"",
            (0, 18): ""默认HRF信道信息"",
            (0, 19): ""默认HRF参数信息"",
            (0, 20): ""以太网参数"",
            (0, 21): ""双模身份证书有效性"",
            (0, 22): ""波特率协商使能"",
            (0, 23): ""初始串口波特率"",
            (0, 24): ""协商串口波特率"",
            (0, 25): ""当前串口波特率"",
            (0, 26): ""当前通信参数"",
            (0, 27): ""信道使能类型"",
            (0, 28): ""模块组网类型"",
            (0, 29): ""日志串口波特率"",
            (0, 30): ""继电器控制及反馈"",

            # === Class 1: 版本信息 ===
            (1, 0): ""本分类ID所有数据ID"",
            (1, 1): ""编译时间"",
            (1, 2): ""程序总版本"",
            (1, 3): ""总工程版本"",
            (1, 4): ""boot程序版本"",
            (1, 5): ""芯片程序版本"",
            (1, 6): ""驱动层版本"",
            (1, 7): ""载波接口层版本"",
            (1, 8): ""无线PHY层版本"",
            (1, 9): ""载波MAC层版本"",
            (1, 10): ""无线MAC层版本"",
            (1, 11): ""网络层版本"",
            (1, 12): ""应用APS层版本"",
            (1, 13): ""应用APP层版本"",
            (1, 14): ""应用接口层版本"",
            (1, 15): ""以太网驱动版本"",
            (1, 16): ""USB驱动版本"",
            (1, 17): ""USB芯片版本"",
            (1, 20): ""加密程序库版本"",
            (1, 21): ""时钟管理库版本"",
            (1, 22): ""虚拟扇区VSS库版本"",
            (1, 23): ""台区识别库版本"",
            (1, 24): ""通用数据采集库版本"",
            (1, 30): ""深化应用库版本"",

            # === Class 2: 硬件信息 ===
            (2, 0): ""本分类ID所有数据ID"",
            (2, 1): ""芯片ID"",
            (2, 2): ""模块ID"",
            (2, 3): ""硬件型号"",
            (2, 4): ""芯片型号"",
            (2, 5): ""Flash型号及容量"",
            (2, 6): ""电容容量"",
            (2, 7): ""过零电路类型"",
            (2, 8): ""天线类型"",
            (2, 9): ""载波PA功放型号"",
            (2, 10): ""特征电流拓朴类型"",
            (2, 11): ""无线射频开关类型"",
            (2, 12): ""(ECU、SCU)功能模块设备ID"",
            (2, 15): ""模块时钟信息"",
            (2, 16): ""模块MAC地址"",
            (2, 17): ""模块资产编码"",
            (2, 18): ""模块备案信息"",
            (2, 20): ""过零检测信息"",
            (2, 21): ""NTB采样信息"",
            (2, 22): ""载波接收信息"",
            (2, 23): ""无线接收信息"",
            (2, 24): ""USB频偏信息"",
            (2, 25): ""无线校准信息"",
            (2, 26): ""温度校准信息"",

            # === Class 3: 网络信息 ===
            (3, 1): ""节点网络信息"",
            (3, 2): ""节点工作频段"",
            (3, 3): ""已选代理节点信息"",
            (3, 4): ""低电压统计参数"",
            (3, 5): ""代理组1信息"",
            (3, 6): ""代理组2信息"",
            (3, 7): ""代理组3信息"",
            (3, 8): ""代理组4信息"",
            (3, 9): ""代理组5信息"",
            (3, 10): ""代理组6信息"",
            (3, 11): ""代理组7信息"",
            (3, 12): ""代理组8信息"",
            (3, 13): ""代理组9信息"",
            (3, 14): ""代理组10信息"",
            (3, 15): ""当前加密模式和加密算法"",
            (3, 16): ""关联请求信息列表组1-4"",
            (3, 17): ""关联请求信息列表组5-8"",
            (3, 18): ""代理变更信息列表"",

            # === Class 4: 运行信息 ===
            (4, 1): ""复位计数"",
            (4, 2): ""停电计数"",
            (4, 3): ""复电计数"",
            (4, 4): ""过零计数"",
            (4, 5): ""主串口发送次数"",
            (4, 6): ""主串口接收次数"",
            (4, 7): ""广播校时次数"",
            (4, 8): ""精准校时次数"",
            (4, 9): ""MAC层接收HPLC帧总次数"",
            (4, 10): ""MAC层接收RF帧总次数"",
            (4, 11): ""MAC层接收HPLC信标帧次数"",
            (4, 12): ""MAC层接收RF信标帧次数"",
            (4, 13): ""MAC层接收网络帧次数"",
            (4, 14): ""MAC层接收应用帧次数"",
            (4, 15): ""接收本地广播帧次数"",
            (4, 16): ""接收代理广播帧次数"",
            (4, 17): ""作为目标接收单播帧次数"",
            (4, 18): ""作为代理处理转发次数"",
            (4, 19): ""节点离线次数"",
            (4, 20): ""代理变更次数"",
            (4, 21): ""节点发送帧总次数"",
            (4, 22): ""节点发送成功次数"",
            (4, 23): ""节点发送失败次数"",
            (4, 24): ""节点发送失败原因1次数"",
            (4, 25): ""节点发送失败原因2次数"",
            (4, 26): ""节点发送失败原因3次数"",
            (4, 27): ""节点发送失败原因4次数"",
            (4, 28): ""节点发送失败原因5次数"",
            (4, 29): ""节点发送失败原因6次数"",
            (4, 30): ""节点发送失败原因7次数"",
            (4, 31): ""节点发送失败原因8次数"",
            (4, 32): ""节点发送失败原因9次数"",
            (4, 33): ""节点发送失败原因10次数"",
            (4, 34): ""复位原因1次数"",
            (4, 35): ""复位原因6次数"",
            (4, 36): ""最近一次复位原因"",
            (4, 37): ""无线接收报文次数"",
            (4, 38): ""载波接收报文次数"",
            (4, 39): ""电表接口交互发送报文次数"",
            (4, 40): ""电表接口交互接受报文次数"",

            # === Class 5: CCO运行信息 ===
            (5, 1): ""开关信息"",
            (5, 2): ""本地串口当前通信参数"",
            (5, 3): ""以太
... [truncated]",""
"Function:_generated_mapping.py:_get_f0_32_entry_name","_get_f0_32_entry_name","_generated_mapping.py",1,148,false,"    @staticmethod
    def _get_f0_32_entry_name(classified_id: int, data_id: int) -> str:
        """"""获取 F0 32 条目的名称""""""
        names = {
            # === Class 0: 基本信息 ===
            (0, 0): ""本分类ID所有数据ID"",
            (0, 1): ""外部厂商代码"",
            (0, 2): ""外部芯片代码"",
            (0, 3): ""外部版本日期"",
            (0, 4): ""外部版本号"",
            (0, 5): ""内部厂商代码"",
            (0, 6): ""内部芯片代码"",
            (0, 7): ""应用省份"",
            (0, 8): ""应用方案"",
            (0, 9): ""模块功能开关"",
            (0, 11): ""模块类型"",
            (0, 12): ""模块生产信息"",
            (0, 13): ""最后升级时间"",
            (0, 14): ""程序CRC32校验"",
            (0, 15): ""本地接口默认信息 （CCO：生产设置波特率）"",
            (0, 16): ""默认HPLC频段信息"",
            (0, 17): ""默认HPLC参数信息"",
            (0, 18): ""默认HRF信道信息"",
            (0, 19): ""默认HRF参数信息"",
            (0, 20): ""以太网参数"",
            (0, 21): ""双模身份证书有效性"",
            (0, 22): ""波特率协商使能"",
            (0, 23): ""初始串口波特率"",
            (0, 24): ""协商串口波特率"",
            (0, 25): ""当前串口波特率"",
            (0, 26): ""当前通信参数"",
            (0, 27): ""信道使能类型"",
            (0, 28): ""模块组网类型"",
            (0, 29): ""日志串口波特率"",
            (0, 30): ""继电器控制及反馈"",

            # === Class 1: 版本信息 ===
            (1, 0): ""本分类ID所有数据ID"",
            (1, 1): ""编译时间"",
            (1, 2): ""程序总版本"",
            (1, 3): ""总工程版本"",
            (1, 4): ""boot程序版本"",
            (1, 5): ""芯片程序版本"",
            (1, 6): ""驱动层版本"",
            (1, 7): ""载波接口层版本"",
            (1, 8): ""无线PHY层版本"",
            (1, 9): ""载波MAC层版本"",
            (1, 10): ""无线MAC层版本"",
            (1, 11): ""网络层版本"",
            (1, 12): ""应用APS层版本"",
            (1, 13): ""应用APP层版本"",
            (1, 14): ""应用接口层版本"",
            (1, 15): ""以太网驱动版本"",
            (1, 16): ""USB驱动版本"",
            (1, 17): ""USB芯片版本"",
            (1, 20): ""加密程序库版本"",
            (1, 21): ""时钟管理库版本"",
            (1, 22): ""虚拟扇区VSS库版本"",
            (1, 23): ""台区识别库版本"",
            (1, 24): ""通用数据采集库版本"",
            (1, 30): ""深化应用库版本"",

            # === Class 2: 硬件信息 ===
            (2, 0): ""本分类ID所有数据ID"",
            (2, 1): ""芯片ID"",
            (2, 2): ""模块ID"",
            (2, 3): ""硬件型号"",
            (2, 4): ""芯片型号"",
            (2, 5): ""Flash型号及容量"",
            (2, 6): ""电容容量"",
            (2, 7): ""过零电路类型"",
            (2, 8): ""天线类型"",
            (2, 9): ""载波PA功放型号"",
            (2, 10): ""特征电流拓朴类型"",
            (2, 11): ""无线射频开关类型"",
            (2, 12): ""(ECU、SCU)功能模块设备ID"",
            (2, 15): ""模块时钟信息"",
            (2, 16): ""模块MAC地址"",
            (2, 17): ""模块资产编码"",
            (2, 18): ""模块备案信息"",
            (2, 20): ""过零检测信息"",
            (2, 21): ""NTB采样信息"",
            (2, 22): ""载波接收信息"",
            (2, 23): ""无线接收信息"",
            (2, 24): ""USB频偏信息"",
            (2, 25): ""无线校准信息"",
            (2, 26): ""温度校准信息"",

            # === Class 3: 网络信息 ===
            (3, 1): ""节点网络信息"",
            (3, 2): ""节点工作频段"",
            (3, 3): ""已选代理节点信息"",
            (3, 4): ""低电压统计参数"",
            (3, 5): ""代理组1信息"",
            (3, 6): ""..."",
            (3, 14): ""代理组10信息"",
            (3, 15): ""当前加密模式和加密算法"",
            (3, 16): ""关联请求信息列表组1-4"",
            (3, 17): ""关联请求信息列表组5-8"",
            (3, 18): ""代理变更信息列表"",

            # === Class 4: 运行信息 ===
            (4, 1): ""复位计数"",
            (4, 2): ""停电计数"",
            (4, 3): ""复电计数"",
            (4, 4): ""过零计数"",
            (4, 5): ""主串口发送次数"",
            (4, 6): ""主串口接收次数"",
            (4, 7): ""广播校时次数"",
            (4, 8): ""精准校时次数"",
            (4, 9): ""MAC层接收HPLC帧总次数"",
            (4, 10): ""MAC层接收RF帧总次数"",
            (4, 11): ""MAC层接收HPLC信标帧次数"",
            (4, 12): ""MAC层接收RF信标帧次数"",
            (4, 13): ""MAC层接收网络帧次数"",
            (4, 14): ""MAC层接收应用帧次数"",
            (4, 15): ""接收本地广播帧次数"",
            (4, 16): ""接收代理广播帧次数"",
            (4, 17): ""作为目标接收单播帧次数"",
            (4, 18): ""作为代理处理转发次数"",
            (4, 19): ""节点离线次数"",
            (4, 20): ""代理变更次数"",
            (4, 21): ""节点发送帧总次数"",
            (4, 22): ""节点发送成功次数"",
            (4, 23): ""节点发送失败次数"",
            (4, 24): ""节点发送失败原因1次数"",
            (4, 33): ""节点发送失败原因10次数"",
            (4, 34): ""复位原因1次数"",
            (4, 35): ""复位原因6次数"",
            (4, 36): ""最近一次复位原因"",
            (4, 37): ""无线接收报文次数"",
            (4, 38): ""载波接收报文次数"",
            (4, 39): ""电表接口交互发送报文次数"",
            (4, 40): ""电表接口交互接受报文次数"",

            # === Class 5: CCO运行信息 ===
            (5, 1): ""开关信息"",
            (5, 2): ""本地串口当前通信参数"",
            (5, 3): ""以太网参数"",
            (5, 4): ""复位信息"",
            (5, 5): ""电压跌落信息"",
            (5, 6): ""组网完成标识"",

            # === Class 7: 组合信息 ===
            (7, 0): ""本分类ID所有数据ID"",
            (7, 1): ""硬件信息组"",
            (7, 2): ""软件信息组"",
        }
        return names.get((classified_id, data_id), f""未知条目(类{classified_id}, ID{data_id})"")",""
"Function:test_special_frame.py:test_special_frame","test_special_frame","test_special_frame.py",6,158,true,"

def test_special_frame():
    """"""测试特殊格式的HDLC帧""""""
    parser = HDLCParser()
    
    # 用户提供的报文
    frame_hex = ""7E 10 2B 00 01 00 11 00 01 00 1F 61 01 A1 09 06 07 60 85 74 05 08 01 01 BE 10 04 0E 01 00 00 00 06 5F 1F 04 00 00 7E 1F 00 00 9C 8F 7E""
    frame_bytes = bytes.fromhex(frame_hex.replace(' ', ''))
    
    print(""="" * 120)
    print(""特殊HDLC报文解析测试 - 非Type 3格式 + BER-TLV编码"")
    print(""="" * 120)
    print(f""原始帧: {frame_hex}"")
    print(f""帧长度: {len(frame_bytes)} 字节"")
    print()
    
    # 分析报文结构
    print(""【报文结构分析】"")
    print(""-"" * 120)
    
    # 查找所有7E标志
    flag_positions = [i for i, b in enumerate(frame_bytes) if b == 0x7E]
    print(f""7E标志位置: {flag_positions}"")
    
    if len(flag_positions) > 2:
        print(f""⚠️  检测到多个7E标志，可能是:"")
        print(f""   1. 多个帧拼接"")
        print(f""   2. 数据中包含未转义的7E（应为7D 5E）"")
        print(f""   3. 专有协议格式"")
        print()
        
        # 尝试解析第一个完整帧（从第一个7E到第二个7E）
        if len(flag_positions) >= 2:
            first_frame_end = flag_positions[1] + 1
            first_frame = frame_bytes[:first_frame_end]
            print(f""尝试解析第一个帧（索引0-{first_frame_end-1}）:"")
            print(f""帧数据: {' '.join(f'{b:02X}' for b in first_frame)}"")
            print()
            
            table = parser.parse_to_table(first_frame)
            print(f""{'字段':<30s} | {'原始值':<50s} | {'解析值':<35s} | 说明"")
            print(""-"" * 150)
            for row in table:
                print(f""{row[0]:<30s} | {row[1]:<50s} | {row[2]:<35s} | {row[3]}"")
            print()
    
    # 分析信息域内容
    print(""="" * 120)
    print(""【信息域内容分析】"")
    print(""-"" * 120)
    
    # 信息域（假设从HCS之后开始）
    # HCS在索引10-11，信息域从索引12开始
    info_start = 12
    info_data = frame_bytes[info_start:]
    
    print(f""信息域起始位置: 索引{info_start}"")
    print(f""信息域内容: {' '.join(f'{b:02X}' for b in info_data[:20])}..."")
    print()
    
    # 分析BER-TLV结构
    print(""【BER-TLV结构分析】"")
    print(""-"" * 120)
    
    offset = 0
    while offset < len(info_data) - 1:
        tag = info_data[offset]
        
        # 解析标签
        tag_desc = """"
        if tag == 0x1F:
            tag_desc = ""高标签号（后续字节为标签扩展）""
            if offset + 1 < len(info_data):
                tag_desc += f"" → 0x{info_data[offset+1]:02X}""
        elif 0x60 <= tag <= 0x7F:
            app_num = tag - 0x60
            app_names = {1: ""AARQ (关联请求)"", 2: ""AARE (关联响应)"", 3: ""RLRQ (释放请求)"", 4: ""RLRE (释放响应)""}
            tag_desc = f""APPLICATION {app_num} {app_names.get(app_num, '')}""
        elif 0xA0 <= tag <= 0xBF:
            ctx_num = tag - 0xA0
            tag_desc = f""Context-Specific [{ctx_num}]""
        elif tag == 0x09:
            tag_desc = ""Visible-String""
        elif tag == 0x06:
            tag_desc = ""Octet-String""
        elif tag == 0x02:
            tag_desc = ""Integer""
        elif tag == 0x0F:
            tag_desc = ""Long-Unsigned""
        else:
            tag_desc = f""未知标签 0x{tag:02X}""
        
        print(f""偏移{offset:2d}: 0x{tag:02X} - {tag_desc}"")
        offset += 1
        
        # 如果还有数据，尝试解析长度
        if offset < len(info_data):
            length_byte = info_data[offset]
            if length_byte < 0x80:
                print(f""       长度: {length_byte} 字节"")
                # 如果是Visible-String或Octet-String，尝试显示内容
                if tag == 0x09 and length_byte > 0 and offset + 1 + length_byte <= len(info_data):
                    str_data = info_data[offset + 1:offset + 1 + length_byte]
                    try:
                        str_val = str_data.decode('ascii', errors='replace')
                        print(f""       内容: \""{str_val}\"""")
                    except:
                        print(f""       内容: {' '.join(f'{b:02X}' for b in str_data[:10])}"")
                elif tag == 0x06 and length_byte > 0 and offset + 1 + length_byte <= len(info_data):
                    str_data = info_data[offset + 1:offset + 1 + length_byte]
                    print(f""       内容: {' '.join(f'{b:02X}' for b in str_data[:10])}"")
                    
                    # 检查是否是DateTime格式（12字节，以0x07开头）
                    if length_byte == 12 and str_data[0] == 0x07:
                        try:
                            import struct
                            year = struct.unpack('>H', str_data[0:2])[0]
                            month = str_data[2]
                            day = str_data[3]
                            hour = str_data[4]
                            minute = str_data[5]
                            second = str_data[6]
                            print(f""       → DateTime: {year}-{month:02d}-{day:02d} {hour:02d}:{minute:02d}:{second:02d}"")
                        except:
                            pass
                
                offset += 1 + length_byte
            else:
                print(f""       长度: 长格式 0x{length_byte:02X}"")
                offset += 1
        
        print()
        
        # 限制输出
        if offset > 30:
            print(""... (截断)"")
            break
    
    print(""="" * 120)
    print(""【结论
... [truncated]",""
"Function:test_snrm_frame.py:test_snrm_frame","test_snrm_frame","test_snrm_frame.py",6,123,true,"

def test_snrm_frame():
    """"""测试 SNRM 帧""""""
    parser = HDLCParser()
    
    # 用户提供的 SNRM 帧
    frame_hex = ""7E A0 20 03 21 93 7D D9 81 80 14 05 02 04 00 06 02 04 00 07 04 00 00 00 01 08 04 00 00 00 07 44 86 7E""
    frame_bytes = bytes.fromhex(frame_hex.replace(' ', ''))
    
    print(""="" * 120)
    print(""SNRM 帧 BER-TLV 解析测试"")
    print(""="" * 120)
    print(f""原始帧: {frame_hex}"")
    print(f""帧长度: {len(frame_bytes)} 字节"")
    print()
    
    # 表格格式解析
    table = parser.parse_to_table(frame_bytes)
    
    print(f""{'字段':<30s} | {'原始值':<50s} | {'解析值':<35s} | 说明"")
    print(""-"" * 150)
    for row in table:
        print(f""{row[0]:<30s} | {row[1]:<50s} | {row[2]:<35s} | {row[3]}"")
    
    print(""\n"" + ""="" * 120)
    print(""【信息域深度分析】"")
    print(""-"" * 120)
    
    # 信息域从 HCS 之后开始
    # HCS 在索引 8-9，信息域从索引 10 开始
    info_start = 10
    info_data = frame_bytes[info_start:]
    
    print(f""信息域内容: {' '.join(f'{b:02X}' for b in info_data)}"")
    print()
    
    # 分析 BER-TLV 结构
    print(""【BER-TLV 结构递归解析】"")
    print(""-"" * 120)
    
    offset = 0
    indent = 0
    while offset < len(info_data):
        tag = info_data[offset]
        prefix = ""  "" * indent
        
        # 解析标签
        tag_desc = """"
        if 0x80 <= tag <= 0x9F:
            ctx_num = tag - 0x80
            tag_desc = f""Context-Specific [{ctx_num}]""
        elif 0x60 <= tag <= 0x7F:
            app_num = tag - 0x60
            tag_desc = f""APPLICATION {app_num}""
        elif tag == 0x1F:
            tag_desc = ""高标签号""
        else:
            tag_desc = f""标签 0x{tag:02X}""
        
        print(f""{prefix}偏移{offset:2d}: Tag=0x{tag:02X} ({tag_desc})"")
        offset += 1
        
        # 解析长度
        if offset < len(info_data):
            length_byte = info_data[offset]
            if length_byte < 0x80:
                tlv_length = length_byte
                print(f""{prefix}       长度: {tlv_length} 字节"")
                offset += 1
                
                # 显示值
                if offset + tlv_length <= len(info_data):
                    value_data = info_data[offset:offset + tlv_length]
                    print(f""{prefix}       值: {' '.join(f'{b:02X}' for b in value_data[:15])}{'...' if len(value_data) > 15 else ''}"")
                    
                    # 如果值看起来像嵌套 TLV，递归
                    if tlv_length > 2 and value_data[0] in [0x80, 0x81, 0xA0, 0xA1, 0x60, 0x61]:
                        print(f""{prefix}       [嵌套结构开始]"")
                        # 保存当前状态
                        saved_offset = offset
                        saved_indent = indent
                        offset = saved_offset
                        indent += 1
                        # 递归调用（简化版，直接循环）
                        continue
                    else:
                        offset += tlv_length
                else:
                    print(f""{prefix}       [长度超出范围]"")
                    break
            elif length_byte == 0x80:
                print(f""{prefix}       长度: 不定长 (Indefinite)"")
                offset += 1
                # 不定长通常以 00 00 结束
                # 这里简化处理，尝试找到结束标记
                end_marker = info_data.find(b'\x00\x00', offset)
                if end_marker != -1:
                    print(f""{prefix}       值: {' '.join(f'{b:02X}' for b in info_data[offset:end_marker][:15])}..."")
                    offset = end_marker + 2
                else:
                    print(f""{prefix}       [未找到结束标记]"")
                    break
            else:
                num_bytes = length_byte & 0x7F
                print(f""{prefix}       长度: 长格式 ({num_bytes} 字节)"")
                offset += 1 + num_bytes
                # 简化处理
                print(f""{prefix}       [长格式长度，跳过解析]"")
                break
        
        indent = 0  # 重置缩进
    
    print(""\n"" + ""="" * 120)
    print(""【结论】"")
    print(""-"" * 120)
    print(""该 SNRM 帧的信息域使用 BER-TLV 编码。"")
    print(""起始标签 0x81 是 Context-Specific [1]，通常用于 COSEM 关联或协商参数。"")
    print(""更新后的解析器已能识别此标签并进行深度解析。"")
    print(""="" * 120)

",""
"Function:test_run_params.py:test_run_params_table","test_run_params_table","test_run_params.py",3,21,true,"from protocol_parser import ProtocolFrameParser

def test_run_params_table():
    parser = ProtocolFrameParser()
    
    # 测试帧：返回查询运行参数信息
    frame_hex = '68 17 00 88 03 06 74 03 04 E8 01 10 04 26 90 09 01 03 02 1E 00 EC 16'
    frame_bytes = bytes.fromhex(frame_hex.replace(' ', ''))
    
    print(""测试帧:"", frame_hex)
    print(""="" * 100)
    
    # 获取表格数据
    table_data = parser.parse_to_table(frame_bytes)
    
    # 打印表格
    print(f""{'字段':<30s} | {'原始值':<20s} | {'解析值':<15s} | 说明"")
    print(""-"" * 120)
    for row in table_data:
        field, raw, parsed, comment, start, end = row
        print(f""{field:<30s} | {raw:<20s} | {parsed:<15s} | {comment}"")

if __name__ == ""__main__"":
",""
"Function:test_push_frame.py:test_push_frame","test_push_frame","test_push_frame.py",7,97,true,"import struct

def test_push_frame():
    """"""测试数据推送帧解析""""""
    parser = PLCRFProtocolParser()
    
    # 构建推送帧示例（根据截图）
    # 命令字: 0x1201 (数据推送)
    # 数据域:
    #   - 推送的目标地址类型: 0x01 (IPv6)
    #   - 推送的目标地址: 46字节 (IPv6地址 + 端口)
    #   - 推送延时时间: 0x00 0x00 (无延时)
    #   - 透传的数据内容: DLMS数据帧
    
    # 构建IPv6地址部分（46字节）
    # 示例: [fe80:0:0:781d:ff:fe00:0]:61616
    ipv6_addr_str = ""[fe80:0:0:781d:ff:fe00:0]:61616""
    ipv6_addr_bytes = ipv6_addr_str.encode('ascii')
    # 填充到46字节
    ipv6_addr_padded = ipv6_addr_bytes + b'\x00' * (46 - len(ipv6_addr_bytes))
    
    # DLMS数据内容（示例）
    dlms_data = bytes.fromhex(""00 01 00 01 00 66 00 3A DB 08 57 53 47 66 71 34 66 13 2F 30 00 00 00 01 F6 B4 63 01 54 32 6C 02 53 D4 4D B1 70 20 D3 A4 C5 2F D6 69 E3 E3 9C 8B 0E E8 36 B4 F1 9A 3A DF 7E 11 B4 FD 7B 92 21 1C 84 2E"")
    
    # 构建用户数据区
    user_data = bytearray()
    user_data.append(0x01)  # 地址类型: IPv6
    user_data.extend(ipv6_addr_padded)  # 目标地址
    user_data.extend(struct.pack('>H', 0))  # 延时时间: 0秒
    user_data.extend(dlms_data)  # DLMS数据
    
    # 构建完整帧
    length = 1 + 2 + len(user_data) + 2  # Control + Command + UserData + CRC16
    frame = bytearray()
    frame.append(0x02)  # Start
    frame.extend(struct.pack('>H', length))  # Length
    frame.append(0xC0)  # Control (模块→电表)
    frame.extend(struct.pack('>H', 0x1201))  # Command
    frame.extend(user_data)
    
    # 计算CRC16
    crc_data = frame[1:]
    crc = parser.calculate_crc16(crc_data)
    frame.extend(struct.pack('<H', crc))
    
    # 打印帧信息
    print(""="" * 80)
    print(""测试: 数据推送帧 (0x1201)"")
    print(""="" * 80)
    print(f""报文: {frame.hex(' ').upper()}"")
    print(f""长度: {len(frame)} 字节"")
    print()
    
    # 解析
    result = parser.parse(frame)
    
    print(f""解析状态: {result['解析状态']}"")
    if result.get('错误信息'):
        print(f""错误: {result['错误信息']}"")
    
    if result.get('帧头'):
        print(f""帧头: {result['帧头']}"")
    
    if result.get('长度域'):
        print(f""长度域: {result['长度域']['长度值']} 字节"")
    
    if result.get('控制域'):
        print(f""控制域: {result['控制域']['说明']}"")
    
    if result.get('命令字'):
        print(f""命令字: {result['命令字']['名称']} (0x{result['命令字']['命令值']:04X})"")
    
    if result.get('用户数据区'):
        print(""\n用户数据区解析:"")
        user_data_result = result['用户数据区']
        for key, value in user_data_result.items():
            if key != ""原始数据"":
                if isinstance(value, dict):
                    print(f""  {key}: {value}"")
    
    if result.get('校验和'):
        print(f""\nCRC16校验: {result['校验和']['校验结果']}"")
    
    # 表格解析
    print(""\n"" + ""="" * 80)
    print(""表格解析结果:"")
    print(""="" * 80)
    table_data = parser.parse_to_table(frame)
    for row in table_data:
        field, raw, parsed, comment, start, end = row
        indent = ""  "" if field.startswith(""  "") else """"
        field_name = field.strip()
        print(f""{indent}{field_name:25s} | {raw:40s} | {parsed:30s} | {comment}"")

",""
"Function:test_plc_rf.py:test_frame","test_frame","test_plc_rf.py",5,50,true,"from plc_rf_parser import PLCRFProtocolParser

def test_frame(hex_str, description):
    """"""测试解析一帧""""""
    print(f""\n{'='*60}"")
    print(f""测试: {description}"")
    print(f""报文: {hex_str}"")
    print(f""{'='*60}"")
    
    # 清理输入
    clean = hex_str.replace("" "", """").replace(""\n"", """")
    frame_bytes = bytes.fromhex(clean)
    
    # 解析
    parser = PLCRFProtocolParser()
    result = parser.parse(frame_bytes)
    
    # 打印结果
    print(f""解析状态: {result['解析状态']}"")
    if result.get('错误信息'):
        print(f""错误: {result['错误信息']}"")
    
    if result.get('帧头'):
        print(f""帧头: {result['帧头']}"")
    
    if result.get('长度域'):
        print(f""长度域: {result['长度域']}"")
    
    if result.get('控制域'):
        print(f""控制域: {result['控制域']}"")
    
    if result.get('命令字'):
        print(f""命令字: {result['命令字']}"")
    
    if result.get('用户数据区'):
        print(f""用户数据区: {result['用户数据区']}"")
    
    if result.get('校验和'):
        print(f""校验和: {result['校验和']}"")
    
    # 表格解析
    print(f""\n表格解析结果:"")
    table_data = parser.parse_to_table(frame_bytes)
    for row in table_data:
        field, raw, parsed, comment, start, end = row
        indent = ""  "" if field.startswith(""  "") else """"
        field_name = field.strip()
        print(f""  {indent}{field_name:20s} | {raw:25s} | {parsed:20s} | {comment}"")

",""
"Function:test_plan_widget.py:_calc_crc16","_calc_crc16","test_plan_widget.py",78,83,false,"

def _calc_crc16(data: bytes) -> int:
    """"""CRC16-CCITT (0xFFFF初始, 0xFFFF最终异或)""""""
    fcs = 0xFFFF
    for byte in data:
        fcs = ((fcs >> 8) ^ _CRC16_TABLE[(fcs ^ byte) & 0xFF]) & 0xFFFF
    return fcs ^ 0xFFFF


",""
"Function:test_plan_widget.py:_split_bracket_params","_split_bracket_params","test_plan_widget.py",86,109,false,"

def _split_bracket_params(content: str) -> List[str]:
    """"""按逗号分割标记参数，支持引号包裹""""""
    parts: List[str] = []
    current = """"
    in_quote = False
    quote_char = None
    for ch in content:
        if ch in ('""', ""'""):
            if not in_quote:
                in_quote = True
                quote_char = ch
            elif quote_char == ch:
                in_quote = False
                quote_char = None
            else:
                current += ch
        elif ch == "","" and not in_quote:
            parts.append(current.strip())
            current = """"
        else:
            current += ch
    if current.strip():
        parts.append(current.strip())
    return parts


",""
"Function:test_plan_widget.py:_parse_byte_range","_parse_byte_range","test_plan_widget.py",112,123,false,"

def _parse_byte_range(range_str: str, total: int) -> Tuple[int, int]:
    """"""解析字节范围（1-based索引，支持负数倒数）""""""
    if "":"" in range_str:
        start_str, end_str = range_str.split("":"", 1)
        start = int(start_str) - 1 if start_str else 0
        end = int(end_str) if end_str else total
        if end < 0:
            end = total + end
    else:
        start = int(range_str) - 1
        end = total
    return max(0, start), min(total, end)


",""
"Function:test_plan_widget.py:_fill_time","_fill_time","test_plan_widget.py",126,156,false,"

def _fill_time(params: List[str]) -> str:
    """"""填充系统时间（BCD码）""""""
    byte_count = int(params[1])
    fmt = params[2].strip('""\'')
    endian = params[3].strip('""\'').lower() if len(params) > 3 else ""big""

    now = datetime.now()
    mapping = {
        ""Y"": now.year % 100,
        ""M"": now.month,
        ""D"": now.day,
        ""h"": now.hour,
        ""m"": now.minute,
        ""s"": now.second,
    }

    parts = fmt.split(""-"")
    bcd_bytes = []
    for p in parts:
        val = mapping.get(p, 0)
        # 十进制直接映射为 BCD 字节：26 -> 0x26
        bcd_bytes.append(int(f""{val:02d}"", 16))

    if endian == ""little"":
        bcd_bytes = bcd_bytes[::-1]

    result = """".join(f""{b:02X}"" for b in bcd_bytes)
    # 如果生成的长度超过需求，截断；不足则补 00
    if len(result) // 2 > byte_count:
        result = result[: byte_count * 2]
    return result


",""
"Function:test_plan_widget.py:_calc_checksum","_calc_checksum","test_plan_widget.py",159,198,false,"

def _calc_checksum(frame_hex: str, match_start: int, match_end: int, params: List[str]) -> str:
    """"""计算校验并返回 HEX 字符串""""""
    algo = params[0].strip('""\'')
    size = int(params[1])
    range_str = params[2].strip('""\'')

    # 将帧中所有 【】 标记（包括当前正在计算的）临时替换为等长占位符，
    # 保证总字节数正确，便于范围计算。
    placeholder_pattern = re.compile(r""【([^】]+)】"")

    def _ph_repl(m: Any) -> str:
        p = _split_bracket_params(m.group(1))
        a = p[0].strip('""\'')
        if a in (""CS"", ""CRC16""):
            s = int(p[1]) if len(p) > 1 else 0
        elif a == ""time"":
            s = int(p[1]) if len(p) > 1 else 0
        else:
            s = 0
        return ""00"" * s

    clean_hex = placeholder_pattern.sub(_ph_repl, frame_hex)
    clean_hex = clean_hex.replace("" "", """")

    try:
        data = bytes.fromhex(clean_hex)
    except ValueError:
        return ""00"" * size

    total = len(data)
    start, end = _parse_byte_range(range_str, total)
    calc_bytes = data[start:end]

    if algo == ""CS"":
        val = sum(calc_bytes) & 0xFF
        return f""{val:0{size * 2}X}""
    elif algo == ""CRC16"":
        val = _calc_crc16(calc_bytes)
        return f""{val:0{size * 2}X}""
    return ""00"" * size


",""
"Function:test_plan_widget.py:_ph_repl","_ph_repl","test_plan_widget.py",169,178,false,"    placeholder_pattern = re.compile(r""【([^】]+)】"")

    def _ph_repl(m: Any) -> str:
        p = _split_bracket_params(m.group(1))
        a = p[0].strip('""\'')
        if a in (""CS"", ""CRC16""):
            s = int(p[1]) if len(p) > 1 else 0
        elif a == ""time"":
            s = int(p[1]) if len(p) > 1 else 0
        else:
            s = 0
        return ""00"" * s

    clean_hex = placeholder_pattern.sub(_ph_repl, frame_hex)
",""
"Function:test_plan_widget.py:process_response_frame","process_response_frame","test_plan_widget.py",201,233,true,"

def process_response_frame(frame_hex: str) -> str:
    """"""处理响应帧中的动态标记，返回可发送的纯 HEX 字符串（无空格）""""""
    if not frame_hex:
        return """"

    # 1) 先替换所有时间标记
    time_pattern = re.compile(r""【([^】]+)】"")

    def _repl_time(m: Any) -> str:
        content = m.group(1)
        params = _split_bracket_params(content)
        if params and params[0].strip('""\'') == ""time"":
            return _fill_time(params)
        return m.group(0)

    result = time_pattern.sub(_repl_time, frame_hex)

    # 2) 再替换所有校验标记（逐个，支持多标记互相独立）
    for _ in range(20):  # 安全上限
        m = time_pattern.search(result)
        if not m:
            break
        content = m.group(1)
        params = _split_bracket_params(content)
        algo = params[0].strip('""\'') if params else """"
        if algo in (""CS"", ""CRC16""):
            replacement = _calc_checksum(result, m.start(), m.end(), params)
            result = result[: m.start()] + replacement + result[m.end() :]
        else:
            # 未知标记直接移除
            result = result[: m.start()] + result[m.end() :]

    return result.replace("" "", """")


",""
"Function:test_plan_widget.py:_repl_time","_repl_time","test_plan_widget.py",209,214,false,"    time_pattern = re.compile(r""【([^】]+)】"")

    def _repl_time(m: Any) -> str:
        content = m.group(1)
        params = _split_bracket_params(content)
        if params and params[0].strip('""\'') == ""time"":
            return _fill_time(params)
        return m.group(0)

    result = time_pattern.sub(_repl_time, frame_hex)
",""
"Function:test_plan_widget.py:AddTestItemDialog.__init__","__init__","test_plan_widget.py",239,246,false,"    """"""添加/编辑测试项对话框""""""

    def __init__(self, item: Dict[str, Any] = None, parent=None):
        super().__init__(parent)
        self._edit_mode = item is not None
        self.setWindowTitle(""编辑测试项"" if self._edit_mode else ""添加测试项"")
        self.setMinimumWidth(480)
        self._result: Optional[Dict[str, Any]] = None
        self._init_ui(item or {})
        self._apply_nature()

    @staticmethod
",""
"Function:test_plan_widget.py:AddTestItemDialog._derive_nature","_derive_nature","test_plan_widget.py",249,255,false,"
    @staticmethod
    def _derive_nature(item: Dict[str, Any]) -> str:
        """"""从 item 字段推导性质""""""
        if item.get(""persistent"", False):
            return ""后台监听""
        if not item.get(""send_enabled"", True) and not item.get(""match_enabled"", True):
            return ""纯等待""
        return ""发送帧""

    def _apply_nature(self):
",""
"Function:test_plan_widget.py:AddTestItemDialog._apply_nature","_apply_nature","test_plan_widget.py",257,265,false,"        return ""发送帧""

    def _apply_nature(self):
        """"""根据性质下拉同步各控件状态""""""
        nature = self.nature_combo.currentText()
        if nature == ""发送帧"":
            self._set_nature_state(send=True, match=True, persistent=False)
        elif nature == ""后台监听"":
            self._set_nature_state(send=False, match=True, persistent=True)
        elif nature == ""纯等待"":
            self._set_nature_state(send=False, match=False, persistent=False)

    def _set_nature_state(self, send: bool, match: bool, persistent: bool):
",""
"Function:test_plan_widget.py:AddTestItemDialog._set_nature_state","_set_nature_state","test_plan_widget.py",267,279,false,"            self._set_nature_state(send=False, match=False, persistent=False)

    def _set_nature_state(self, send: bool, match: bool, persistent: bool):
        """"""同步控件状态，屏蔽信号避免循环触发""""""
        self.send_enabled.blockSignals(True)
        self.send_enabled.setChecked(send)
        self.send_enabled.setEnabled(True)
        self.send_enabled.blockSignals(False)
        self.match_enabled.blockSignals(True)
        self.match_enabled.setChecked(match)
        self.match_enabled.setEnabled(True)
        self.match_enabled.blockSignals(False)
        self.timeout_spin.setEnabled(True)
        if not send:
            self.timeout_spin.setValue(600000)

    def _init_ui(self, data: Dict[str, Any]):
",""
"Function:test_plan_widget.py:AddTestItemDialog._init_ui","_init_ui","test_plan_widget.py",281,356,false,"            self.timeout_spin.setValue(600000)

    def _init_ui(self, data: Dict[str, Any]):
        nature = self._derive_nature(data)
        layout = QVBoxLayout(self)
        layout.setSpacing(8)

        # ---- 性质 ----
        row = QHBoxLayout()
        row.addWidget(QLabel(""性质:""))
        self.nature_combo = QComboBox()
        self.nature_combo.addItems([""发送帧"", ""后台监听"", ""纯等待""])
        self.nature_combo.setCurrentText(nature)
        self.nature_combo.currentTextChanged.connect(self._apply_nature)
        nature_help = QLabel(""发送帧→发后匹配置  后台→全时监听匹配回复  纯等待→忽略帧仅等超时"")
        nature_help.setStyleSheet(""color: #888; font-size: 11px;"")
        row.addWidget(self.nature_combo)
        row.addWidget(nature_help)
        row.addStretch()
        layout.addLayout(row)

        layout.addWidget(QLabel(""名称:""))
        self.name_input = QLineEdit(data.get(""name"", """"))
        self.name_input.setPlaceholderText(""如：查询厂商代码"")
        layout.addWidget(self.name_input)

        layout.addWidget(QLabel(""帧内容 (十六进制，支持空格):""))
        self.frame_input = QLineEdit(data.get(""frame_hex"", """"))
        self.frame_input.setPlaceholderText(""68 0E 00 00 00 00 ..."")
        layout.addWidget(self.frame_input)

        layout.addWidget(QLabel(""匹配规则 (HEX/ASCII，XX 为通配符):""))
        self.match_input = QLineEdit(data.get(""match_rule"", data.get(""frame_hex"", """")))
        self.match_input.setPlaceholderText(""默认与帧内容相同，可修改为 XX 通配..."")
        layout.addWidget(self.match_input)

        row = QHBoxLayout()
        row.addWidget(QLabel(""匹配模式:""))
        self.mode_combo = QComboBox()
        self.mode_combo.addItems([""HEX"", ""ASCII""])
        self.mode_combo.setCurrentText(data.get(""match_mode"", ""HEX""))
        row.addWidget(self.mode_combo)
        row.addWidget(QLabel(""超时 (ms):""))
        self.timeout_spin = QSpinBox()
        self.timeout_spin.setRange(100, 600000)
        self.timeout_spin.setValue(data.get(""timeout_ms"", 2000))
        self.timeout_spin.setSingleStep(1000)
        row.addWidget(self.timeout_spin)
        row.addStretch()
        layout.addLayout(row)

        self.send_enabled = QCheckBox(""发送帧"")
        self.send_enabled.setChecked(data.get(""send_enabled"", True))
        self.send_enabled.toggled.connect(self._on_manual_toggle)
        layout.addWidget(self.send_enabled)

        self.match_enabled = QCheckBox(""启用匹配"")
        self.match_enabled.setChecked(data.get(""match_enabled"", True))
        self.match_enabled.toggled.connect(self._on_manual_toggle)
        layout.addWidget(self.match_enabled)

        layout.addWidget(QLabel(""响应帧 (匹配成功后自动发送，留空则不响应):""))
        self.response_input = QLineEdit(data.get(""response_frame"", """"))
        self.response_input.setPlaceholderText(""68 0E 00 00 00 00 ..."")
        layout.addWidget(self.response_input)

        btn_layout = QHBoxLayout()
        btn_layout.addStretch()
        ok_btn = QPushButton(""确定"")
        ok_btn.setStyleSheet(
            ""QPushButton { background-color: #4CAF50; color: white; border-radius: 4px; padding: 4px 16px; font-weight: bold; }""
        )
        ok_btn.clicked.connect(self._on_ok)
        btn_layout.addWidget(ok_btn)
        cancel_btn = QPushButton(""取消"")
        cancel_btn.clicked.connect(self.reject)
        btn_layout.addWidget(cancel_btn)
        layout.addLayout(btn_layout)

    def _on_manual_toggle(self):
",""
"Function:test_plan_widget.py:AddTestItemDialog._on_manual_toggle","_on_manual_toggle","test_plan_widget.py",358,373,false,"        layout.addLayout(btn_layout)

    def _on_manual_toggle(self):
        """"""用户手动切换发送/匹配复选框时，同步性质下拉为「自定义」""""""
        send = self.send_enabled.isChecked()
        match = self.match_enabled.isChecked()
        if send and match:
            current = self.nature_combo.currentText()
            if current not in (""发送帧"", ""自定义""):
                self.nature_combo.blockSignals(True)
                self.nature_combo.setCurrentText(""发送帧"")
                self.nature_combo.blockSignals(False)
        elif not send and not match:
            current = self.nature_combo.currentText()
            if current not in (""纯等待"", ""自定义""):
                self.nature_combo.blockSignals(True)
                self.nature_combo.setCurrentText(""纯等待"")
                self.nature_combo.blockSignals(False)

    def _on_ok(self):
",""
"Function:test_plan_widget.py:AddTestItemDialog._on_ok","_on_ok","test_plan_widget.py",375,398,false,"                self.nature_combo.blockSignals(False)

    def _on_ok(self):
        name = self.name_input.text().strip()
        frame = self.frame_input.text().strip()
        nature = self.nature_combo.currentText()
        send_enabled = self.send_enabled.isChecked()
        match_enabled = self.match_enabled.isChecked()
        if not name:
            QMessageBox.warning(self, ""输入错误"", ""名称不能为空"")
            return
        if send_enabled and not frame:
            QMessageBox.warning(self, ""输入错误"", ""发送帧模式下帧内容不能为空"")
            return
        self._result = {
            ""name"": name,
            ""frame_hex"": frame,
            ""match_rule"": self.match_input.text().strip(),
            ""match_mode"": self.mode_combo.currentText(),
            ""timeout_ms"": self.timeout_spin.value(),
            ""send_enabled"": send_enabled,
            ""match_enabled"": match_enabled,
            ""response_frame"": self.response_input.text().strip(),
            ""persistent"": nature == ""后台监听"",
        }
        self.accept()

    def get_result(self) -> Optional[Dict[str, Any]]:
",""
"Function:test_plan_widget.py:AddTestItemDialog.get_result","get_result","test_plan_widget.py",400,401,true,"        self.accept()

    def get_result(self) -> Optional[Dict[str, Any]]:
        return self._result


",""
"Function:test_plan_widget.py:TestPlanWidget.__init__","__init__","test_plan_widget.py",410,423,false,"    item_added = Signal(str, str)  # name, frame_hex

    def __init__(self, parent=None, file_path: Optional[Path] = None):
        super().__init__(parent)
        self._file_path = file_path or TEST_PLAN_PATH
        self._items: List[Dict[str, Any]] = []
        self._serial_worker = None
        self._current_test_index: int = -1
        self._testing: bool = False
        self._stop_requested: bool = False
        self._wait_timer: QTimer = None
        self._waiting_for_response: bool = False
        self._any_frame_received: bool = False
        self._test_start_time: Optional[datetime] = None  # 测试开始时间
        self._test_end_time: Optional[datetime] = None    # 测试结束时间
        self.setup_ui()

    # ------------------------------------------------------------------
",""
"Function:test_plan_widget.py:TestPlanWidget.setup_ui","setup_ui","test_plan_widget.py",428,605,true,"    # UI 构建
    # ------------------------------------------------------------------
    def setup_ui(self):
        main_layout = QVBoxLayout(self)
        main_layout.setSpacing(6)
        main_layout.setContentsMargins(6, 6, 6, 6)

        # ---- 顶部按钮工具栏 ----
        toolbar = QHBoxLayout()
        toolbar.setSpacing(6)

        self.btn_add = QPushButton(""添加"")
        self.btn_add.setToolTip(""手动添加测试项"")
        self.btn_add.clicked.connect(self._on_add_item)
        toolbar.addWidget(self.btn_add)

        self.btn_del = QPushButton(""删除"")
        self.btn_del.setToolTip(""删除选中的测试项"")
        self.btn_del.clicked.connect(self._on_delete_item)
        toolbar.addWidget(self.btn_del)

        self.btn_up = QPushButton(""上移"")
        self.btn_up.setToolTip(""将选中项上移"")
        self.btn_up.clicked.connect(self._on_move_up)
        toolbar.addWidget(self.btn_up)

        self.btn_down = QPushButton(""下移"")
        self.btn_down.setToolTip(""将选中项下移"")
        self.btn_down.clicked.connect(self._on_move_down)
        toolbar.addWidget(self.btn_down)

        toolbar.addSpacing(8)

        self.btn_clear_bg = QPushButton(""清空后台"")
        self.btn_clear_bg.setToolTip(""清除所有后台监听项的匹配计数和状态"")
        self.btn_clear_bg.clicked.connect(self._on_clear_background)
        self.btn_clear_bg.setStyleSheet(
            ""QPushButton { background-color: #FF9800; color: white; border-radius: 3px; padding: 3px 10px; }""
        )
        toolbar.addWidget(self.btn_clear_bg)

        toolbar.addSpacing(8)

        self.lbl_bg_status = QLabel(""后台: 0 项 | 匹配: 0 次"")
        self.lbl_bg_status.setStyleSheet(
            ""QLabel { background-color: #E8F5E9; border: 1px solid #A5D6A7; border-radius: 3px; ""
            ""padding: 4px 10px; font-weight: bold; color: #2E7D32; font-size: 12px; }""
        )
        toolbar.addWidget(self.lbl_bg_status)

        self.btn_edit_item = QPushButton(""编辑选中"")
        self.btn_edit_item.setToolTip(""编辑当前选中行的测试项"")
        self.btn_edit_item.clicked.connect(self._on_edit_item)
        toolbar.addWidget(self.btn_edit_item)

        toolbar.addSpacing(12)

        self.btn_start = QPushButton(""开始测试"")
        self.btn_start.setStyleSheet(
            ""QPushButton { background-color: #4CAF50; color: white; border-radius: 3px; padding: 4px 14px; font-weight: bold; }""
        )
        self.btn_start.clicked.connect(self._on_start_test)
        toolbar.addWidget(self.btn_start)

        self.btn_stop = QPushButton(""停止测试"")
        self.btn_stop.setStyleSheet(
            ""QPushButton { background-color: #f44336; color: white; border-radius: 3px; padding: 4px 14px; font-weight: bold; }""
        )
        self.btn_stop.setEnabled(False)
        self.btn_stop.clicked.connect(self._on_stop_test)
        toolbar.addWidget(self.btn_stop)

        self.chk_stop_on_fail = QCheckBox(""失败时停止"")
        self.chk_stop_on_fail.setChecked(True)
        self.chk_stop_on_fail.setStyleSheet(
            ""QCheckBox { spacing: 6px; padding: 4px 10px; background-color: #E3F2FD; ""
            ""border: 1px solid #90CAF9; border-radius: 4px; font-weight: bold; color: #1565C0; }""
            ""QCheckBox::indicator { width: 16px; height: 16px; }""
            ""QCheckBox::indicator:checked { background-color: #1565C0; border: 2px solid #1565C0; }""
            ""QCheckBox::indicator:unchecked { background-color: #FFFFFF; border: 2px solid #90CAF9; }""
        )
        toolbar.addWidget(self.chk_stop_on_fail)

        toolbar.addStretch()

        self.btn_export = QPushButton(""导出"")
        self.btn_export.setToolTip(""导出帧列表到 JSON"")
        self.btn_export.clicked.connect(self._on_export)
        toolbar.addWidget(self.btn_export)

        self.btn_import = QPushButton(""导入"")
        self.btn_import.setToolTip(""从 JSON 导入帧列表"")
        self.btn_import.clicked.connect(self._on_import)
        toolbar.addWidget(self.btn_import)

        self.btn_clear_results = QPushButton(""清空结果"")
        self.btn_clear_results.setToolTip(""清空所有测试结果和状态"")
        self.btn_clear_results.clicked.connect(self._on_clear_results)
        toolbar.addWidget(self.btn_clear_results)

        self.btn_export_report = QPushButton(""导出报告"")
        self.btn_export_report.setToolTip(""导出 Excel 测试报告"")
        self.btn_export_report.clicked.connect(self._on_export_report)
        self.btn_export_report.setStyleSheet(
            ""QPushButton { background-color: #2196F3; color: white; border-radius: 3px; padding: 4px 12px; font-weight: bold; }""
        )
        toolbar.addWidget(self.btn_export_report)

        main_layout.addLayout(toolbar)

        # ---- 提示说明 ----
        hint_label = QLabel(""提示：匹配规则中的 <b>XX</b> 表示通配符（不判断该字节），可直接双击编辑规则修改需要匹配的报文内容"")
        hint_label.setStyleSheet(""color: #666666; font-size: 12px; padding: 2px 4px;"")
        main_layout.addWidget(hint_label)

        # ---- 测试项表格 ----
        self.table = QTableWidget()
        self.table.setColumnCount(12)
     
... [truncated]",""
"Function:test_plan_widget.py:TestPlanWidget.set_serial_worker","set_serial_worker","test_plan_widget.py",610,615,true,"    # 公共接口
    # ------------------------------------------------------------------
    def set_serial_worker(self, worker):
        """"""设置串口工作线程""""""
        self._serial_worker = worker
        if worker:
            worker.frame_received.connect(self._on_frame_received)
            worker.log_message.connect(self._on_serial_log)

    def add_item(self, name: str, frame_hex: str):
",""
"Function:test_plan_widget.py:TestPlanWidget.add_item","add_item","test_plan_widget.py",617,638,true,"            worker.log_message.connect(self._on_serial_log)

    def add_item(self, name: str, frame_hex: str):
        """"""从外部添加测试项（如协议组帧页面）""""""
        item = {
            ""name"": name or ""未命名"",
            ""frame_hex"": frame_hex,
            ""match_rule"": frame_hex,
            ""match_mode"": ""HEX"",
            ""timeout_ms"": 2000,
            ""send_enabled"": True,
            ""match_enabled"": True,
            ""response_frame"": """",
            ""persistent"": False,
            ""match_count"": 0,
            ""test_result"": ""未测"",
            ""status"": ""待测"",
        }
        self._items.append(item)
        self._refresh_table()
        self._log(f""[添加] {item['name']}: {self._fmt_hex(item['frame_hex'])}"")
        self.item_added.emit(item[""name""], item[""frame_hex""])
        self._auto_save()
        self._update_bg_status()

    def clear(self):
",""
"Function:test_plan_widget.py:TestPlanWidget.clear","clear","test_plan_widget.py",640,645,true,"        self._update_bg_status()

    def clear(self):
        """"""清空所有测试项""""""
        self._stop_test()
        self._items.clear()
        self._refresh_table()
        self.log_edit.clear()

    # ------------------------------------------------------------------
",""
"Function:test_plan_widget.py:TestPlanWidget._refresh_table","_refresh_table","test_plan_widget.py",650,741,false,"    # 表格刷新与控件绑定
    # ------------------------------------------------------------------
    def _refresh_table(self):
        self.table.blockSignals(True)
        self.table.setRowCount(len(self._items))
        for row, item in enumerate(self._items):
            # 序号（不可编辑）
            no_item = QTableWidgetItem(str(row + 1))
            no_item.setFlags(no_item.flags() & ~Qt.ItemFlag.ItemIsEditable)
            self.table.setItem(row, 0, no_item)
            # 名称
            self.table.setItem(row, 1, QTableWidgetItem(item[""name""]))
            # 帧内容
            self.table.setItem(row, 2, QTableWidgetItem(self._fmt_hex(item[""frame_hex""])))
            persistent = item.get(""persistent"", False)
            # 操作按钮
            if persistent:
                send_btn = QPushButton(""后台"")
                send_btn.setStyleSheet(
                    ""QPushButton { background-color: #4CAF50; color: white; border-radius: 2px; padding: 1px 4px; font-size: 11px; }""
                )
            else:
                send_btn = QPushButton(""发送"" if item.get(""send_enabled"", True) else ""等待"")
                send_btn.setStyleSheet(
                    ""QPushButton { background-color: #2196F3; color: white; border-radius: 2px; padding: 1px 4px; font-size: 11px; }""
                )
            send_btn.clicked.connect(lambda checked=False, r=row: self._on_send_single(r))
            self.table.setCellWidget(row, 3, send_btn)
            # 发送（使用复选框项）
            send_chk = QTableWidgetItem()
            if persistent:
                send_chk.setFlags(send_chk.flags() & ~Qt.ItemFlag.ItemIsUserCheckable)
                send_chk.setCheckState(Qt.CheckState.Unchecked)
            else:
                send_chk.setFlags(send_chk.flags() | Qt.ItemFlag.ItemIsUserCheckable)
                send_chk.setCheckState(
                    Qt.CheckState.Checked if item.get(""send_enabled"", True) else Qt.CheckState.Unchecked
                )
            self.table.setItem(row, 4, send_chk)
            # 状态（不可编辑）
            if persistent:
                mc = item.get(""match_count"", 0)
                status_text = f""监听中({mc})"" if mc else ""监听中""
            else:
                status_text = item.get(""status"", ""待测"")
            status_item = QTableWidgetItem(status_text)
            status_item.setFlags(status_item.flags() & ~Qt.ItemFlag.ItemIsEditable)
            self._set_status_style(status_item, status_text)
            self.table.setItem(row, 5, status_item)
            # 启用匹配（使用复选框项）
            chk_item = QTableWidgetItem()
            if persistent:
                chk_item.setFlags(chk_item.flags() & ~Qt.ItemFlag.ItemIsUserCheckable)
                chk_item.setCheckState(Qt.CheckState.Checked)
            else:
                chk_item.setFlags(chk_item.flags() | Qt.ItemFlag.ItemIsUserCheckable)
                chk_item.setCheckState(
                    Qt.CheckState.Checked if item.get(""match_enabled"", True) else Qt.CheckState.Unchecked
                )
            self.table.setItem(row, 6, chk_item)
            # 匹配规则（可编辑，显示带空格的 hex）
            rule_item = QTableWidgetItem(self._fmt_hex(item.get(""match_rule"", """")))
            rule_item.setFlags(rule_item.flags() | Qt.ItemFlag.ItemIsEditable)
            self.table.setItem(row, 7, rule_item)
            # 匹配模式
            mode_combo = QComboBox()
            mode_combo.addItems([""HEX"", ""ASCII""])
            mode_combo.setCurrentText(item.get(""match_mode"", ""HEX""))
            mode_combo.currentTextChanged.connect(lambda text, r=row: self._on_match_mode_changed(r, text))
            self.table.setCellWidget(row, 8, mode_combo)
            # 测试结果（不可编辑，只设置文字颜色）
            if persistent:
                mc = item.get(""match_count"", 0)
                result_text = f""匹配: {mc}"" if mc > 0 else ""监听中""
            else:
                result_text = item.get(""test_result"", ""未测"")
            result_item = QTableWidgetItem(result_text)
            result_item.setFlags(result_item.flags() & ~Qt.ItemFlag.ItemIsEditable)
            self._set_result_style(result_item, result_text)
            self.table.setItem(row, 9, result_item)
            # 超时
            spin = QSpinBox()
            spin.setRange(100, 600000)
            spin.setValue(item.get(""timeout_ms"", 2000))
            spin.setSingleStep(1000)
            if persistent:
                spin.setEnabled(False)
            spin.valueChanged.connect(lambda val, r=row: self._on_timeout_changed(r, val))
            self.table.setCellWidget(row, 10, spin)
            # 响应帧（保留原始内容，方便查看标记）
            resp_item = QTableWidgetItem(item.get(""response_frame"", """"))
            resp_item.setFlags(resp_item.flags() | Qt.ItemFlag.ItemIsEditable)
            self.table.setItem(row, 11, resp_item)
        self.table.blockSignals(False)

    def _set_status_style(self, item: QTableWidgetItem, status: str):
",""
"Function:test_plan_widget.py:TestPlanWidget._set_status_style","_set_status_style","test_plan_widget.py",743,753,false,"        self.table.blockSignals(False)

    def _set_status_style(self, item: QTableWidgetItem, status: str):
        if status == ""测试中"":
            item.setForeground(QColor(""#FF9800""))
        elif status == ""待测"":
            item.setForeground(QColor(""#666666""))
        elif status == ""已测试"":
            item.setForeground(QColor(""#1565C0""))
        elif ""监听中"" in status:
            item.setForeground(QColor(""#2E7D32""))
        else:
            item.setForeground(QColor(""#000000""))

    def _set_result_style(self, item: QTableWidgetItem, result: str):
",""
"Function:test_plan_widget.py:TestPlanWidget._set_result_style","_set_result_style","test_plan_widget.py",755,768,false,"            item.setForeground(QColor(""#000000""))

    def _set_result_style(self, item: QTableWidgetItem, result: str):
        """"""设置测试结果文字颜色""""""
        color_map = {
            ""通过"": ""#008800"",   # 绿色
            ""失败"": ""#CC0000"",   # 红色
            ""超时"": ""#FF6600"",   # 橙色
            ""延时到"": ""#4CAF50"", # 绿色
            ""未测"": ""#999999"",   # 灰色
            ""监听中"": ""#2E7D32"",
        }
        if ""匹配:"" in result:
            item.setForeground(QColor(""#2E7D32""))
        else:
            item.setForeground(QColor(color_map.get(result, ""#000000"")))

    # ------------------------------------------------------------------
",""
"Function:test_plan_widget.py:TestPlanWidget._on_table_item_changed","_on_table_item_changed","test_plan_widget.py",773,792,false,"    # 表格控件事件
    # ------------------------------------------------------------------
    def _on_table_item_changed(self, item: QTableWidgetItem):
        row = item.row()
        col = item.column()
        if row < 0 or row >= len(self._items):
            return
        if col == 1:
            self._items[row][""name""] = item.text()
        elif col == 2:
            self._items[row][""frame_hex""] = item.text().replace("" "", """")
        elif col == 4:
            self._items[row][""send_enabled""] = (item.checkState() == Qt.CheckState.Checked)
            # 刷新操作按钮文字
            self._refresh_table()
        elif col == 6:
            self._items[row][""match_enabled""] = (item.checkState() == Qt.CheckState.Checked)
        elif col == 7:
            self._items[row][""match_rule""] = item.text().replace("" "", """")
        elif col == 11:
            self._items[row][""response_frame""] = item.text().replace("" "", """")
        self._auto_save()

    def _on_match_mode_changed(self, row: int, text: str):
",""
"Function:test_plan_widget.py:TestPlanWidget._on_match_mode_changed","_on_match_mode_changed","test_plan_widget.py",794,797,false,"        self._auto_save()

    def _on_match_mode_changed(self, row: int, text: str):
        if 0 <= row < len(self._items):
            self._items[row][""match_mode""] = text
            self._auto_save()

    def _on_timeout_changed(self, row: int, val: int):
",""
"Function:test_plan_widget.py:TestPlanWidget._on_timeout_changed","_on_timeout_changed","test_plan_widget.py",799,802,false,"            self._auto_save()

    def _on_timeout_changed(self, row: int, val: int):
        if 0 <= row < len(self._items):
            self._items[row][""timeout_ms""] = val
            self._auto_save()

    # ------------------------------------------------------------------
",""
"Function:test_plan_widget.py:TestPlanWidget._on_add_item","_on_add_item","test_plan_widget.py",809,824,false,"    # 工具栏按钮
    # ------------------------------------------------------------------
    def _on_add_item(self):
        dlg = AddTestItemDialog(parent=self)
        if dlg.exec() == QDialog.DialogCode.Accepted:
            result = dlg.get_result()
            if result:
                item = {
                    **result,
                    ""match_count"": 0,
                    ""test_result"": ""未测"",
                    ""status"": ""待测"",
                }
                self._items.append(item)
                self._refresh_table()
                self._log(f""[添加] {item['name']}: {self._fmt_hex(item['frame_hex'])}"")
                self._auto_save()
                self._update_bg_status()

    def _on_edit_item(self):
",""
"Function:test_plan_widget.py:TestPlanWidget._on_edit_item","_on_edit_item","test_plan_widget.py",826,839,false,"                self._update_bg_status()

    def _on_edit_item(self):
        row = self.table.currentRow()
        if row < 0 or row >= len(self._items):
            QMessageBox.information(self, ""提示"", ""请先选中要编辑的行"")
            return
        dlg = AddTestItemDialog(item=self._items[row], parent=self)
        if dlg.exec() == QDialog.DialogCode.Accepted:
            result = dlg.get_result()
            if result:
                self._items[row].update(result)
                self._log(f""[编辑] 第 {row + 1} 行: {result['name']}"")
                self._refresh_table()
                self._auto_save()
                self._update_bg_status()

    def _on_clear_background(self):
",""
"Function:test_plan_widget.py:TestPlanWidget._on_clear_background","_on_clear_background","test_plan_widget.py",841,854,false,"                self._update_bg_status()

    def _on_clear_background(self):
        """"""清空所有后台监听项的匹配计数和状态""""""
        count = 0
        for p in self._items:
            if p.get(""persistent""):
                p[""match_count""] = 0
                count += 1
        if count:
            self._log(f""[清空后台] 已清除 {count} 个后台项的匹配计数"")
            self._refresh_table()
            self._auto_save()
            self._update_bg_status()
        else:
            QMessageBox.information(self, ""提示"", ""当前没有后台监听项"")

    def _on_delete_item(self):
",""
"Function:test_plan_widget.py:TestPlanWidget._on_delete_item","_on_delete_item","test_plan_widget.py",856,868,false,"            QMessageBox.information(self, ""提示"", ""当前没有后台监听项"")

    def _on_delete_item(self):
        rows = sorted({index.row() for index in self.table.selectedIndexes()}, reverse=True)
        if not rows:
            QMessageBox.information(self, ""提示"", ""请先选中要删除的行"")
            return
        for row in rows:
            if 0 <= row < len(self._items):
                name = self._items[row][""name""]
                del self._items[row]
                self._log(f""[删除] 第 {row + 1} 行: {name}"")
        self._refresh_table()
        self._auto_save()
        self._update_bg_status()

    def _on_move_up(self):
",""
"Function:test_plan_widget.py:TestPlanWidget._on_move_up","_on_move_up","test_plan_widget.py",870,876,false,"        self._update_bg_status()

    def _on_move_up(self):
        row = self.table.currentRow()
        if row > 0:
            self._items[row], self._items[row - 1] = self._items[row - 1], self._items[row]
            self._refresh_table()
            self.table.selectRow(row - 1)
            self._auto_save()

    def _on_move_down(self):
",""
"Function:test_plan_widget.py:TestPlanWidget._on_move_down","_on_move_down","test_plan_widget.py",878,884,false,"            self._auto_save()

    def _on_move_down(self):
        row = self.table.currentRow()
        if 0 <= row < len(self._items) - 1:
            self._items[row], self._items[row + 1] = self._items[row + 1], self._items[row]
            self._refresh_table()
            self.table.selectRow(row + 1)
            self._auto_save()

    def _on_clear_results(self):
",""
"Function:test_plan_widget.py:TestPlanWidget._on_clear_results","_on_clear_results","test_plan_widget.py",886,893,false,"            self._auto_save()

    def _on_clear_results(self):
        for item in self._items:
            item[""test_result""] = ""未测""
            item[""status""] = ""待测""
        self._refresh_table()
        self.log_edit.clear()
        self._log(""[清空] 所有测试结果已重置"")
        self._update_bg_status()

    # ------------------------------------------------------------------
",""
"Function:test_plan_widget.py:TestPlanWidget._on_export","_on_export","test_plan_widget.py",898,925,false,"    # 导出/导入
    # ------------------------------------------------------------------
    def _on_export(self):
        if not self._items:
            QMessageBox.information(self, ""提示"", ""当前没有测试项可导出"")
            return
        path, _ = QFileDialog.getSaveFileName(
            self, ""导出测试方案"", ""test_plan.json"", ""JSON 文件 (*.json)""
        )
        if not path:
            return
        try:
            export_data = [
                {
                    ""name"": item[""name""],
                    ""frame_hex"": item[""frame_hex""],
                    ""match_rule"": item[""match_rule""],
                    ""match_mode"": item[""match_mode""],
                    ""timeout_ms"": item[""timeout_ms""],
                    ""send_enabled"": item.get(""send_enabled"", True),
                    ""match_enabled"": item[""match_enabled""],
                    ""response_frame"": item.get(""response_frame"", """"),
                }
                for item in self._items
            ]
            with open(path, ""w"", encoding=""utf-8"") as f:
                json.dump(export_data, f, ensure_ascii=False, indent=2)
            self._log(f""[导出] 已保存 {len(export_data)} 项到 {path}"")
        except Exception as e:
            QMessageBox.critical(self, ""导出失败"", str(e))

    def _on_import(self):
",""
"Function:test_plan_widget.py:TestPlanWidget._on_import","_on_import","test_plan_widget.py",927,964,false,"            QMessageBox.critical(self, ""导出失败"", str(e))

    def _on_import(self):
        path, _ = QFileDialog.getOpenFileName(
            self, ""导入测试方案"", """", ""JSON 文件 (*.json)""
        )
        if not path:
            return
        try:
            with open(path, ""r"", encoding=""utf-8"") as f:
                data = json.load(f)
            if not isinstance(data, list):
                QMessageBox.warning(self, ""导入失败"", ""文件格式错误：应为 JSON 数组"")
                return
            imported = 0
            for entry in data:
                if not isinstance(entry, dict):
                    continue
                item = {
                    ""name"": entry.get(""name"", ""未命名""),
                    ""frame_hex"": entry.get(""frame_hex"", """"),
                    ""match_rule"": entry.get(""match_rule"", entry.get(""frame_hex"", """")),
                    ""match_mode"": entry.get(""match_mode"", ""HEX""),
                    ""timeout_ms"": entry.get(""timeout_ms"", 2000),
                    ""send_enabled"": entry.get(""send_enabled"", True),
                    ""match_enabled"": entry.get(""match_enabled"", True),
                    ""response_frame"": entry.get(""response_frame"", """"),
                    ""persistent"": entry.get(""persistent"", False),
                    ""match_count"": entry.get(""match_count"", 0),
                    ""test_result"": ""未测"",
                    ""status"": ""待测"",
                }
                self._items.append(item)
                imported += 1
            self._refresh_table()
            self._log(f""[导入] 已从 {path} 导入 {imported} 项"")
            self._auto_save()
            self._update_bg_status()
        except Exception as e:
            QMessageBox.critical(self, ""导入失败"", str(e))

    def _on_export_report(self):
",""
"Function:test_plan_widget.py:TestPlanWidget._on_export_report","_on_export_report","test_plan_widget.py",966,1001,false,"            QMessageBox.critical(self, ""导入失败"", str(e))

    def _on_export_report(self):
        """"""导出 Excel 测试报告""""""
        if not self._items:
            QMessageBox.warning(self, ""警告"", ""测试方案为空，无法导出报告"")
            return

        file_path, _ = QFileDialog.getSaveFileName(
            self, ""导出测试报告"", ""测试报告.xlsx"", ""Excel文件 (*.xlsx)""
        )
        if not file_path:
            return

        try:
            from report.excel_reporter import ExcelReporter
            reporter = ExcelReporter()

            # 获取测试日志
            log_text = self.log_edit.toPlainText() if hasattr(self, 'log_edit') else """"

            # 计算测试时间
            start_time = getattr(self, '_test_start_time', None)
            end_time = getattr(self, '_test_end_time', None)

            reporter.export(
                file_path=file_path,
                test_items=self._items,
                test_log=log_text,
                test_start_time=start_time,
                test_end_time=end_time
            )
            self._log(f""[导出报告] 已导出到 {file_path}"")
            QMessageBox.information(self, ""成功"", f""测试报告已导出到:\n{file_path}"")
        except ImportError:
            QMessageBox.critical(self, ""错误"", ""需要安装 openpyxl 库：pip install openpyxl"")
        except Exception as e:
            QMessageBox.critical(self, ""导出失败"", str(e))

    # ------------------------------------------------------------------
",""
"Function:test_plan_widget.py:TestPlanWidget._on_send_single","_on_send_single","test_plan_widget.py",1006,1020,false,"    # 单帧发送
    # ------------------------------------------------------------------
    def _on_send_single(self, row: int):
        if self._testing:
            QMessageBox.warning(self, ""警告"", ""当前正在顺序测试中，请先停止测试"")
            return
        if not self._serial_worker:
            QMessageBox.warning(self, ""错误"", ""串口未初始化"")
            return
        if not self._serial_worker.is_open():
            QMessageBox.warning(self, ""错误"", ""串口未打开，请先打开串口"")
            return
        if row < 0 or row >= len(self._items):
            return
        self._current_test_index = row
        item = self._items[row]
        self._run_single_test(row, item, sequential=False)

    # ------------------------------------------------------------------
",""
"Function:test_plan_widget.py:TestPlanWidget._on_start_test","_on_start_test","test_plan_widget.py",1025,1057,false,"    # 顺序测试控制
    # ------------------------------------------------------------------
    def _on_start_test(self):
        if not self._items:
            QMessageBox.information(self, ""提示"", ""测试列表为空"")
            return
        if not self._serial_worker:
            QMessageBox.warning(self, ""错误"", ""串口未初始化"")
            return
        if not self._serial_worker.is_open():
            QMessageBox.warning(self, ""错误"", ""串口未打开，请先打开串口"")
            return
        self._testing = True
        self._stop_requested = False
        self._test_start_time = datetime.now()  # 记录测试开始时间
        self.btn_start.setEnabled(False)
        self.btn_stop.setEnabled(True)
        self._current_test_index = 0
        # 重置后台监听计数，强制启用匹配
        for p in self._items:
            if p.get(""persistent""):
                p[""match_count""] = 0
                p[""match_enabled""] = True
        self._log(""="" * 40)
        self._log(""[测试开始] 顺序执行测试项..."")
        self._update_bg_status()
        # 列出后台监听项
        bg_items = [f""#{i+1} {p['name']}"" for i, p in enumerate(self._items) if p.get(""persistent"")]
        if bg_items:
            self._log(f""[后台监听] 已激活: {', '.join(bg_items)}"")
        bg_no_match = [f""#{i+1} {p['name']}"" for i, p in enumerate(self._items) if p.get(""persistent"") and not p.get(""match_enabled"", True)]
        if bg_no_match:
            self._log(f""[后台监听] 警告: 已强制启用匹配: {', '.join(bg_no_match)}"")
        self._refresh_table()
        self._execute_next()

    def _on_stop_test(self):
",""
"Function:test_plan_widget.py:TestPlanWidget._on_stop_test","_on_stop_test","test_plan_widget.py",1059,1077,false,"        self._execute_next()

    def _on_stop_test(self):
        self._stop_requested = True
        if self._wait_timer and self._wait_timer.isActive():
            self._wait_timer.stop()
        self._testing = False
        self._waiting_for_response = False
        self._any_frame_received = False
        self.btn_start.setEnabled(True)
        self.btn_stop.setEnabled(False)
        if 0 <= self._current_test_index < len(self._items):
            self._items[self._current_test_index][""status""] = ""待测""
            self._refresh_table_row(self._current_test_index)
        # 停用后台监听项状态刷新
        for p in self._items:
            if p.get(""persistent""):
                p[""status""] = ""待测""
        self._refresh_table()
        self._log(""[测试停止] 用户手动停止"")
        self._update_bg_status()

    def _execute_next(self):
",""
"Function:test_plan_widget.py:TestPlanWidget._execute_next","_execute_next","test_plan_widget.py",1079,1092,false,"        self._update_bg_status()

    def _execute_next(self):
        if self._stop_requested:
            return
        while self._current_test_index < len(self._items):
            item = self._items[self._current_test_index]
            if item.get(""persistent"", False):
                self._current_test_index += 1
                continue
            break
        if self._current_test_index >= len(self._items):
            self._finish_test()
            return
        item = self._items[self._current_test_index]
        self._run_single_test(self._current_test_index, item, sequential=True)

    def _finish_test(self):
",""
"Function:test_plan_widget.py:TestPlanWidget._finish_test","_finish_test","test_plan_widget.py",1094,1105,false,"        self._run_single_test(self._current_test_index, item, sequential=True)

    def _finish_test(self):
        self._testing = False
        self._test_end_time = datetime.now()  # 记录测试结束时间
        self.btn_start.setEnabled(True)
        self.btn_stop.setEnabled(False)
        # 输出后台监听统计
        for p in self._items:
            if p.get(""persistent"") and p.get(""match_count"", 0) > 0:
                self._log(f""[后台统计] {p['name']}: 匹配 {p['match_count']} 次"")
        self._log(""[测试完成] 所有测试项执行结束"")
        self._log(""="" * 40)
        self._update_bg_status()

    def _run_single_test(self, row: int, item: Dict[str, Any], sequential: bool = False):
",""
"Function:test_plan_widget.py:TestPlanWidget._run_single_test","_run_single_test","test_plan_widget.py",1107,1122,false,"        self._update_bg_status()

    def _run_single_test(self, row: int, item: Dict[str, Any], sequential: bool = False):
        item[""status""] = ""测试中""
        item[""test_result""] = ""未测""
        self._refresh_table_row(row)
        send_enabled = item.get(""send_enabled"", True)
        frame = item[""frame_hex""].replace("" "", """")
        timeout = item.get(""timeout_ms"", 2000)
        if send_enabled:
            self._log(f""[{row + 1}] 发送 -> {item['name']}: {self._fmt_hex(frame)} (超时 {timeout}ms)"")
        else:
            self._log(f""[{row + 1}] 等待 -> {item['name']} (仅监听，超时 {timeout}ms)"")
        self._waiting_for_response = True
        self._any_frame_received = False
        if send_enabled:
            self._serial_worker.send_hex_string(frame)
        self._wait_timer.start(timeout)

    def _on_test_timeout(self):
",""
"Function:test_plan_widget.py:TestPlanWidget._on_test_timeout","_on_test_timeout","test_plan_widget.py",1124,1150,false,"        self._wait_timer.start(timeout)

    def _on_test_timeout(self):
        if not self._waiting_for_response:
            return
        self._waiting_for_response = False
        row = self._current_test_index
        if 0 <= row < len(self._items):
            item = self._items[row]
            item[""status""] = ""已测试""
            is_pure_wait = not item.get(""send_enabled"", True) and not item.get(""match_enabled"", True)
            if is_pure_wait:
                item[""test_result""] = ""延时到""
                self._log(f""[{row + 1}] 结果 -> 延时到 (纯等待 {item.get('timeout_ms', 2000)}ms)"")
            elif self._any_frame_received:
                item[""test_result""] = ""失败""
                self._log(f""[{row + 1}] 结果 -> 失败 (超时时间内收到帧但规则均不匹配)"")
            else:
                item[""test_result""] = ""超时""
                self._log(f""[{row + 1}] 结果 -> 超时 (>{item.get('timeout_ms', 2000)}ms 无响应)"")
            self._refresh_table_row(row)
            if self._testing and self.chk_stop_on_fail.isChecked() and item[""test_result""] == ""失败"":
                self._log(""[测试停止] 失败时停止已启用"")
                self._finish_test()
                return
        self._any_frame_received = False
        if self._testing:
            self._current_test_index += 1
            self._execute_next()

    def _on_serial_log(self, msg: str):
",""
"Function:test_plan_widget.py:TestPlanWidget._on_serial_log","_on_serial_log","test_plan_widget.py",1152,1155,false,"            self._execute_next()

    def _on_serial_log(self, msg: str):
        """"""将串口收发日志同步到测试日志，方便调试等待场景""""""
        if ""[接收]"" in msg or ""[发送]"" in msg or ""[接收(容错)]"" in msg:
            self._log(msg)

    def _check_persistent_items(self, received_hex: str):
",""
"Function:test_plan_widget.py:TestPlanWidget._check_persistent_items","_check_persistent_items","test_plan_widget.py",1157,1189,false,"            self._log(msg)

    def _check_persistent_items(self, received_hex: str):
        """"""检查所有后台监听项，匹配则自动响应""""""
        check_count = 0
        match_count = 0
        for pi_idx, pi in enumerate(self._items):
            if not pi.get(""persistent"", False):
                continue
            if not pi.get(""match_enabled"", True):
                self._log(f""[后台 {pi_idx + 1}] 跳过 -> {pi['name']}: 未启用匹配"")
                continue
            rule = pi.get(""match_rule"", """")
            if not rule:
                self._log(f""[后台 {pi_idx + 1}] 跳过 -> {pi['name']}: 匹配规则为空"")
                continue
            check_count += 1
            mode = pi.get(""match_mode"", ""HEX"")
            if self._match_frame(rule, received_hex, mode):
                match_count += 1
                self._log(f""[后台 {pi_idx + 1}] 匹配 -> {pi['name']}: {self._fmt_hex(received_hex)}"")
                resp_raw = pi.get(""response_frame"", """")
                resp_frame = process_response_frame(resp_raw)
                if resp_frame and self._serial_worker and self._serial_worker.is_open():
                    self._log(f""[后台 {pi_idx + 1}] 响应 -> {self._fmt_hex(resp_frame)}"")
                    self._serial_worker.send_hex_string(resp_frame)
                else:
                    self._log(f""[后台 {pi_idx + 1}] 未响应 -> 响应帧为空或串口未打开"")
                pi[""match_count""] = pi.get(""match_count"", 0) + 1
                self._refresh_table_row(pi_idx)
                self._update_bg_status()
            else:
                self._log(f""[后台 {pi_idx + 1}] 不匹配 -> {pi['name']} | 规则:{self._fmt_hex(rule)} ≠ 收到:{self._fmt_hex(received_hex)}"")
        if check_count > 0 and match_count == 0:
            self._log(f""[后台] 已检查 {check_count} 个后台项，均不匹配"")

    def _on_frame_received(self, frame: bytes):
",""
"Function:test_plan_widget.py:TestPlanWidget._on_frame_received","_on_frame_received","test_plan_widget.py",1191,1258,false,"            self._log(f""[后台] 已检查 {check_count} 个后台项，均不匹配"")

    def _on_frame_received(self, frame: bytes):
        received_hex = frame.hex().upper()

        # ---- 当前步骤匹配 ----
        if self._waiting_for_response:
            row = self._current_test_index
            if 0 <= row < len(self._items):
                item = self._items[row]
                self._any_frame_received = True
                self._log(f""[{row + 1}] 接收 <- {self._fmt_hex(received_hex)}"")

                if not item.get(""match_enabled"", True):
                    # 未启用匹配
                    if item.get(""send_enabled"", True):
                        # 发送帧模式：收到任意响应即通过
                        self._waiting_for_response = False
                        if self._wait_timer and self._wait_timer.isActive():
                            self._wait_timer.stop()
                        item[""test_result""] = ""通过""
                        item[""status""] = ""已测试""
                        self._log(f""[{row + 1}] 结果 -> 通过 (未启用匹配)"")
                        resp_raw = item.get(""response_frame"", """")
                        resp_frame = process_response_frame(resp_raw)
                        if resp_frame:
                            self._log(f""[{row + 1}] 响应 -> {self._fmt_hex(resp_frame)}"")
                            self._serial_worker.send_hex_string(resp_frame)
                        self._refresh_table_row(row)
                        if self._testing:
                            self._current_test_index += 1
                            self._execute_next()
                        return
                    else:
                        # 纯等待模式：忽略帧，仅靠超时结束
                        self._log(f""[{row + 1}] 忽略 -> 纯等待模式，不匹配帧"")
                        if self._testing:
                            self._check_persistent_items(received_hex)
                        return

                mode = item.get(""match_mode"", ""HEX"")
                rule = item.get(""match_rule"", """")
                if self._match_frame(rule, received_hex, mode):
                    # 匹配成功：停止等待，标记通过
                    self._waiting_for_response = False
                    if self._wait_timer and self._wait_timer.isActive():
                        self._wait_timer.stop()
                    item[""test_result""] = ""通过""
                    item[""status""] = ""已测试""
                    self._log(f""[{row + 1}] 结果 -> 通过"")
                    resp_raw = item.get(""response_frame"", """")
                    resp_frame = process_response_frame(resp_raw)
                    if resp_frame:
                        self._log(f""[{row + 1}] 响应 -> {self._fmt_hex(resp_frame)}"")
                        self._serial_worker.send_hex_string(resp_frame)
                    self._refresh_table_row(row)
                    if self._testing:
                        self._current_test_index += 1
                        self._execute_next()
                    return
                else:
                    # 匹配失败 → 转到后台任务检查
                    self._log(f""[{row + 1}] 不匹配 -> 转到后台检查..."")
                    if self._testing:
                        self._check_persistent_items(received_hex)
                    return

        # 无等待步骤时，检查后台任务
        if self._testing:
            self._check_persistent_items(received_hex)

    # ------------------------------------------------------------------
",""
"Function:test_plan_widget.py:TestPlanWidget._match_frame","_match_frame","test_plan_widget.py",1264,1290,false,"    # ------------------------------------------------------------------
    @staticmethod
    def _match_frame(rule: str, actual: str, mode: str) -> bool:
        """"""匹配响应帧

        Args:
            rule: 匹配规则，XX 为通配符
            actual: 实际接收到的帧（HEX 字符串无空格）
            mode: ""HEX"" 或 ""ASCII""
        """"""
        if mode == ""HEX"":
            expected = rule.replace("" "", """").upper()
            actual_clean = actual.replace("" "", """").upper()
        else:
            expected = rule
            actual_clean = actual

        if len(expected) != len(actual_clean):
            return False

        i = 0
        while i < len(expected):
            if i + 1 < len(expected) and expected[i] == ""X"" and expected[i + 1] == ""X"":
                i += 2
            else:
                if expected[i] != actual_clean[i]:
                    return False
                i += 1
        return True

    # ------------------------------------------------------------------
",""
"Function:test_plan_widget.py:TestPlanWidget._refresh_table_row","_refresh_table_row","test_plan_widget.py",1295,1339,false,"    # 辅助方法
    # ------------------------------------------------------------------
    def _refresh_table_row(self, row: int):
        if row < 0 or row >= len(self._items):
            return
        item = self._items[row]
        self.table.blockSignals(True)
        # 序号
        self.table.item(row, 0).setText(str(row + 1))
        # 名称
        self.table.item(row, 1).setText(item[""name""])
        # 帧内容
        self.table.item(row, 2).setText(self._fmt_hex(item[""frame_hex""]))
        # 发送
        send_chk = self.table.item(row, 4)
        send_chk.setCheckState(
            Qt.CheckState.Checked if item.get(""send_enabled"", True) else Qt.CheckState.Unchecked
        )
        persistent = item.get(""persistent"", False)
        # 状态
        status_item = self.table.item(row, 5)
        if persistent:
            mc = item.get(""match_count"", 0)
            status_text = f""监听中({mc})"" if mc else ""监听中""
        else:
            status_text = item.get(""status"", ""待测"")
        status_item.setText(status_text)
        self._set_status_style(status_item, status_text)
        # 启用匹配
        chk_item = self.table.item(row, 6)
        chk_item.setCheckState(
            Qt.CheckState.Checked if item.get(""match_enabled"", True) else Qt.CheckState.Unchecked
        )
        # 匹配规则（带空格的 hex）
        self.table.item(row, 7).setText(self._fmt_hex(item.get(""match_rule"", """")))
        # 测试结果（带颜色）
        result_item = self.table.item(row, 9)
        if persistent:
            mc = item.get(""match_count"", 0)
            result_text = f""匹配: {mc}"" if mc > 0 else ""监听中""
        else:
            result_text = item.get(""test_result"", ""未测"")
        result_item.setText(result_text)
        self._set_result_style(result_item, result_text)
        # 响应帧（保留原始内容，方便查看标记）
        self.table.item(row, 11).setText(item.get(""response_frame"", """"))
        self.table.blockSignals(False)

    def _log(self, msg: str):
",""
"Function:test_plan_widget.py:TestPlanWidget._log","_log","test_plan_widget.py",1341,1343,false,"        self.table.blockSignals(False)

    def _log(self, msg: str):
        ts = datetime.now().strftime(""%H:%M:%S"")
        self.log_edit.appendPlainText(f""[{ts}] {msg}"")

    def _update_bg_status(self):
",""
"Function:test_plan_widget.py:TestPlanWidget._update_bg_status","_update_bg_status","test_plan_widget.py",1345,1361,false,"        self.log_edit.appendPlainText(f""[{ts}] {msg}"")

    def _update_bg_status(self):
        """"""更新后台状态标签""""""
        bg_items = [p for p in self._items if p.get(""persistent"")]
        total_matches = sum(p.get(""match_count"", 0) for p in bg_items)
        count = len(bg_items)
        if count:
            self.lbl_bg_status.setText(f""后台: {count} 项 | 匹配: {total_matches} 次"")
            self.lbl_bg_status.setStyleSheet(
                ""QLabel { background-color: #E8F5E9; border: 1px solid #A5D6A7; border-radius: 3px; ""
                ""padding: 4px 10px; font-weight: bold; color: #2E7D32; font-size: 12px; }""
            )
        else:
            self.lbl_bg_status.setText(""后台: 0 项 | 匹配: 0 次"")
            self.lbl_bg_status.setStyleSheet(
                ""QLabel { background-color: #F5F5F5; border: 1px solid #BDBDBD; border-radius: 3px; ""
                ""padding: 4px 10px; font-weight: bold; color: #757575; font-size: 12px; }""
            )

    def _on_log_context_menu(self, pos):
",""
"Function:test_plan_widget.py:TestPlanWidget._on_log_context_menu","_on_log_context_menu","test_plan_widget.py",1363,1375,false,"            )

    def _on_log_context_menu(self, pos):
        """"""日志区域右键菜单""""""
        menu = QMenu(self)
        clear_action = menu.addAction(""清空日志"")
        copy_action = menu.addAction(""复制"")
        select_all_action = menu.addAction(""全选"")
        action = menu.exec(self.log_edit.mapToGlobal(pos))
        if action == clear_action:
            self.log_edit.clear()
        elif action == copy_action:
            self.log_edit.copy()
        elif action == select_all_action:
            self.log_edit.selectAll()

    @staticmethod
",""
"Function:test_plan_widget.py:TestPlanWidget._fmt_hex","_fmt_hex","test_plan_widget.py",1378,1380,false,"
    @staticmethod
    def _fmt_hex(hex_str: str) -> str:
        s = hex_str.replace("" "", """").upper()
        return "" "".join(s[i:i + 2] for i in range(0, len(s), 2))

    def _stop_test(self):
",""
"Function:test_plan_widget.py:TestPlanWidget._stop_test","_stop_test","test_plan_widget.py",1382,1387,false,"        return "" "".join(s[i:i + 2] for i in range(0, len(s), 2))

    def _stop_test(self):
        self._stop_requested = True
        if self._wait_timer and self._wait_timer.isActive():
            self._wait_timer.stop()
        self._testing = False
        self._waiting_for_response = False

    # ------------------------------------------------------------------
",""
"Function:test_plan_widget.py:TestPlanWidget.set_file_path","set_file_path","test_plan_widget.py",1392,1397,true,"    # 自动持久化
    # ------------------------------------------------------------------
    def set_file_path(self, file_path: Optional[Path] = None):
        """"""动态更新配置文件路径并重新加载""""""
        self._file_path = file_path or TEST_PLAN_PATH
        self._items.clear()
        self._refresh_table()
        self._auto_load()

    def _auto_save(self):
",""
"Function:test_plan_widget.py:TestPlanWidget._auto_save","_auto_save","test_plan_widget.py",1399,1419,false,"        self._auto_load()

    def _auto_save(self):
        """"""自动保存当前方案到配置指定的文件""""""
        try:
            export_data = [
                {
                    ""name"": item[""name""],
                    ""frame_hex"": item[""frame_hex""],
                    ""match_rule"": item[""match_rule""],
                    ""match_mode"": item[""match_mode""],
                    ""timeout_ms"": item[""timeout_ms""],
                    ""send_enabled"": item.get(""send_enabled"", True),
                    ""match_enabled"": item[""match_enabled""],
                    ""response_frame"": item.get(""response_frame"", """"),
                    ""persistent"": item.get(""persistent"", False),
                }
                for item in self._items
            ]
            with open(self._file_path, ""w"", encoding=""utf-8"") as f:
                json.dump(export_data, f, ensure_ascii=False, indent=2)
        except Exception as e:
            print(f""[测试方案自动保存失败] {e}"")

    def _auto_load(self):
",""
"Function:test_plan_widget.py:TestPlanWidget._auto_load","_auto_load","test_plan_widget.py",1421,1453,false,"            print(f""[测试方案自动保存失败] {e}"")

    def _auto_load(self):
        """"""自动加载配置指定路径的方案""""""
        if not self._file_path.exists():
            return
        try:
            with open(self._file_path, ""r"", encoding=""utf-8"") as f:
                data = json.load(f)
            if not isinstance(data, list):
                return
            self._items = []
            for entry in data:
                if not isinstance(entry, dict):
                    continue
                item = {
                    ""name"": entry.get(""name"", ""未命名""),
                    ""frame_hex"": entry.get(""frame_hex"", """"),
                    ""match_rule"": entry.get(""match_rule"", entry.get(""frame_hex"", """")),
                    ""match_mode"": entry.get(""match_mode"", ""HEX""),
                    ""timeout_ms"": entry.get(""timeout_ms"", 2000),
                    ""send_enabled"": entry.get(""send_enabled"", True),
                    ""match_enabled"": entry.get(""match_enabled"", True),
                    ""response_frame"": entry.get(""response_frame"", """"),
                    ""persistent"": entry.get(""persistent"", False),
                    ""match_count"": entry.get(""match_count"", 0),
                    ""test_result"": ""未测"",
                    ""status"": ""待测"",
                }
                self._items.append(item)
            self._refresh_table()
            self._log(f""[自动加载] 已从 {self._file_path.name} 加载 {len(self._items)} 项"")
            self._update_bg_status()
        except Exception as e:
            print(f""[测试方案自动加载失败] {e}"")
",""
"Function:test_hdlc.py:test_hdlc_frame","test_hdlc_frame","test_hdlc.py",7,21,true,"

def test_hdlc_frame(name, frame_bytes):
    """"""测试并打印HDLC帧解析结果""""""
    print(f""\n{'='*80}"")
    print(f""测试: {name}"")
    print(f""{'='*80}"")
    print(f""原始帧: {' '.join(f'{b:02X}' for b in frame_bytes)}"")
    print()
    
    parser = HDLCParser()
    table = parser.parse_to_table(frame_bytes)
    
    print(f""{'字段':<25s} | {'原始值':<15s} | {'解析值':<35s} | 说明"")
    print(""-"" * 100)
    for row in table:
        print(f""{row[0]:<25s} | {row[1]:<15s} | {row[2]:<35s} | {row[3]}"")

",""
"Function:test_hdlc.py:main","main","test_hdlc.py",24,131,true,"

def main():
    print(""HDLC协议解析测试 (基于IEC 62056-46标准)"")
    print(""="" * 80)
    
    # 测试1: SNRM帧 (设置正常响应模式)
    # 7E + 格式域(Type3, Len=7) + 目的地址(0x01) + 源地址(0x01) + 控制域(SNRM, P=1) + HCS(2) + FCS(2) + 7E
    test_hdlc_frame(
        ""SNRM帧 (客户端→服务器，建立连接)"",
        bytes([
            0x7E,                    # 起始标志
            0xA0, 0x07,              # 格式域: Type=0xA, S=0, Length=7
            0x01,                    # 目的地址: 0x01 (客户端管理进程)
            0x01,                    # 源地址: 0x01
            0x93,                    # 控制域: SNRM, P=1 (0x83 | 0x10)
            0x00, 0x00,              # HCS (占位)
            0x00, 0x00,              # FCS (占位)
            0x7E,                    # 结束标志
        ])
    )
    
    # 测试2: UI帧 (无编号信息帧)
    test_hdlc_frame(
        ""UI帧 (无编号信息传输)"",
        bytes([
            0x7E,                    # 起始标志
            0xA0, 0x0B,              # 格式域: Type=0xA, S=0, Length=11
            0x01,                    # 目的地址
            0x01,                    # 源地址
            0x03,                    # 控制域: UI, P/F=0
            0x00, 0x00,              # HCS
            0xC0, 0x01, 0x00, 0x00,  # 信息域: DLMS Get-Request
            0x00, 0x00,              # FCS
            0x7E,                    # 结束标志
        ])
    )
    
    # 测试3: I帧 (信息帧，带DLMS数据)
    test_hdlc_frame(
        ""I帧 (信息传输帧，携带DLMS APDU)"",
        bytes([
            0x7E,                    # 起始标志
            0xA0, 0x15,              # 格式域: Type=0xA, S=0, Length=21
            0x01,                    # 目的地址
            0x01,                    # 源地址
            0x00,                    # 控制域: I帧, N(S)=0, N(R)=0, P/F=0
            0x00, 0x00,              # HCS
            # 信息域: DLMS Get-Request APDU
            0xC0,                    # DLMS控制字段
            0x00, 0x00, 0x00, 0x01,  # 目标地址 (长格式)
            0x01,                    # 源地址
            0xC0,                    # Get-Request
            0x01,                    # 调用ID
            0x01,                    # 选择符
            0x00, 0x00, 0x28, 0x00, 0x00, 0xFF,  # OBIS码 (1.0.1.8.0.255)
            0x02,                    # 属性索引
            0x00, 0x00,              # FCS
            0x7E,                    # 结束标志
        ])
    )
    
    # 测试4: UA帧 (无编号确认)
    test_hdlc_frame(
        ""UA帧 (服务器确认SNRM)"",
        bytes([
            0x7E,                    # 起始标志
            0xA0, 0x07,              # 格式域: Type=0xA, S=0, Length=7
            0x01,                    # 目的地址
            0x01,                    # 源地址
            0x73,                    # 控制域: UA, F=1 (0x63 | 0x10)
            0x00, 0x00,              # HCS
            0x00, 0x00,              # FCS
            0x7E,                    # 结束标志
        ])
    )
    
    # 测试5: DISC帧 (断开连接)
    test_hdlc_frame(
        ""DISC帧 (断开连接)"",
        bytes([
            0x7E,                    # 起始标志
            0xA0, 0x07,              # 格式域: Type=0xA, S=0, Length=7
            0x01,                    # 目的地址
            0x01,                    # 源地址
            0x53,                    # 控制域: DISC, P=1 (0x43 | 0x10)
            0x00, 0x00,              # HCS
            0x00, 0x00,              # FCS
            0x7E,                    # 结束标志
        ])
    )
    
    # 测试6: 扩展地址 (2字节地址)
    test_hdlc_frame(
        ""扩展地址帧 (2字节地址)"",
        bytes([
            0x7E,                    # 起始标志
            0xA0, 0x09,              # 格式域: Type=0xA, S=0, Length=9
            0x02, 0x81,              # 目的地址: 2字节 (0x01 << 7 | 0x00) = 0x80
            0x01,                    # 源地址: 1字节
            0x03,                    # 控制域: UI
            0x00, 0x00,              # HCS
            0x00, 0x00,              # FCS
            0x7E,                    # 结束标志
        ])
    )
    
    print(""\n"" + ""="" * 80)
    print(""测试完成！"")
    print(""="" * 80)

",""
"Function:test_config_run_params.py:test_config_run_params_table","test_config_run_params_table","test_config_run_params.py",3,22,true,"from protocol_parser import ProtocolFrameParser

def test_config_run_params_table():
    parser = ProtocolFrameParser()
    
    # 测试帧：配置运行参数（AFN=04H, DI=E8020474）
    # 参数ID=0x03（异常离网锁定时间），参数值=0x001F（31分钟）
    frame_hex = '68 17 00 40 04 07 74 04 02 E8 01 10 04 26 90 09 01 03 02 1F 00 A6 16'
    frame_bytes = bytes.fromhex(frame_hex.replace(' ', ''))
    
    print(""测试帧:"", frame_hex)
    print(""="" * 100)
    
    # 获取表格数据
    table_data = parser.parse_to_table(frame_bytes)
    
    # 打印表格
    print(f""{'字段':<30s} | {'原始值':<20s} | {'解析值':<25s} | 说明"")
    print(""-"" * 130)
    for row in table_data:
        field, raw, parsed, comment, start, end = row
        print(f""{field:<30s} | {raw:<20s} | {parsed:<25s} | {comment}"")

if __name__ == ""__main__"":
",""
"Function:test_ber_tlv.py:test_ber_tlv_frame","test_ber_tlv_frame","test_ber_tlv.py",6,40,true,"

def test_ber_tlv_frame():
    """"""测试BER-TLV格式的HDLC帧""""""
    parser = HDLCParser()
    
    # 用户提供的报文
    frame_hex = ""7E 10 2B 00 01 00 11 00 01 00 1F 61 01 A1 09 06 07 60 85 74 05 08 01 01 BE 10 04 0E 01 00 00 00 06 5F 1F 04 00 00 7E 1F 00 00 9C 8F 7E""
    frame_bytes = bytes.fromhex(frame_hex.replace(' ', ''))
    
    print(""="" * 120)
    print(""BER-TLV格式HDLC报文解析测试"")
    print(""="" * 120)
    print(f""原始帧: {frame_hex}"")
    print(f""帧长度: {len(frame_bytes)} 字节"")
    print()
    
    # 表格格式解析
    table = parser.parse_to_table(frame_bytes)
    
    print(f""{'字段':<30s} | {'原始值':<50s} | {'解析值':<35s} | 说明"")
    print(""-"" * 150)
    for row in table:
        print(f""{row[0]:<30s} | {row[1]:<50s} | {row[2]:<35s} | {row[3]}"")
    
    print(""\n"" + ""="" * 120)
    print(""分析说明:"")
    print(""-"" * 120)
    print(""该报文使用非标准HDLC格式（格式类型=0x1而非0xA）"")
    print(""信息域包含BER-TLV编码的DLMS数据"")
    print(""特征:"")
    print(""  - 0x1F: 高标签号（BER编码）"")
    print(""  - 0x61: ASN.1 SEQUENCE标签"")
    print(""  - 0xA1: Context-Specific [1] 标签"")
    print(""  - 0x09: Visible-String标签"")
    print(""  - 0x06: Octet-String标签"")
    print(""="" * 120)

",""
"Function:test_actual_hdlc.py:test_actual_frame","test_actual_frame","test_actual_hdlc.py",6,40,true,"

def test_actual_frame():
    """"""测试实际报文""""""
    parser = HDLCParser()
    
    # 实际报文
    frame_hex = ""7E A0 2B 03 03 13 E3 8D E6 E7 00 C2 00 00 07 00 00 63 62 02 FF 02 01 01 02 02 09 0C 07 E8 0A 1D 02 14 17 0F FF FE D4 00 11 01 E6 B3 7E""
    frame_bytes = bytes.fromhex(frame_hex.replace(' ', ''))
    
    print(""="" * 100)
    print(""实际HDLC报文解析测试"")
    print(""="" * 100)
    print(f""原始帧: {frame_hex}"")
    print(f""帧长度: {len(frame_bytes)} 字节"")
    print()
    
    # 表格格式解析
    table = parser.parse_to_table(frame_bytes)
    
    print(f""{'字段':<25s} | {'原始值':<45s} | {'解析值':<35s} | 说明"")
    print(""-"" * 130)
    for row in table:
        print(f""{row[0]:<25s} | {row[1]:<45s} | {row[2]:<35s} | {row[3]}"")
    
    print(""\n"" + ""="" * 100)
    print(""结构化解析结果"")
    print(""="" * 100)
    
    result = parser.parse(frame_bytes)
    for key, value in result.items():
        if isinstance(value, dict):
            print(f""\n【{key}】"")
            for k, v in value.items():
                print(f""  {k}: {v}"")
        else:
            print(f""{key}: {value}"")

",""
"Function:streamlit_app.py:get_byte_description","get_byte_description","streamlit_app.py",166,223,true,"

def get_byte_description(offset: int, result: dict) -> str:
    """"""获取字节位置说明""""""
    # 帧头
    if offset == 0:
        return ""帧起始字符(0x68)""
    
    # 长度域
    if offset in [1, 2]:
        return ""长度域(2字节)""
    
    # 控制域
    if offset == 3:
        return ""控制域""
    
    # 根据用户数据区长度计算
    if ""用户数据区"" in result:
        user_data_start = 4
        user_data_len = result[""用户数据区""].get(""长度"", 0)
        
        if user_data_start <= offset < user_data_start + user_data_len:
            rel_offset = offset - user_data_start
            
            # 地址域 (12字节)
            if ""地址域"" in result[""用户数据区""]:
                if rel_offset < 12:
                    if rel_offset < 6:
                        return f""源地址[{rel_offset}]""
                    else:
                        return f""目的地址[{rel_offset-6}]""
                rel_offset -= 12
            
            # AFN
            if rel_offset == 0:
                return ""应用功能码(AFN)""
            
            # SEQ
            if rel_offset == 1:
                return ""帧序列号(SEQ)""
            
            # DI (4字节)
            if 2 <= rel_offset < 6:
                di_pos = [""DI0"", ""DI1"", ""DI2"", ""DI3""][rel_offset - 2]
                return f""数据标识({di_pos})""
            
            # 数据内容
            if rel_offset >= 6:
                return f""数据内容[{rel_offset-6}]""
        
        # 校验和
        cs_offset = user_data_start + user_data_len
        if offset == cs_offset:
            return ""校验和(CS)""
        
        # 结束符
        if offset == cs_offset + 1:
            return ""结束符(0x16)""
    
    return """"

",""
"Function:serial_worker.py:SerialWorker.__init__","__init__","serial_worker.py",27,36,false,"    error_occurred = Signal(str)         # 错误信息

    def __init__(self, parent=None):
        super().__init__(parent)
        self._ser: Optional[serial.Serial] = None
        self._port: str = """"
        self._baudrate: int = 9600
        self._bytesize: int = 8
        self._parity: str = ""N""
        self._stopbits: float = 1.0
        self._running: bool = False
        self._buffer: bytearray = bytearray()

    def configure(self, port: str, baudrate: int = 9600,
",""
"Function:serial_worker.py:SerialWorker.configure","configure","serial_worker.py",38,45,true,"        self._buffer: bytearray = bytearray()

    def configure(self, port: str, baudrate: int = 9600,
                  bytesize: int = 8, parity: str = ""N"", stopbits: float = 1.0):
        """"""配置串口参数（打开前调用）""""""
        self._port = port
        self._baudrate = baudrate
        self._bytesize = bytesize
        self._parity = parity
        self._stopbits = stopbits

    def open_port(self) -> bool:
",""
"Function:serial_worker.py:SerialWorker.open_port","open_port","serial_worker.py",47,70,true,"        self._stopbits = stopbits

    def open_port(self) -> bool:
        """"""打开串口，成功返回 True""""""
        if self._ser and self._ser.is_open:
            return True
        try:
            parity_map = {""无"": ""N"", ""偶"": ""E"", ""奇"": ""O""}
            parity_val = parity_map.get(self._parity, self._parity)
            self._ser = serial.Serial(
                port=self._port,
                baudrate=self._baudrate,
                bytesize=self._bytesize,
                parity=parity_val,
                stopbits=self._stopbits,
                timeout=0.1,
            )
            self._running = True
            if not self.isRunning():
                self.start()
            self.connection_changed.emit(True)
            self.log_message.emit(f""[串口] 已打开 {self._port} @ {self._baudrate}"")
            return True
        except serial.SerialException as e:
            self.error_occurred.emit(f""打开串口失败: {e}"")
            return False

    def close_port(self):
",""
"Function:serial_worker.py:SerialWorker.close_port","close_port","serial_worker.py",72,82,true,"            return False

    def close_port(self):
        """"""关闭串口""""""
        self._running = False
        if self._ser and self._ser.is_open:
            try:
                self._ser.close()
            except Exception:
                pass
        self._ser = None
        self.connection_changed.emit(False)
        self.log_message.emit(""[串口] 已关闭"")

    def is_open(self) -> bool:
",""
"Function:serial_worker.py:SerialWorker.is_open","is_open","serial_worker.py",84,85,true,"        self.log_message.emit(""[串口] 已关闭"")

    def is_open(self) -> bool:
        return self._ser is not None and self._ser.is_open

    def send_frame(self, frame_bytes: bytes) -> bool:
",""
"Function:serial_worker.py:SerialWorker.send_frame","send_frame","serial_worker.py",87,100,true,"        return self._ser is not None and self._ser.is_open

    def send_frame(self, frame_bytes: bytes) -> bool:
        """"""发送一帧字节数据""""""
        if not self._ser or not self._ser.is_open:
            self.error_occurred.emit(""串口未打开"")
            return False
        try:
            self._ser.write(frame_bytes)
            hex_str = frame_bytes.hex().upper()
            formatted = "" "".join(hex_str[i:i+2] for i in range(0, len(hex_str), 2))
            self.log_message.emit(f""[发送] {formatted}"")
            return True
        except serial.SerialException as e:
            self.error_occurred.emit(f""发送失败: {e}"")
            return False

    def send_hex_string(self, hex_str: str) -> bool:
",""
"Function:serial_worker.py:SerialWorker.send_hex_string","send_hex_string","serial_worker.py",102,112,true,"            return False

    def send_hex_string(self, hex_str: str) -> bool:
        """"""发送十六进制字符串（自动去除空格）""""""
        clean = hex_str.replace("" "", """").strip()
        if not clean:
            return False
        try:
            data = bytes.fromhex(clean)
            return self.send_frame(data)
        except ValueError as e:
            self.error_occurred.emit(f""发送数据格式错误: {e}"")
            return False

    def run(self):
",""
"Function:serial_worker.py:SerialWorker.run","run","serial_worker.py",114,135,true,"            return False

    def run(self):
        """"""后台读取循环""""""
        while self._running and self._ser and self._ser.is_open:
            try:
                if self._ser.in_waiting:
                    raw = self._ser.read(self._ser.in_waiting)
                    self._buffer.extend(raw)
                    self._process_buffer()
                else:
                    time.sleep(0.01)
            except serial.SerialException:
                break
            except Exception as e:
                self.log_message.emit(f""[串口错误] 接收循环异常: {e}"")
        self._running = False
        if self._ser and self._ser.is_open:
            try:
                self._ser.close()
            except Exception:
                pass
        self._ser = None
        self.connection_changed.emit(False)

    def _process_buffer(self):
",""
"Function:serial_worker.py:SerialWorker._process_buffer","_process_buffer","serial_worker.py",137,184,false,"        self.connection_changed.emit(False)

    def _process_buffer(self):
        """"""从缓冲区提取完整 FT1.2 帧（支持长度域容错）""""""
        buf = self._buffer
        i = 0
        while i < len(buf) - 7:
            # 寻找 68 起始
            pos = buf.find(b'\x68', i)
            if pos == -1:
                break
            if pos + 6 > len(buf):
                break
            # 解析长度域（小端）
            length = buf[pos + 1] | (buf[pos + 2] << 8)
            if length < 8 or length > 2048:
                i = pos + 1
                continue
            end_pos = pos + length
            if end_pos > len(buf):
                break
            # 验证结束符
            if buf[end_pos - 1] == 0x16:
                # 标准 FT1.2 帧
                frame = bytes(buf[pos:end_pos])
                self.frame_received.emit(frame)
                hex_str = frame.hex().upper()
                formatted = "" "".join(hex_str[j:j+2] for j in range(0, len(hex_str), 2))
                self.log_message.emit(f""[接收] {formatted}"")
                # 删除已处理数据
                del buf[:end_pos]
                i = 0
                continue
            # 长度域对应的结束符不是 0x16，尝试查找下一个 0x16 作为备选边界
            alt_end = buf.find(b'\x16', pos + 3)
            if alt_end != -1 and 7 <= alt_end - pos <= 2048:
                # 找到一个可能的帧边界（从 0x68 到 0x16）
                frame = bytes(buf[pos:alt_end + 1])
                self.frame_received.emit(frame)
                hex_str = frame.hex().upper()
                formatted = "" "".join(hex_str[j:j+2] for j in range(0, len(hex_str), 2))
                self.log_message.emit(f""[接收(容错)] {formatted}"")
                del buf[:alt_end + 1]
                i = 0
                continue
            i = pos + 1
        # 如果缓冲区太大且没有有效帧头，清理旧数据
        if len(buf) > 4096:
            # 保留最后 1024 字节
            self._buffer = bytearray(buf[-1024:])

    @staticmethod
",""
"Function:serial_worker.py:SerialWorker.list_ports","list_ports","serial_worker.py",187,189,true,"
    @staticmethod
    def list_ports() -> list:
        """"""列出可用串口""""""
        return [p.device for p in serial.tools.list_ports.comports()]
",""
"Function:send_frame_lib.py:ProtocolFrameGenerator.__init__","__init__","send_frame_lib.py",6,16,false,"
class ProtocolFrameGenerator:
    def __init__(self):
        self.afn_handlers = {
            (""00"", ""00""): self.create_afn00_di00,
            (""01"", ""01""): self.create_afn01_di01,
            (""02"", ""02""): self.create_afn02_di02,
            (""03"", ""03""): self.create_afn03_di03,
            (""04"", ""04""): self.create_afn04_di04,
            (""05"", ""05""): self.create_afn05_di05,
            (""06"", ""06""): self.create_afn06_di06,
            (""07"", ""07""): self.create_afn07_di07,
        }

    def _build_frame(self, di3: int, di2: int, di1: int, di0: int, ",""
"Function:send_frame_lib.py:ProtocolFrameGenerator._build_frame","_build_frame","send_frame_lib.py",18,27,false,"        }

    def _build_frame(self, di3: int, di2: int, di1: int, di0: int, 
                     src_addr: bytes = b'\x00\x00\x00\x00\x00\x00',
                     dst_addr: bytes = b'\x00\x00\x00\x00\x00\x00',
                     data: bytes = b'',
                     dir_flag: int = 0, prm: int = 1, add_flag: int = 0) -> bytes:
        di = (di3 << 24) | (di2 << 16) | (di1 << 8) | di0
        control = ControlField(dir=dir_flag, prm=prm, add=add_flag, ver=0, reserved=0)
        frame = Frame(control=control, src_addr=src_addr, dst_addr=dst_addr,
                     afn=di1, seq=0, di=di, data=data)
        return frame.frame_pack()

    def create_afn00_di00(self, sub_code: int, **kwargs) -> bytes:",""
"Function:send_frame_lib.py:ProtocolFrameGenerator.create_afn00_di00","create_afn00_di00","send_frame_lib.py",29,38,true,"        return frame.frame_pack()

    def create_afn00_di00(self, sub_code: int, **kwargs) -> bytes:
        if sub_code == 0x01:
            wait_time = kwargs.get('wait_time', 0)
            data = struct.pack('>H', wait_time)
            return self._build_frame(0xE8, 0x01, 0x00, 0x01, data=data, dir_flag=0, prm=0)
        elif sub_code == 0x02:
            error_code = kwargs.get('error_code', 0)
            data = struct.pack('B', error_code)
            return self._build_frame(0xE8, 0x01, 0x00, 0x02, data=data, dir_flag=0, prm=0)
        raise ValueError(f""不支持的子功能码: {sub_code}"")

    def create_afn01_di01(self, sub_code: int, **kwargs) -> bytes:",""
"Function:send_frame_lib.py:ProtocolFrameGenerator.create_afn01_di01","create_afn01_di01","send_frame_lib.py",40,47,true,"        raise ValueError(f""不支持的子功能码: {sub_code}"")

    def create_afn01_di01(self, sub_code: int, **kwargs) -> bytes:
        if sub_code == 0x01:
            return self._build_frame(0xE8, 0x02, 0x01, 0x01)
        elif sub_code == 0x02:
            return self._build_frame(0xE8, 0x02, 0x01, 0x02)
        elif sub_code == 0x03:
            return self._build_frame(0xE8, 0x02, 0x01, 0x03)
        raise ValueError(f""不支持的子功能码: {sub_code}"")

    def create_afn02_di02(self, sub_code: int, **kwargs) -> bytes:",""
"Function:send_frame_lib.py:ProtocolFrameGenerator.create_afn02_di02","create_afn02_di02","send_frame_lib.py",49,78,true,"        raise ValueError(f""不支持的子功能码: {sub_code}"")

    def create_afn02_di02(self, sub_code: int, **kwargs) -> bytes:
        if sub_code == 0x01:
            task_info = kwargs.get('task_info', b'')
            return self._build_frame(0xE8, 0x02, 0x02, 0x01, data=task_info, add_flag=1,
                                    src_addr=kwargs.get('src_addr', b'\x00'*6),
                                    dst_addr=kwargs.get('dst_addr', b'\x00'*6))
        elif sub_code == 0x02:
            task_id = kwargs.get('task_id', 0)
            data = struct.pack('>H', task_id)
            return self._build_frame(0xE8, 0x02, 0x02, 0x02, data=data)
        elif sub_code == 0x03:
            return self._build_frame(0xE8, 0x00, 0x02, 0x03)
        elif sub_code == 0x04:
            task_count = kwargs.get('task_count', 0)
            data = struct.pack('>H', task_count)
            return self._build_frame(0xE8, 0x03, 0x02, 0x04, data=data)
        elif sub_code == 0x05:
            task_id = kwargs.get('task_id', 0)
            data = struct.pack('>H', task_id)
            return self._build_frame(0xE8, 0x03, 0x02, 0x05, data=data)
        elif sub_code == 0x06:
            return self._build_frame(0xE8, 0x00, 0x02, 0x06)
        elif sub_code == 0x07:
            task_info = kwargs.get('task_info', b'')
            return self._build_frame(0xE8, 0x02, 0x02, 0x07, data=task_info)
        elif sub_code == 0x08:
            return self._build_frame(0xE8, 0x02, 0x02, 0x08)
        elif sub_code == 0x09:
            return self._build_frame(0xE8, 0x02, 0x02, 0x09)
        raise ValueError(f""不支持的子功能码: {sub_code}"")

    def create_afn03_di03(self, sub_code: int, **kwargs) -> bytes:",""
"Function:send_frame_lib.py:ProtocolFrameGenerator.create_afn03_di03","create_afn03_di03","send_frame_lib.py",80,134,true,"        raise ValueError(f""不支持的子功能码: {sub_code}"")

    def create_afn03_di03(self, sub_code: int, **kwargs) -> bytes:
        if sub_code == 0x01:
            return self._build_frame(0xE8, 0x00, 0x03, 0x01)
        elif sub_code == 0x02:
            return self._build_frame(0xE8, 0x00, 0x03, 0x02)
        elif sub_code == 0x03:
            return self._build_frame(0xE8, 0x00, 0x03, 0x03)
        elif sub_code == 0x04:
            dst_addr = kwargs.get('dst_addr', b'\x00'*6)
            data = dst_addr
            return self._build_frame(0xE8, 0x03, 0x03, 0x04, data=data)
        elif sub_code == 0x05:
            return self._build_frame(0xE8, 0x00, 0x03, 0x05)
        elif sub_code == 0x06:
            node_id = kwargs.get('node_id', 0)
            data = struct.pack('>H', node_id)
            return self._build_frame(0xE8, 0x03, 0x03, 0x06, data=data)
        elif sub_code == 0x07:
            return self._build_frame(0xE8, 0x00, 0x03, 0x07)
        elif sub_code == 0x08:
            node_id = kwargs.get('node_id', 0)
            data = struct.pack('>H', node_id)
            return self._build_frame(0xE8, 0x03, 0x03, 0x08, data=data)
        elif sub_code == 0x09:
            return self._build_frame(0xE8, 0x00, 0x03, 0x09)
        elif sub_code == 0x0A:
            start_index = kwargs.get('start_index', 0)
            query_count = kwargs.get('query_count', 1)
            data = struct.pack('>H', start_index) + struct.pack('B', query_count)
            return self._build_frame(0xE8, 0x03, 0x03, 0x0A, data=data)
        elif sub_code == 0x0B:
            return self._build_frame(0xE8, 0x00, 0x03, 0x0B)
        elif sub_code == 0x0C:
            node_count = kwargs.get('node_count', 1)
            node_addrs = kwargs.get('node_addrs', [])
            data = struct.pack('B', node_count)
            for addr in node_addrs:
                data += addr
            return self._build_frame(0xE8, 0x03, 0x03, 0x0C, data=data)
        elif sub_code == 0x0D:
            start_index = kwargs.get('start_index', 0)
            node_count = kwargs.get('node_count', 1)
            data = struct.pack('>H', start_index) + struct.pack('B', node_count)
            return self._build_frame(0xE8, 0x03, 0x03, 0x0D, data=data)
        elif sub_code == 0x0E:
            start_index = kwargs.get('start_index', 0)
            node_count = kwargs.get('node_count', 1)
            data = struct.pack('>H', start_index) + struct.pack('B', node_count)
            return self._build_frame(0xE8, 0x03, 0x03, 0x0E, data=data)
        elif sub_code == 0x0F:
            start_index = kwargs.get('start_index', 0)
            node_count = kwargs.get('node_count', 1)
            data = struct.pack('>H', start_index) + struct.pack('B', node_count)
            return self._build_frame(0xE8, 0x03, 0x03, 0x0F, data=data)
        raise ValueError(f""不支持的子功能码: {sub_code}"")

    def create_afn04_di04(self, sub_code: int, **kwargs) -> bytes:",""
"Function:send_frame_lib.py:ProtocolFrameGenerator.create_afn04_di04","create_afn04_di04","send_frame_lib.py",136,172,true,"        raise ValueError(f""不支持的子功能码: {sub_code}"")

    def create_afn04_di04(self, sub_code: int, **kwargs) -> bytes:
        if sub_code == 0x01:
            node_count = kwargs.get('node_count', 1)
            node_addrs = kwargs.get('node_addrs', [])
            data = struct.pack('B', node_count)
            for addr in node_addrs:
                data += addr
            return self._build_frame(0xE8, 0x02, 0x04, 0x01, data=data)
        elif sub_code == 0x02:
            node_count = kwargs.get('node_count', 1)
            node_addrs = kwargs.get('node_addrs', [])
            data = struct.pack('B', node_count)
            for addr in node_addrs:
                data += addr
            return self._build_frame(0xE8, 0x02, 0x04, 0x02, data=data)
        elif sub_code == 0x03:
            node_id = kwargs.get('node_id', 0)
            data = struct.pack('>H', node_id)
            return self._build_frame(0xE8, 0x02, 0x04, 0x03, data=data)
        elif sub_code == 0x04:
            control_data = kwargs.get('control_data', b'')
            return self._build_frame(0xE8, 0x02, 0x04, 0x04, data=control_data)
        elif sub_code == 0x05:
            node_count = kwargs.get('node_count', 1)
            node_addrs = kwargs.get('node_addrs', [])
            data = struct.pack('B', node_count)
            for addr in node_addrs:
                data += addr
            return self._build_frame(0xE8, 0x02, 0x04, 0x05, data=data)
        elif sub_code == 0x06:
            node_count = kwargs.get('node_count', 1)
            node_addrs = kwargs.get('node_addrs', [])
            data = struct.pack('B', node_count)
            for addr in node_addrs:
                data += addr
            return self._build_frame(0xE8, 0x02, 0x04, 0x06, data=data)
        raise ValueError(f""不支持的子功能码: {sub_code}"")

    def create_afn05_di05(self, sub_code: int, **kwargs) -> bytes:",""
"Function:send_frame_lib.py:ProtocolFrameGenerator.create_afn05_di05","create_afn05_di05","send_frame_lib.py",174,181,true,"        raise ValueError(f""不支持的子功能码: {sub_code}"")

    def create_afn05_di05(self, sub_code: int, **kwargs) -> bytes:
        if sub_code == 0x01:
            task_data = kwargs.get('task_data', b'')
            return self._build_frame(0xE8, 0x05, 0x05, 0x01, data=task_data, dir_flag=0, prm=0)
        elif sub_code == 0x02:
            event_data = kwargs.get('event_data', b'')
            return self._build_frame(0xE8, 0x05, 0x05, 0x02, data=event_data, dir_flag=0, prm=0)
        raise ValueError(f""不支持的子功能码: {sub_code}"")

    def create_afn06_di06(self, sub_code: int, **kwargs) -> bytes:",""
"Function:send_frame_lib.py:ProtocolFrameGenerator.create_afn06_di06","create_afn06_di06","send_frame_lib.py",183,186,true,"        raise ValueError(f""不支持的子功能码: {sub_code}"")

    def create_afn06_di06(self, sub_code: int, **kwargs) -> bytes:
        if sub_code == 0x01:
            return self._build_frame(0xE8, 0x06, 0x06, 0x01, dir_flag=0, prm=0)
        raise ValueError(f""不支持的子功能码: {sub_code}"")

    def create_afn07_di07(self, sub_code: int, **kwargs) -> bytes:",""
"Function:send_frame_lib.py:ProtocolFrameGenerator.create_afn07_di07","create_afn07_di07","send_frame_lib.py",188,224,true,"        raise ValueError(f""不支持的子功能码: {sub_code}"")

    def create_afn07_di07(self, sub_code: int, **kwargs) -> bytes:
        if sub_code == 0x01:
            file_type = kwargs.get('file_type', 0)
            file_id = kwargs.get('file_id', 0)
            dst_addr = kwargs.get('dst_addr', b'\x99\x99\x99\x99\x99\x99')
            total_segments = kwargs.get('total_segments', 0)
            file_size = kwargs.get('file_size', 0)
            file_checksum = kwargs.get('file_checksum', 0)
            timeout = kwargs.get('timeout', 0)
            data = struct.pack('B', file_type)
            data += struct.pack('B', file_id)
            data += dst_addr
            data += struct.pack('>H', total_segments)
            data += struct.pack('>I', file_size)
            data += struct.pack('>H', file_checksum)
            data += struct.pack('B', timeout)
            return self._build_frame(0xE8, 0x02, 0x07, 0x01, data=data)
        elif sub_code == 0x02:
            segment_no = kwargs.get('segment_no', 0)
            segment_len = kwargs.get('segment_len', 0)
            segment_data = kwargs.get('segment_data', b'')
            segment_checksum = kwargs.get('segment_checksum', 0)
            data = struct.pack('>H', segment_no)
            data += struct.pack('>H', segment_len)
            data += segment_data
            data += struct.pack('>H', segment_checksum)
            return self._build_frame(0xE8, 0x02, 0x07, 0x02, data=data)
        elif sub_code == 0x03:
            return self._build_frame(0xE8, 0x00, 0x07, 0x03)
        elif sub_code == 0x04:
            return self._build_frame(0xE8, 0x00, 0x07, 0x04)
        elif sub_code == 0x05:
            start_index = kwargs.get('start_index', 0)
            query_count = kwargs.get('query_count', 1)
            data = struct.pack('>H', start_index) + struct.pack('B', query_count)
            return self._build_frame(0xE8, 0x03, 0x07, 0x05, data=data)
        raise ValueError(f""不支持的子功能码: {sub_code}"")

    def create_frame(self, afn: str, di: str, sub_code: int, **kwargs) -> bytes:",""
"Function:send_frame_lib.py:ProtocolFrameGenerator.create_frame","create_frame","send_frame_lib.py",226,230,true,"        raise ValueError(f""不支持的子功能码: {sub_code}"")

    def create_frame(self, afn: str, di: str, sub_code: int, **kwargs) -> bytes:
        handler = self.afn_handlers.get((afn, di))
        if handler:
            return handler(sub_code, **kwargs)
        raise ValueError(f""不支持的AFN和DI组合: AFN={afn}, DI={di}"")

    # ==================== 通用组帧引擎（基于DI_FIELD_SCHEMA） ====================",""
"Function:send_frame_lib.py:ProtocolFrameGenerator.get_supported_di_keys","get_supported_di_keys","send_frame_lib.py",234,236,true,"    # ==================== 通用组帧引擎（基于DI_FIELD_SCHEMA） ====================

    def get_supported_di_keys(self) -> List[Tuple[int, int, int, int]]:
        """"""返回当前支持的DI键列表（来自DI_FIELD_SCHEMA）""""""
        return list(DI_FIELD_SCHEMA.keys())

    def get_di_schema(self, di_key: Tuple[int, int, int, int]) -> Optional[Dict[str, Any]]:",""
"Function:send_frame_lib.py:ProtocolFrameGenerator.get_di_schema","get_di_schema","send_frame_lib.py",238,240,true,"        return list(DI_FIELD_SCHEMA.keys())

    def get_di_schema(self, di_key: Tuple[int, int, int, int]) -> Optional[Dict[str, Any]]:
        """"""获取指定DI的字段Schema""""""
        return DI_FIELD_SCHEMA.get(di_key)

    def generate_data(self, di_key: Tuple[int, int, int, int], field_values: Dict[str, Any]) -> bytes:",""
"Function:send_frame_lib.py:ProtocolFrameGenerator.generate_data","generate_data","send_frame_lib.py",242,339,true,"        return DI_FIELD_SCHEMA.get(di_key)

    def generate_data(self, di_key: Tuple[int, int, int, int], field_values: Dict[str, Any]) -> bytes:
        """"""根据DI字段Schema和字段值生成用户数据区字节流

        Args:
            di_key: DI四元组 (di3, di2, di1, di0)
            field_values: 字段名 -> 值的字典

        Returns:
            打包后的用户数据区字节
        """"""
        schema = DI_FIELD_SCHEMA.get(di_key)
        if not schema:
            raise ValueError(f""不支持的DI组合: {di_key}"")

        fields = schema[""fields""]
        values: Dict[str, Any] = {}

        # 第一遍：收集所有字段值（含默认值）
        for field in fields:
            name = field[""name""]
            val = field_values.get(name, field.get(""default""))
            if val is None:
                if field.get(""required"", False):
                    raise ValueError(f""缺少必填字段: {name}"")
                continue
            values[name] = val
            # 同时收集子字段值（用于sub_fields合并计算）
            for sub in field.get(""sub_fields"", []):
                sub_name = sub[""name""]
                if sub_name in field_values:
                    values[sub_name] = field_values[sub_name]

        # 第二遍：处理 count_field 引用（列表字段需自动计算数量并回填）
        for field in fields:
            name = field[""name""]
            if field.get(""type"") == ""list"" and ""count_field"" in field:
                ref_name = field[""count_field""]
                items = values.get(name, [])
                values[ref_name] = len(items) if isinstance(items, list) else 0

        # 第三遍：处理 sub_fields（子字段合并为父字段值，需在length_field之前）
        for field in fields:
            name = field[""name""]
            if ""sub_fields"" in field:
                parent_type = field[""type""]
                if parent_type in (""uint8"", ""enum"", ""uint16"", ""uint32""):
                    parent_val = 0
                    for sub in field[""sub_fields""]:
                        if not self._check_condition(sub, values):
                            continue
                        sub_name = sub[""name""]
                        sub_val = values.get(sub_name, sub.get(""default"", 0))
                        bit_width = sub.get(""bit_width"", 1)
                        bit_offset = sub.get(""bit_offset"", 0)
                        mask = (1 << bit_width) - 1
                        parent_val |= (int(sub_val) & mask) << bit_offset
                    values[name] = parent_val
                elif parent_type == ""bytes"":
                    parent_val = """"
                    for sub in field[""sub_fields""]:
                        if not self._check_condition(sub, values):
                            continue
                        sub_name = sub[""name""]
                        sub_val = values.get(sub_name, sub.get(""default"", """"))
                        sub_type = sub.get(""type"", ""bytes"")
                        if sub_type in (""uint8"", ""enum""):
                            parent_val += f""{int(sub_val):02X}""
                        elif sub_type == ""bytes"":
                            parent_val += str(sub_val)
                        elif sub_type in (""uint16"", ""uint32""):
                            endian = sub.get(""endian"", ""big"")
                            fmt = "">H"" if endian == ""big"" else ""<H""
                            if sub_type == ""uint32"":
                                fmt = "">I"" if endian == ""big"" else ""<I""
                            parent_val += struct.pack(fmt, int(sub_val)).hex()
                    values[name] = parent_val

        # 第四遍：处理 length_field 引用（变长字段需提前计算长度并回填）
        for field in fields:
            name = field[""name""]
            if ""length_field"" in field:
                ref_name = field[""length_field""]
                val = values.get(name)
                if val is not None:
                    raw_len = len(self._to_raw_bytes(field, val))
                    offset = field.get(""length_offset"", 0)
                    values[ref_name] = raw_len + offset

        # 第五遍：按顺序打包所有字段
        result = b""""
        for field in fields:
            name = field[""name""]
            val = values.get(name)
            if val is None and field.get(""optional"", False):
                continue
            result += self._pack_field(field, val)

        return result

    def generate_frame(self, di_key: Tuple[int, int, int, int], field_values: Dict[str, Any],",""
"Function:send_frame_lib.py:ProtocolFrameGenerator.generate_frame","generate_frame","send_frame_lib.py",341,363,true,"        return result

    def generate_frame(self, di_key: Tuple[int, int, int, int], field_values: Dict[str, Any],
                       src_addr: bytes = b'\x00' * 6,
                       dst_addr: bytes = b'\x00' * 6,
                       dir_flag: int = 0, prm: int = 1, add_flag: int = 0) -> bytes:
        """"""通用组帧入口：根据DI键和字段值生成完整协议帧

        Args:
            di_key: DI四元组
            field_values: 字段值字典
            src_addr: 源地址（6字节），低字节在前存储时会自动反转
            dst_addr: 目的地址（6字节），低字节在前存储时会自动反转
            dir_flag: 传输方向（0=下行，1=上行）
            prm: 启动标志（0=从动站，1=启动站）
            add_flag: 地址域标识（0=不带地址，1=带地址）

        Returns:
            完整协议帧字节流
        """"""
        data = self.generate_data(di_key, field_values)
        di3, di2, di1, di0 = di_key
        return self._build_frame(di3, di2, di1, di0,
                                 src_addr=src_addr, dst_addr=dst_addr, data=data,
                                 dir_flag=dir_flag, prm=prm, add_flag=add_flag)

    # ------------------- 内部打包工具方法 -------------------",""
"Function:send_frame_lib.py:ProtocolFrameGenerator._check_condition","_check_condition","send_frame_lib.py",367,380,false,"    # ------------------- 内部打包工具方法 -------------------

    def _check_condition(self, field: Dict[str, Any], values: Dict[str, Any]) -> bool:
        """"""检查字段条件是否满足（用于条件显示/打包的字段）""""""
        cond = field.get(""condition"")
        if not cond:
            return True
        ref_name = cond.get(""field"")
        ref_val = values.get(ref_name)
        target_val = cond.get(""value"")
        op = cond.get(""eval"", ""eq"")
        if op == ""eq"":
            return ref_val == target_val
        elif op == ""ne"":
            return ref_val != target_val
        return True

    def _pack_field(self, field: Dict[str, Any], value: Any) -> bytes:",""
"Function:send_frame_lib.py:ProtocolFrameGenerator._pack_field","_pack_field","send_frame_lib.py",382,460,false,"        return True

    def _pack_field(self, field: Dict[str, Any], value: Any) -> bytes:
        """"""根据字段Schema将单个值打包为字节""""""
        if value is None:
            return b""""

        ftype = field[""type""]

        if ftype in (""uint8"", ""enum""):
            return struct.pack(""B"", int(value))

        elif ftype == ""uint16"":
            endian = field.get(""endian"", ""little"")
            fmt = "">H"" if endian == ""big"" else ""<H""
            return struct.pack(fmt, int(value))

        elif ftype == ""uint32"":
            endian = field.get(""endian"", ""little"")
            fmt = "">I"" if endian == ""big"" else ""<I""
            return struct.pack(fmt, int(value))

        elif ftype == ""bytes"":
            if isinstance(value, str):
                value = bytes.fromhex(value.replace("" "", """"))
            if field.get(""reverse""):
                value = value[::-1]
            if ""length"" in field:
                length = field[""length""]
                if len(value) < length:
                    value = value + b""\x00"" * (length - len(value))
                elif len(value) > length:
                    value = value[:length]
            return value

        elif ftype == ""ascii"":
            data = value.encode(""ascii"", errors=""ignore"")
            length = field.get(""length"")
            if length:
                data = data[:length].ljust(length, b""\x00"")
            return data

        elif ftype == ""bcd"":
            if isinstance(value, str):
                data = bytes.fromhex(value.replace("" "", """"))
            else:
                data = bytes(value)
            length = field.get(""length"")
            if length:
                if len(data) < length:
                    data = data + b""\x00"" * (length - len(data))
                elif len(data) > length:
                    data = data[:length]
            return data

        elif ftype == ""list"":
            item_fields = field[""item_fields""]
            items = value if isinstance(value, list) else []

            # 打包数量前缀（仅当使用 count_type 时；count_field 由外部字段负责）
            if ""count_type"" in field:
                count_type = field[""count_type""]
                if count_type == ""uint8"":
                    data = struct.pack(""B"", len(items))
                elif count_type == ""uint16"":
                    data = struct.pack("">H"", len(items))
                else:
                    data = b""""
            else:
                data = b""""

            # 打包每一项
            for item in items:
                for item_field in item_fields:
                    item_name = item_field[""name""]
                    item_val = item.get(item_name, item_field.get(""default""))
                    data += self._pack_field(item_field, item_val)
            return data

        else:
            raise ValueError(f""不支持的字段类型: {ftype}"")

    def _to_raw_bytes(self, field: Dict[str, Any], value: Any) -> bytes:",""
"Function:send_frame_lib.py:ProtocolFrameGenerator._to_raw_bytes","_to_raw_bytes","send_frame_lib.py",462,485,false,"            raise ValueError(f""不支持的字段类型: {ftype}"")

    def _to_raw_bytes(self, field: Dict[str, Any], value: Any) -> bytes:
        """"""将值转换为原始字节（不计算固定长度填充），用于length_field长度计算""""""
        if value is None:
            return b""""

        ftype = field[""type""]
        if ftype == ""bytes"":
            if isinstance(value, str):
                value = bytes.fromhex(value.replace("" "", """"))
            if field.get(""reverse""):
                value = value[::-1]
            return value

        elif ftype == ""ascii"":
            return value.encode(""ascii"", errors=""ignore"")

        elif ftype == ""bcd"":
            if isinstance(value, str):
                return bytes.fromhex(value.replace("" "", """"))
            return bytes(value)

        else:
            # 其他类型使用标准打包（uint/enum/list等长度固定或可预期）
            return self._pack_field(field, value)

",""
"Function:protocol_tool.py:ControlField.__init__","__init__","protocol_tool.py",11,23,false,"        (""reserved"", ctypes.c_uint8, 3) # 保留(D2~D0)
    ]
    def __init__(self, dir=0, prm=0, add=0, ver=0, reserved=0) -> None:
        '''
        :param dir: 传输方向(D7)
        :param prm: 启动标志(D6)
        :param add: 地址域标识(D5)
        :param ver: 协议版本(D4~D3)
        :param reserved: 保留(D2~D0)
        '''
        self.dir = dir
        self.prm = prm
        self.add = add
        self.ver = ver
        self.reserved = reserved

@dataclass
",""
"Function:protocol_tool.py:Frame.__init__","__init__","protocol_tool.py",37,43,false,"    cs: int = 0
    end_char: int = 0x16
    def __init__(self, control: ControlField = ControlField(), src_addr: bytes = b'', dst_addr: bytes = b'', afn: int = 0, seq: int = 0, di: int = 0, data: bytes = b''):
        self.control = control
        self.address = src_addr[::-1] + dst_addr[::-1]  # 地址域=源地址反转+目的地址反转
        self.afn = afn
        self.seq = seq
        self.di = di.to_bytes(4, 'little')  # DI为4字节，小端序
        self.data = data

    def calculate_checksum(self, data: bytes) -> int:
",""
"Function:protocol_tool.py:Frame.calculate_checksum","calculate_checksum","protocol_tool.py",45,47,true,"        self.data = data

    def calculate_checksum(self, data: bytes) -> int:
        """"""计算校验和 - 八位位组算术和""""""
        return sum(data) & 0xFF
    def frame_pack(self) -> bytes:
        """"""组帧功能实现""""""
",""
"Function:protocol_tool.py:Frame.frame_pack","frame_pack","protocol_tool.py",48,75,true,"        """"""计算校验和 - 八位位组算术和""""""
        return sum(data) & 0xFF
    def frame_pack(self) -> bytes:
        """"""组帧功能实现""""""
        # 构建用户数据区
        user_data = bytearray()
        if self.control.add:
            user_data.extend(self.address)
        user_data.append(self.afn)
        user_data.append(self.seq)
        user_data.extend(self.di) # DI为4字节，大端序
        user_data.extend(self.data)

        # 计算长度
        self.length = len(user_data) + 6  # +6字节固定长度

        # 构建完整帧
        packed_frame = bytearray()
        packed_frame.append(self.start_char)
        packed_frame.extend(self.length.to_bytes(2, 'little'))  # 长度L为2字节，小端序
        # 提取ControlField结构的字节值
        control_byte = ctypes.cast(ctypes.addressof(self.control), ctypes.POINTER(ctypes.c_uint8)).contents.value
        packed_frame.append(control_byte)
        packed_frame.extend(user_data)

        # 计算校验和
        self.cs = self.calculate_checksum(packed_frame[3:])  # 从长度字段开始计算
        packed_frame.append(self.cs)
        packed_frame.append(self.end_char)
        return bytes(packed_frame)",""
"Function:protocol_parser.py:ProtocolFrameParser.parse_to_table","parse_to_table","protocol_parser.py",46,124,true,"    }

    def parse_to_table(self, frame_bytes: bytes) -> list:
        """"""解析为表格数据格式（最多 2 级：父字段和子字段）

        返回：[(字段名，原始值，解析值，说明, byte_start, byte_end), ...]
        """"""
        table_data = []

        # 解析帧
        result = self.parse(frame_bytes)
        frame_len = len(frame_bytes)

        # 检查解析是否失败，如果失败则返回错误信息
        if result.get(""解析状态"") == ""失败"":
            error_msg = result.get(""错误信息"", ""未知错误"")
            self._add_field(table_data, ""❌ 解析失败"", ""-"", ""-"", error_msg, None, None)
            # 同时显示原始数据
            self._add_field(table_data, ""原始数据"", result.get(""原始数据"", ""-""), ""-"", f""共{frame_len}字节"", None, None)
            return table_data

        # 安全计算帧结构偏移量
        if frame_len < 3:
            self._add_field(table_data, ""❌ 帧数据过短"", ""-"", ""-"", f""仅{frame_len}字节，无法解析长度域"", None, None)
            return table_data

        length_val = int.from_bytes(frame_bytes[1:3], 'little')
        user_data_len = length_val - 6
        cs_pos = 4 + user_data_len  # 校验和位置

        # 获取地址域标识
        add_flag = 0
        if ""控制域"" in result:
            ctrl = result[""控制域""]
            if ""D5 地址域标识(ADD)"" in ctrl:
                add_flag = ctrl[""D5 地址域标识(ADD)""][""值""]

        # 第 1 级：帧的各个组成部分
        for key, value in result.items():
            # 跳过辅助字段
            if key in [""原始数据"", ""解析状态"", ""错误信息""]:
                continue

            if isinstance(value, dict):
                if key == ""帧头"":
                    self._add_field(table_data, ""起始字符"", value.get(""起始字符""), """", ""帧起始标志"", 0, 0)

                elif key == ""长度域"":
                    raw = value.get(""原始字节"", f""0x{value.get('长度值', 0):04X}"" if value.get(""长度值"", 0) > 255 else f""0x{value.get('长度值', 0):02X}"")
                    parsed = str(value.get(""长度值"", ""-""))
                    comment = f""{value.get('说明', '')}, {value.get('字节序', '')}，{value.get('字节长度', '')}字节""
                    self._add_field(table_data, ""长度域"", raw, parsed, comment, 1, 2)

                elif key == ""控制域"":
                    raw = value.get(""原始字节"", ""-"")
                    self._add_field(table_data, ""控制域"", raw, """", """", 3, 3)
                    for subkey, subvalue in value.items():
                        if subkey == ""原始字节"":
                            continue
                        if isinstance(subvalue, dict):
                            bit_val = subvalue.get(""位"", ""-"")
                            val = subvalue.get(""值"", ""-"")
                            desc = subvalue.get(""说明"", """")
                            # 子字段原始值显示对应二进制位值
                            self._add_field(table_data, f""  {subkey}"", str(bit_val), str(val), desc, 3, 3, is_child=True)

                elif key == ""用户数据区"":
                    self._parse_user_data_to_table(value, table_data, add_flag, cs_pos, frame_len)

                elif key == ""校验和"":
                    raw = value.get(""校验值"", ""-"")
                    parsed = value.get(""计算值"", ""-"")
                    result_val = value.get(""校验结果"", ""-"")
                    self._add_field(table_data, ""校验和"", raw, parsed, result_val, cs_pos, cs_pos)

                elif key == ""结束符"":
                    raw = value.get(""结束字符"", ""-"")
                    result_val = value.get(""校验结果"", ""-"")
                    self._add_field(table_data, ""结束符"", raw, ""-"", result_val, frame_len - 1, frame_len - 1)

        return table_data
    
    def _add_field(self, table_data: list, field_name: str, raw_value: str, parsed_value: str, comment: str, byte_start: Optional[int] = None, byte_end: Optional[int] = None, is_child: bool = False):
",""
"Function:protocol_parser.py:ProtocolFrameParser._add_field","_add_field","protocol_parser.py",126,133,false,"        return table_data
    
    def _add_field(self, table_data: list, field_name: str, raw_value: str, parsed_value: str, comment: str, byte_start: Optional[int] = None, byte_end: Optional[int] = None, is_child: bool = False):
        """"""添加字段到表格

        byte_start/byte_end: 该字段在原始帧中的字节范围（包含两端），None 表示无对应字节
        """"""
        prefix = ""  "" if is_child else """"
        full_name = f""{prefix}{field_name}""
        table_data.append((full_name, raw_value, parsed_value, comment, byte_start, byte_end))
    
    @staticmethod
",""
"Function:protocol_parser.py:ProtocolFrameParser._estimate_byte_size","_estimate_byte_size","protocol_parser.py",136,144,false,"    
    @staticmethod
    def _estimate_byte_size(value: dict) -> int:
        """"""从解析字典的原始值推算字节长度，用于精准高亮""""""
        raw = value.get(""原始值"", value.get(""原始字节"", """"))
        if not isinstance(raw, str):
            return 0
        clean = raw.replace(""0x"", """").replace(""0X"", """").replace("" "", """").replace(""-"", """")
        if clean and all(c in '0123456789abcdefABCDEF' for c in clean):
            return len(clean) // 2
        return 0

    def _parse_user_data_to_table(self, user_data: dict, table_data: list,
",""
"Function:protocol_parser.py:ProtocolFrameParser._parse_user_data_to_table","_parse_user_data_to_table","protocol_parser.py",146,307,false,"        return 0

    def _parse_user_data_to_table(self, user_data: dict, table_data: list,
                                  add_flag: int, cs_pos: int, frame_len: int):
        """"""解析用户数据区到表格（最多 2 级），含字节偏移""""""
        offset = 4  # 用户数据区在帧中的起始位置

        # 地址域
        if ""地址域"" in user_data:
            addr = user_data[""地址域""]
            self._add_field(table_data, ""地址域"", """", """", """", offset, offset + 11)
            self._add_field(table_data, ""  源地址"", addr.get(""源地址"", ""-""), """", """", offset, offset + 5, is_child=True)
            self._add_field(table_data, ""  目的地址"", addr.get(""目的地址"", ""-""), """", """", offset + 6, offset + 11, is_child=True)
            offset += 12

        # 应用功能码 AFN
        afn_keys = [k for k in user_data.keys() if ""AFN"" in k]
        if afn_keys:
            afn_key = afn_keys[0]
            afn = user_data[afn_key]
            raw = str(afn.get(""原始值"", ""-""))
            # parsed_value 使用十进制值，comment 使用名称
            val = str(afn.get(""十进制"", ""-""))
            desc = str(afn.get(""名称"", """"))
            self._add_field(table_data, ""应用功能码 (AFN)"", raw, val, desc, offset, offset)
            offset += 1

        # 帧序列号 SEQ
        seq_keys = [k for k in user_data.keys() if ""SEQ"" in k]
        if seq_keys:
            seq_key = seq_keys[0]
            seq = user_data[seq_key]
            raw = str(seq.get(""原始值"", ""-""))
            val = str(seq.get(""十进制"", ""-""))
            self._add_field(table_data, ""帧序列号 (SEQ)"", raw, val, """", offset, offset)
            offset += 1

        # 数据标识 DI
        di_keys = [k for k in user_data.keys() if ""(DI)"" in k]
        if di_keys:
            di_key = di_keys[0]
            di = user_data[di_key]
            raw = str(di.get(""原始值"", ""-""))
            val = str(di.get(""整数值"", ""-""))
            desc = str(di.get(""业务说明"", """"))
            self._add_field(table_data, ""数据标识 (DI)"", raw, val, desc, offset, offset + 3)
            offset += 4

        # 数据标识内容 — 字节范围: offset 到 cs_pos-1
        data_end = cs_pos - 1
        has_bytes = offset <= data_end

        if ""数据标识内容"" in user_data:
            content = user_data[""数据标识内容""]
            if isinstance(content, dict):
                rng = (offset, data_end) if has_bytes else (None, None)
                self._add_field(table_data, ""数据标识内容"", """", """", """", rng[0], rng[1])

                sub_offset = offset  # 子字段偏移跟踪
                _skip_keys = {""原始值"", ""十进制"", ""说明"", ""描述"", ""值"", ""整数值"", ""业务说明"", ""单位"", ""原始字节"", ""原始数据"", ""校验结果"", ""解析状态"", ""错误信息"", ""解析值""}

                for key, value in content.items():
                    if isinstance(value, dict):
                        raw = str(value.get(""原始值"", value.get(""原始字节"", ""-"")))
                        val = str(value.get(""十进制"", value.get(""解析值"", value.get(""说明"", ""-""))))
                        desc = str(value.get(""说明"", """")) if isinstance(value.get(""说明"", """"), str) else """"

                        # 尝试从原始值推算字节长度，实现精准高亮
                        byte_size = self._estimate_byte_size(value)
                        if byte_size > 0 and sub_offset + byte_size - 1 <= data_end:
                            f_start, f_end = sub_offset, sub_offset + byte_size - 1
                            sub_offset += byte_size
                        else:
                            f_start, f_end = rng

                        self._add_field(table_data, f""  {key}"", raw, val, desc, f_start, f_end, is_child=True)

                        # 显示dict中的子字段（如任务模式字的响应标识、优先级等）
                        for sub_key, sub_value in value.items():
                            if sub_key in _skip_keys:
                                continue
                            if isinstance(sub_value, str):
                                self._add_field(table_data, f""    {sub_key}"", ""-"", sub_value, """", f_start, f_end, is_child=True)
                            elif isinstance(sub_value, dict):
                                # 检查sub_value是否是结构化字段（包含原始值、解析值、说明）
                                if '原始值' in sub_value or '解析值' in sub_value:
                                    # 这是标准的结构化字段，直接显示
                                    sv_raw = str(sub_value.get(""原始值"", ""-""))
                                    sv_val = str(sub_value.get(""解析值"", sub_value.get(""十进制"", sub_value.get(""说明"", ""-""))))
                                    sv_desc = str(sub_value.get(""说明"", """"))
                                    self._add_field(table_data, f""    {sub_key}"", sv_raw, sv_val, sv_desc, f_start, f_end, is_child=True)
                                else:
                                    # 这是容器dict，显示其子字段
                                    sv = sub_value.get(""说明"", sub_value.get(""值"", str(sub_value)))
                                    sd = sub_value.get(""说明"", """")
                                    self._add_field(table_data, f""    {sub_key}"", ""-"", str(sv), str(sd) if sd != sv else """", f_start, f_end, is_child=True)

                    elif isinstance(value, list
... [truncated]",""
"Function:protocol_parser.py:ProtocolFrameParser._get_di_key","_get_di_key","protocol_parser.py",309,323,false,"                        self._add_field(table_data, f""  {key}"", str_val, """", """", f_start, f_end, is_child=True)
    
    def _get_di_key(self, user_data: dict) -> tuple:
        """"""获取 DI 的键""""""
        if ""数据标识 (DI)"" not in user_data:
            return None
        
        di = user_data[""数据标识 (DI)""]
        if ""整数值"" in di:
            di_int = int(di[""整数值""], 16) if isinstance(di[""整数值""], str) else di[""整数值""]
            # 从 DI 组合映射中找到对应的键
            di3 = (di_int >> 24) & 0xFF
            di2 = (di_int >> 16) & 0xFF
            di1 = (di_int >> 8) & 0xFF
            di0 = di_int & 0xFF
            return (di3, di2, di1, di0)
        return None
    
    def _parse_data_content_to_table(self, di_key: tuple, content: dict, table_data: list):
",""
"Function:protocol_parser.py:ProtocolFrameParser._parse_data_content_to_table","_parse_data_content_to_table","protocol_parser.py",325,338,false,"        return None
    
    def _parse_data_content_to_table(self, di_key: tuple, content: dict, table_data: list):
        """"""解析数据标识内容到表格（第 2 级）""""""
        self._add_field(table_data, ""数据标识内容"", """", """", """")
        
        # 遍历内容字段
        for key, value in content.items():
            if isinstance(value, dict):
                raw = value.get(""原始值"", ""-"")
                val = value.get(""十进制"", value.get(""解析值"", value.get(""说明"", ""-"")))
                desc = value.get(""说明"", """") if isinstance(value.get(""说明"", """"), str) else """"
                self._add_field(table_data, f""  {key}"", raw, str(val), desc, is_child=True)
            else:
                # 简单值（如报文内容）
                self._add_field(table_data, f""  {key}"", str(value), """", """", is_child=True)
    
    def _flatten_to_table(self, data: dict, table_data: list, indent: int = 0):
",""
"Function:protocol_parser.py:ProtocolFrameParser._flatten_to_table","_flatten_to_table","protocol_parser.py",340,380,false,"                self._add_field(table_data, f""  {key}"", str(value), """", """", is_child=True)
    
    def _flatten_to_table(self, data: dict, table_data: list, indent: int = 0):
        """"""递归扁平化解析结果为表格数据""""""
        prefix = ""  "" * indent
        
        for key, value in data.items():
            # 跳过辅助字段
            if key in [""原始值"", ""解析值"", ""说明"", ""描述"", ""值"", ""十进制"", ""名称"", ""原始字节"", ""校验结果"", ""整数值"", ""业务说明""]:
                continue
            
            if isinstance(value, dict):
                # 检查是否是结构化数据
                if self._is_structured(value):
                    # 提取值
                    raw = self._get_raw_value(value)
                    parsed = self._get_parsed_value(value)
                    comment = self._get_comment(value)
                    table_data.append((f""{prefix}{key}"", raw, parsed, comment))
                else:
                    # 父节点 - 但对于某些特定字段，需要提取汇总信息
                    field_name = f""{prefix}{key}""
                    
                    # 特殊处理：长度域、控制域、校验和、结束符等
                    if key in [""长度域"", ""校验和"", ""结束符""]:
                        # 提取子字段的汇总信息
                        raw_val, parsed_val, comment_val = self._get_summary_for_parent(value)
                        table_data.append((field_name, raw_val, parsed_val, comment_val))
                        # 不再递归显示子字段（避免重复）
                    else:
                        # 普通父节点，只显示字段名
                        table_data.append((field_name, """", """", """"))
                        self._flatten_to_table(value, table_data, indent + 1)
            elif isinstance(value, list):
                table_data.append((f""{prefix}{key}"", f""共{len(value)}项"", """", """"))
                for item in value:
                    if isinstance(item, dict):
                        self._flatten_to_table(item, table_data, indent + 1)
                    else:
                        table_data.append((f""{prefix}  项"", str(item), """", """"))
            else:
                # 简单值
                table_data.append((f""{prefix}{key}"", str(value) if value is not None else ""-"", """", """"))
    
    def _get_summary_for_parent(self, data: dict) -> tuple:
",""
"Function:protocol_parser.py:ProtocolFrameParser._get_summary_for_parent","_get_summary_for_parent","protocol_parser.py",382,425,false,"                table_data.append((f""{prefix}{key}"", str(value) if value is not None else ""-"", """", """"))
    
    def _get_summary_for_parent(self, data: dict) -> tuple:
        """"""为特定父节点提取汇总信息""""""
        raw_value = ""-""
        parsed_value = ""-""
        comment = """"
        
        # 长度域的特殊处理
        if ""原始数据"" in data or ""原始字节"" in data:
            # 有原始数据/字节，提取
            raw_value = data.get(""原始数据"", data.get(""原始字节"", ""-""))
        elif ""长度值"" in data:
            # 长度域：提取十六进制值
            length_val = data.get(""长度值"", ""-"")
            if isinstance(length_val, int):
                # 尝试找到原始字节
                if ""原始字节"" in data:
                    raw_value = data[""原始字节""]
                else:
                    # 转换为十六进制
                    raw_value = f""0x{length_val:04X}"" if length_val > 255 else f""0x{length_val:02X}""
            parsed_value = str(length_val)
        
        # 提取解析值
        if ""解析值"" in data:
            parsed_value = str(data[""解析值""])
        elif ""十进制"" in data:
            parsed_value = str(data[""十进制""])
        elif ""长度值"" in data and parsed_value == ""-"":
            parsed_value = str(data[""长度值""])
        
        # 提取说明 - 组合多个子字段的说明
        comments = []
        if ""说明"" in data:
            comments.append(data[""说明""])
        if ""业务说明"" in data:
            comments.append(data[""业务说明""])
        if ""校验结果"" in data:
            comments.append(data[""校验结果""])
        if ""字节序"" in data:
            comments.append(f""{data['字节序']}，{data.get('字节长度', '')}字节"" if data.get('字节长度') else data['字节序'])
        
        comment = "", "".join(comments) if comments else """"
        
        return raw_value, parsed_value, comment
    
    def _is_structured(self, value: dict) -> bool:
",""
"Function:protocol_parser.py:ProtocolFrameParser._is_structured","_is_structured","protocol_parser.py",427,430,false,"        return raw_value, parsed_value, comment
    
    def _is_structured(self, value: dict) -> bool:
        """"""判断是否是结构化数据""""""
        structured_keys = [""原始值"", ""值"", ""原始字节"", ""十进制"", ""名称"", ""解析值"", ""整数值"", ""业务说明""]
        return any(k in value for k in structured_keys)
    
    def _get_raw_value(self, data: dict) -> str:
",""
"Function:protocol_parser.py:ProtocolFrameParser._get_raw_value","_get_raw_value","protocol_parser.py",432,442,false,"        return any(k in value for k in structured_keys)
    
    def _get_raw_value(self, data: dict) -> str:
        """"""提取原始值""""""
        if ""原始值"" in data:
            return str(data[""原始值""])
        elif ""原始字节"" in data:
            return str(data[""原始字节""])
        elif ""值"" in data:
            return str(data[""值""])
        elif ""整数值"" in data:
            return str(data[""整数值""])
        return ""-""
    
    def _get_parsed_value(self, data: dict) -> str:
",""
"Function:protocol_parser.py:ProtocolFrameParser._get_parsed_value","_get_parsed_value","protocol_parser.py",444,454,false,"        return ""-""
    
    def _get_parsed_value(self, data: dict) -> str:
        """"""提取解析值""""""
        if ""解析值"" in data:
            return str(data[""解析值""])
        elif ""十进制"" in data:
            return str(data[""十进制""])
        elif ""名称"" in data:
            return str(data[""名称""])
        elif ""整数值"" in data:
            return str(data[""整数值""])
        return ""-""
    
    def _get_comment(self, data: dict) -> str:
",""
"Function:protocol_parser.py:ProtocolFrameParser._get_comment","_get_comment","protocol_parser.py",456,466,false,"        return ""-""
    
    def _get_comment(self, data: dict) -> str:
        """"""提取说明""""""
        if ""说明"" in data:
            return data[""说明""]
        elif ""描述"" in data:
            return data[""描述""]
        elif ""业务说明"" in data:
            return data[""业务说明""]
        elif ""校验结果"" in data:
            return data[""校验结果""]
        return """"

    # DI组合详细映射 (DI3:DI2:DI1:DI0 -> 业务说明)
",""
"Function:protocol_parser.py:ProtocolFrameParser.__init__","__init__","protocol_parser.py",718,719,false,"    CUSTOM_DI_FILE = ""custom_di.json""

    def __init__(self):
        self._load_custom_di()

    def _load_custom_di(self):
",""
"Function:protocol_parser.py:ProtocolFrameParser._load_custom_di","_load_custom_di","protocol_parser.py",721,735,false,"        self._load_custom_di()

    def _load_custom_di(self):
        """"""从 custom_di.json 加载用户自定义DI条目，合并到 DI_COMBINATION_MAP""""""
        import json
        from pathlib import Path
        custom_file = Path(self.CUSTOM_DI_FILE)
        if custom_file.exists():
            try:
                with open(custom_file, 'r', encoding='utf-8') as f:
                    entries = json.load(f)
                for entry in entries:
                    key = (entry[""di3""], entry[""di2""], entry[""di1""], entry[""di0""])
                    if key not in self.DI_COMBINATION_MAP:
                        self.DI_COMBINATION_MAP[key] = entry[""desc""]
            except Exception:
                pass

    @staticmethod
",""
"Function:protocol_parser.py:ProtocolFrameParser.save_custom_di","save_custom_di","protocol_parser.py",738,744,true,"
    @staticmethod
    def save_custom_di(entries: list):
        """"""保存自定义DI条目到 custom_di.json""""""
        import json
        from pathlib import Path
        custom_file = Path(ProtocolFrameParser.CUSTOM_DI_FILE)
        with open(custom_file, 'w', encoding='utf-8') as f:
            json.dump(entries, f, ensure_ascii=False, indent=2)

    @staticmethod
",""
"Function:protocol_parser.py:ProtocolFrameParser.load_custom_di_list","load_custom_di_list","protocol_parser.py",747,758,true,"
    @staticmethod
    def load_custom_di_list() -> list:
        """"""读取 custom_di.json 返回列表""""""
        import json
        from pathlib import Path
        custom_file = Path(ProtocolFrameParser.CUSTOM_DI_FILE)
        if custom_file.exists():
            try:
                with open(custom_file, 'r', encoding='utf-8') as f:
                    return json.load(f)
            except Exception:
                pass
        return []

    def parse(self, frame_bytes: bytes) -> Dict[str, Any]:
",""
"Function:protocol_parser.py:ProtocolFrameParser.parse","parse","protocol_parser.py",760,841,true,"        return []

    def parse(self, frame_bytes: bytes) -> Dict[str, Any]:
        """"""解析协议帧

        Args:
            frame_bytes: 原始帧数据

        Returns:
            JSON格式的解析结果
        """"""
        result = {
            ""原始数据"": frame_bytes.hex().upper(),
            ""解析状态"": ""成功"",
            ""错误信息"": None
        }

        try:
            # 基本长度检查
            if len(frame_bytes) < 8:
                raise ValueError(""帧长度太短，最小长度为8字节"")

            # 解析帧头
            pos = 0
            start_char = frame_bytes[pos]
            result[""帧头""] = {
                ""起始字符"": f""0x{start_char:02X}"",
                ""说明"": ""帧起始标志""
            }

            if start_char != 0x68:
                result[""帧头""][""警告""] = ""起始字符不是0x68""

            pos += 1

            # 解析长度
            length = int.from_bytes(frame_bytes[pos:pos+2], 'little')
            result[""长度域""] = {
                ""长度值"": length,
                ""字节长度"": 2,
                ""字节序"": ""小端序"",
                ""说明"": ""用户数据区长度+6字节固定长度""
            }
            pos += 2

            # 解析控制域
            control_byte = frame_bytes[pos]
            control = self._parse_control_field(control_byte)
            result[""控制域""] = control
            pos += 1

            # 计算用户数据区实际长度
            user_data_len = length - 6  # 减去6字节固定长度

            if len(frame_bytes) < pos + user_data_len + 2:  # +2 for CS and end
                raise ValueError(f""帧数据长度不足，期望至少{pos + user_data_len + 2}字节"")

            # 解析用户数据区
            user_data = frame_bytes[pos:pos+user_data_len]
            result[""用户数据区""] = self._parse_user_data(user_data, control)
            pos += user_data_len

            # 解析校验和
            cs = frame_bytes[pos]
            calculated_cs = self._calculate_checksum(frame_bytes[3:pos])
            result[""校验和""] = {
                ""校验值"": f""0x{cs:02X}"",
                ""计算值"": f""0x{calculated_cs:02X}"",
                ""校验结果"": ""通过"" if cs == calculated_cs else ""失败""
            }
            pos += 1

            # 解析结束符
            end_char = frame_bytes[pos]
            result[""结束符""] = {
                ""结束字符"": f""0x{end_char:02X}"",
                ""校验结果"": ""正确"" if end_char == 0x16 else ""错误""
            }

        except Exception as e:
            result[""解析状态""] = ""失败""
            result[""错误信息""] = str(e)

        return result

    def _parse_control_field(self, control_byte: int) -> Dict[str, Any]:
",""
"Function:protocol_parser.py:ProtocolFrameParser._parse_control_field","_parse_control_field","protocol_parser.py",843,883,false,"        return result

    def _parse_control_field(self, control_byte: int) -> Dict[str, Any]:
        """"""解析控制域
        位布局: D7=DIR, D6=PRM, D5=ADD, D4~D3=VER, D2~D0=保留
        """"""
        dir_flag = (control_byte >> 7) & 0x01
        prm = (control_byte >> 6) & 0x01
        add = (control_byte >> 5) & 0x01
        ver = (control_byte >> 3) & 0x03  # D4~D3, 2 bits
        reserved = control_byte & 0x07    # D2~D0, 3 bits

        # 二进制字符串
        full_bits = f""{control_byte:08b}""

        return {
            ""原始字节"": f""0x{control_byte:02X}"",
            ""D7 传输方向(DIR)"": {
                ""值"": dir_flag,
                ""位"": full_bits[0],
                ""说明"": ""下行帧(集中器->模块)"" if dir_flag == 0 else ""上行帧(模块->集中器)""
            },
            ""D6 启动标志(PRM)"": {
                ""值"": prm,
                ""位"": full_bits[1],
                ""说明"": ""从动站"" if prm == 0 else ""启动站""
            },
            ""D5 地址域标识(ADD)"": {
                ""值"": add,
                ""位"": full_bits[2],
                ""说明"": ""不带地址域"" if add == 0 else ""带地址域""
            },
            ""D4~D3 协议版本(VER)"": {
                ""值"": ver,
                ""位"": f""{full_bits[3:5]}({ver})"",
                ""说明"": f""版本{ver}""
            },
            ""D2~D0 保留位"": {
                ""值"": reserved,
                ""位"": f""{full_bits[5:8]}({reserved})"",
                ""说明"": f""保留(reserved={reserved})""
            }
        }

    def _parse_user_data(self, user_data: bytes, control: Dict[str, Any]) -> Dict[str, Any]:
",""
"Function:protocol_parser.py:ProtocolFrameParser._parse_user_data","_parse_user_data","protocol_parser.py",885,965,false,"        }

    def _parse_user_data(self, user_data: bytes, control: Dict[str, Any]) -> Dict[str, Any]:
        """"""解析用户数据区""""""
        result = {
            ""原始数据"": user_data.hex().upper(),
            ""长度"": len(user_data)
        }

        if len(user_data) == 0:
            result[""说明""] = ""用户数据区为空""
            return result

        pos = 0

        # 解析地址域
        add = control[""D5 地址域标识(ADD)""][""值""]
        if add == 1 and len(user_data) >= 12:
            src_addr = user_data[pos:pos+6][::-1]
            dst_addr = user_data[pos+6:pos+12][::-1]
            result[""地址域""] = {
                ""源地址"": src_addr.hex().upper(),
                ""目的地址"": dst_addr.hex().upper()
            }
            pos += 12

        # 解析AFN
        if len(user_data) > pos:
            afn = user_data[pos]
            afn_name = self.AFN_MAP.get(afn, f""未知AFN({afn:02X})"")
            result[""应用功能码(AFN)""] = {
                ""原始值"": f""0x{afn:02X}"",
                ""十进制"": afn,
                ""名称"": afn_name
            }
            pos += 1

        # 解析序列号
        if len(user_data) > pos:
            seq = user_data[pos]
            result[""帧序列号(SEQ)""] = {
                ""原始值"": f""0x{seq:02X}"",
                ""十进制"": seq
            }
            pos += 1

        # 解析DI
        di_combination = None
        if len(user_data) >= pos + 4:
            di_bytes = user_data[pos:pos+4]
            di_value = int.from_bytes(di_bytes, 'little')
            # DI字段按小端序存储：di_bytes[0]是最低字节(DI0)，di_bytes[3]是最高字节(DI3)
            di3, di2, di1, di0 = di_bytes[3], di_bytes[2], di_bytes[1], di_bytes[0]

            # 查找DI组合说明
            di_combination = (di3, di2, di1, di0)
            di_description = self.DI_COMBINATION_MAP.get(di_combination, None)

            result[""数据标识(DI)""] = {
                ""原始值"": di_bytes.hex().upper(),
                ""整数值"": f""0x{di_value:08X}"",
                ""业务说明"": di_description if di_description else f""未知DI组合({di3:02X}:{di2:02X}:{di1:02X}:{di0:02X})"",
                ""DI3"": {
                    ""值"": f""0x{di3:02X}"",
                    ""说明"": self.DI3_MAP.get(di3, f""未知({di3:02X})"")
                },
                ""DI2"": {
                    ""值"": f""0x{di2:02X}"",
                    ""说明"": self.DI2_MAP.get(di2, f""未知({di2:02X})"")
                },
                ""DI1(AFN)"": f""0x{di1:02X}"",
                ""DI0(子类型)"": f""0x{di0:02X}""
            }
            pos += 4

        # 剩余数据作为数据标识内容
        if len(user_data) > pos and di_combination is not None:
            data_content = user_data[pos:]
            # 根据DI组合解析数据内容
            parsed_content = self._parse_di_data_content(di_combination, data_content)
            result[""数据标识内容""] = parsed_content

        return result

    # ==================== 数据内容解析方法 ====================
",""
"Function:protocol_parser.py:ProtocolFrameParser._parse_di_data_content","_parse_di_data_content","protocol_parser.py",969,985,false,"    # ==================== 数据内容解析方法 ====================

    def _parse_di_data_content(self, di_combination: Tuple[int, int, int, int], data_content: bytes) -> Dict[str, Any]:
        """"""根据DI组合解析数据内容""""""
        parser = self._get_data_content_parser(di_combination)
        if parser:
            try:
                return parser(data_content)
            except Exception as e:
                return {
                    ""解析状态"": ""失败"",
                    ""错误信息"": str(e),
                    ""原始数据"": data_content.hex().upper()
                }
        return {
            ""原始数据"": data_content.hex().upper(),
            ""长度"": len(data_content),
            ""说明"": ""暂无此DI类型的详细解析""
        }

    def _get_data_content_parser(self, di_combination: Tuple[int, int, int, int]):
",""
"Function:protocol_parser.py:ProtocolFrameParser._get_data_content_parser","_get_data_content_parser","protocol_parser.py",987,1140,false,"        }

    def _get_data_content_parser(self, di_combination: Tuple[int, int, int, int]):
        """"""获取DI组合对应的数据内容解析方法""""""
        parsers = {
            # AFN=00H 确认/否认
            (0xE8, 0x01, 0x00, 0x01): self._parse_confirm_data,          # 确认
            (0xE8, 0x01, 0x00, 0x02): self._parse_deny_data,             # 否认

            # AFN=01H 初始化模块
            (0xE8, 0x02, 0x01, 0x01): self._parse_reset_hardware_data,   # 复位硬件
            (0xE8, 0x02, 0x01, 0x02): self._parse_init_archive_data,     # 初始化档案
            (0xE8, 0x02, 0x01, 0x03): self._parse_init_task_data,        # 初始化任务

            # AFN=02H 管理任务
            (0xE8, 0x02, 0x02, 0x01): self._parse_add_task_data,         # 添加任务
            (0xE8, 0x02, 0x02, 0x02): self._parse_delete_task_data,      # 删除任务
            (0xE8, 0x00, 0x02, 0x03): self._parse_query_incomplete_task_count_data,  # 查询未完成任务数
            (0xE8, 0x03, 0x02, 0x04): self._parse_query_incomplete_task_list_data,   # 查询未完成任务列表
            (0xE8, 0x04, 0x02, 0x04): self._parse_return_incomplete_task_list_data,  # 返回查询未完成任务列表
            (0xE8, 0x03, 0x02, 0x05): self._parse_query_task_detail_data,           # 查询未完成任务详细信息
            (0xE8, 0x04, 0x02, 0x05): self._parse_return_task_detail_data,          # 返回查询未完成任务详细信息
            (0xE8, 0x00, 0x02, 0x06): self._parse_query_remain_task_count_data,     # 查询剩余可分配任务数
            (0xE8, 0x02, 0x02, 0x07): self._parse_add_multicast_task_data,          # 添加多播任务
            (0xE8, 0x02, 0x02, 0x08): self._parse_start_task_data,       # 启动任务
            (0xE8, 0x02, 0x02, 0x09): self._parse_pause_task_data,       # 暂停任务

            # AFN=03H 读参数
            (0xE8, 0x00, 0x03, 0x01): self._parse_query_vendor_info_data,           # 查询厂商代码和版本信息
            (0xE8, 0x00, 0x03, 0x02): self._parse_query_run_mode_data,              # 查询本地通信模块运行模式信息
            (0xE8, 0x00, 0x03, 0x03): self._parse_query_master_node_addr_data,      # 查询主节点地址
            (0xE8, 0x03, 0x03, 0x04): self._parse_query_comm_delay_data,            # 查询通信延时时长
            (0xE8, 0x04, 0x03, 0x04): self._parse_return_comm_delay_data,           # 返回查询通信延时时长
            (0xE8, 0x00, 0x03, 0x05): self._parse_query_slave_node_count_data,      # 查询从节点数量
            (0xE8, 0x03, 0x03, 0x06): self._parse_query_slave_node_info_data,       # 查询从节点信息
            (0xE8, 0x04, 0x03, 0x06): self._parse_return_slave_node_info_data,      # 返回查询从节点信息
            (0xE8, 0x00, 0x03, 0x07): self._parse_query_reg_progress_data,          # 查询从节点主动注册进度
            (0xE8, 0x03, 0x03, 0x08): self._parse_query_slave_parent_data,          # 查询从节点的父节点
            (0xE8, 0x04, 0x03, 0x08): self._parse_return_slave_parent_data,         # 返回查询从节点的父节点
            (0xE8, 0x00, 0x03, 0x09): self._parse_query_mapping_node_count_data,    # 查询映射表从节点数量
            (0xE8, 0x03, 0x03, 0x0A): self._parse_query_mapping_table_data,         # 查询从节点通信地址映射表
            (0xE8, 0x04, 0x03, 0x0A): self._parse_return_mapping_table_data,        # 返回查询从节点通信地址映射表
            (0xE8, 0x00, 0x03, 0x0B): self._parse_query_task_timeout_data,          # 查询任务建议超时时间
            (0xE8, 0x03, 0x03, 0x0C): self._parse_query_slave_phase_data,           # 查询从节点相位信息
            (0xE8, 0x03, 0x03, 0x0D): self._parse_batch_query_phase_data,           # 批量查询从节点相位信息
            (0xE8, 0x03, 0x03, 0x0E): self._parse_query_region_identify_data,       # 查询表档案的台区识别结果
            (0xE8, 0x03, 0x03, 0x0F): self._parse_query_extra_node_region_data,     # 查询多余节点的台区识别结果

            # AFN=04H 写参数
            (0xE8, 0x02, 0x04, 0x01): self._parse_set_master_node_addr_data,       # 设置主节点地址
            (0xE8, 0x02, 0x04, 0x02): self._parse_add_slave_node_data,              # 添加从节点
            (0xE8, 0x02, 0x04, 0x03): self._parse_delete_slave_node_data,           # 删除从节点
            (0xE8, 0x02, 0x04, 0x04): self._parse_set_event_report_data,            # 允许/禁止从节点上报
            (0xE8, 0x02, 0x04, 0x05): self._parse_activate_slave_reg_data,          # 激活从节点主动注册
            (0xE8, 0x02, 0x04, 0x06): self._parse_terminate_slave_reg_data,         # 终止从节点主动注册
            (0xE8, 0x02, 0x04, 0x07): self._parse_add_mapping_table_data,           # 添加从节点通信地址映射表

            # AFN=05H 上报信息
            (0xE8, 0x05, 0x05, 0x01): self._parse_report_task_data,                 # 上报任务数据
            (0xE8, 0x05, 0x05, 0x02): self._parse_report_event_data,                # 上报从节点事件
            (0xE8, 0x05, 0x05, 0x03): self._parse_report_slave_node_info_data,      # 上报从节点信息
            (0xE8, 0x05, 0x05, 0x04): self._parse_report_reg_end_data,              # 上报从节点主动注册结束
            (0xE8, 0x05, 0x05, 0x05): self._parse_report_task_status_data,          # 上报任务状态
            (0xE8, 0x05, 0x05, 0x06): self._parse_report_meter_data,                 # 上报电能表数据

            # AFN=06H 请求信息
            (0xE8, 0x06, 0x06, 0x01): self._parse_request_time_data,                # 请求集中器时间

            # AFN=
... [truncated]",""
"Function:protocol_parser.py:ProtocolFrameParser._parse_confirm_data","_parse_confirm_data","protocol_parser.py",1144,1155,false,"    # ==================== AFN=00H 确认/否认 ====================

    def _parse_confirm_data(self, data: bytes) -> Dict[str, Any]:
        """"""解析确认帧数据内容""""""
        if len(data) < 2:
            return {""原始数据"": data.hex().upper(), ""说明"": ""数据长度不足""}
        wait_time = int.from_bytes(data[0:2], 'little')
        return {
            ""等待时间"": {
                ""值"": wait_time,
                ""单位"": ""秒"",
                ""原始字节"": data[0:2].hex().upper()
            }
        }

    def _parse_deny_data(self, data: bytes) -> Dict[str, Any]:
",""
"Function:protocol_parser.py:ProtocolFrameParser._parse_deny_data","_parse_deny_data","protocol_parser.py",1157,1167,false,"        }

    def _parse_deny_data(self, data: bytes) -> Dict[str, Any]:
        """"""解析否认帧数据内容""""""
        if len(data) < 1:
            return {""原始数据"": data.hex().upper(), ""说明"": ""数据长度不足""}
        error_code = data[0]
        return {
            ""错误状态字"": {
                ""原始值"": f""0x{error_code:02X}"",
                ""说明"": self.ERROR_STATUS.get(error_code, ""未知错误"")
            }
        }

    # ==================== AFN=01H 初始化模块 ====================
",""
"Function:protocol_parser.py:ProtocolFrameParser._parse_reset_hardware_data","_parse_reset_hardware_data","protocol_parser.py",1171,1173,false,"    # ==================== AFN=01H 初始化模块 ====================

    def _parse_reset_hardware_data(self, data: bytes) -> Dict[str, Any]:
        """"""解析复位硬件数据内容""""""
        return {""说明"": ""复位硬件命令，无数据内容""}

    def _parse_init_archive_data(self, data: bytes) -> Dict[str, Any]:
",""
"Function:protocol_parser.py:ProtocolFrameParser._parse_init_archive_data","_parse_init_archive_data","protocol_parser.py",1175,1177,false,"        return {""说明"": ""复位硬件命令，无数据内容""}

    def _parse_init_archive_data(self, data: bytes) -> Dict[str, Any]:
        """"""解析初始化档案数据内容""""""
        return {""说明"": ""初始化档案命令，无数据内容""}

    def _parse_init_task_data(self, data: bytes) -> Dict[str, Any]:
",""
"Function:protocol_parser.py:ProtocolFrameParser._parse_init_task_data","_parse_init_task_data","protocol_parser.py",1179,1181,false,"        return {""说明"": ""初始化档案命令，无数据内容""}

    def _parse_init_task_data(self, data: bytes) -> Dict[str, Any]:
        """"""解析初始化任务数据内容""""""
        return {""说明"": ""初始化任务命令，无数据内容""}

    # ==================== AFN=02H 管理任务 ====================
",""
"Function:protocol_parser.py:ProtocolFrameParser._parse_add_task_data","_parse_add_task_data","protocol_parser.py",1185,1257,false,"    # ==================== AFN=02H 管理任务 ====================

    def _parse_add_task_data(self, data: bytes) -> Dict[str, Any]:
        """"""解析添加任务数据内容（E8 02 02 01）

        南网格式：任务ID(2B) + 任务模式字(1B) + 超时时间(2B) + 报文长度(1B) + 报文内容(LB)
        PLUZ格式：任务ID(2B) + 任务模式字(1B) + 超时时间(2B) + 报文长度(2B) + 报文内容(LB)
        任务模式字: D7=任务响应标识, D6=转发标识(PLUZ扩展), D5~D4=保留, D3=保留, D2~D0=任务优先级
        转发标识=1时，报文内容第一位为业务代码：00H=透传, 01H=精准对时, 02H=DLMS报文
        """"""
        if len(data) < 6:
            return {""原始数据"": data.hex().upper(), ""说明"": ""数据长度不足""}

        task_id = int.from_bytes(data[0:2], 'little')
        mode = data[2]
        timeout = int.from_bytes(data[3:5], 'little')

        resp_flag = (mode >> 7) & 0x01
        fwd_flag = (mode >> 6) & 0x01
        priority = mode & 0x07

        # 自动检测报文长度字段：南网1字节 vs PLUZ 2字节
        # 优先尝试PLUZ 2字节格式（如果数据足够且长度吻合）
        use_2byte_len = False
        if len(data) >= 7:
            msg_len_2b = int.from_bytes(data[5:7], 'little')
            if msg_len_2b + 7 == len(data):
                # PLUZ 2字节长度格式吻合
                use_2byte_len = True
            elif data[5] + 6 != len(data):
                # 1字节格式也不吻合，回退到2字节格式尝试
                use_2byte_len = True

        if use_2byte_len:
            msg_len = int.from_bytes(data[5:7], 'little')
            content_start = 7
        else:
            msg_len = data[5]
            content_start = 6

        mode_desc = {
            ""原始值"": f""0x{mode:02X}"",
            ""任务响应标识"": ""需要数据返回"" if resp_flag == 1 else ""不需要数据返回"",
            ""任务优先级"": f""{priority}（{'最高' if priority == 0 else '最低' if priority == 3 else str(priority)}）""
        }
        if fwd_flag:
            mode_desc[""转发标识""] = ""需要转发给通信模块""

        result = {
            ""任务ID"": {""原始值"": data[0:2].hex().upper(), ""十进制"": task_id},
            ""任务模式字"": mode_desc,
            ""超时时间"": {""原始值"": data[3:5].hex().upper(), ""十进制"": timeout, ""单位"": ""秒""},
            ""报文长度"": {""原始值"": data[5:content_start].hex().upper(), ""十进制"": msg_len}
        }

        content_data = data[content_start:]
        if len(data) >= content_start + msg_len:
            content_data = data[content_start:content_start + msg_len]
        elif len(data) > content_start:
            content_data = data[content_start:]

        if fwd_flag and len(content_data) > 0:
            biz_code = content_data[0]
            biz_code_map = {0x00: ""透传报文"", 0x01: ""精准对时"", 0x02: ""DLMS报文""}
            result[""业务代码""] = {
                ""原始值"": f""0x{biz_code:02X}"",
                ""说明"": biz_code_map.get(biz_code, ""保留"")
            }
            result[""报文内容""] = content_data.hex().upper()
            if len(content_data) > 1:
                result[""报文有效内容""] = content_data[1:].hex().upper()
        else:
            result[""报文内容""] = content_data.hex().upper()

        return result

    def _parse_delete_task_data(self, data: bytes) -> Dict[str, Any]:
",""
"Function:protocol_parser.py:ProtocolFrameParser._parse_delete_task_data","_parse_delete_task_data","protocol_parser.py",1259,1269,false,"        return result

    def _parse_delete_task_data(self, data: bytes) -> Dict[str, Any]:
        """"""解析删除任务数据内容""""""
        if len(data) < 2:
            return {""原始数据"": data.hex().upper(), ""说明"": ""数据长度不足""}
        task_id = int.from_bytes(data[0:2], 'little')  # 任务 ID: 2 字节 (小端序)
        return {
            ""任务ID"": {
                ""原始值"": data[0:2].hex().upper(),
                ""十进制"": task_id
            }
        }

    def _parse_query_incomplete_task_count_data(self, data: bytes) -> Dict[str, Any]:
",""
"Function:protocol_parser.py:ProtocolFrameParser._parse_query_incomplete_task_count_data","_parse_query_incomplete_task_count_data","protocol_parser.py",1271,1280,false,"        }

    def _parse_query_incomplete_task_count_data(self, data: bytes) -> Dict[str, Any]:
        """"""解析查询/返回未完成任务数（E8 00 02 03）
        下行查询：无数据；上行应答：2字节 BIN 小端
        """"""
        if len(data) < 2:
            return {""说明"": ""查询命令，无数据内容""}
        count = int.from_bytes(data[0:2], 'little')
        return {
            ""未完成任务数"": {""原始值"": data[0:2].hex().upper(), ""十进制"": count}
        }

    def _parse_query_incomplete_task_list_data(self, data: bytes) -> Dict[str, Any]:
",""
"Function:protocol_parser.py:ProtocolFrameParser._parse_query_incomplete_task_list_data","_parse_query_incomplete_task_list_data","protocol_parser.py",1282,1289,false,"        }

    def _parse_query_incomplete_task_list_data(self, data: bytes) -> Dict[str, Any]:
        """"""解析查询未完成任务列表数据内容""""""
        if len(data) < 3:
            return {""原始数据"": data.hex().upper(), ""说明"": ""数据长度不足""}
        return {
            ""起始序号"": {""原始值"": data[0:2].hex().upper(), ""十进制"": int.from_bytes(data[0:2], 'little')},
            ""查询数量"": {""原始值"": f""0x{data[2]:02X}"", ""十进制"": data[2]}
        }

    def _parse_return_incomplete_task_list_data(self, data: bytes) -> Dict[str, Any]:
",""
"Function:protocol_parser.py:ProtocolFrameParser._parse_return_incomplete_task_list_data","_parse_return_incomplete_task_list_data","protocol_parser.py",1291,1312,false,"        }

    def _parse_return_incomplete_task_list_data(self, data: bytes) -> Dict[str, Any]:
        """"""解析返回查询未完成任务列表数据内容""""""
        if len(data) < 4:
            return {""原始数据"": data.hex().upper(), ""说明"": ""数据长度不足""}
        total_count = int.from_bytes(data[0:2], 'little')
        return_count = data[2]
        result = {
            ""总任务数"": {""原始值"": data[0:2].hex().upper(), ""十进制"": total_count},
            ""返回任务数"": {""原始值"": f""0x{data[2]:02X}"", ""十进制"": return_count},
            ""任务列表"": []
        }
        pos = 3
        for i in range(return_count):
            if pos + 2 > len(data):
                break
            task_id = int.from_bytes(data[pos:pos+2], 'little')
            result[""任务列表""].append({
                ""序号"": i + 1,
                ""任务ID"": {""原始值"": data[pos:pos+2].hex().upper(), ""十进制"": task_id}
            })
            pos += 2
        return result

    def _parse_query_task_detail_data(self, data: bytes) -> Dict[str, Any]:
",""
"Function:protocol_parser.py:ProtocolFrameParser._parse_query_task_detail_data","_parse_query_task_detail_data","protocol_parser.py",1314,1321,false,"        return result

    def _parse_query_task_detail_data(self, data: bytes) -> Dict[str, Any]:
        """"""解析查询未完成任务详细信息数据内容""""""
        if len(data) < 2:
            return {""原始数据"": data.hex().upper(), ""说明"": ""数据长度不足""}
        task_id = int.from_bytes(data[0:2], 'little')  # 任务 ID: 2 字节 (小端序)
        return {
            ""任务ID"": {""原始值"": data[0:2].hex().upper(), ""十进制"": task_id}
        }

    def _parse_return_task_detail_data(self, data: bytes) -> Dict[str, Any]:
",""
"Function:protocol_parser.py:ProtocolFrameParser._parse_return_task_detail_data","_parse_return_task_detail_data","protocol_parser.py",1323,1366,false,"        }

    def _parse_return_task_detail_data(self, data: bytes) -> Dict[str, Any]:
        """"""解析返回查询未完成任务详细信息（E8 04 02 05）

        格式：任务ID(2B) + 任务模式字(1B) + 任务目的地址个数(2B)
              + 任务目的地址(6B×n) + 报文长度(1B) + 报文内容(LB)
        """"""
        if len(data) < 5:
            return {""原始数据"": data.hex().upper(), ""说明"": ""数据长度不足""}

        task_id = int.from_bytes(data[0:2], 'little')
        mode = data[2]
        addr_count = int.from_bytes(data[3:5], 'little')

        resp_flag = (mode >> 7) & 0x01
        priority = mode & 0x07

        result = {
            ""任务ID"": {""原始值"": data[0:2].hex().upper(), ""十进制"": task_id},
            ""任务模式字"": {
                ""原始值"": f""0x{mode:02X}"",
                ""任务响应标识"": ""需要数据返回"" if resp_flag == 1 else ""不需要数据返回"",
                ""任务优先级"": str(priority)
            },
            ""任务目的地址个数"": {""原始值"": data[3:5].hex().upper(), ""十进制"": addr_count}
        }

        pos = 5
        addrs = []
        for i in range(addr_count):
            if pos + 6 > len(data):
                break
            addrs.append({""序号"": i + 1, ""任务目的地址"": data[pos:pos+6].hex().upper()})
            pos += 6
        result[""任务目的地址列表""] = addrs

        if pos < len(data):
            msg_len = data[pos]
            result[""报文长度""] = {""原始值"": f""0x{msg_len:02X}"", ""十进制"": msg_len}
            pos += 1
            if pos < len(data):
                end = min(pos + msg_len, len(data))
                result[""报文内容""] = data[pos:end].hex().upper()

        return result

    def _parse_query_remain_task_count_data(self, data: bytes) -> Dict[str, Any]:
",""
"Function:protocol_parser.py:ProtocolFrameParser._parse_query_remain_task_count_data","_parse_query_remain_task_count_data","protocol_parser.py",1368,1377,false,"        return result

    def _parse_query_remain_task_count_data(self, data: bytes) -> Dict[str, Any]:
        """"""解析查询/返回剩余可分配任务数（E8 00 02 06）
        下行查询：无数据；上行应答：2字节 BIN 小端
        """"""
        if len(data) < 2:
            return {""说明"": ""查询命令，无数据内容""}
        count = int.from_bytes(data[0:2], 'little')
        return {
            ""剩余可分配任务数"": {""原始值"": data[0:2].hex().upper(), ""十进制"": count}
        }

    def _parse_add_multicast_task_data(self, data: bytes) -> Dict[str, Any]:
",""
"Function:protocol_parser.py:ProtocolFrameParser._parse_add_multicast_task_data","_parse_add_multicast_task_data","protocol_parser.py",1379,1435,false,"        }

    def _parse_add_multicast_task_data(self, data: bytes) -> Dict[str, Any]:
        """"""解析添加多播任务数据内容（E8 02 02 07）

        格式：任务ID(2B) + 任务模式字(1B) + 从节点数量(2B)
              + 从节点地址(6B×n) + 超时时间(2B) + 报文长度(1B) + 报文内容(LB)
        注：从节点数量=0xFFFF表示向所有从模块传输，此时无从节点地址域
        """"""
        if len(data) < 5:
            return {""原始数据"": data.hex().upper(), ""说明"": ""数据长度不足""}

        task_id = int.from_bytes(data[0:2], 'little')
        mode = data[2]
        node_count = int.from_bytes(data[3:5], 'little')

        resp_flag = (mode >> 7) & 0x01
        priority = mode & 0x07

        result = {
            ""任务ID"": {""原始值"": data[0:2].hex().upper(), ""十进制"": task_id},
            ""任务模式字"": {
                ""原始值"": f""0x{mode:02X}"",
                ""任务响应标识"": ""需要数据返回"" if resp_flag == 1 else ""不需要数据返回"",
                ""任务优先级"": str(priority)
            },
            ""从节点数量"": {
                ""原始值"": data[3:5].hex().upper(),
                ""十进制"": node_count,
                ""说明"": ""向所有从模块传输"" if node_count == 0xFFFF else """"
            }
        }

        pos = 5
        if node_count != 0xFFFF:
            nodes = []
            for i in range(node_count):
                if pos + 6 > len(data):
                    break
                nodes.append({""序号"": i + 1, ""从节点地址"": data[pos:pos+6].hex().upper()})
                pos += 6
            result[""从节点列表""] = nodes

        # 超时时间
        if pos + 2 <= len(data):
            timeout = int.from_bytes(data[pos:pos+2], 'little')
            result[""超时时间""] = {""原始值"": data[pos:pos+2].hex().upper(), ""十进制"": timeout, ""单位"": ""秒""}
            pos += 2

        # 报文长度 + 报文内容
        if pos < len(data):
            msg_len = data[pos]
            result[""报文长度""] = {""原始值"": f""0x{msg_len:02X}"", ""十进制"": msg_len}
            pos += 1
            if pos < len(data):
                end = min(pos + msg_len, len(data))
                result[""报文内容""] = data[pos:end].hex().upper()

        return result

    def _parse_start_task_data(self, data: bytes) -> Dict[str, Any]:
",""
"Function:protocol_parser.py:ProtocolFrameParser._parse_start_task_data","_parse_start_task_data","protocol_parser.py",1437,1444,false,"        return result

    def _parse_start_task_data(self, data: bytes) -> Dict[str, Any]:
        """"""解析启动任务数据内容""""""
        if len(data) < 2:
            return {""原始数据"": data.hex().upper(), ""说明"": ""数据长度不足""}
        task_id = int.from_bytes(data[0:2], 'little')  # 任务 ID: 2 字节 (小端序)
        return {
            ""任务ID"": {""原始值"": data[0:2].hex().upper(), ""十进制"": task_id}
        }

    def _parse_pause_task_data(self, data: bytes) -> Dict[str, Any]:
",""
"Function:protocol_parser.py:ProtocolFrameParser._parse_pause_task_data","_parse_pause_task_data","protocol_parser.py",1446,1453,false,"        }

    def _parse_pause_task_data(self, data: bytes) -> Dict[str, Any]:
        """"""解析暂停任务数据内容""""""
        if len(data) < 2:
            return {""原始数据"": data.hex().upper(), ""说明"": ""数据长度不足""}
        task_id = int.from_bytes(data[0:2], 'little')  # 任务 ID: 2 字节 (小端序)
        return {
            ""任务ID"": {""原始值"": data[0:2].hex().upper(), ""十进制"": task_id}
        }

    def _get_task_type_desc(self, task_type: int) -> str:
",""
"Function:protocol_parser.py:ProtocolFrameParser._get_task_type_desc","_get_task_type_desc","protocol_parser.py",1455,1464,false,"        }

    def _get_task_type_desc(self, task_type: int) -> str:
        """"""获取任务类型说明""""""
        task_types = {
            0x01: ""抄读电表数据"",
            0x02: ""抄读集中器数据"",
            0x03: ""控制命令"",
            0x04: ""参数设置"",
            0x05: ""其他任务""
        }
        return task_types.get(task_type, f""未知类型({task_type:02X})"")

    def _get_task_cycle_desc(self, cycle: int) -> str:
",""
"Function:protocol_parser.py:ProtocolFrameParser._get_task_cycle_desc","_get_task_cycle_desc","protocol_parser.py",1466,1476,false,"        return task_types.get(task_type, f""未知类型({task_type:02X})"")

    def _get_task_cycle_desc(self, cycle: int) -> str:
        """"""获取任务周期说明""""""
        cycles = {
            0x00: ""单次执行"",
            0x01: ""每分钟执行"",
            0x02: ""每小时执行"",
            0x03: ""每天执行"",
            0x04: ""每周执行"",
            0x05: ""每月执行""
        }
        return cycles.get(cycle, f""未知周期({cycle:02X})"")

    # ==================== AFN=03H 读参数 ====================
",""
"Function:protocol_parser.py:ProtocolFrameParser._parse_query_vendor_info_data","_parse_query_vendor_info_data","protocol_parser.py",1480,1499,false,"    # ==================== AFN=03H 读参数 ====================

    def _parse_query_vendor_info_data(self, data: bytes) -> Dict[str, Any]:
        """"""解析查询/返回厂商代码和版本信息（E8 00 03 01）
        下行查询：无数据；上行应答：厂商代码(2B ASCII) + 芯片代码(2B ASCII) + 版本时间(3B YYMMDD) + 版本(2B BCD)
        """"""
        if len(data) < 9:
            return {""说明"": ""查询命令，无数据内容""}
        result = {""原始值"": data.hex().upper()}
        try:
            # 多字节字段按小端序解析：低字节在前，解析时反转
            result[""厂商代码""] = data[0:2][::-1].decode('ascii')
            result[""芯片代码""] = data[2:4][::-1].decode('ascii')
            # 版本时间 3B BCD, 小端序: [YY, MM, DD] 传输为低字节在前
            vdate = data[4:7][::-1]
            result[""版本时间""] = f""{self._bcd_to_str(vdate[0])}-{self._bcd_to_str(vdate[1])}-{self._bcd_to_str(vdate[2])}""
            # 版本号 2B BCD, 小端序
            ver = data[7:9][::-1]
            result[""版本号""] = self._bcd_to_str(ver[0]) + self._bcd_to_str(ver[1])
        except Exception:
            pass
        return result

    def _parse_query_run_mode_data(self, data: bytes) -> Dict[str, Any]:
",""
"Function:protocol_parser.py:ProtocolFrameParser._parse_query_run_mode_data","_parse_query_run_mode_data","protocol_parser.py",1501,1621,false,"        return result

    def _parse_query_run_mode_data(self, data: bytes) -> Dict[str, Any]:
        """"""解析查询本地通信模块运行模式信息数据内容 (上行响应)
        
        根据 MD 文档，上行数据内容格式：
        - 本地通信模式字: 1字节 (BS)
        - 最大支持的协议报文长度: 2字节 (BIN, 小端序)
        - 文件传输支持的最大单包长度: 2字节 (BIN, 小端序)
        - 升级操作等待时间: 1字节 (BIN)
        - 主节点地址: 6字节 (BIN)
        - 支持的最大从节点数量: 2字节 (BIN, 小端序)
        - 当前从节点数量: 2字节 (BIN, 小端序)
        - 支持单次读写从节点信息的最大数量: 2字节 (BIN, 小端序)
        - 通信模块接口协议发布日期: 3字节 (YYMMDD)
        - 厂商代码和版本信息: 9字节
        """"""
        if len(data) == 0:
            return {""说明"": ""查询命令，无数据内容""}
            
        if len(data) < 30:
            return {""原始数据"": data.hex().upper(), ""说明"": f""数据长度不足，期望30字节，实际{len(data)}字节""}
        
        pos = 0
        
        # 本地通信模式字
        mode_byte = data[pos]
        comm_way = (mode_byte >> 1) & 0x07
        ways = {1: ""窄带电力线载波"", 2: ""宽带电力线载波"", 3: ""微功率无线"", 
                4: ""窄带+微功率无线"", 5: ""宽带+微功率无线""}
        result = {
            ""本地通信模式字"": {
                ""原始值"": f""0x{mode_byte:02X}"",
                ""通信方式"": ways.get(comm_way, f""未知({comm_way})"")
            }
        }
        pos += 1
        
        # 最大支持的协议报文长度
        max_len = int.from_bytes(data[pos:pos+2], 'little')
        result[""最大支持的协议报文长度""] = {
            ""原始值"": data[pos:pos+2].hex().upper(),
            ""十进制"": max_len,
            ""单位"": ""字节""
        }
        pos += 2
        
        # 文件传输支持的最大单包长度
        file_max_len = int.from_bytes(data[pos:pos+2], 'little')
        result[""文件传输支持的最大单包长度""] = {
            ""原始值"": data[pos:pos+2].hex().upper(),
            ""十进制"": file_max_len,
            ""单位"": ""字节""
        }
        pos += 2
        
        # 升级操作等待时间
        wait_time = data[pos]
        result[""升级操作等待时间""] = {
            ""原始值"": f""0x{wait_time:02X}"",
            ""十进制"": wait_time,
            ""单位"": ""秒""
        }
        pos += 1
        
        # 主节点地址
        master_addr = data[pos:pos+6]
        result[""主节点地址""] = {
            ""原始值"": master_addr.hex().upper()
        }
        pos += 6
        
        # 支持的最大从节点数量
        max_nodes = int.from_bytes(data[pos:pos+2], 'little')
        result[""支持的最大从节点数量""] = {
            ""原始值"": data[pos:pos+2].hex().upper(),
            ""十进制"": max_nodes
        }
        pos += 2
        
        # 当前从节点数量
        curr_nodes = int.from_bytes(data[pos:pos+2], 'little')
        result[""当前从节点数量""] = {
            ""原始值"": data[pos:pos+2].hex().upper(),
            ""十进制"": curr_nodes
        }
        pos += 2
        
        # 支持单次读写从节点信息的最大数量
        max_read_nodes = int.from_bytes(data[pos:pos+2], 'little')
        result[""支持单次读写从节点信息的最大数量""] = {
            ""原始值"": data[pos:pos+2].hex().upper(),
            ""十进制"": max_read_nodes
        }
        pos += 2
        
        # 通信模块接口协议发布日期 (3B BCD, YYMMDD)
        date_bytes = data[pos:pos+3]
        result[""通信模块接口协议发布日期""] = {
            ""原始值"": data[pos:pos+3].hex().upper(),
            ""日期"": f""{self._bcd_to_str(date_bytes[0])}-{self._bcd_to_str(date_bytes[1])}-{self._bcd_to_str(date_bytes[2])}""
        }
        pos += 3
        
        # 厂商代码和版本信息 (9字节)
        vendor_info = data[pos:pos+9]
        vendor_result = {""原始值"": vendor_info.hex().upper()}
        if len(vendor_info) >= 9:
            try:
                # ASCII字段按小端序解析：低字节在前，解析时反转；BCD日期字段按自然序YYMMDD解析
                vendor_code = vendor_info[0:2][::-1].decode('ascii')
                chip_code = vendor_info[2:4][::-1].decode('ascii')
                vendor_result[""厂商代码""] = vendor_code
                vendor_result[""芯片代码""] = chip_code
                vdate = vendor_info[4:7]
                vendor_result[""版本日期""] = f""{self._bcd_to_str(vdate[0])}-{self._bcd_to_str(vdate[1])}-{self._bcd_to_str(vdate[2])}""
                ver = vendor_info[7:9][::-1]
                vendor_result[""版本""] = self._bcd_to_str(ver[0]) + self._bcd_to_str(ver[1])
            except:
                pass
        result[""厂商代码和版本信息""] = vendor_result
        
        return result

    def _parse_query_master_node_addr_data(self, data: bytes) -> Dict[str, Any]:
",""
"Function:protocol_parser.py:ProtocolFrameParser._parse_query_master_node_addr_data","_parse_query_master_node_addr_data","protocol_parser.py",1623,1631,false,"        return result

    def _parse_query_master_node_addr_data(self, data: bytes) -> Dict[str, Any]:
        """"""解析查询/返回主节点地址（E8 00 03 03）
        下行查询：无数据；上行应答：6字节 BIN
        """"""
        if len(data) < 6:
            return {""说明"": ""查询命令，无数据内容""}
        return {
            ""主节点地址"": {""原始值"": data[0:6].hex().upper()}
        }

    def _parse_query_comm_delay_data(self, data: bytes) -> Dict[str, Any]:
",""
"Function:protocol_parser.py:ProtocolFrameParser._parse_query_comm_delay_data","_parse_query_comm_delay_data","protocol_parser.py",1633,1648,false,"        }

    def _parse_query_comm_delay_data(self, data: bytes) -> Dict[str, Any]:
        """"""解析查询通信延时时长下层数据内容（E8 03 03 04）

        南网格式：目的地址(6B)
        PLUZ格式：目的地址(6B) + 报文长度(2B BIN 小端)
        """"""
        if len(data) < 6:
            return {""原始数据"": data.hex().upper(), ""说明"": ""数据长度不足""}
        result = {
            ""目的地址"": data[0:6].hex().upper()
        }
        # PLUZ扩展：包含报文长度字段（2字节）
        if len(data) >= 8:
            msg_len = int.from_bytes(data[6:8], 'little')
            result[""报文长度""] = {""原始值"": data[6:8].hex().upper(), ""十进制"": msg_len}
        return result

    def _parse_return_comm_delay_data(self, data: bytes) -> Dict[str, Any]:
",""
"Function:protocol_parser.py:ProtocolFrameParser._parse_return_comm_delay_data","_parse_return_comm_delay_data","protocol_parser.py",1650,1670,false,"        return result

    def _parse_return_comm_delay_data(self, data: bytes) -> Dict[str, Any]:
        """"""解析返回查询通信延时时长数据内容（E8 04 03 04）

        南网格式：目的地址(6B) + 延时时长(2B)
        PLUZ格式：目的地址(6B) + 延时时长(2B) + 报文长度(2B)
        """"""
        if len(data) < 8:
            return {""原始数据"": data.hex().upper(), ""说明"": ""数据长度不足""}
        result = {
            ""目的地址"": data[0:6].hex().upper(),
            ""通信延时时长"": {
                ""原始值"": data[6:8].hex().upper(),
                ""十进制"": int.from_bytes(data[6:8], 'little'),
                ""单位"": ""毫秒""
            }
        }
        # PLUZ扩展：包含报文长度字段
        if len(data) >= 10:
            msg_len = int.from_bytes(data[8:10], 'little')
            result[""报文长度""] = {""原始值"": data[8:10].hex().upper(), ""十进制"": msg_len}
        return result

    def _parse_query_slave_node_count_data(self, data: bytes) -> Dict[str, Any]:
",""
"Function:protocol_parser.py:ProtocolFrameParser._parse_query_slave_node_count_data","_parse_query_slave_node_count_data","protocol_parser.py",1672,1683,false,"        return result

    def _parse_query_slave_node_count_data(self, data: bytes) -> Dict[str, Any]:
        """"""解析查询/返回从节点数量数据内容（E8 00 03 05）

        下行（查询）：无数据内容
        上行（应答）：2字节 BIN 小端，从节点总数量
        """"""
        if len(data) < 2:
            return {""说明"": ""查询命令，无数据内容""}
        count = int.from_bytes(data[0:2], 'little')
        return {
            ""从节点总数量"": {""原始值"": data[0:2].hex().upper(), ""十进制"": count}
        }

    def _parse_query_slave_node_info_data(self, data: bytes) -> Dict[str, Any]:
",""
"Function:protocol_parser.py:ProtocolFrameParser._parse_query_slave_node_info_data","_parse_query_slave_node_info_data","protocol_parser.py",1685,1691,false,"        }

    def _parse_query_slave_node_info_data(self, data: bytes) -> Dict[str, Any]:
        """"""解析查询从节点信息数据内容""""""
        if len(data) < 2:
            return {""原始数据"": data.hex().upper(), ""说明"": ""数据长度不足""}
        return {
            ""从节点序号"": {""原始值"": data[0:2].hex().upper(), ""十进制"": int.from_bytes(data[0:2], 'little')}
        }

    def _parse_return_slave_node_info_data(self, data: bytes) -> Dict[str, Any]:
",""
"Function:protocol_parser.py:ProtocolFrameParser._parse_return_slave_node_info_data","_parse_return_slave_node_info_data","protocol_parser.py",1693,1706,false,"        }

    def _parse_return_slave_node_info_data(self, data: bytes) -> Dict[str, Any]:
        """"""解析返回查询从节点信息数据内容""""""
        if len(data) < 14:
            return {""原始数据"": data.hex().upper(), ""说明"": ""数据长度不足""}
        result = {
            ""从节点序号"": {""原始值"": data[0:2].hex().upper(), ""十进制"": int.from_bytes(data[0:2], 'little')},
            ""从节点地址"": data[2:8].hex().upper(),
            ""从节点类型"": {""原始值"": f""0x{data[8]:02X}"", ""说明"": self._get_slave_node_type_desc(data[8])},
            ""从节点状态"": {""原始值"": f""0x{data[9]:02X}"", ""说明"": self._get_slave_node_status_desc(data[9])},
            ""信号强度"": {""原始值"": f""0x{data[10]:02X}"", ""十进制"": data[10], ""单位"": ""dBm""},
            ""通信成功率"": {""原始值"": f""0x{data[11]:02X}"", ""十进制"": data[11], ""单位"": ""%""},
            ""最后通信时间"": data[12:14].hex().upper()
        }
        return result

    def _parse_query_reg_progress_data(self, data: bytes) -> Dict[str, Any]:
",""
"Function:protocol_parser.py:ProtocolFrameParser._parse_query_reg_progress_data","_parse_query_reg_progress_data","protocol_parser.py",1708,1718,false,"        return result

    def _parse_query_reg_progress_data(self, data: bytes) -> Dict[str, Any]:
        """"""解析查询/返回从节点主动注册进度（E8 00 03 07）
        下行查询：无数据；上行应答：1字节 注册工作标示
        """"""
        if len(data) < 1:
            return {""说明"": ""查询命令，无数据内容""}
        flag = data[0]
        desc = ""正在主动注册"" if flag == 1 else ""停止主动注册""
        return {
            ""从节点主动注册工作标示"": {""原始值"": f""0x{flag:02X}"", ""十进制"": flag, ""说明"": desc}
        }

    def _parse_query_slave_parent_data(self, data: bytes) -> Dict[str, Any]:
",""
"Function:protocol_parser.py:ProtocolFrameParser._parse_query_slave_parent_data","_parse_query_slave_parent_data","protocol_parser.py",1720,1726,false,"        }

    def _parse_query_slave_parent_data(self, data: bytes) -> Dict[str, Any]:
        """"""解析查询从节点的父节点数据内容""""""
        if len(data) < 2:
            return {""原始数据"": data.hex().upper(), ""说明"": ""数据长度不足""}
        return {
            ""从节点序号"": {""原始值"": data[0:2].hex().upper(), ""十进制"": int.from_bytes(data[0:2], 'little')}
        }

    def _parse_return_slave_parent_data(self, data: bytes) -> Dict[str, Any]:
",""
"Function:protocol_parser.py:ProtocolFrameParser._parse_return_slave_parent_data","_parse_return_slave_parent_data","protocol_parser.py",1728,1737,false,"        }

    def _parse_return_slave_parent_data(self, data: bytes) -> Dict[str, Any]:
        """"""解析返回查询从节点的父节点数据内容""""""
        if len(data) < 14:
            return {""原始数据"": data.hex().upper(), ""说明"": ""数据长度不足""}
        result = {
            ""从节点序号"": {""原始值"": data[0:2].hex().upper(), ""十进制"": int.from_bytes(data[0:2], 'little')},
            ""从节点地址"": data[2:8].hex().upper(),
            ""父节点地址"": data[8:14].hex().upper()
        }
        return result

    def _parse_query_mapping_node_count_data(self, data: bytes) -> Dict[str, Any]:
",""
"Function:protocol_parser.py:ProtocolFrameParser._parse_query_mapping_node_count_data","_parse_query_mapping_node_count_data","protocol_parser.py",1739,1748,false,"        return result

    def _parse_query_mapping_node_count_data(self, data: bytes) -> Dict[str, Any]:
        """"""解析查询/返回映射表从节点数量（E8 00 03 09）
        下行查询：无数据；上行应答：2字节 BIN 小端
        """"""
        if len(data) < 2:
            return {""说明"": ""查询命令，无数据内容""}
        count = int.from_bytes(data[0:2], 'little')
        return {
            ""映射表从节点数量"": {""原始值"": data[0:2].hex().upper(), ""十进制"": count}
        }

    def _parse_query_mapping_table_data(self, data: bytes) -> Dict[str, Any]:
",""
"Function:protocol_parser.py:ProtocolFrameParser._parse_query_mapping_table_data","_parse_query_mapping_table_data","protocol_parser.py",1750,1757,false,"        }

    def _parse_query_mapping_table_data(self, data: bytes) -> Dict[str, Any]:
        """"""解析查询从节点通信地址映射表数据内容""""""
        if len(data) < 3:
            return {""原始数据"": data.hex().upper(), ""说明"": ""数据长度不足""}
        return {
            ""起始序号"": {""原始值"": data[0:2].hex().upper(), ""十进制"": int.from_bytes(data[0:2], 'little')},
            ""查询数量"": {""原始值"": f""0x{data[2]:02X}"", ""十进制"": data[2]}
        }

    def _parse_return_mapping_table_data(self, data: bytes) -> Dict[str, Any]:
",""
"Function:protocol_parser.py:ProtocolFrameParser._parse_return_mapping_table_data","_parse_return_mapping_table_data","protocol_parser.py",1759,1780,false,"        }

    def _parse_return_mapping_table_data(self, data: bytes) -> Dict[str, Any]:
        """"""解析返回查询从节点通信地址映射表数据内容""""""
        if len(data) < 4:
            return {""原始数据"": data.hex().upper(), ""说明"": ""数据长度不足""}
        total_count = int.from_bytes(data[0:2], 'little')
        return_count = data[2]
        result = {
            ""总记录数"": {""原始值"": data[0:2].hex().upper(), ""十进制"": total_count},
            ""返回记录数"": {""原始值"": f""0x{data[2]:02X}"", ""十进制"": return_count},
            ""映射表"": []
        }
        pos = 3
        for i in range(return_count):
            if pos + 12 > len(data):
                break
            result[""映射表""].append({
                ""序号"": i + 1,
                ""从节点地址"": data[pos:pos+6].hex().upper(),
                ""通信地址"": data[pos+6:pos+12].hex().upper()
            })
            pos += 12
        return result

    def _parse_query_task_timeout_data(self, data: bytes) -> Dict[str, Any]:
",""
"Function:protocol_parser.py:ProtocolFrameParser._parse_query_task_timeout_data","_parse_query_task_timeout_data","protocol_parser.py",1782,1797,false,"        return result

    def _parse_query_task_timeout_data(self, data: bytes) -> Dict[str, Any]:
        """"""解析查询/返回任务建议超时时间（E8 00 03 0B）
        下行查询：无数据；上行应答：4×2字节 BIN 小端（优先级0~3的超时时间）
        """"""
        if len(data) < 8:
            return {""说明"": ""查询命令，无数据内容""}
        result = {}
        for i in range(4):
            offset = i * 2
            timeout = int.from_bytes(data[offset:offset+2], 'little')
            result[f""优先级{i}的任务建议超时时间""] = {
                ""原始值"": data[offset:offset+2].hex().upper(),
                ""十进制"": timeout,
                ""单位"": ""秒""
            }
        return result

    def _parse_query_slave_phase_data(self, data: bytes) -> Dict[str, Any]:
",""
"Function:protocol_parser.py:ProtocolFrameParser._parse_query_slave_phase_data","_parse_query_slave_phase_data","protocol_parser.py",1799,1821,false,"        return result

    def _parse_query_slave_phase_data(self, data: bytes) -> Dict[str, Any]:
        """"""解析查询从节点相位信息数据内容（E8 03 03 0C）

        格式：本次查询从节点数量n(1B) + 从节点地址1(6B) + ... + 从节点地址n(6B)
        """"""
        if len(data) < 1:
            return {""原始数据"": data.hex().upper(), ""说明"": ""数据长度不足""}
        node_count = data[0]
        result = {
            ""本次查询从节点数量"": {""原始值"": f""0x{node_count:02X}"", ""十进制"": node_count}
        }
        pos = 1
        nodes = []
        for i in range(node_count):
            if pos + 6 > len(data):
                break
            nodes.append({
                ""序号"": i + 1,
                ""从节点地址"": data[pos:pos+6].hex().upper()
            })
            pos += 6
        result[""从节点列表""] = nodes
        return result

    def _parse_batch_query_phase_data(self, data: bytes) -> Dict[str, Any]:
",""
"Function:protocol_parser.py:ProtocolFrameParser._parse_batch_query_phase_data","_parse_batch_query_phase_data","protocol_parser.py",1823,1830,false,"        return result

    def _parse_batch_query_phase_data(self, data: bytes) -> Dict[str, Any]:
        """"""解析批量查询从节点相位信息数据内容""""""
        if len(data) < 3:
            return {""原始数据"": data.hex().upper(), ""说明"": ""数据长度不足""}
        return {
            ""起始序号"": {""原始值"": data[0:2].hex().upper(), ""十进制"": int.from_bytes(data[0:2], 'little')},
            ""查询数量"": {""原始值"": f""0x{data[2]:02X}"", ""十进制"": data[2]}
        }

    def _parse_query_region_identify_data(self, data: bytes) -> Dict[str, Any]:
",""
"Function:protocol_parser.py:ProtocolFrameParser._parse_query_region_identify_data","_parse_query_region_identify_data","protocol_parser.py",1832,1839,false,"        }

    def _parse_query_region_identify_data(self, data: bytes) -> Dict[str, Any]:
        """"""解析查询表档案的台区识别结果数据内容""""""
        if len(data) < 3:
            return {""原始数据"": data.hex().upper(), ""说明"": ""数据长度不足""}
        return {
            ""起始序号"": {""原始值"": data[0:2].hex().upper(), ""十进制"": int.from_bytes(data[0:2], 'little')},
            ""查询数量"": {""原始值"": f""0x{data[2]:02X}"", ""十进制"": data[2]}
        }

    def _parse_query_extra_node_region_data(self, data: bytes) -> Dict[str, Any]:
",""
"Function:protocol_parser.py:ProtocolFrameParser._parse_query_extra_node_region_data","_parse_query_extra_node_region_data","protocol_parser.py",1841,1848,false,"        }

    def _parse_query_extra_node_region_data(self, data: bytes) -> Dict[str, Any]:
        """"""解析查询多余节点的台区识别结果数据内容""""""
        if len(data) < 3:
            return {""原始数据"": data.hex().upper(), ""说明"": ""数据长度不足""}
        return {
            ""起始序号"": {""原始值"": data[0:2].hex().upper(), ""十进制"": int.from_bytes(data[0:2], 'little')},
            ""查询数量"": {""原始值"": f""0x{data[2]:02X}"", ""十进制"": data[2]}
        }

    def _get_slave_node_type_desc(self, node_type: int) -> str:
",""
"Function:protocol_parser.py:ProtocolFrameParser._get_slave_node_type_desc","_get_slave_node_type_desc","protocol_parser.py",1850,1859,false,"        }

    def _get_slave_node_type_desc(self, node_type: int) -> str:
        """"""获取从节点类型说明""""""
        types = {
            0x01: ""电能表"",
            0x02: ""采集器"",
            0x03: ""集中器"",
            0x04: ""中继器"",
            0xFF: ""未知类型""
        }
        return types.get(node_type, f""未知类型({node_type:02X})"")

    def _get_slave_node_status_desc(self, status: int) -> str:
",""
"Function:protocol_parser.py:ProtocolFrameParser._get_slave_node_status_desc","_get_slave_node_status_desc","protocol_parser.py",1861,1869,false,"        return types.get(node_type, f""未知类型({node_type:02X})"")

    def _get_slave_node_status_desc(self, status: int) -> str:
        """"""获取从节点状态说明""""""
        statuses = {
            0x00: ""离线"",
            0x01: ""在线"",
            0x02: ""通信异常"",
            0x03: ""未注册""
        }
        return statuses.get(status, f""未知状态({status:02X})"")

    # ==================== AFN=04H 写参数 ====================
",""
"Function:protocol_parser.py:ProtocolFrameParser._parse_set_master_node_addr_data","_parse_set_master_node_addr_data","protocol_parser.py",1873,1879,false,"    # ==================== AFN=04H 写参数 ====================

    def _parse_set_master_node_addr_data(self, data: bytes) -> Dict[str, Any]:
        """"""解析设置主节点地址数据内容（E8 02 04 01）""""""
        if len(data) < 6:
            return {""原始数据"": data.hex().upper(), ""说明"": ""数据长度不足""}
        return {
            ""主节点地址"": {""原始值"": data[0:6].hex().upper()}
        }

    def _parse_add_slave_node_data(self, data: bytes) -> Dict[str, Any]:
",""
"Function:protocol_parser.py:ProtocolFrameParser._parse_add_slave_node_data","_parse_add_slave_node_data","protocol_parser.py",1881,1900,false,"        }

    def _parse_add_slave_node_data(self, data: bytes) -> Dict[str, Any]:
        """"""解析添加从节点数据内容（E8 02 04 02）""""""
        if len(data) < 1:
            return {""原始数据"": data.hex().upper(), ""说明"": ""数据长度不足""}
        node_count = data[0]
        result = {
            ""从节点数量"": {""原始值"": f""0x{node_count:02X}"", ""十进制"": node_count}
        }
        pos = 1
        nodes = []
        for i in range(node_count):
            if pos + 6 > len(data):
                break
            nodes.append({
                ""序号"": i + 1,
                ""从节点地址"": data[pos:pos+6].hex().upper()
            })
            pos += 6
        result[""从节点列表""] = nodes
        return result

    def _parse_delete_slave_node_data(self, data: bytes) -> Dict[str, Any]:
",""
"Function:protocol_parser.py:ProtocolFrameParser._parse_delete_slave_node_data","_parse_delete_slave_node_data","protocol_parser.py",1902,1921,false,"        return result

    def _parse_delete_slave_node_data(self, data: bytes) -> Dict[str, Any]:
        """"""解析删除从节点数据内容（E8 02 04 03）""""""
        if len(data) < 1:
            return {""原始数据"": data.hex().upper(), ""说明"": ""数据长度不足""}
        node_count = data[0]
        result = {
            ""从节点数量"": {""原始值"": f""0x{node_count:02X}"", ""十进制"": node_count}
        }
        pos = 1
        nodes = []
        for i in range(node_count):
            if pos + 6 > len(data):
                break
            nodes.append({
                ""序号"": i + 1,
                ""从节点地址"": data[pos:pos+6].hex().upper()
            })
            pos += 6
        result[""从节点列表""] = nodes
        return result

    def _parse_set_event_report_data(self, data: bytes) -> Dict[str, Any]:
",""
"Function:protocol_parser.py:ProtocolFrameParser._parse_set_event_report_data","_parse_set_event_report_data","protocol_parser.py",1923,1929,false,"        return result

    def _parse_set_event_report_data(self, data: bytes) -> Dict[str, Any]:
        """"""解析允许/禁止从节点上报数据内容（E8 02 04 04）""""""
        if len(data) < 1:
            return {""原始数据"": data.hex().upper(), ""说明"": ""数据长度不足""}
        return {
            ""事件上报状态标志"": {""原始值"": f""0x{data[0]:02X}"", ""说明"": ""允许上报"" if data[0] == 0x01 else ""禁止上报""}
        }

    def _parse_activate_slave_reg_data(self, data: bytes) -> Dict[str, Any]:
",""
"Function:protocol_parser.py:ProtocolFrameParser._parse_activate_slave_reg_data","_parse_activate_slave_reg_data","protocol_parser.py",1931,1933,false,"        }

    def _parse_activate_slave_reg_data(self, data: bytes) -> Dict[str, Any]:
        """"""解析激活从节点主动注册数据内容（E8 02 04 05）""""""
        return {""说明"": ""激活从节点主动注册命令，无数据内容""}

    def _parse_terminate_slave_reg_data(self, data: bytes) -> Dict[str, Any]:
",""
"Function:protocol_parser.py:ProtocolFrameParser._parse_terminate_slave_reg_data","_parse_terminate_slave_reg_data","protocol_parser.py",1935,1937,false,"        return {""说明"": ""激活从节点主动注册命令，无数据内容""}

    def _parse_terminate_slave_reg_data(self, data: bytes) -> Dict[str, Any]:
        """"""解析终止从节点主动注册数据内容（E8 02 04 06）""""""
        return {""说明"": ""终止从节点主动注册命令，无数据内容""}

    def _parse_add_mapping_table_data(self, data: bytes) -> Dict[str, Any]:
",""
"Function:protocol_parser.py:ProtocolFrameParser._parse_add_mapping_table_data","_parse_add_mapping_table_data","protocol_parser.py",1939,1959,false,"        return {""说明"": ""终止从节点主动注册命令，无数据内容""}

    def _parse_add_mapping_table_data(self, data: bytes) -> Dict[str, Any]:
        """"""解析添加从节点通信地址映射表数据内容（E8 02 04 07）""""""
        if len(data) < 1:
            return {""原始数据"": data.hex().upper(), ""说明"": ""数据长度不足""}
        node_count = data[0]
        result = {
            ""本次添加从节点数量"": {""原始值"": f""0x{node_count:02X}"", ""十进制"": node_count}
        }
        pos = 1
        records = []
        for i in range(node_count):
            if pos + 18 > len(data):
                break
            records.append({
                ""序号"": i + 1,
                ""从节点通信地址"": data[pos:pos+6].hex().upper(),
                ""从节点表计地址"": data[pos+6:pos+18].hex().upper()
            })
            pos += 18
        result[""映射表""] = records
        return result

    # ==================== AFN=05H 上报信息 ====================
",""
"Function:protocol_parser.py:ProtocolFrameParser._parse_report_task_data","_parse_report_task_data","protocol_parser.py",1963,2002,false,"    # ==================== AFN=05H 上报信息 ====================

    def _parse_report_task_data(self, data: bytes) -> Dict[str, Any]:
        """"""解析上报任务数据内容（E8 05 05 01）

        南网格式：任务ID(2B) + 报文长度(1B) + 报文内容
        PLUZ格式：任务ID(2B) + 报文长度(2B) + 报文内容
        自动检测报文长度字段字节数。
        """"""
        if len(data) < 3:
            return {""原始数据"": data.hex().upper(), ""说明"": ""数据长度不足""}

        task_id = int.from_bytes(data[0:2], 'little')

        # 自动检测报文长度字段：南网1字节 vs PLUZ 2字节
        use_2byte_len = False
        if len(data) >= 4:
            msg_len_2b = int.from_bytes(data[2:4], 'little')
            if msg_len_2b + 4 == len(data):
                use_2byte_len = True
            elif data[2] + 3 != len(data):
                # 1字节格式也不吻合，尝试2字节
                use_2byte_len = True

        if use_2byte_len:
            msg_len = int.from_bytes(data[2:4], 'little')
            content_start = 4
        else:
            msg_len = data[2]
            content_start = 3

        result = {
            ""任务 ID"": {""原始值"": data[0:2].hex().upper(), ""十进制"": task_id},
            ""报文长度"": {""原始值"": data[2:content_start].hex().upper(), ""十进制"": msg_len}
        }

        if len(data) >= content_start + msg_len:
            result[""报文内容""] = data[content_start:content_start + msg_len].hex().upper()
        else:
            result[""报文内容""] = data[content_start:].hex().upper()

        return result

    def _parse_report_event_data(self, data: bytes) -> Dict[str, Any]:
",""
"Function:protocol_parser.py:ProtocolFrameParser._parse_report_event_data","_parse_report_event_data","protocol_parser.py",2004,2059,false,"        return result

    def _parse_report_event_data(self, data: bytes) -> Dict[str, Any]:
        """"""解析上报从节点事件数据内容 (DI=E8050502)

        格式: [报文长度L 2字节BIN] [报文内容 L字节]
        报文内容: [事件类型 1B] [类型 1B] [A0~A5 6B] ...
        """"""
        if len(data) < 2:
            return {""原始数据"": data.hex().upper(), ""说明"": ""数据长度不足""}

        # 报文长度 L (2字节, 小端序)
        msg_len = int.from_bytes(data[0:2], 'little')
        result = {
            ""报文长度(L)"": {""原始值"": data[0:2].hex().upper(), ""十进制"": msg_len}
        }

        # 报文内容
        content_start = 2
        if len(data) < content_start + msg_len:
            result[""报文内容""] = data[content_start:].hex().upper()
            result[""说明""] = ""数据长度不足，报文内容被截断""
            return result

        content = data[content_start:content_start + msg_len]
        result[""报文内容""] = content.hex().upper()

        if len(content) < 2:
            result[""说明""] = ""报文内容长度不足""
            return result

        event_type = content[0]
        type_val = content[1]

        result[""事件类型""] = {
            ""原始值"": f""0x{event_type:02X}"",
            ""说明"": self._get_event_type_desc(event_type)
        }
        result[""类型""] = {
            ""原始值"": f""0x{type_val:02X}"",
            ""说明"": self._get_event_node_type_desc(type_val, event_type)
        }

        # 解析 A0~A5 (电表地址)，支持多个从节点
        pos = 2
        node_list = []
        while pos + 6 <= len(content):
            addr = content[pos:pos + 6]
            node_list.append({""电表地址(A0~A5)"": addr.hex().upper()})
            pos += 6

        if node_list:
            result[""从节点列表""] = node_list

        if pos < len(content):
            result[""剩余数据""] = content[pos:].hex().upper()

        return result

    def _get_event_type_desc(self, event_type: int) -> str:
",""
"Function:protocol_parser.py:ProtocolFrameParser._get_event_type_desc","_get_event_type_desc","protocol_parser.py",2061,2068,false,"        return result

    def _get_event_type_desc(self, event_type: int) -> str:
        """"""获取事件类型说明""""""
        events = {
            0x81: ""停电事件"",
            0x82: ""上电事件"",
            0xA1: ""拒绝从节点信息上报事件"",
        }
        return events.get(event_type, f""未知事件 ({event_type:02X})"")

    def _get_event_node_type_desc(self, type_val: int, event_type: int) -> str:
",""
"Function:protocol_parser.py:ProtocolFrameParser._get_event_node_type_desc","_get_event_node_type_desc","protocol_parser.py",2070,2079,false,"        return events.get(event_type, f""未知事件 ({event_type:02X})"")

    def _get_event_node_type_desc(self, type_val: int, event_type: int) -> str:
        """"""获取事件中的类型说明""""""
        if event_type in (0x81, 0x82):
            # 停电/上电事件
            return ""电表"" if type_val == 0x00 else f""其他保留 ({type_val:02X})""
        elif event_type == 0xA1:
            # 拒绝从节点信息上报
            types = {0x00: ""单相模块"", 0x01: ""三相模块""}
            return types.get(type_val, f""其他保留 ({type_val:02X})"")
        return f""未知 ({type_val:02X})""
    
    # ==================== AFN=05H 上报信息 (续) ====================
",""
"Function:protocol_parser.py:ProtocolFrameParser._parse_report_slave_node_info_data","_parse_report_slave_node_info_data","protocol_parser.py",2083,2103,false,"    # ==================== AFN=05H 上报信息 (续) ====================
    
    def _parse_report_slave_node_info_data(self, data: bytes) -> Dict[str, Any]:
        """"""解析上报从节点信息数据内容""""""
        if len(data) < 1:
            return {""原始数据"": data.hex().upper(), ""说明"": ""数据长度不足""}
        node_count = data[0]
        result = {
            ""上报从节点数量"": {""原始值"": f""0x{node_count:02X}"", ""十进制"": node_count},
            ""从节点列表"": []
        }
        pos = 1
        for i in range(node_count):
            if pos + 6 > len(data):
                break
            result[""从节点列表""].append({
                ""序号"": i + 1,
                ""从节点地址"": data[pos:pos+6].hex().upper()
            })
            pos += 6
        if len(data) > pos:
            result[""剩余数据""] = data[pos:].hex().upper()
        return result
    
    def _parse_report_reg_end_data(self, data: bytes) -> Dict[str, Any]:
",""
"Function:protocol_parser.py:ProtocolFrameParser._parse_report_reg_end_data","_parse_report_reg_end_data","protocol_parser.py",2105,2107,false,"        return result
    
    def _parse_report_reg_end_data(self, data: bytes) -> Dict[str, Any]:
        """"""解析上报从节点主动注册结束数据内容""""""
        return {""说明"": ""从节点主动注册结束，无数据内容""}
    
    def _parse_report_task_status_data(self, data: bytes) -> Dict[str, Any]:
",""
"Function:protocol_parser.py:ProtocolFrameParser._parse_report_task_status_data","_parse_report_task_status_data","protocol_parser.py",2109,2146,false,"        return {""说明"": ""从节点主动注册结束，无数据内容""}
    
    def _parse_report_task_status_data(self, data: bytes) -> Dict[str, Any]:
        """"""解析上报任务状态数据内容 (DI=E8:05:05:05)""""""
        if len(data) < 9:
            return {""原始数据"": data.hex().upper(), ""说明"": ""数据长度不足""}
            
        task_id = int.from_bytes(data[0:2], 'little')  # 任务 ID: 2 字节 (小端序)
        node_addr = data[2:8]  # 6 字节，从第 3 个字节开始
        task_status = data[8]
            
        # 任务状态说明
        status_desc = {
            0x00: ""成功"",
            0x01: ""从节点无响应"",
            0x02: ""数据不合法"",
            0X82: ""从节点未入网"",
            0xFF: ""其他错误""
        }
            
        result = {
            ""任务 ID"": {
                ""原始值"": data[0:2].hex().upper(),
                ""十进制"": task_id
            },
            ""从节点地址"": {
                ""原始值"": node_addr.hex().upper(),
                ""说明"": ""从节点地址""
            },
            ""任务状态"": {
                ""原始值"": f""0x{task_status:02X}"",
                ""十进制"": f""0x{task_status:02X}"",
                ""说明"": status_desc.get(task_status, f""未知状态 ({task_status:02X})"")
            }
        }
            
        if len(data) > 9:
            result[""剩余数据""] = data[9:].hex().upper()
            
        return result

    def _parse_report_meter_data(self, data: bytes) -> Dict[str, Any]:
",""
"Function:protocol_parser.py:ProtocolFrameParser._parse_report_meter_data","_parse_report_meter_data","protocol_parser.py",2148,2166,false,"        return result

    def _parse_report_meter_data(self, data: bytes) -> Dict[str, Any]:
        """"""解析上报电能表数据内容（E8 05 05 06）

        PLUZ扩展 - 格式：报文长度L(2B BIN 小端) + 报文内容(L字节)
        与上报从节点事件(E8 05 05 02)格式相同，但语义为电能表原始报文。
        """"""
        if len(data) < 2:
            return {""原始数据"": data.hex().upper(), ""说明"": ""数据长度不足""}

        msg_len = int.from_bytes(data[0:2], 'little')
        result = {
            ""报文长度"": {""原始值"": data[0:2].hex().upper(), ""十进制"": msg_len}
        }
        if len(data) >= 2 + msg_len:
            result[""报文内容""] = data[2:2 + msg_len].hex().upper()
        elif len(data) > 2:
            result[""报文内容""] = data[2:].hex().upper()
            result[""说明""] = ""报文内容不完整""
        return result

    # ==================== AFN=06H 请求信息 ====================
",""
"Function:protocol_parser.py:ProtocolFrameParser._bcd_to_str","_bcd_to_str","protocol_parser.py",2171,2173,false,"
    @staticmethod
    def _bcd_to_str(b: int) -> str:
        """"""将1字节按十六进制原值转为2位字符串，如0x26 -> '26', 0xC0 -> 'C0'""""""
        return f""{b:02X}""

    def _parse_request_time_data(self, data: bytes) -> Dict[str, Any]:
",""
"Function:protocol_parser.py:ProtocolFrameParser._parse_request_time_data","_parse_request_time_data","protocol_parser.py",2175,2198,false,"        return f""{b:02X}""

    def _parse_request_time_data(self, data: bytes) -> Dict[str, Any]:
        """"""解析请求/返回集中器时间数据内容（E8 06 06 01）

        上行（模块请求）：无数据内容
        下行（集中器应答）：6字节 BCD 时间（秒分时日月年）
        """"""
        if len(data) < 6:
            return {""说明"": ""请求时间命令，无数据内容""}

        sec = self._bcd_to_str(data[0])
        minute = self._bcd_to_str(data[1])
        hour = self._bcd_to_str(data[2])
        day = self._bcd_to_str(data[3])
        month = self._bcd_to_str(data[4])
        year = self._bcd_to_str(data[5])
        return {
            ""当前时间-秒"": {""原始值"": f""0x{data[0]:02X}"", ""BCD"": sec},
            ""当前时间-分"": {""原始值"": f""0x{data[1]:02X}"", ""BCD"": minute},
            ""当前时间-时"": {""原始值"": f""0x{data[2]:02X}"", ""BCD"": hour},
            ""当前时间-日"": {""原始值"": f""0x{data[3]:02X}"", ""BCD"": day},
            ""当前时间-月"": {""原始值"": f""0x{data[4]:02X}"", ""BCD"": month},
            ""当前时间-年"": {""原始值"": f""0x{data[5]:02X}"", ""BCD"": f""20{year}""},
            ""时间"": f""20{year}-{month}-{day} {hour}:{minute}:{sec}""
        }

    # ==================== AFN=07H 传输文件 ====================
",""
"Function:protocol_parser.py:ProtocolFrameParser._parse_start_file_transfer_data","_parse_start_file_transfer_data","protocol_parser.py",2202,2214,false,"    # ==================== AFN=07H 传输文件 ====================

    def _parse_start_file_transfer_data(self, data: bytes) -> Dict[str, Any]:
        """"""解析启动文件传输数据内容""""""
        if len(data) < 16:
            return {""原始数据"": data.hex().upper(), ""说明"": ""数据长度不足""}
        return {
            ""文件类型"": {""原始值"": f""0x{data[0]:02X}"", ""说明"": self._get_file_type_desc(data[0])},
            ""文件ID"": {""原始值"": f""0x{data[1]:02X}"", ""十进制"": data[1]},
            ""目的地址"": data[2:8].hex().upper(),
            ""总段数"": {""原始值"": data[8:10].hex().upper(), ""十进制"": int.from_bytes(data[8:10], 'little')},
            ""文件大小"": {""原始值"": data[10:14].hex().upper(), ""十进制"": int.from_bytes(data[10:14], 'little'), ""单位"": ""字节""},
            ""文件校验和"": data[14:16].hex().upper(),
            ""超时时间"": {""原始值"": f""0x{data[16]:02X}"", ""十进制"": data[16], ""单位"": ""秒""} if len(data) > 16 else None
        }

    def _parse_file_content_data(self, data: bytes) -> Dict[str, Any]:
",""
"Function:protocol_parser.py:ProtocolFrameParser._parse_file_content_data","_parse_file_content_data","protocol_parser.py",2216,2229,false,"        }

    def _parse_file_content_data(self, data: bytes) -> Dict[str, Any]:
        """"""解析传输文件内容数据内容""""""
        if len(data) < 6:
            return {""原始数据"": data.hex().upper(), ""说明"": ""数据长度不足""}
        segment_no = int.from_bytes(data[0:2], 'little')
        segment_len = int.from_bytes(data[2:4], 'little')
        result = {
            ""段序号"": {""原始值"": data[0:2].hex().upper(), ""十进制"": segment_no},
            ""段长度"": {""原始值"": data[2:4].hex().upper(), ""十进制"": segment_len},
            ""段数据"": data[4:4+segment_len].hex().upper() if len(data) >= 4 + segment_len else data[4:].hex().upper()
        }
        if len(data) >= 4 + segment_len + 2:
            result[""段校验和""] = data[4+segment_len:6+segment_len].hex().upper()
        return result

    def _parse_query_file_info_data(self, data: bytes) -> Dict[str, Any]:
",""
"Function:protocol_parser.py:ProtocolFrameParser._parse_query_file_info_data","_parse_query_file_info_data","protocol_parser.py",2231,2246,false,"        return result

    def _parse_query_file_info_data(self, data: bytes) -> Dict[str, Any]:
        """"""解析查询/返回文件信息（E8 00 07 03）
        下行查询：无数据；上行应答：文件性质(1B) + 文件ID(1B) + 目的地址(6B) + 总段数(2B) + 文件大小(4B) + 总校验(2B) + 已接收段数(2B)
        """"""
        if len(data) < 18:
            return {""说明"": ""查询命令，无数据内容""}
        result = {
            ""文件性质"": {""原始值"": f""0x{data[0]:02X}"", ""说明"": self._get_file_nature_desc(data[0])},
            ""文件ID"": {""原始值"": f""0x{data[1]:02X}"", ""十进制"": data[1]},
            ""目的地址"": {""原始值"": data[2:8].hex().upper()},
            ""文件总段数"": {""原始值"": data[8:10].hex().upper(), ""十进制"": int.from_bytes(data[8:10], 'little')},
            ""文件大小"": {""原始值"": data[10:14].hex().upper(), ""十进制"": int.from_bytes(data[10:14], 'little'), ""单位"": ""字节""},
            ""文件总校验"": {""原始值"": data[14:16].hex().upper()},
            ""已成功接收文件段数"": {""原始值"": data[16:18].hex().upper(), ""十进制"": int.from_bytes(data[16:18], 'little')}
        }
        return result

    @staticmethod
",""
"Function:protocol_parser.py:ProtocolFrameParser._get_file_nature_desc","_get_file_nature_desc","protocol_parser.py",2249,2252,false,"
    @staticmethod
    def _get_file_nature_desc(nature: int) -> str:
        """"""获取文件性质说明""""""
        descs = {0: ""清除下装文件"", 1: ""本地通信模块文件"", 2: ""从节点模块文件"", 3: ""采集器文件""}
        return descs.get(nature, f""未知({nature})"")

    def _parse_query_file_progress_data(self, data: bytes) -> Dict[str, Any]:
",""
"Function:protocol_parser.py:ProtocolFrameParser._parse_query_file_progress_data","_parse_query_file_progress_data","protocol_parser.py",2254,2269,false,"        return descs.get(nature, f""未知({nature})"")

    def _parse_query_file_progress_data(self, data: bytes) -> Dict[str, Any]:
        """"""解析查询/返回文件处理进度（E8 00 07 04）
        下行查询：无数据；上行应答：文件处理进度(1B) + 处理未完成的文件ID(1B) + 失败的节点数量(2B)
        """"""
        if len(data) < 1:
            return {""说明"": ""查询命令，无数据内容""}
        progress = data[0]
        progress_map = {0: ""全部成功，可接收新文件"", 1: ""正在处理"", 2: ""未全部成功，存在失败节点""}
        result = {
            ""文件处理进度"": {""原始值"": f""0x{progress:02X}"", ""说明"": progress_map.get(progress, f""未知({progress})"")}
        }
        if len(data) >= 2:
            result[""处理未完成的文件ID""] = {""原始值"": f""0x{data[1]:02X}"", ""十进制"": data[1]}
        if len(data) >= 4:
            result[""失败的节点数量""] = {""原始值"": data[2:4].hex().upper(), ""十进制"": int.from_bytes(data[2:4], 'little')}
        return result

    def _parse_query_file_failed_nodes_data(self, data: bytes) -> Dict[str, Any]:
",""
"Function:protocol_parser.py:ProtocolFrameParser._parse_query_file_failed_nodes_data","_parse_query_file_failed_nodes_data","protocol_parser.py",2271,2278,false,"        return result

    def _parse_query_file_failed_nodes_data(self, data: bytes) -> Dict[str, Any]:
        """"""解析查询文件传输失败节点数据内容""""""
        if len(data) < 3:
            return {""原始数据"": data.hex().upper(), ""说明"": ""数据长度不足""}
        return {
            ""起始序号"": {""原始值"": data[0:2].hex().upper(), ""十进制"": int.from_bytes(data[0:2], 'little')},
            ""查询数量"": {""原始值"": f""0x{data[2]:02X}"", ""十进制"": data[2]}
        }

    def _parse_return_file_failed_nodes_data(self, data: bytes) -> Dict[str, Any]:
",""
"Function:protocol_parser.py:ProtocolFrameParser._parse_return_file_failed_nodes_data","_parse_return_file_failed_nodes_data","protocol_parser.py",2280,2301,false,"        }

    def _parse_return_file_failed_nodes_data(self, data: bytes) -> Dict[str, Any]:
        """"""解析返回查询文件传输失败节点数据内容""""""
        if len(data) < 4:
            return {""原始数据"": data.hex().upper(), ""说明"": ""数据长度不足""}
        total_count = int.from_bytes(data[0:2], 'little')
        return_count = data[2]
        result = {
            ""总失败节点数"": {""原始值"": data[0:2].hex().upper(), ""十进制"": total_count},
            ""返回节点数"": {""原始值"": f""0x{data[2]:02X}"", ""十进制"": return_count},
            ""失败节点列表"": []
        }
        pos = 3
        for i in range(return_count):
            if pos + 7 > len(data):
                break
            result[""失败节点列表""].append({
                ""序号"": i + 1,
                ""从节点地址"": data[pos:pos+6].hex().upper(),
                ""失败原因"": {""原始值"": f""0x{data[pos+6]:02X}"", ""说明"": self._get_file_fail_reason_desc(data[pos+6])}
            })
            pos += 7
        return result

    def _get_file_type_desc(self, file_type: int) -> str:
",""
"Function:protocol_parser.py:ProtocolFrameParser._get_file_type_desc","_get_file_type_desc","protocol_parser.py",2303,2311,false,"        return result

    def _get_file_type_desc(self, file_type: int) -> str:
        """"""获取文件类型说明""""""
        types = {
            0x01: ""固件升级文件"",
            0x02: ""配置文件"",
            0x03: ""数据文件"",
            0x04: ""日志文件""
        }
        return types.get(file_type, f""未知类型({file_type:02X})"")

    def _get_file_fail_reason_desc(self, reason: int) -> str:
",""
"Function:protocol_parser.py:ProtocolFrameParser._get_file_fail_reason_desc","_get_file_fail_reason_desc","protocol_parser.py",2313,2324,false,"        return types.get(file_type, f""未知类型({file_type:02X})"")

    def _get_file_fail_reason_desc(self, reason: int) -> str:
        """"""获取文件传输失败原因说明""""""
        reasons = {
            0x01: ""存储空间不足"",
            0x02: ""校验错误"",
            0x03: ""写入失败"",
            0x04: ""超时"",
            0x05: ""不支持此文件类型"",
            0x06: ""文件过大"",
            0x07: ""正在处理其他文件""
        }
        return reasons.get(reason, f""未知原因({reason:02X})"")

    # ==================== 厂商扩展 - 节点运行时长 ====================
",""
"Function:protocol_parser.py:ProtocolFrameParser._parse_query_node_runtime_data","_parse_query_node_runtime_data","protocol_parser.py",2328,2334,false,"    # ==================== 厂商扩展 - 节点运行时长 ====================

    def _parse_query_node_runtime_data(self, data: bytes) -> Dict[str, Any]:
        """"""解析查询节点运行时长数据内容（E8 03 03 66）- 下行查询""""""
        if len(data) < 6:
            return {""原始数据"": data.hex().upper(), ""说明"": ""数据长度不足""}
        return {
            ""从节点地址"": {""原始值"": data[0:6].hex().upper()}
        }

    def _parse_return_node_runtime_data(self, data: bytes) -> Dict[str, Any]:
",""
"Function:protocol_parser.py:ProtocolFrameParser._parse_return_node_runtime_data","_parse_return_node_runtime_data","protocol_parser.py",2336,2346,false,"        }

    def _parse_return_node_runtime_data(self, data: bytes) -> Dict[str, Any]:
        """"""解析返回查询节点运行时长数据内容（E8 04 03 66）- 上行应答""""""
        if len(data) < 6:
            return {""原始数据"": data.hex().upper(), ""说明"": ""数据长度不足""}
        result = {
            ""从节点地址"": {""原始值"": data[0:6].hex().upper()}
        }
        if len(data) > 6:
            runtime = int.from_bytes(data[6:10], 'little') if len(data) >= 10 else int.from_bytes(data[6:], 'little')
            result[""运行时长""] = {""原始值"": data[6:min(10, len(data))].hex().upper(), ""十进制"": runtime, ""单位"": ""秒""}
        return result

    def _parse_query_multi_network_data(self, data: bytes) -> Dict[str, Any]:
",""
"Function:protocol_parser.py:ProtocolFrameParser._parse_query_multi_network_data","_parse_query_multi_network_data","protocol_parser.py",2348,2382,false,"        return result

    def _parse_query_multi_network_data(self, data: bytes) -> Dict[str, Any]:
        """"""解析返回多网络信息数据内容（E8 00 03 91）- 上行响应""""""
        if len(data) < 8:
            return {
                ""原始数据"": data.hex().upper(),
                ""长度"": len(data),
                ""说明"": f""返回多网络信息，数据长度不足（期望至少8字节，实际{len(data)}字节）""
            }

        n = data[0]
        local_nid = data[1]
        local_master = data[2:8]

        result = {
            ""多网络节点总数量"": {""原始值"": f""0x{n:02X}"", ""十进制"": n, ""说明"": ""包含本节点和邻居网络节点总数""},
            ""本节点网络标识号"": {""原始值"": f""0x{local_nid:02X}"", ""十进制"": local_nid, ""说明"": """"},
            ""本节点主节点地址"": {""原始值"": local_master.hex().upper(), ""说明"": ""6字节BIN格式""},
        }

        offset = 8
        for i in range(n):
            if offset + 8 > len(data):
                result[f""邻居网络{i+1}""] = {""说明"": ""数据不足，无法解析""}
                break
            nid = data[offset]
            master = data[offset+1:offset+7]
            snr = data[offset+7]
            # SNR is signed: range -20~80 dB
            snr_val = snr if snr <= 127 else snr - 256
            result[f""邻居网络{i+1}标识号""] = {""原始值"": f""0x{nid:02X}"", ""十进制"": nid, ""说明"": """"}
            result[f""邻居网络{i+1}主节点地址""] = {""原始值"": master.hex().upper(), ""说明"": ""6字节BIN格式""}
            result[f""邻居网络{i+1}网间SNR""] = {""原始值"": f""0x{snr:02X}"", ""十进制"": snr_val, ""说明"": ""单位dB，取值范围-20~80""}
            offset += 8

        return result

    def _parse_query_whitelist_data(self, data: bytes) -> Dict[str, Any]:
",""
"Function:protocol_parser.py:ProtocolFrameParser._parse_query_whitelist_data","_parse_query_whitelist_data","protocol_parser.py",2384,2397,false,"        return result

    def _parse_query_whitelist_data(self, data: bytes) -> Dict[str, Any]:
        """"""解析返回查询白名单生效信息数据内容（E8 00 03 93）- 上行响应""""""
        if len(data) < 2:
            return {
                ""原始数据"": data.hex().upper(),
                ""长度"": len(data),
                ""说明"": f""返回白名单生效信息，数据长度不足（期望2字节，实际{len(data)}字节）""
            }
        switch_map = {0: ""关闭"", 1: ""打开""}
        range_map = {0: ""表档案"", 1: ""厂家自定义"", 2: ""表档案和厂家自定义的合集""}
        return {
            ""白名单开关"": {""原始值"": f""0x{data[0]:02X}"", ""十进制"": data[0], ""说明"": switch_map.get(data[0], ""保留"")},
            ""白名单生效范围"": {""原始值"": f""0x{data[1]:02X}"", ""十进制"": data[1], ""说明"": range_map.get(data[1], ""保留"")},
        }

    def _parse_afn_f0_32_data(self, data: bytes, chip_type: str = '3960B') -> Dict[str, Any]:
",""
"Function:protocol_parser.py:ProtocolFrameParser._parse_afn_f0_32_data","_parse_afn_f0_32_data","protocol_parser.py",2399,2675,false,"        }

    def _parse_afn_f0_32_data(self, data: bytes, chip_type: str = '3960B') -> Dict[str, Any]:
        """"""解析厂商详细版本信息数据内容 (E8 00 F0 32) - 上行响应
        
        Args:
            data: 数据标识内容字节流
            chip_type: 芯片类型，'3960A' 或 '3960B'（默认'3960B'），用于区分不同字段的解析方式
        
        数据格式参考 Lib.py 的 TLV 条目结构：
        - 信息条目信息(1B) + 信息条目数(1B) + 多个TLV条目
        - 每个TLV条目 = EntryHeader(2B) + Data(N B)
        - EntryHeader位域: Data_ID(6bits) + Classified_ID(3bits) + Coding(2bits) + Data_Length(5bits)
        - Coding: 1=ASCII, 2=BIN, 3=BCD
        """"""
        if len(data) < 2:
            return {""原始数据"": data.hex().upper(), ""说明"": ""数据长度不足，无法解析TLV条目""}
        
        result = {""原始值"": data.hex().upper()}
        info_flag = data[0]
        entry_count = data[1]
        result[""信息条目信息""] = info_flag
        result[""信息条目数""] = entry_count
        result[""条目列表""] = []
        
        pos = 2
        for i in range(entry_count):
            if pos + 2 > len(data):
                break
            
            # 解析 EntryHeader (2 bytes, little-endian packed bitfield)
            raw = int.from_bytes(data[pos:pos+2], 'little')
            data_id = raw & 0x3F              # 6 bits
            classified_id = (raw >> 6) & 0x07  # 3 bits
            coding = (raw >> 9) & 0x03        # 2 bits
            data_length = (raw >> 11) & 0x1F  # 5 bits
            
            header_hex = data[pos:pos+2].hex().upper()
            pos += 2
            
            if pos + data_length > len(data):
                break
            
            content = data[pos:pos+data_length]
            pos += data_length
            
            # 根据 Coding 解析数据内容
            coding_map = {1: ""ASCII"", 2: ""BIN"", 3: ""BCD""}
            coding_str = coding_map.get(coding, f""未知({coding})"")
            
            # 根据 (Classified_ID, Data_ID, Coding) 做详细解析
            entry_name = self._get_f0_32_entry_name(classified_id, data_id)
            
            entry_result = {
                ""原始值"": content.hex().upper(),
                ""说明"": f""条目{i+1}: {entry_name} (类{classified_id}, ID{data_id}, {coding_str})"",
                ""条目序号"": i + 1,
                ""条目头原始值"": header_hex,
                ""类ID(Classified_ID)"": classified_id,
                ""数据ID(Data_ID)"": data_id,
                ""编码(Coding)"": coding_str,
                ""数据长度"": data_length,
                ""条目名称"": entry_name,
            }
            
            if coding == 1 and data_length > 0:  # ASCII
                try:
                    if classified_id == 0:
                        entry_result[""解析值""] = content[::-1].decode('ascii')
                    else:
                        entry_result[""解析值""] = content.decode('utf-8', errors='replace')
                except Exception:
                    entry_result[""解析值""] = content.hex().upper()
            elif coding == 3 and data_length > 0:  # BCD
                if classified_id == 0 and data_id == 3 and data_length >= 3:
                    bcd_rev = content[::-1]
                    entry_result[""解析值""] = f""20{bcd_rev[0]:02X}-{bcd_rev[1]:02X}-{bcd_rev[2]:02X}""
                elif classified_id == 0 and data_id == 4:
                    entry_result[""解析值""] = content[::-1].hex().upper()
                elif classified_id == 0 and data_id == 12 and data_length >= 3:
                    bcd_rev = content[::-1]
                    entry_result[""解析值""] = f""20{bcd_rev[0]:02X}-{bcd_rev[1]:02X}-{bcd_rev[2]:02X}""
                elif classified_id == 1 and data_id in (2, 3, 4, 5, 6, 7, 8, 9, 10, 11, 12, 13, 14):
                    entry_result[""解析值""] = content[::-1].hex().upper()
                elif classified_id == 1 and data_id in (20, 21, 22, 23, 24):
                    entry_result[""解析值""] = content[::-1].hex().upper()
                elif classified_id == 1 and data_id == 30:
                    entry_result[""解析值""] = content[::-1].hex().upper()
                elif classified_id == 2 and data_id == 15 and data_length >= 26:
                    bcd_data = content
                    clock_source = bcd_data[0]
                    clock_map = {0: ""未同步"", 1: ""设备时间"", 2: ""网络万年历""}
                    def _bcd_time(b):
                        if all(x == 0xFF for x in b):
                            return ""无效时间(全F)""
                        return f""20{b[0]:02X}-{b[1]:02X}-{b[2]:02X} {b[3]:02X}:{b[4]:02X}:{b[5]:02X}""
                    entry_result[""解析值""] = f""时钟源:{clock_map.get(clock_source, f'未知({clock_source})')}""
                    entry_result[""保留""] = f""0x{bcd_data[1]:02X}""
                    entry_result[""模块当前RTC时间""] = _bcd_time(bcd_data[2:8])
                    entry_result[""上次获取设备时间""] = _bcd_time(bcd_data[8:14])
                    entry_result[""上次校时RTC时间""] = _bcd_time(bcd_data[14:20])
                    entry_result[""模拟设备运行时间""] = _bcd_time(bcd_data[20:26])
                elif classified_id == 7 and data_id == 15 and
... [truncated]",""
"Function:protocol_parser.py:ProtocolFrameParser._bcd_time","_bcd_time","protocol_parser.py",2489,2492,false,"                    clock_source = bcd_data[0]
                    clock_map = {0: ""未同步"", 1: ""设备时间"", 2: ""网络万年历""}
                    def _bcd_time(b):
                        if all(x == 0xFF for x in b):
                            return ""无效时间(全F)""
                        return f""20{b[0]:02X}-{b[1]:02X}-{b[2]:02X} {b[3]:02X}:{b[4]:02X}:{b[5]:02X}""
                    entry_result[""解析值""] = f""时钟源:{clock_map.get(clock_source, f'未知({clock_source})')}""
                    entry_result[""保留""] = f""0x{bcd_data[1]:02X}""
",""
"Function:protocol_parser.py:ProtocolFrameParser._bcd_time7","_bcd_time7","protocol_parser.py",2503,2506,false,"                    clock_source = bcd_data[0]
                    clock_map = {0: ""未同步"", 1: ""设备时间"", 2: ""网络万年历""}
                    def _bcd_time7(b):
                        if all(x == 0xFF for x in b):
                            return ""无效时间(全F)""
                        return f""20{b[0]:02X}-{b[1]:02X}-{b[2]:02X} {b[3]:02X}:{b[4]:02X}:{b[5]:02X}""
                    entry_result[""解析值""] = f""时钟源:{clock_map.get(clock_source, f'未知({clock_source})')}""
                    entry_result[""保留""] = f""0x{bcd_data[1]:02X}""
",""
"Function:protocol_parser.py:ProtocolFrameParser._get_f0_32_entry_name","_get_f0_32_entry_name","protocol_parser.py",2678,2840,false,"    
    @staticmethod
    def _get_f0_32_entry_name(classified_id: int, data_id: int) -> str:
        """"""获取 F0 32 条目的名称（基于 LME 产品相关信息生产运维接口手册 V2.4）""""""
        names = {
            # === Class 0: 基本信息 ===
            (0, 0): ""本分类ID所有数据ID"",
            (0, 1): ""外部厂商代码"",
            (0, 2): ""外部芯片代码"",
            (0, 3): ""外部版本日期"",
            (0, 4): ""外部版本号"",
            (0, 5): ""内部厂商代码"",
            (0, 6): ""内部芯片代码"",
            (0, 7): ""应用省份"",
            (0, 8): ""应用方案"",
            (0, 9): ""模块功能开关"",
            (0, 11): ""模块类型"",
            (0, 12): ""模块生产信息"",
            (0, 13): ""最后升级时间"",
            (0, 14): ""程序CRC32校验"",
            (0, 15): ""本地接口默认信息（CCO：生产设置波特率）"",
            (0, 16): ""默认HPLC频段信息"",
            (0, 17): ""默认HPLC参数信息"",
            (0, 18): ""默认HRF信道信息"",
            (0, 19): ""默认HRF参数信息"",
            (0, 20): ""以太网参数"",
            (0, 21): ""双模身份证书有效性"",
            (0, 22): ""波特率协商使能"",
            (0, 23): ""初始串口波特率"",
            (0, 24): ""协商串口波特率"",
            (0, 25): ""当前串口波特率"",
            (0, 26): ""当前通信参数"",
            (0, 27): ""信道使能类型"",
            (0, 28): ""模块组网类型"",
            (0, 29): ""日志串口波特率"",
            (0, 30): ""继电器控制及反馈"",

            # === Class 1: 版本信息 ===
            (1, 0): ""本分类ID所有数据ID"",
            (1, 1): ""编译时间"",
            (1, 2): ""程序总版本"",
            (1, 3): ""总工程版本"",
            (1, 4): ""boot程序版本"",
            (1, 5): ""芯片程序版本"",
            (1, 6): ""驱动层版本"",
            (1, 7): ""载波接口层版本"",
            (1, 8): ""无线PHY层版本"",
            (1, 9): ""载波MAC层版本"",
            (1, 10): ""无线MAC层版本"",
            (1, 11): ""网络层版本"",
            (1, 12): ""应用APS层版本"",
            (1, 13): ""应用APP层版本"",
            (1, 14): ""应用接口层版本"",
            (1, 15): ""以太网驱动版本"",
            (1, 16): ""USB驱动版本"",
            (1, 17): ""USB芯片版本"",
            (1, 20): ""加密程序库版本"",
            (1, 21): ""时钟管理库版本"",
            (1, 22): ""虚拟扇区VSS库版本"",
            (1, 23): ""台区识别库版本"",
            (1, 24): ""通用数据采集库版本"",
            (1, 30): ""深化应用库版本"",

            # === Class 2: 硬件信息 ===
            (2, 0): ""本分类ID所有数据ID"",
            (2, 1): ""芯片ID"",
            (2, 2): ""模块ID"",
            (2, 3): ""硬件型号"",
            (2, 4): ""芯片型号"",
            (2, 5): ""Flash型号及容量"",
            (2, 6): ""电容容量"",
            (2, 7): ""过零电路类型"",
            (2, 8): ""天线类型"",
            (2, 9): ""载波PA功放型号"",
            (2, 10): ""特征电流拓朴类型"",
            (2, 11): ""无线射频开关类型"",
            (2, 12): ""(ECU、SCU)功能模块设备ID"",
            (2, 15): ""模块时钟信息"",
            (2, 16): ""模块MAC地址"",
            (2, 17): ""模块资产编码"",
            (2, 18): ""模块备案信息"",
            (2, 20): ""过零检测信息"",
            (2, 21): ""NTB采样信息"",
            (2, 22): ""载波接收信息"",
            (2, 23): ""无线接收信息"",
            (2, 24): ""USB频偏信息"",
            (2, 25): ""无线校准信息"",
            (2, 26): ""温度校准信息"",

            # === Class 3: 网络信息 ===
            (3, 1): ""节点网络信息"",
            (3, 2): ""节点工作频段"",
            (3, 3): ""已选代理节点信息"",
            (3, 4): ""低电压统计参数"",
            (3, 5): ""代理组1信息"",
            (3, 6): ""代理组2信息"",
            (3, 7): ""代理组3信息"",
            (3, 8): ""代理组4信息"",
            (3, 9): ""代理组5信息"",
            (3, 10): ""代理组6信息"",
            (3, 11): ""代理组7信息"",
            (3, 12): ""代理组8信息"",
            (3, 13): ""代理组9信息"",
            (3, 14): ""代理组10信息"",
            (3, 15): ""当前加密模式和加密算法"",
            (3, 16): ""关联请求信息列表组1-4"",
            (3, 17): ""关联请求信息列表组5-8"",
            (3, 18): ""代理变更信息列表"",

            # === Class 4: 运行信息 ===
            (4, 1): ""复位计数"",
            (4, 2): ""停电计数"",
            (4, 3): ""复电计数"",
            (4, 4): ""过零计数"",
            (4, 5): ""主串口发送次数"",
            (4, 6): ""主串口接收次数"",
            (4, 7): ""广播校时次数"",
            (4, 8): ""精准校时次数"",
            (4, 9): ""MAC层接收HPLC帧总次数"",
            (4, 10): ""MAC层接收RF帧总次数"",
            (4, 11): ""MAC层接收HPLC信标帧次数"",
            (4, 12): ""MAC层接收RF信标帧次数"",
            (4, 13): ""MAC层接收网络帧次数"",
            (4, 14): ""MAC层接收应用帧次数"",
            (4, 15): ""接收本地广播帧次数"",
            (4, 16): ""接收代理广播帧次数"",
            (4, 17): ""作为目标接收单播帧次数"",
            (4, 18): ""作为代理处理转发次数"",
            (4, 19): ""节点离线次数"",
            (4, 20): ""代理变更次数"",
            (4, 21): ""节点发送帧总次数"",
            (4, 22): ""节点发送成功次数"",
            (4, 23): ""节点发送失败次数"",
            (4, 24): ""节点发送失败原因1次数"",
            (4, 25): ""节点发送失败原因2次数"",
            (4, 26): ""节点发送失败原因3次数"",
            (4, 27): ""节点发送失败原因4次数"",
            (4, 28): ""节点发送失败原因5次数"",
            (4, 29): ""节点发送失败原因6次数"",
            (4, 30): ""节点发送失败原因7次数"",
            (4, 31): ""节点发送失败原因8次数"",
            (4, 32): ""节点发送失败原因9次数"",
            (4, 33): ""节点发送失败原因10次数"",
            (4, 34): ""复位原因1次数"",
            (4, 35): ""复位原因6次数"",
            (4, 36): ""最近一次复位原因"",
            (4, 37): ""无线接收报文次数"",
            (4, 38): ""载波接收报文次数"",
            (4, 39): ""电表接口交互发送报文次数"",
            (4, 40): ""电表接口交互接受报文次数"",

            # === Class 5: CCO运行信息 ===
            (5, 1): ""开关信息"",
            (5, 2): ""本地串口
... [truncated]",""
"Function:protocol_parser.py:ProtocolFrameParser._parse_query_broadband_province_data","_parse_query_broadband_province_data","protocol_parser.py",2842,2862,false,"        return names.get((classified_id, data_id), f""未知条目(类{classified_id}, ID{data_id})"")

    def _parse_query_broadband_province_data(self, data: bytes) -> Dict[str, Any]:
        """"""解析返回查询宽带应用省份数据内容（E8 00 F0 DF）- 上行响应""""""
        if len(data) < 1:
            return {
                ""原始数据"": data.hex().upper(),
                ""长度"": len(data),
                ""说明"": f""返回宽带应用省份，数据长度不足（期望至少1字节，实际{len(data)}字节）""
            }
        province = data[0]
        province_map = {
            0x01: ""北京"", 0x02: ""天津"", 0x03: ""河北"", 0x04: ""山西"", 0x05: ""内蒙古"",
            0x06: ""辽宁"", 0x07: ""吉林"", 0x08: ""黑龙江"", 0x09: ""上海"", 0x0A: ""江苏"",
            0x0B: ""浙江"", 0x0C: ""安徽"", 0x0D: ""福建"", 0x0E: ""江西"", 0x0F: ""山东"",
            0x10: ""河南"", 0x11: ""湖北"", 0x12: ""湖南"", 0x13: ""广东"", 0x14: ""广西"",
            0x15: ""海南"", 0x16: ""重庆"", 0x17: ""四川"", 0x18: ""贵州"", 0x19: ""云南"",
            0x1A: ""西藏"", 0x1B: ""陕西"", 0x1C: ""甘肃"", 0x1D: ""青海"", 0x1E: ""宁夏"",
            0x1F: ""新疆"", 0x20: ""台湾"", 0x21: ""香港"", 0x22: ""澳门""
        }
        return {
            ""宽带应用省份"": {""原始值"": f""0x{province:02X}"", ""十进制"": province, ""说明"": province_map.get(province, ""保留"")},
        }

    # ==================== 深化应用 - 模块资产信息（1-1.md 表69~73）====================
",""
"Function:protocol_parser.py:ProtocolFrameParser._get_asset_element_name","_get_asset_element_name","protocol_parser.py",2866,2869,false,"    # ==================== 深化应用 - 模块资产信息（1-1.md 表69~73）====================

    def _get_asset_element_name(self, element_id: int) -> str:
        """"""获取信息元素名称""""""
        info = self.ASSET_INFO_ELEMENT.get(element_id)
        return info[""名称""] if info else f""未知元素(0x{element_id:02X})""

    def _format_asset_value(self, element_id: int, raw: bytes) -> str:
",""
"Function:protocol_parser.py:ProtocolFrameParser._format_asset_value","_format_asset_value","protocol_parser.py",2871,2893,false,"        return info[""名称""] if info else f""未知元素(0x{element_id:02X})""

    def _format_asset_value(self, element_id: int, raw: bytes) -> str:
        """"""格式化信息元素的值""""""
        info = self.ASSET_INFO_ELEMENT.get(element_id)
        if not info:
            return raw.hex().upper()
        fmt = info[""格式""]
        if fmt == ""ASCII"":
            try:
                return raw[::-1].decode('ascii')
            except Exception:
                return raw.hex().upper()
        elif fmt == ""BCD"":
            return raw[::-1].hex().upper()
        elif fmt == ""YYMMDD"":
            if len(raw) >= 3:
                r = raw[0:3][::-1]
                return f""{self._bcd_to_str(r[0])}-{self._bcd_to_str(r[1])}-{self._bcd_to_str(r[2])}""
            return raw.hex().upper()
        elif fmt == ""BIN"":
            if element_id == 0x08 and all(b == 0xFF for b in raw):
                return raw.hex().upper() + ""（不支持或读取错误）""
            return raw.hex().upper()
        return raw.hex().upper()

    def _parse_query_asset_info_data(self, data: bytes) -> Dict[str, Any]:
",""
"Function:protocol_parser.py:ProtocolFrameParser._parse_query_asset_info_data","_parse_query_asset_info_data","protocol_parser.py",2895,2919,false,"        return raw.hex().upper()

    def _parse_query_asset_info_data(self, data: bytes) -> Dict[str, Any]:
        """"""解析查询模块资产信息（E8 03 03 13）- 下行

        格式：节点地址(6B) + 信息列表元素数量n(1B) + 信息元素ID1(1B) ... IDn(1B)
        """"""
        if len(data) < 7:
            return {""原始数据"": data.hex().upper(), ""说明"": ""数据长度不足""}
        result = {
            ""节点地址"": {""原始值"": data[0:6].hex().upper()}
        }
        elem_count = data[6]
        ids = []
        for i in range(elem_count):
            pos = 7 + i
            if pos >= len(data):
                break
            eid = data[pos]
            ids.append({
                ""序号"": i + 1,
                ""信息元素ID"": f""0x{eid:02X}"",
                ""名称"": self._get_asset_element_name(eid)
            })
        result[""信息列表元素数量""] = {""原始值"": f""0x{elem_count:02X}"", ""十进制"": elem_count}
        result[""信息元素列表""] = ids
        return result

    def _parse_return_asset_info_data(self, data: bytes) -> Dict[str, Any]:
",""
"Function:protocol_parser.py:ProtocolFrameParser._parse_return_asset_info_data","_parse_return_asset_info_data","protocol_parser.py",2921,2954,false,"        return result

    def _parse_return_asset_info_data(self, data: bytes) -> Dict[str, Any]:
        """"""解析返回查询模块资产信息（E8 04 03 13）- 上行

        格式：节点地址(6B) + [信息元素ID(1B) + 长度(1B) + 数据(变长)] * n
        """"""
        if len(data) < 6:
            return {""原始数据"": data.hex().upper(), ""说明"": ""数据长度不足""}
        result = {
            ""节点地址"": {""原始值"": data[0:6].hex().upper()}
        }
        elements = []
        pos = 6
        idx = 0
        while pos + 2 <= len(data):
            eid = data[pos]
            length = data[pos + 1]
            pos += 2
            if pos + length > len(data):
                raw = data[pos:]
                pos = len(data)
            else:
                raw = data[pos:pos + length]
                pos += length
            elements.append({
                ""序号"": idx + 1,
                ""信息元素ID"": f""0x{eid:02X}"",
                ""名称"": self._get_asset_element_name(eid),
                ""数据长度"": length,
                ""数据值"": self._format_asset_value(eid, raw),
                ""原始值"": raw.hex().upper()
            })
            idx += 1
        result[""信息元素列表""] = elements
        return result

    def _parse_batch_query_asset_info_data(self, data: bytes) -> Dict[str, Any]:
",""
"Function:protocol_parser.py:ProtocolFrameParser._parse_batch_query_asset_info_data","_parse_batch_query_asset_info_data","protocol_parser.py",2956,2968,false,"        return result

    def _parse_batch_query_asset_info_data(self, data: bytes) -> Dict[str, Any]:
        """"""解析批量查询模块资产信息（E8 03 03 14）- 下行

        格式：节点起始序号m(2B) + 节点数量n(1B) + 信息元素ID(1B)
        """"""
        if len(data) < 4:
            return {""原始数据"": data.hex().upper(), ""说明"": ""数据长度不足""}
        eid = data[3]
        return {
            ""节点起始序号"": {""原始值"": data[0:2].hex().upper(), ""十进制"": int.from_bytes(data[0:2], 'little')},
            ""节点数量"": {""原始值"": f""0x{data[2]:02X}"", ""十进制"": data[2]},
            ""信息元素ID"": {""原始值"": f""0x{eid:02X}"", ""名称"": self._get_asset_element_name(eid)}
        }

    def _parse_batch_return_asset_info_data(self, data: bytes) -> Dict[str, Any]:
",""
"Function:protocol_parser.py:ProtocolFrameParser._parse_batch_return_asset_info_data","_parse_batch_return_asset_info_data","protocol_parser.py",2970,3007,false,"        }

    def _parse_batch_return_asset_info_data(self, data: bytes) -> Dict[str, Any]:
        """"""解析批量返回查询模块资产信息（E8 04 03 14）- 上行

        格式：本次应答从节点数量n(1B) + 信息元素ID(1B)
              + [从节点地址(6B) + 信息元素数据(变长，长度由元素ID确定)] * n
        """"""
        if len(data) < 2:
            return {""原始数据"": data.hex().upper(), ""说明"": ""数据长度不足""}
        node_count = data[0]
        eid = data[1]
        elem_info = self.ASSET_INFO_ELEMENT.get(eid)
        elem_len = elem_info[""字节数""] if elem_info else 0

        result = {
            ""本次应答从节点数量"": {""原始值"": f""0x{node_count:02X}"", ""十进制"": node_count},
            ""信息元素ID"": {""原始值"": f""0x{eid:02X}"", ""名称"": self._get_asset_element_name(eid)}
        }
        nodes = []
        pos = 2
        for i in range(node_count):
            if pos + 6 > len(data):
                break
            addr = data[pos:pos + 6]
            pos += 6
            if elem_len > 0 and pos + elem_len <= len(data):
                raw = data[pos:pos + elem_len]
                pos += elem_len
            else:
                raw = data[pos:]
                pos = len(data)
            nodes.append({
                ""序号"": i + 1,
                ""从节点地址"": addr.hex().upper(),
                ""数据值"": self._format_asset_value(eid, raw),
                ""原始值"": raw.hex().upper()
            })
        result[""从节点列表""] = nodes
        return result

    # ==================== 深化应用 - 台区识别（1-1.md）====================
",""
"Function:protocol_parser.py:ProtocolFrameParser._parse_query_region_status_data","_parse_query_region_status_data","protocol_parser.py",3011,3013,false,"    # ==================== 深化应用 - 台区识别（1-1.md）====================

    def _parse_query_region_status_data(self, data: bytes) -> Dict[str, Any]:
        """"""解析查询台区识别状态（E8 03 03 10）- 下行查询，无数据""""""
        return {""说明"": ""查询命令，无数据内容""}

    def _parse_return_region_status_data(self, data: bytes) -> Dict[str, Any]:
",""
"Function:protocol_parser.py:ProtocolFrameParser._parse_return_region_status_data","_parse_return_region_status_data","protocol_parser.py",3015,3032,false,"        return {""说明"": ""查询命令，无数据内容""}

    def _parse_return_region_status_data(self, data: bytes) -> Dict[str, Any]:
        """"""解析返回查询台区识别状态（E8 04 03 10）

        格式：台区识别状态(1B) + 剩余时长(2B) + 保留(1B)
        """"""
        if len(data) < 4:
            return {""原始数据"": data.hex().upper(), ""说明"": ""数据长度不足""}
        status = data[0]
        remain = int.from_bytes(data[1:3], 'little')
        status_desc = ""识别中"" if status == 1 else ""未识别或识别完成或识别停止""
        remain_desc = ""无效(0xFF)"" if status == 0 and remain == 0xFFFF else f""{remain}分钟""
        result = {
            ""台区识别状态"": {""原始值"": f""0x{status:02X}"", ""十进制"": status, ""说明"": status_desc},
            ""剩余时长"": {""原始值"": data[1:3].hex().upper(), ""十进制"": remain, ""说明"": remain_desc}
        }
        if len(data) > 3:
            result[""保留""] = f""0x{data[3]:02X}""
        return result

    def _parse_start_region_identify_data(self, data: bytes) -> Dict[str, Any]:
",""
"Function:protocol_parser.py:ProtocolFrameParser._parse_start_region_identify_data","_parse_start_region_identify_data","protocol_parser.py",3034,3048,false,"        return result

    def _parse_start_region_identify_data(self, data: bytes) -> Dict[str, Any]:
        """"""解析启动台区识别（E8 02 04 80）

        格式：台区特征发送时长(2B) + 保留(1B)
        """"""
        if len(data) < 2:
            return {""原始数据"": data.hex().upper(), ""说明"": ""数据长度不足""}
        duration = int.from_bytes(data[0:2], 'little')
        duration_desc = ""1440分钟"" if duration == 0 else f""{duration}分钟""
        result = {
            ""台区特征发送时长"": {""原始值"": data[0:2].hex().upper(), ""十进制"": duration, ""说明"": duration_desc}
        }
        if len(data) > 2:
            result[""保留""] = f""0x{data[2]:02X}""
        return result

    def _parse_stop_region_identify_data(self, data: bytes) -> Dict[str, Any]:
",""
"Function:protocol_parser.py:ProtocolFrameParser._parse_stop_region_identify_data","_parse_stop_region_identify_data","protocol_parser.py",3050,3052,false,"        return result

    def _parse_stop_region_identify_data(self, data: bytes) -> Dict[str, Any]:
        """"""解析停止台区识别（E8 02 04 81）- 无数据""""""
        return {""说明"": ""停止台区识别命令，无数据内容""}

    def _parse_report_other_region_node_data(self, data: bytes) -> Dict[str, Any]:
",""
"Function:protocol_parser.py:ProtocolFrameParser._parse_report_other_region_node_data","_parse_report_other_region_node_data","protocol_parser.py",3054,3094,false,"        return {""说明"": ""停止台区识别命令，无数据内容""}

    def _parse_report_other_region_node_data(self, data: bytes) -> Dict[str, Any]:
        """"""解析上报非本台区从节点信息（E8 05 05 80）

        格式：从节点地址(6B) + 从节点设备类型(1B) + 采集器下接电表数量n(1B)
              + 应属台区主节点地址(6B) + 保留(2B)
              + [电表地址(6B)] * n（仅采集器类型时有效）
        """"""
        if len(data) < 16:
            return {""原始数据"": data.hex().upper(), ""说明"": ""数据长度不足""}
        node_addr = data[0:6]
        device_type = data[6]
        meter_count = data[7]
        region_addr = data[8:14]
        device_type_desc = ""采集器"" if device_type == 0x00 else ""电表"" if device_type == 0x01 else f""未知(0x{device_type:02X})""

        result = {
            ""从节点地址"": {""原始值"": node_addr.hex().upper()},
            ""从节点设备类型"": {""原始值"": f""0x{device_type:02X}"", ""说明"": device_type_desc},
            ""采集器下接电表数量"": {""原始值"": f""0x{meter_count:02X}"", ""十进制"": meter_count},
            ""应属台区主节点地址"": {""原始值"": region_addr.hex().upper()}
        }
        if len(data) >= 16:
            result[""保留""] = data[14:16].hex().upper()

        # 当设备类型为采集器(0x00)时，解析电表地址列表
        pos = 16
        if device_type == 0x00 and meter_count > 0:
            meters = []
            for i in range(meter_count):
                if pos + 6 > len(data):
                    break
                meters.append({
                    ""序号"": i + 1,
                    ""电表地址"": data[pos:pos+6].hex().upper()
                })
                pos += 6
            result[""电表地址列表""] = meters

        if pos < len(data):
            result[""剩余数据""] = data[pos:].hex().upper()
        return result

    # ==================== 深化应用 - 交采数据（1-1.md）====================
",""
"Function:protocol_parser.py:ProtocolFrameParser._parse_request_acquisition_data","_parse_request_acquisition_data","protocol_parser.py",3098,3112,false,"    # ==================== 深化应用 - 交采数据（1-1.md）====================

    def _parse_request_acquisition_data(self, data: bytes) -> Dict[str, Any]:
        """"""解析请求交采数据（E8 03 06 02）

        格式：数据项类型(1B) + 交采数据项标识(4B) + 采集周期(1B) + 采集数量(1B)
        """"""
        if len(data) < 7:
            return {""原始数据"": data.hex().upper(), ""说明"": ""数据长度不足""}
        data_type = data[0]
        type_desc = ""DL/T645-2007数据项标识"" if data_type == 1 else f""保留({data_type})""
        return {
            ""数据项类型"": {""原始值"": f""0x{data_type:02X}"", ""说明"": type_desc},
            ""交采数据项标识"": {""原始值"": data[1:5].hex().upper()},
            ""采集周期"": {""原始值"": f""0x{data[5]:02X}"", ""十进制"": data[5], ""单位"": ""秒""},
            ""采集数量"": {""原始值"": f""0x{data[6]:02X}"", ""十进制"": data[6]}
        }

    def _parse_return_acquisition_data(self, data: bytes) -> Dict[str, Any]:
",""
"Function:protocol_parser.py:ProtocolFrameParser._parse_return_acquisition_data","_parse_return_acquisition_data","protocol_parser.py",3114,3129,false,"        }

    def _parse_return_acquisition_data(self, data: bytes) -> Dict[str, Any]:
        """"""解析返回请求交采数据（E8 04 06 02）

        格式：数据项类型(1B) + 交采数据项标识(4B) + 交采数据项内容(NB)
        """"""
        if len(data) < 5:
            return {""原始数据"": data.hex().upper(), ""说明"": ""数据长度不足""}
        data_type = data[0]
        type_desc = ""DL/T645-2007数据项标识"" if data_type == 1 else f""保留({data_type})""
        result = {
            ""数据项类型"": {""原始值"": f""0x{data_type:02X}"", ""说明"": type_desc},
            ""交采数据项标识"": {""原始值"": data[1:5].hex().upper()}
        }
        if len(data) > 5:
            result[""交采数据项内容""] = data[5:].hex().upper()
        return result

    # ==================== 深化应用 - 返回相位信息（1-1.md 表37/39/40）====================
",""
"Function:protocol_parser.py:ProtocolFrameParser._parse_phase_info","_parse_phase_info","protocol_parser.py",3133,3175,false,"    # ==================== 深化应用 - 返回相位信息（1-1.md 表37/39/40）====================

    def _parse_phase_info(self, phase_bytes: bytes) -> Dict[str, Any]:
        """"""解析扩展的2字节相位信息（1-1.md 表40）

        字节1: 相序类型(D7-D5) + 相线特征(D4-D3) + 相线标识(D2-D1-D0)
        字节2: 模块类型(D7-D6) + 保留(D5-D3) + 规约类型(D2-D1-D0)
        """"""
        if len(phase_bytes) < 2:
            return {""原始值"": phase_bytes.hex().upper(), ""说明"": ""数据不足""}

        b1 = phase_bytes[0]
        b2 = phase_bytes[1]

        # 字节1解析
        phase_seq = (b1 >> 5) & 0x07
        phase_seq_map = {
            0: ""三相表ABC(正常相序)"", 1: ""三相表ACB(逆相序)"",
            2: ""三相表BAC(逆相序)"", 3: ""三相表BCA(逆相序)"",
            4: ""三相表CAB(逆相序)"", 5: ""三相表CBA(逆相序)"",
            6: ""零火反接"", 7: ""保留""
        }
        line_feature = (b1 >> 3) & 0x03
        line_feature_map = {0: ""支持相线识别"", 1: ""不支持相线识别"", 2: ""相线不确定""}
        line_flag = b1 & 0x07
        phases = []
        if line_flag & 0x01: phases.append(""A相"")
        if line_flag & 0x02: phases.append(""B相"")
        if line_flag & 0x04: phases.append(""C相"")
        line_flag_desc = "","".join(phases) if phases else ""无""

        # 字节2解析
        module_type = (b2 >> 6) & 0x03
        module_type_map = {0: ""未知"", 1: ""三相表"", 2: ""单相表""}
        proto_type = b2 & 0x07
        proto_type_map = {0: ""未知规约"", 1: ""DLT/645-1997"", 2: ""DLT/645-2007"", 3: ""CJ/T188""}

        return {
            ""原始值"": phase_bytes.hex().upper(),
            ""相序类型"": phase_seq_map.get(phase_seq, f""保留({phase_seq})""),
            ""相线特征"": line_feature_map.get(line_feature, f""保留({line_feature})""),
            ""相线标识"": line_flag_desc,
            ""模块类型"": module_type_map.get(module_type, f""保留({module_type})""),
            ""规约类型"": proto_type_map.get(proto_type, f""保留({proto_type})"")
        }

    def _parse_return_slave_phase_data(self, data: bytes) -> Dict[str, Any]:
",""
"Function:protocol_parser.py:ProtocolFrameParser._parse_return_slave_phase_data","_parse_return_slave_phase_data","protocol_parser.py",3177,3201,false,"        }

    def _parse_return_slave_phase_data(self, data: bytes) -> Dict[str, Any]:
        """"""解析返回查询从节点相位信息（E8 04 03 0C）- 1-1.md 表37

        格式：本次应答从节点数量n(1B) + [从节点地址(6B) + 相位信息(2B)] * n
        """"""
        if len(data) < 1:
            return {""原始数据"": data.hex().upper(), ""说明"": ""数据长度不足""}
        node_count = data[0]
        result = {
            ""本次应答的从节点数量"": {""原始值"": f""0x{node_count:02X}"", ""十进制"": node_count},
            ""从节点列表"": []
        }
        pos = 1
        for i in range(node_count):
            if pos + 8 > len(data):
                break
            addr = data[pos:pos+6].hex().upper()
            phase = self._parse_phase_info(data[pos+6:pos+8])
            result[""从节点列表""].append({
                ""序号"": i + 1,
                ""从节点地址"": {""原始值"": addr},
                ""相位信息"": phase
            })
            pos += 8
        return result

    def _parse_return_batch_phase_data(self, data: bytes) -> Dict[str, Any]:
",""
"Function:protocol_parser.py:ProtocolFrameParser._parse_return_batch_phase_data","_parse_return_batch_phase_data","protocol_parser.py",3203,3230,false,"        return result

    def _parse_return_batch_phase_data(self, data: bytes) -> Dict[str, Any]:
        """"""解析返回批量查询从节点相位信息（E8 04 03 0D）- 1-1.md 表39

        格式：从节点总数量(2B) + 本次应答从节点数量n(1B)
              + [从节点地址(6B) + 相位信息(2B)] * n
        """"""
        if len(data) < 3:
            return {""原始数据"": data.hex().upper(), ""说明"": ""数据长度不足""}
        total = int.from_bytes(data[0:2], 'little')
        node_count = data[2]
        result = {
            ""从节点总数量"": {""原始值"": data[0:2].hex().upper(), ""十进制"": total},
            ""本次应答的从节点数量"": {""原始值"": f""0x{node_count:02X}"", ""十进制"": node_count},
            ""从节点列表"": []
        }
        pos = 3
        for i in range(node_count):
            if pos + 8 > len(data):
                break
            addr = data[pos:pos+6].hex().upper()
            phase = self._parse_phase_info(data[pos+6:pos+8])
            result[""从节点列表""].append({
                ""序号"": i + 1,
                ""从节点地址"": {""原始值"": addr},
                ""相位信息"": phase
            })
            pos += 8
        return result

    # ==================== 深化应用 - 批量查询厂商代码和版本信息（1-1.md）====================
",""
"Function:protocol_parser.py:ProtocolFrameParser._parse_batch_query_vendor_info_data","_parse_batch_query_vendor_info_data","protocol_parser.py",3234,3244,false,"    # ==================== 深化应用 - 批量查询厂商代码和版本信息（1-1.md）====================

    def _parse_batch_query_vendor_info_data(self, data: bytes) -> Dict[str, Any]:
        """"""解析批量查询厂商代码和版本信息（E8 03 03 12）- 下行

        格式：节点起始序号m(2B) + 节点数量n(1B)
        """"""
        if len(data) < 3:
            return {""原始数据"": data.hex().upper(), ""说明"": ""数据长度不足""}
        return {
            ""节点起始序号"": {""原始值"": data[0:2].hex().upper(), ""十进制"": int.from_bytes(data[0:2], 'little')},
            ""节点数量"": {""原始值"": f""0x{data[2]:02X}"", ""十进制"": data[2]}
        }

    def _parse_batch_return_vendor_info_data(self, data: bytes) -> Dict[str, Any]:
",""
"Function:protocol_parser.py:ProtocolFrameParser._parse_batch_return_vendor_info_data","_parse_batch_return_vendor_info_data","protocol_parser.py",3246,3284,false,"        }

    def _parse_batch_return_vendor_info_data(self, data: bytes) -> Dict[str, Any]:
        """"""解析批量返回查询厂商代码和版本信息（E8 04 03 12）- 上行

        格式：节点总数量m(2B) + 本次应答从节点数量n(1B)
              + [节点地址(6B) + 节点信息(9B: 厂商代码2B + 芯片代码2B + 版本时间3B + 版本号2B)] * n
        """"""
        if len(data) < 3:
            return {""原始数据"": data.hex().upper(), ""说明"": ""数据长度不足""}
        total = int.from_bytes(data[0:2], 'little')
        node_count = data[2]
        result = {
            ""节点总数量"": {""原始值"": data[0:2].hex().upper(), ""十进制"": total},
            ""本次应答的从节点数量"": {""原始值"": f""0x{node_count:02X}"", ""十进制"": node_count},
            ""节点列表"": []
        }
        pos = 3
        for i in range(node_count):
            if pos + 15 > len(data):
                break
            addr = data[pos:pos+6].hex().upper()
            info = data[pos+6:pos+15]
            vendor_info = {""原始值"": info.hex().upper()}
            try:
                # ASCII字段按小端序解析：低字节在前，解析时反转；BCD日期字段按自然序YYMMDD解析
                vendor_info[""厂商代码""] = info[0:2][::-1].decode('ascii')
                vendor_info[""芯片代码""] = info[2:4][::-1].decode('ascii')
                vdate = info[4:7]
                vendor_info[""版本时间""] = f""{self._bcd_to_str(vdate[0])}-{self._bcd_to_str(vdate[1])}-{self._bcd_to_str(vdate[2])}""
                ver = info[7:9][::-1]
                vendor_info[""版本号""] = self._bcd_to_str(ver[0]) + self._bcd_to_str(ver[1])
            except Exception:
                pass
            result[""节点列表""].append({
                ""序号"": i + 1,
                ""节点地址"": {""原始值"": addr},
                ""节点信息"": vendor_info
            })
            pos += 15
        return result

    # ==================== PLUZ扩展解析方法 ====================
",""
"Function:protocol_parser.py:ProtocolFrameParser._parse_simple_bin1_data","_parse_simple_bin1_data","protocol_parser.py",3288,3297,false,"    # ==================== PLUZ扩展解析方法 ====================

    def _parse_simple_bin1_data(self, data: bytes) -> Dict[str, Any]:
        """"""解析1字节BIN数据的通用方法（用于最大网络级数、并发数等）""""""
        if len(data) < 1:
            return {""原始数据"": data.hex().upper(), ""说明"": ""数据长度不足""}
        return {
            ""数据值"": {
                ""原始值"": f""0x{data[0]:02X}"",
                ""十进制"": data[0]
            }
        }

    def _parse_simple_bin2_data(self, data: bytes) -> Dict[str, Any]:
",""
"Function:protocol_parser.py:ProtocolFrameParser._parse_simple_bin2_data","_parse_simple_bin2_data","protocol_parser.py",3299,3309,false,"        }

    def _parse_simple_bin2_data(self, data: bytes) -> Dict[str, Any]:
        """"""解析2字节BIN数据的通用方法（用于最大网络规模、台区组网成功率等）""""""
        if len(data) < 2:
            return {""原始数据"": data.hex().upper(), ""说明"": ""数据长度不足""}
        value = int.from_bytes(data[0:2], 'little')
        return {
            ""数据值"": {
                ""原始值"": data[0:2].hex().upper(),
                ""十进制"": value
            }
        }

    def _parse_return_slave_realtime_info_data(self, data: bytes) -> Dict[str, Any]:
",""
"Function:protocol_parser.py:ProtocolFrameParser._parse_return_slave_realtime_info_data","_parse_return_slave_realtime_info_data","protocol_parser.py",3311,3352,false,"        }

    def _parse_return_slave_realtime_info_data(self, data: bytes) -> Dict[str, Any]:
        """"""解析返回查询从节点实时信息（E8 04 03 61）- 上行

        格式：从节点地址(6B) + 节点运行时间(4B) + 上行通信成功率(1B) + 下行通信成功率(1B)
              + 邻居网络总数(1B) + [邻居网络标识号(1B) + CCO地址(6B) + HPLC通信质量(1B)] * n
        """"""
        if len(data) < 13:
            return {""原始数据"": data.hex().upper(), ""说明"": ""数据长度不足""}
        pos = 0
        addr = data[pos:pos+6][::-1].hex().upper()
        pos += 6
        runtime = int.from_bytes(data[pos:pos+4], 'little')
        pos += 4
        up_rate = data[pos]
        pos += 1
        down_rate = data[pos]
        pos += 1
        neighbor_count = data[pos]
        pos += 1

        result = {
            ""从节点地址"": {""原始值"": data[0:6].hex().upper(), ""解析值"": addr},
            ""节点运行时间"": {""原始值"": data[6:10].hex().upper(), ""十进制"": runtime, ""单位"": ""秒""},
            ""上行通信成功率"": {""原始值"": f""0x{up_rate:02X}"", ""十进制"": up_rate},
            ""下行通信成功率"": {""原始值"": f""0x{down_rate:02X}"", ""十进制"": down_rate},
            ""邻居网络总数"": {""原始值"": f""0x{neighbor_count:02X}"", ""十进制"": neighbor_count},
            ""邻居网络列表"": []
        }
        for i in range(neighbor_count):
            if pos + 8 > len(data):
                break
            snid = data[pos]
            cco_addr = data[pos+1:pos+7][::-1].hex().upper()
            hplc_quality = data[pos+7]
            result[""邻居网络列表""].append({
                ""序号"": i + 1,
                ""网络标识号"": {""原始值"": f""0x{snid:02X}"", ""十进制"": snid},
                ""CCO地址"": {""原始值"": data[pos+1:pos+7].hex().upper(), ""解析值"": cco_addr},
                ""HPLC通信质量"": {""原始值"": f""0x{hplc_quality:02X}"", ""十进制"": hplc_quality}
            })
            pos += 8
        return result

    def _parse_return_device_online_status_data(self, data: bytes) -> Dict[str, Any]:
",""
"Function:protocol_parser.py:ProtocolFrameParser._parse_return_device_online_status_data","_parse_return_device_online_status_data","protocol_parser.py",3354,3374,false,"        return result

    def _parse_return_device_online_status_data(self, data: bytes) -> Dict[str, Any]:
        """"""解析返回查询设备在线状态（E8 04 03 64）- 上行""""""
        if len(data) < 3:
            return {""原始数据"": data.hex().upper(), ""说明"": ""数据长度不足""}
        total = int.from_bytes(data[0:2], 'little')
        node_count = data[2]
        result = {
            ""入网节点总数量"": {""原始值"": data[0:2].hex().upper(), ""十进制"": total},
            ""本次应答的节点数量"": {""原始值"": f""0x{node_count:02X}"", ""十进制"": node_count},
            ""节点列表"": []
        }
        pos = 3
        for i in range(node_count):
            if pos + 6 > len(data):
                break
            result[""节点列表""].append({
                ""序号"": i,
                ""节点地址"": {""原始值"": data[pos:pos+6].hex().upper(), ""解析值"": data[pos:pos+6][::-1].hex().upper()}
            })
            pos += 6
        return result

    def _parse_return_network_topology_data(self, data: bytes) -> Dict[str, Any]:
",""
"Function:protocol_parser.py:ProtocolFrameParser._parse_return_network_topology_data","_parse_return_network_topology_data","protocol_parser.py",3376,3420,false,"        return result

    def _parse_return_network_topology_data(self, data: bytes) -> Dict[str, Any]:
        """"""解析返回查询网络拓扑信息（E8 04 03 65）- 上行""""""
        if len(data) < 5:
            return {""原始数据"": data.hex().upper(), ""说明"": ""数据长度不足""}
        total = int.from_bytes(data[0:2], 'little')
        start_seq = int.from_bytes(data[2:4], 'little')
        node_count = data[4]
        result = {
            ""节点总数量"": {""原始值"": data[0:2].hex().upper(), ""十进制"": total},
            ""节点起始序号"": {""原始值"": data[2:4].hex().upper(), ""十进制"": start_seq},
            ""本次应答的节点数量"": {""原始值"": f""0x{node_count:02X}"", ""十进制"": node_count},
            ""节点列表"": []
        }
        pos = 5
        for i in range(node_count):
            if pos + 19 > len(data):
                break
            addr = data[pos:pos+6][::-1].hex().upper()
            # 拓扑信息: 节点标识(2B) + 代理节点标识(2B) + 入网时间(4B) + 代理变更次数(2B)
            # + 离线次数(2B) + 节点信息(1B) = 13B
            topo = data[pos+6:pos+19]
            node_id = int.from_bytes(topo[0:2], 'little')
            proxy_id = int.from_bytes(topo[2:4], 'little')
            join_time = int.from_bytes(topo[4:8], 'little')
            proxy_changes = int.from_bytes(topo[8:10], 'little')
            offline_count = int.from_bytes(topo[10:12], 'little')
            node_info = topo[12]
            node_layer = node_info & 0x0F
            node_role = (node_info >> 4) & 0x07
            node_channel = (node_info >> 7) & 0x01
            role_map = {0: ""无效"", 1: ""末梢节点(STA)"", 2: ""代理节点(PCO)"", 4: ""主节点(CCO)""}
            channel_map = {0: ""载波"", 1: ""无线""}
            result[""节点列表""].append({
                ""序号"": start_seq + i,
                ""节点地址"": {""原始值"": data[pos:pos+6].hex().upper(), ""解析值"": addr},
                ""代理节点标识"": {""原始值"": topo[2:4].hex().upper(), ""十进制"": proxy_id},
                ""入网时间"": {""原始值"": topo[4:8].hex().upper(), ""十进制"": join_time, ""单位"": ""秒""},
                ""代理变更次数"": {""原始值"": topo[8:10].hex().upper(), ""十进制"": proxy_changes},
                ""离线次数"": {""原始值"": topo[10:12].hex().upper(), ""十进制"": offline_count},
                ""节点层级"": node_layer,
                ""节点角色"": role_map.get(node_role, f""未知({node_role})""),
                ""通信信道"": channel_map.get(node_channel, f""未知({node_channel})"")
            })
            pos += 19
        return result

    def _parse_return_slave_detail_info_data(self, data: bytes) -> Dict[str, Any]:
",""
"Function:protocol_parser.py:ProtocolFrameParser._parse_return_slave_detail_info_data","_parse_return_slave_detail_info_data","protocol_parser.py",3422,3458,false,"        return result

    def _parse_return_slave_detail_info_data(self, data: bytes) -> Dict[str, Any]:
        """"""解析返回查询指定从节点信息（E8 04 03 6E）- 上行""""""
        if len(data) < 7:
            return {""原始数据"": data.hex().upper(), ""说明"": ""数据长度不足""}
        addr = data[0:6][::-1].hex().upper()
        result = {
            ""从节点地址"": {""原始值"": data[0:6].hex().upper(), ""解析值"": addr}
        }
        pos = 6
        if pos < len(data):
            result[""相位""] = {""原始值"": f""0x{data[pos]:02X}"", ""十进制"": data[pos]}
            pos += 1
        if pos < len(data):
            network_status = data[pos]
            result[""网络状态""] = {""原始值"": f""0x{network_status:02X}"", ""说明"": ""入网"" if network_status == 1 else ""离网""}
            pos += 1
        if pos < len(data):
            result[""载波通道接收质量""] = {""原始值"": f""0x{data[pos]:02X}"", ""十进制"": data[pos]}
            pos += 1
        if pos < len(data):
            result[""无线通道接收质量""] = {""原始值"": f""0x{data[pos]:02X}"", ""十进制"": data[pos]}
            pos += 1
        if pos < len(data):
            reboot_reason = data[pos]
            reason_map = {0: ""正常启动"", 1: ""断电重启"", 2: ""看门狗复位"", 3: ""程序异常复位""}
            result[""系统启动原因""] = {""原始值"": f""0x{reboot_reason:02X}"", ""说明"": reason_map.get(reboot_reason, f""未知({reboot_reason})"")}
            pos += 1
        if pos + 6 <= len(data):
            result[""节点模块ID""] = {""原始值"": data[pos:pos+6].hex().upper()}
            pos += 6
        if pos < len(data):
            result[""入网次数""] = {""原始值"": f""0x{data[pos]:02X}"", ""十进制"": data[pos]}
            pos += 1
        if pos < len(data):
            result[""代理变更次数""] = {""原始值"": f""0x{data[pos]:02X}"", ""十进制"": data[pos]}
            pos += 1
        return result

    def _parse_return_master_node_runtime_info_data(self, data: bytes) -> Dict[str, Any]:
",""
"Function:protocol_parser.py:ProtocolFrameParser._parse_return_master_node_runtime_info_data","_parse_return_master_node_runtime_info_data","protocol_parser.py",3460,3500,false,"        return result

    def _parse_return_master_node_runtime_info_data(self, data: bytes) -> Dict[str, Any]:
        """"""解析返回查询主节点运行信息（E8 00 03 6F）- 上行""""""
        if len(data) < 4:
            return {""原始数据"": data.hex().upper(), ""说明"": ""数据长度不足""}
        pos = 0
        result = {
            ""累计运行时间"": {""原始值"": data[0:4].hex().upper(), ""十进制"": int.from_bytes(data[0:4], 'little'), ""单位"": ""秒""}
        }
        pos += 4
        if pos + 11 <= len(data):
            result[""节点模块ID""] = {""原始值"": data[pos:pos+11].hex().upper()}
            pos += 11
        if pos + 6 <= len(data):
            result[""发现站点数最大的站点""] = {""原始值"": data[pos:pos+6][::-1].hex().upper()}
            pos += 6
        if pos + 2 <= len(data):
            result[""最大的发现站点数""] = {""原始值"": data[pos:pos+2].hex().upper(), ""十进制"": int.from_bytes(data[pos:pos+2], 'little')}
            pos += 2
        if pos < len(data):
            reboot_reason = data[pos]
            reason_map = {0: ""正常启动"", 1: ""断电重启"", 2: ""看门狗复位"", 3: ""程序异常复位""}
            result[""系统启动原因""] = {""原始值"": f""0x{reboot_reason:02X}"", ""说明"": reason_map.get(reboot_reason, f""未知({reboot_reason})"")}
            pos += 1
        if pos < len(data):
            result[""本地邻居网络个数""] = {""原始值"": f""0x{data[pos]:02X}"", ""十进制"": data[pos]}
            pos += 1
        # 邻居网络列表
        neighbor_list = []
        while pos + 8 <= len(data):
            snid = data[pos]
            cco_addr = data[pos+1:pos+7][::-1].hex().upper()
            hplc_quality = data[pos+7]
            neighbor_list.append({
                ""网络标识号"": {""原始值"": f""0x{snid:02X}"", ""十进制"": snid},
                ""CCO地址"": {""原始值"": data[pos+1:pos+7].hex().upper(), ""解析值"": cco_addr},
                ""HPLC通信质量"": {""原始值"": f""0x{hplc_quality:02X}"", ""十进制"": hplc_quality}
            })
            pos += 8
        if neighbor_list:
            result[""邻居网络列表""] = neighbor_list
        return result

    def _parse_return_node_selfcheck_data(self, data: bytes) -> Dict[str, Any]:
",""
"Function:protocol_parser.py:ProtocolFrameParser._parse_return_node_selfcheck_data","_parse_return_node_selfcheck_data","protocol_parser.py",3502,3530,false,"        return result

    def _parse_return_node_selfcheck_data(self, data: bytes) -> Dict[str, Any]:
        """"""解析返回查询节点自检结果（E8 04 03 70）- 上行""""""
        if len(data) < 7:
            return {""原始数据"": data.hex().upper(), ""说明"": ""数据长度不足""}
        addr = data[0:6][::-1].hex().upper()
        pos = 6
        result = {
            ""节点地址"": {""原始值"": data[0:6].hex().upper(), ""解析值"": addr}
        }
        if pos < len(data):
            zero_cross = data[pos]
            zero_map = {0: ""未知"", 1: ""支持过零(单相)/ABC(三相)"", 2: ""三相相序错误""}
            result[""过零自检结果""] = {""原始值"": f""0x{zero_cross:02X}"", ""说明"": zero_map.get(zero_cross, f""保留({zero_cross})"")}
            pos += 1
        if pos < len(data):
            result[""串口/485不通状态""] = {""原始值"": f""0x{data[pos]:02X}"", ""说明"": {0: ""正常"", 1: ""历史上出现过不通"", 2: ""目前不通""}.get(data[pos], f""未知({data[pos]})"")}
            pos += 1
        if pos < len(data):
            offline_reason = data[pos]
            reason_map = {0: ""未知"", 1: ""组网序列号变化"", 2: ""收不到信标帧"", 3: ""通信成功率为0"", 4: ""层级超限"",
                          5: ""收到离线指示"", 0x80: ""厂家自定义""}
            result[""上次离网原因""] = {""原始值"": f""0x{offline_reason:02X}"", ""说明"": reason_map.get(offline_reason, f""保留({offline_reason})"")}
            pos += 1
        if pos < len(data):
            reset_reason = data[pos]
            reset_map = {0: ""掉电复位"", 1: ""复位引脚复位"", 2: ""升级完成复位"", 3: ""CCO控制重启"",
                        0x80: ""厂家自定义""}
            result[""复位原因""] = {""原始值"": f""0x{reset_reason:02X}"", ""说明"": reset_map.get(reset_reason, f""保留({reset_reason})"")}
        return result

    def _parse_return_run_params_data(self, data: bytes) -> Dict[str, Any]:
",""
"Function:protocol_parser.py:ProtocolFrameParser._parse_return_run_params_data","_parse_return_run_params_data","protocol_parser.py",3532,3636,false,"        return result

    def _parse_return_run_params_data(self, data: bytes) -> Dict[str, Any]:
        """"""解析返回查询运行参数信息（E8 04 03 74）- 上行""""""
        if len(data) < 7:
            return {""原始数据"": data.hex().upper(), ""说明"": ""数据长度不足""}
        addr = data[0:6][::-1].hex().upper()
        pos = 6
        result = {
            ""节点地址"": {""原始值"": data[0:6].hex().upper(), ""解析值"": addr}
        }
        if pos >= len(data):
            return result
        param_count = data[pos]
        result[""运行参数总数""] = {""原始值"": f""0x{param_count:02X}"", ""十进制"": param_count}
        pos += 1

        RUN_PARAM_MAP = {
            0x01: (""从节点RF发送功率"", 1),
            0x02: (""从节点PLC发送功率"", 1),
            0x03: (""异常离网锁定时间"", 2),
            0x04: (""RF通道控制开关"", 1),
        }
        
        # 参数值说明映射
        PARAM_VALUE_DESC = {
            0x01: {0: ""自动"", 1: ""功率等级1"", 2: ""功率等级2"", 3: ""功率等级3"", 4: ""功率等级4""},
            0x02: {0: ""自动"", 1: ""功率等级1"", 2: ""功率等级2"", 3: ""功率等级3"", 4: ""功率等级4""},
            0x03: None,  # 时间值，直接使用数值
            0x04: {0: ""关闭"", 1: ""开启""},
        }
        
        for i in range(param_count):
            if pos + 2 > len(data):
                break
            param_id = data[pos]
            pos += 1
            param_info = RUN_PARAM_MAP.get(param_id, (f""未知参数(0x{param_id:02X})"", 1))
            param_name, param_len = param_info
            
            # 检查是否有数据长度字段
            if pos >= len(data):
                break
            actual_len = data[pos]
            pos += 1
            param_data = data[pos:pos+actual_len] if pos + actual_len <= len(data) else data[pos:]
            
            # 提前计算参数值，用于参数组的汇总信息
            param_int_val = 0
            if param_data:
                param_int_val = int.from_bytes(param_data, 'little')
            
            # 创建参数组，包含参数ID、长度、值三个子字段
            param_group = {}
            
            # 参数组的汇总信息（用于在表格中显示为一行）
            param_group[""原始值""] = param_data.hex(' ').upper() if param_data else ""-""
            param_group[""解析值""] = f""{param_name}: {param_int_val}"" if param_data else ""-""
            param_group[""说明""] = f""参数ID=0x{param_id:02X}""
            
            # 参数ID
            param_group[""参数ID""] = {
                ""原始值"": f""0x{param_id:02X}"",
                ""解析值"": f""{param_id:02X}"",
                ""说明"": param_name
            }
            
            # 参数值长度
            param_group[""参数值长度""] = {
                ""原始值"": f""0x{actual_len:02X}"",
                ""解析值"": str(actual_len),
                ""说明"": f""长度{actual_len}字节""
            }
            
            # 参数值
            if param_data:
                # 尝试解析数值（小端序）
                param_int_val = int.from_bytes(param_data, 'little')
                param_hex = param_data.hex(' ').upper()
                
                # 获取参数值说明
                value_desc = None
                if param_id in PARAM_VALUE_DESC and PARAM_VALUE_DESC[param_id]:
                    value_desc = PARAM_VALUE_DESC[param_id].get(param_int_val, f""未知值({param_int_val})"")
                elif param_id == 0x03:
                    value_desc = f""默认30分钟"" if param_int_val == 30 else f""{param_int_val}分钟""
                
                desc = value_desc if value_desc else f""{param_int_val}""
                
                param_group[""参数值""] = {
                    ""原始值"": param_hex,
                    ""解析值"": str(param_int_val),
                    ""说明"": desc
                }
            else:
                param_group[""参数值""] = {
                    ""原始值"": ""-"",
                    ""解析值"": ""-"",
                    ""说明"": ""无数据""
                }
            
            # 将参数组添加到结果中（使用带序号的键名）
            param_key = f""参数{i+1}""
            result[param_key] = param_group
            
            pos += actual_len
        return result

    def _parse_set_run_params_data(self, data: bytes) -> Dict[str, Any]:
",""
"Function:protocol_parser.py:ProtocolFrameParser._parse_set_run_params_data","_parse_set_run_params_data","protocol_parser.py",3638,3737,false,"        return result

    def _parse_set_run_params_data(self, data: bytes) -> Dict[str, Any]:
        """"""解析配置运行参数（E8 02 04 74）""""""
        if len(data) < 7:
            return {""原始数据"": data.hex().upper(), ""说明"": ""数据长度不足""}
        addr = data[0:6][::-1].hex().upper()
        pos = 6
        result = {
            ""站点MAC地址"": {""原始值"": data[0:6].hex().upper(), ""解析值"": addr}
        }
        if pos >= len(data):
            return result
        param_count = data[pos]
        result[""配置参数总数""] = {""原始值"": f""0x{param_count:02X}"", ""十进制"": param_count}
        pos += 1

        RUN_PARAM_MAP = {
            0x01: (""从节点RF发送功率"", 1),
            0x02: (""从节点PLC发送功率"", 1),
            0x03: (""异常离网锁定时间"", 2),
            0x04: (""RF通道控制开关"", 1),
        }
        
        # 参数值说明映射
        PARAM_VALUE_DESC = {
            0x01: {0: ""自动"", 1: ""功率等级1"", 2: ""功率等级2"", 3: ""功率等级3"", 4: ""功率等级4""},
            0x02: {0: ""自动"", 1: ""功率等级1"", 2: ""功率等级2"", 3: ""功率等级3"", 4: ""功率等级4""},
            0x03: None,  # 时间值，直接使用数值
            0x04: {0: ""关闭"", 1: ""开启""},
        }
        
        for i in range(param_count):
            if pos + 2 > len(data):
                break
            param_id = data[pos]
            pos += 1
            actual_len = data[pos]
            pos += 1
            param_info = RUN_PARAM_MAP.get(param_id, (f""未知参数(0x{param_id:02X})"", 1))
            param_name, param_len = param_info
            param_data = data[pos:pos+actual_len] if pos + actual_len <= len(data) else data[pos:]
            
            # 提前计算参数值，用于参数组的汇总信息
            param_int_val = 0
            if param_data:
                param_int_val = int.from_bytes(param_data, 'little')
            
            # 创建参数组，包含参数ID、长度、值三个子字段
            param_group = {}
            
            # 参数组的汇总信息（用于在表格中显示为一行）
            param_group[""原始值""] = param_data.hex(' ').upper() if param_data else ""-""
            param_group[""解析值""] = f""{param_name}: {param_int_val}"" if param_data else ""-""
            param_group[""说明""] = f""参数ID=0x{param_id:02X}""
            
            # 参数ID
            param_group[""参数ID""] = {
                ""原始值"": f""0x{param_id:02X}"",
                ""解析值"": f""{param_id:02X}"",
                ""说明"": param_name
            }
            
            # 参数值长度
            param_group[""参数值长度""] = {
                ""原始值"": f""0x{actual_len:02X}"",
                ""解析值"": str(actual_len),
                ""说明"": f""长度{actual_len}字节""
            }
            
            # 参数值
            if param_data:
                # 尝试解析数值（小端序）
                param_hex = param_data.hex(' ').upper()
                
                # 获取参数值说明
                value_desc = None
                if param_id in PARAM_VALUE_DESC and PARAM_VALUE_DESC[param_id]:
                    value_desc = PARAM_VALUE_DESC[param_id].get(param_int_val, f""未知值({param_int_val})"")
                elif param_id == 0x03:
                    value_desc = f""默认30分钟"" if param_int_val == 30 else f""{param_int_val}分钟""
                
                desc = value_desc if value_desc else f""{param_int_val}""
                
                param_group[""参数值""] = {
                    ""原始值"": param_hex,
                    ""解析值"": str(param_int_val),
                    ""说明"": desc
                }
            else:
                param_group[""参数值""] = {
                    ""原始值"": ""-"",
                    ""解析值"": ""-"",
                    ""说明"": ""无数据""
                }
            
            # 将参数组添加到结果中（使用带序号的键名）
            param_key = f""参数{i+1}""
            result[param_key] = param_group
            
            pos += actual_len
        return result

    # ==================== PLUZ扩展 - 下行查询参数解析器 ====================
",""
"Function:protocol_parser.py:ProtocolFrameParser._parse_query_slave_realtime_info_data","_parse_query_slave_realtime_info_data","protocol_parser.py",3741,3750,false,"    # ==================== PLUZ扩展 - 下行查询参数解析器 ====================

    def _parse_query_slave_realtime_info_data(self, data: bytes) -> Dict[str, Any]:
        """"""解析查询从节点实时信息下行数据（E8 03 03 61）
        格式：从节点地址(6B BIN)
        """"""
        if len(data) < 6:
            return {""原始数据"": data.hex().upper(), ""说明"": ""数据长度不足""}
        addr = data[0:6][::-1].hex().upper()
        return {
            ""从节点地址"": {""原始值"": data[0:6].hex().upper(), ""解析值"": addr}
        }

    def _parse_query_device_online_status_data(self, data: bytes) -> Dict[str, Any]:
",""
"Function:protocol_parser.py:ProtocolFrameParser._parse_query_device_online_status_data","_parse_query_device_online_status_data","protocol_parser.py",3752,3764,false,"        }

    def _parse_query_device_online_status_data(self, data: bytes) -> Dict[str, Any]:
        """"""解析查询设备在线状态下行数据（E8 03 03 64）
        格式：节点地址(6B BIN) + 请求在线状态类型(1B BIN)
        """"""
        if len(data) < 7:
            return {""原始数据"": data.hex().upper(), ""说明"": ""数据长度不足""}
        addr = data[0:6][::-1].hex().upper()
        req_type = data[6]
        type_map = {0: ""所有节点"", 1: ""在线节点"", 2: ""离线节点""}
        return {
            ""节点地址"": {""原始值"": data[0:6].hex().upper(), ""解析值"": addr},
            ""请求在线状态类型"": {""原始值"": f""0x{req_type:02X}"", ""十进制"": req_type, ""说明"": type_map.get(req_type, f""保留({req_type})"")}
        }

    def _parse_query_network_topology_data(self, data: bytes) -> Dict[str, Any]:
",""
"Function:protocol_parser.py:ProtocolFrameParser._parse_query_network_topology_data","_parse_query_network_topology_data","protocol_parser.py",3766,3775,false,"        }

    def _parse_query_network_topology_data(self, data: bytes) -> Dict[str, Any]:
        """"""解析查询网络拓扑信息下行数据（E8 03 03 65）
        格式：节点地址(6B BIN)
        """"""
        if len(data) < 6:
            return {""原始数据"": data.hex().upper(), ""说明"": ""数据长度不足""}
        addr = data[0:6][::-1].hex().upper()
        return {
            ""节点地址"": {""原始值"": data[0:6].hex().upper(), ""解析值"": addr}
        }

    def _parse_query_slave_detail_info_data(self, data: bytes) -> Dict[str, Any]:
",""
"Function:protocol_parser.py:ProtocolFrameParser._parse_query_slave_detail_info_data","_parse_query_slave_detail_info_data","protocol_parser.py",3777,3786,false,"        }

    def _parse_query_slave_detail_info_data(self, data: bytes) -> Dict[str, Any]:
        """"""解析查询指定从节点信息下行数据（E8 03 03 6E）
        格式：从节点地址(6B BIN)
        """"""
        if len(data) < 6:
            return {""原始数据"": data.hex().upper(), ""说明"": ""数据长度不足""}
        addr = data[0:6][::-1].hex().upper()
        return {
            ""从节点地址"": {""原始值"": data[0:6].hex().upper(), ""解析值"": addr}
        }

    def _parse_query_node_selfcheck_data(self, data: bytes) -> Dict[str, Any]:
",""
"Function:protocol_parser.py:ProtocolFrameParser._parse_query_node_selfcheck_data","_parse_query_node_selfcheck_data","protocol_parser.py",3788,3797,false,"        }

    def _parse_query_node_selfcheck_data(self, data: bytes) -> Dict[str, Any]:
        """"""解析查询节点自检数据下行数据（E8 03 03 70）
        格式：节点地址(6B BIN)
        """"""
        if len(data) < 6:
            return {""原始数据"": data.hex().upper(), ""说明"": ""数据长度不足""}
        addr = data[0:6][::-1].hex().upper()
        return {
            ""节点地址"": {""原始值"": data[0:6].hex().upper(), ""解析值"": addr}
        }

    def _parse_query_run_params_data(self, data: bytes) -> Dict[str, Any]:
",""
"Function:protocol_parser.py:ProtocolFrameParser._parse_query_run_params_data","_parse_query_run_params_data","protocol_parser.py",3799,3833,false,"        }

    def _parse_query_run_params_data(self, data: bytes) -> Dict[str, Any]:
        """"""解析查询运行参数信息下行数据（E8 03 03 74）
        格式：节点地址(6B BIN) + 运行参数总数(1B) + 运行参数ID列表(每个1B)
        """"""
        if len(data) < 7:
            return {""原始数据"": data.hex().upper(), ""说明"": ""数据长度不足""}
        addr = data[0:6][::-1].hex().upper()
        param_count = data[6]
        result = {
            ""节点地址"": {""原始值"": data[0:6].hex().upper(), ""解析值"": addr},
            ""运行参数总数"": {""原始值"": f""0x{param_count:02X}"", ""十进制"": param_count}
        }
        param_ids = []
        RUN_PARAM_MAP = {
            0x01: ""从节点RF发送功率"",
            0x02: ""从节点PLC发送功率"",
            0x03: ""异常离网锁定时间"",
            0x04: ""RF通道控制开关"",
        }
        # 参数ID列表从 byte 7 开始
        for i in range(param_count):
            pos = 7 + i
            if pos >= len(data):
                break
            pid = data[pos]
            param_name = RUN_PARAM_MAP.get(pid, f""未知参数(0x{pid:02X})"")
            param_ids.append({
                ""条目名称"": ""参数ID"",
                ""原始值"": f""0x{pid:02X}"",
                ""解析值"": f""{pid:02X}"",
                ""说明"": param_name
            })
        if param_ids:
            result[""运行参数ID列表""] = param_ids
        return result

    def _parse_query_device_type_data(self, data: bytes) -> Dict[str, Any]:
",""
"Function:protocol_parser.py:ProtocolFrameParser._parse_query_device_type_data","_parse_query_device_type_data","protocol_parser.py",3835,3846,false,"        return result

    def _parse_query_device_type_data(self, data: bytes) -> Dict[str, Any]:
        """"""解析查询设备类型下行数据（E8 03 03 96）
        格式：节点起始序号(2B BIN 小端) + 节点数量(1B BIN)
        """"""
        if len(data) < 3:
            return {""原始数据"": data.hex().upper(), ""说明"": ""数据长度不足""}
        start_seq = int.from_bytes(data[0:2], 'little')
        node_count = data[2]
        return {
            ""节点起始序号"": {""原始值"": data[0:2].hex().upper(), ""十进制"": start_seq},
            ""节点数量"": {""原始值"": f""0x{node_count:02X}"", ""十进制"": node_count}
        }

    def _parse_query_node_channel_info_data(self, data: bytes) -> Dict[str, Any]:
",""
"Function:protocol_parser.py:ProtocolFrameParser._parse_query_node_channel_info_data","_parse_query_node_channel_info_data","protocol_parser.py",3848,3861,false,"        }

    def _parse_query_node_channel_info_data(self, data: bytes) -> Dict[str, Any]:
        """"""解析查询节点信道信息下行数据（E8 03 03 98）
        格式：节点地址(6B BIN) + 周边节点起始序号(2B BIN 小端) + 周边节点数量(1B BIN)
        """"""
        if len(data) < 9:
            return {""原始数据"": data.hex().upper(), ""说明"": ""数据长度不足""}
        addr = data[0:6][::-1].hex().upper()
        neighbor_start = int.from_bytes(data[6:8], 'little')
        neighbor_count = data[8]
        return {
            ""节点地址"": {""原始值"": data[0:6].hex().upper(), ""解析值"": addr},
            ""周边节点起始序号"": {""原始值"": data[6:8].hex().upper(), ""十进制"": neighbor_start},
            ""周边节点数量"": {""原始值"": f""0x{neighbor_count:02X}"", ""十进制"": neighbor_count}
        }

    # ==================== PLUZ扩展 - 其他补充方法 ====================
",""
"Function:protocol_parser.py:ProtocolFrameParser._parse_query_rf_params_data","_parse_query_rf_params_data","protocol_parser.py",3865,3876,false,"    # ==================== PLUZ扩展 - 其他补充方法 ====================

    def _parse_query_rf_params_data(self, data: bytes) -> Dict[str, Any]:
        """"""解析查询无线参数下行数据（E8 00 03 6D）
        格式：空（无数据内容，DI2=0x00表示上下行均用，下行无数据内容）
        """"""
        if len(data) < 2:
            return {""原始数据"": data.hex().upper(), ""说明"": ""数据长度不足""}
        result = {
            ""OPTION"": {""原始值"": f""0x{data[0]:02X}"", ""十进制"": data[0],
                       ""说明"": {0: ""OPTION1"", 1: ""OPTION2"", 2: ""OPTION3""}.get(data[0], f""保留({data[0]})"")},
            ""CHANNEL"": {""原始值"": f""0x{data[1]:02X}"", ""十进制"": data[1]}
        }
        return result

    def _parse_set_rf_params_data(self, data: bytes) -> Dict[str, Any]:
",""
"Function:protocol_parser.py:ProtocolFrameParser._parse_set_rf_params_data","_parse_set_rf_params_data","protocol_parser.py",3878,3880,false,"        return result

    def _parse_set_rf_params_data(self, data: bytes) -> Dict[str, Any]:
        """"""解析设置无线参数（E8 02 04 6D）""""""
        return self._parse_query_rf_params_data(data)

    def _parse_return_device_type_data(self, data: bytes) -> Dict[str, Any]:
",""
"Function:protocol_parser.py:ProtocolFrameParser._parse_return_device_type_data","_parse_return_device_type_data","protocol_parser.py",3882,3910,false,"        return self._parse_query_rf_params_data(data)

    def _parse_return_device_type_data(self, data: bytes) -> Dict[str, Any]:
        """"""解析返回查询设备类型（E8 04 03 96）- 上行""""""
        if len(data) < 5:
            return {""原始数据"": data.hex().upper(), ""说明"": ""数据长度不足""}
        total = int.from_bytes(data[0:2], 'little')
        start_seq = int.from_bytes(data[2:4], 'little')
        node_count = data[4]
        result = {
            ""节点总数量"": {""原始值"": data[0:2].hex().upper(), ""十进制"": total},
            ""节点起始序号"": {""原始值"": data[2:4].hex().upper(), ""十进制"": start_seq},
            ""本次应答的节点数量"": {""原始值"": f""0x{node_count:02X}"", ""十进制"": node_count},
            ""节点列表"": []
        }
        dev_type_map = {0x01: ""抄控器"", 0x02: ""集中器通信模块"", 0x03: ""单相电表通信模块"", 0x04: ""中继器"", 0x07: ""三相电表通信模块""}
        pos = 5
        for i in range(node_count):
            if pos + 11 > len(data):
                break
            addr = data[pos:pos+6][::-1].hex().upper()
            dev_type = data[pos+6]
            offline_time = int.from_bytes(data[pos+7:pos+11], 'little')
            result[""节点列表""].append({
                ""序号"": start_seq + i,
                ""节点地址"": {""原始值"": data[pos:pos+6].hex().upper(), ""解析值"": addr},
                ""设备类型"": {""原始值"": f""0x{dev_type:02X}"", ""说明"": dev_type_map.get(dev_type, f""保留({dev_type})"")},
                ""离线时长"": {""原始值"": data[pos+7:pos+11].hex().upper(), ""十进制"": offline_time, ""单位"": ""秒""}
            })
            pos += 11
        return result

    def _parse_return_node_channel_info_data(self, data: bytes) -> Dict[str, Any]:
",""
"Function:protocol_parser.py:ProtocolFrameParser._parse_return_node_channel_info_data","_parse_return_node_channel_info_data","protocol_parser.py",3912,3941,false,"        return result

    def _parse_return_node_channel_info_data(self, data: bytes) -> Dict[str, Any]:
        """"""解析返回查询节点信道信息（E8 04 03 98）- 上行""""""
        if len(data) < 13:
            return {""原始数据"": data.hex().upper(), ""说明"": ""数据长度不足""}
        addr = data[0:6][::-1].hex().upper()
        tei = int.from_bytes(data[6:8], 'little')
        proxy_tei = int.from_bytes(data[8:10], 'little')
        total_neighbors = int.from_bytes(data[10:12], 'little')
        node_count = data[12]
        result = {
            ""本节点地址"": {""原始值"": data[0:6].hex().upper(), ""解析值"": addr},
            ""本节点标识(TEI)"": {""原始值"": data[6:8].hex().upper(), ""十进制"": tei},
            ""代理节点标识(TEI)"": {""原始值"": data[8:10].hex().upper(), ""十进制"": proxy_tei},
            ""周边节点总数"": {""原始值"": data[10:12].hex().upper(), ""十进制"": total_neighbors},
            ""本次应答的周边节点数量"": {""原始值"": f""0x{node_count:02X}"", ""十进制"": node_count},
            ""周边节点列表"": []
        }
        pos = 13
        for i in range(node_count):
            if pos + 3 > len(data):
                break
            neighbor_tei = int.from_bytes(data[pos:pos+2], 'little')
            neighbor_lqi = data[pos+2]
            result[""周边节点列表""].append({
                ""序号"": i,
                ""邻居节点标识(TEI)"": {""原始值"": data[pos:pos+2].hex().upper(), ""十进制"": neighbor_tei},
                ""链路质量指示(LQI)"": {""原始值"": f""0x{neighbor_lqi:02X}"", ""十进制"": neighbor_lqi}
            })
            pos += 3
        return result

    def _parse_set_whitelist_data(self, data: bytes) -> Dict[str, Any]:
",""
"Function:protocol_parser.py:ProtocolFrameParser._parse_set_whitelist_data","_parse_set_whitelist_data","protocol_parser.py",3943,3955,false,"        return result

    def _parse_set_whitelist_data(self, data: bytes) -> Dict[str, Any]:
        """"""解析允许/禁止白名单功能（E8 02 04 93）
        格式：站点MAC地址(6B BIN) + 允许/禁止标识(1B BIN)
        """"""
        if len(data) < 7:
            return {""原始数据"": data.hex().upper(), ""说明"": ""数据长度不足""}
        addr = data[0:6][::-1].hex().upper()
        enable = data[6]
        enable_map = {0: ""禁止白名单"", 1: ""允许白名单""}
        return {
            ""站点MAC地址"": {""原始值"": data[0:6].hex().upper(), ""解析值"": addr},
            ""白名单使能"": {""原始值"": f""0x{enable:02X}"", ""十进制"": enable, ""说明"": enable_map.get(enable, f""保留({enable})"")}
        }

    def _parse_reboot_node_data(self, data: bytes) -> Dict[str, Any]:
",""
"Function:protocol_parser.py:ProtocolFrameParser._parse_reboot_node_data","_parse_reboot_node_data","protocol_parser.py",3957,3966,false,"        }

    def _parse_reboot_node_data(self, data: bytes) -> Dict[str, Any]:
        """"""解析重启节点（E8 02 04 F0）
        格式：节点地址(6B BIN)
        """"""
        if len(data) < 6:
            return {""原始数据"": data.hex().upper(), ""说明"": ""数据长度不足""}
        addr = data[0:6][::-1].hex().upper()
        return {
            ""节点地址"": {""原始值"": data[0:6].hex().upper(), ""解析值"": addr}
        }

    def _calculate_checksum(self, data: bytes) -> int:
",""
"Function:protocol_parser.py:ProtocolFrameParser._calculate_checksum","_calculate_checksum","protocol_parser.py",3968,3970,false,"        }

    def _calculate_checksum(self, data: bytes) -> int:
        """"""计算校验和""""""
        return sum(data) & 0xFF

    def verify(self, frame_bytes: bytes):
",""
"Function:protocol_parser.py:ProtocolFrameParser.verify","verify","protocol_parser.py",3972,3976,true,"        return sum(data) & 0xFF

    def verify(self, frame_bytes: bytes):
        """"""验证帧的协议一致性，返回 ValidationResult""""""
        from validator.nw_validator import NWValidator
        validator = NWValidator()
        return validator.verify(frame_bytes)


",""
"Function:preset_buttons.py:_get_path","_get_path","preset_buttons.py",30,31,false,"

def _get_path(protocol: str) -> Path:
    return NW_COMMAND_PATH if protocol == ""south"" else GW_COMMAND_PATH


",""
"Function:preset_buttons.py:PresetButtonManager.load_commands","load_commands","preset_buttons.py",38,49,true,"
    @staticmethod
    def load_commands(protocol: str, path: Optional[Path] = None) -> List[Dict[str, Any]]:
        if path is None:
            path = _get_path(protocol)
        if not path.exists():
            return []
        try:
            with open(path, ""r"", encoding=""utf-8"") as f:
                data = json.load(f)
                return data.get(""commands"", [])
        except (json.JSONDecodeError, OSError) as e:
            print(f""加载 {path.name} 失败: {e}"")
            return []

    @staticmethod
",""
"Function:preset_buttons.py:PresetButtonManager.save_commands","save_commands","preset_buttons.py",52,61,true,"
    @staticmethod
    def save_commands(protocol: str, commands: List[Dict[str, Any]], path: Optional[Path] = None) -> bool:
        if path is None:
            path = _get_path(protocol)
        try:
            with open(path, ""w"", encoding=""utf-8"") as f:
                json.dump({""commands"": commands}, f, ensure_ascii=False, indent=2)
            return True
        except OSError as e:
            print(f""保存 {path.name} 失败: {e}"")
            return False

    @staticmethod
",""
"Function:preset_buttons.py:PresetButtonManager.add_command","add_command","preset_buttons.py",64,69,true,"
    @staticmethod
    def add_command(protocol: str, cmd: Dict[str, Any], path: Optional[Path] = None) -> bool:
        commands = PresetButtonManager.load_commands(protocol, path)
        if ""id"" not in cmd:
            cmd[""id""] = str(uuid.uuid4())[:8]
        commands.append(cmd)
        return PresetButtonManager.save_commands(protocol, commands, path)

    @staticmethod
",""
"Function:preset_buttons.py:PresetButtonManager.remove_command","remove_command","preset_buttons.py",72,75,true,"
    @staticmethod
    def remove_command(protocol: str, cmd_id: str, path: Optional[Path] = None) -> bool:
        commands = PresetButtonManager.load_commands(protocol, path)
        commands = [c for c in commands if c.get(""id"") != cmd_id]
        return PresetButtonManager.save_commands(protocol, commands, path)

    @staticmethod
",""
"Function:preset_buttons.py:PresetButtonManager.update_command","update_command","preset_buttons.py",78,84,true,"
    @staticmethod
    def update_command(protocol: str, cmd_id: str, new_data: Dict[str, Any], path: Optional[Path] = None) -> bool:
        commands = PresetButtonManager.load_commands(protocol, path)
        for c in commands:
            if c.get(""id"") == cmd_id:
                c.update(new_data)
                break
        return PresetButtonManager.save_commands(protocol, commands, path)


",""
"Function:preset_buttons.py:AddPresetDialog.__init__","__init__","preset_buttons.py",90,97,false,"    """"""添加预设按钮对话框""""""

    def __init__(self, frame_hex: str, protocol: str, parent=None):
        super().__init__(parent)
        self.setWindowTitle(""添加命令到预设按钮"")
        self.setMinimumWidth(400)
        self._frame_hex = frame_hex
        self._protocol = protocol
        self._result: Optional[Dict[str, Any]] = None
        self.setup_ui()

    def setup_ui(self):
",""
"Function:preset_buttons.py:AddPresetDialog.setup_ui","setup_ui","preset_buttons.py",99,159,true,"        self.setup_ui()

    def setup_ui(self):
        layout = QVBoxLayout(self)
        layout.setSpacing(6)

        # 协议显示
        proto_label = QLabel(
            f""协议: {'南网协议' if self._protocol == 'south' else '国网协议'}""
        )
        proto_label.setStyleSheet(""font-weight: bold; color: #2196F3;"")
        layout.addWidget(proto_label)

        # 按钮名称
        layout.addWidget(QLabel(""按钮名称:""))
        self.name_input = QLineEdit()
        self.name_input.setPlaceholderText(""如：查询厂商代码"")
        layout.addWidget(self.name_input)

        # 分组名称（支持下拉选择已有分组 + 手动输入新分组）
        layout.addWidget(QLabel(""分组名称:""))
        self.group_combo = QComboBox()
        self.group_combo.setEditable(True)
        existing_groups = self._load_existing_groups()
        self.group_combo.addItem(""常用查询"")
        self.group_combo.addItem(""常用设置"")
        self.group_combo.addItem(""测试命令"")
        for g in existing_groups:
            if g not in (""常用查询"", ""常用设置"", ""测试命令""):
                self.group_combo.addItem(g)
        layout.addWidget(self.group_combo)

        # 功能描述
        layout.addWidget(QLabel(""功能描述:""))
        self.desc_input = QTextEdit()
        self.desc_input.setPlaceholderText(""简要描述该命令的用途..."")
        self.desc_input.setMaximumHeight(80)
        layout.addWidget(self.desc_input)

        # 报文预览（只读）
        layout.addWidget(QLabel(""报文内容:""))
        self.frame_preview = QTextEdit()
        self.frame_preview.setPlainText(self._frame_hex)
        self.frame_preview.setReadOnly(True)
        self.frame_preview.setMaximumHeight(60)
        layout.addWidget(self.frame_preview)

        # 按钮
        btn_layout = QHBoxLayout()
        btn_layout.addStretch()
        ok_btn = QPushButton(""确定"")
        ok_btn.setStyleSheet(
            ""QPushButton { background-color: #4CAF50; color: white; ""
            ""border-radius: 4px; padding: 4px 16px; font-weight: bold; }""
        )
        ok_btn.clicked.connect(self._on_ok)
        cancel_btn = QPushButton(""取消"")
        cancel_btn.clicked.connect(self.reject)
        btn_layout.addWidget(ok_btn)
        btn_layout.addWidget(cancel_btn)
        layout.addLayout(btn_layout)

        apply_chinese_context_menus(self)

    def _load_existing_groups(self) -> List[str]:
",""
"Function:preset_buttons.py:AddPresetDialog._load_existing_groups","_load_existing_groups","preset_buttons.py",161,166,false,"        apply_chinese_context_menus(self)

    def _load_existing_groups(self) -> List[str]:
        commands = PresetButtonManager.load_commands(self._protocol)
        groups = set()
        for c in commands:
            groups.add(c.get(""group_name"", ""默认分组""))
        return sorted(groups)

    def _on_ok(self):
",""
"Function:preset_buttons.py:AddPresetDialog._on_ok","_on_ok","preset_buttons.py",168,183,false,"        return sorted(groups)

    def _on_ok(self):
        name = self.name_input.text().strip()
        if not name:
            QMessageBox.warning(self, ""提示"", ""请输入按钮名称！"")
            return
        group = self.group_combo.currentText().strip() or ""默认分组""
        desc = self.desc_input.toPlainText().strip()

        self._result = {
            ""protocol"": self._protocol,
            ""button_name"": name,
            ""group_name"": group,
            ""frame_hex"": self._frame_hex,
            ""description"": desc,
        }
        self.accept()

    def get_result(self) -> Optional[Dict[str, Any]]:
",""
"Function:preset_buttons.py:AddPresetDialog.get_result","get_result","preset_buttons.py",185,186,true,"        self.accept()

    def get_result(self) -> Optional[Dict[str, Any]]:
        return self._result


",""
"Function:preset_buttons.py:PresetButtonWidget.__init__","__init__","preset_buttons.py",196,205,false,"    button_deleted = Signal(str)

    def __init__(self, protocol: str = ""south"", parent=None,
                 nw_path: Optional[Path] = None, gw_path: Optional[Path] = None):
        super().__init__(parent)
        self._protocol = protocol  # ""south"" 或 ""gdw""
        self._nw_path = nw_path
        self._gw_path = gw_path
        self._group_boxes: Dict[str, QGroupBox] = {}
        self._buttons: Dict[str, QPushButton] = {}
        self.setup_ui()
        self.load_buttons()

    def set_protocol(self, protocol: str):
",""
"Function:preset_buttons.py:PresetButtonWidget.set_protocol","set_protocol","preset_buttons.py",207,212,true,"        self.load_buttons()

    def set_protocol(self, protocol: str):
        """"""切换当前显示的协议预设""""""
        if protocol in (""south"", ""gdw"") and protocol != self._protocol:
            self._protocol = protocol
            self.load_buttons()
            self.log_text.append(f""[系统] 已切换至 {'南网' if protocol == 'south' else '国网'}预设命令"")

    def setup_ui(self):
",""
"Function:preset_buttons.py:PresetButtonWidget.setup_ui","setup_ui","preset_buttons.py",214,266,true,"            self.log_text.append(f""[系统] 已切换至 {'南网' if protocol == 'south' else '国网'}预设命令"")

    def setup_ui(self):
        main_layout = QVBoxLayout(self)
        main_layout.setSpacing(6)
        main_layout.setContentsMargins(6, 6, 6, 6)

        # 顶部说明
        hint = QLabel(
            ""预设命令：点击按钮可快速发送报文。右键点击按钮可删除。""
        )
        hint.setStyleSheet(""color: #666; font-size: 12px;"")
        hint.setWordWrap(True)
        main_layout.addWidget(hint)

        # 搜索过滤
        search_layout = QHBoxLayout()
        search_layout.addWidget(QLabel(""搜索:""))
        self.search_input = QLineEdit()
        self.search_input.setPlaceholderText(""输入按钮名称或分组名称过滤..."")
        self.search_input.textChanged.connect(self._filter_buttons)
        search_layout.addWidget(self.search_input)
        main_layout.addLayout(search_layout)

        # 统计
        self.stats_label = QLabel(""共 0 个预设命令"")
        self.stats_label.setStyleSheet(""color: #999; font-size: 11px;"")
        main_layout.addWidget(self.stats_label)

        # 滚动区域（按钮分组）
        scroll = QScrollArea()
        scroll.setWidgetResizable(True)
        self.scroll_content = QWidget()
        self.scroll_layout = QVBoxLayout(self.scroll_content)
        self.scroll_layout.setAlignment(Qt.AlignTop)
        self.scroll_layout.setSpacing(6)
        scroll.setWidget(self.scroll_content)
        main_layout.addWidget(scroll, 1)

        # ---- 底部日志区域 ----
        log_group = QGroupBox(""串口日志"")
        log_layout = QVBoxLayout(log_group)
        log_layout.setContentsMargins(6, 4, 6, 4)
        log_layout.setSpacing(4)
        self.log_text = QTextEdit()
        self.log_text.setReadOnly(True)
        self.log_text.setMaximumHeight(120)
        self.log_text.setFont(QFont(""Consolas"", 9))
        self.log_text.setPlaceholderText(""点击预设按钮后，串口收发记录将显示在这里..."")
        self.log_text.setContextMenuPolicy(Qt.CustomContextMenu)
        self.log_text.customContextMenuRequested.connect(self._on_log_context_menu)
        log_layout.addWidget(self.log_text)
        main_layout.addWidget(log_group)

        apply_chinese_context_menus(self)

    def _get_path(self) -> Optional[Path]:
",""
"Function:preset_buttons.py:PresetButtonWidget._get_path","_get_path","preset_buttons.py",268,270,false,"        apply_chinese_context_menus(self)

    def _get_path(self) -> Optional[Path]:
        """"""获取当前协议对应的配置路径""""""
        return self._nw_path if self._protocol == ""south"" else self._gw_path

    def set_file_paths(self, nw_path: Optional[Path] = None, gw_path: Optional[Path] = None):
",""
"Function:preset_buttons.py:PresetButtonWidget.set_file_paths","set_file_paths","preset_buttons.py",272,276,true,"        return self._nw_path if self._protocol == ""south"" else self._gw_path

    def set_file_paths(self, nw_path: Optional[Path] = None, gw_path: Optional[Path] = None):
        """"""动态更新配置文件路径并刷新""""""
        self._nw_path = nw_path
        self._gw_path = gw_path
        self.load_buttons()

    def load_buttons(self):
",""
"Function:preset_buttons.py:PresetButtonWidget.load_buttons","load_buttons","preset_buttons.py",278,283,true,"        self.load_buttons()

    def load_buttons(self):
        """"""从对应协议 JSON 加载并重新生成全部按钮""""""
        self._clear_all()
        commands = PresetButtonManager.load_commands(self._protocol, self._get_path())
        self._build_buttons(commands)
        self.stats_label.setText(f""共 {len(commands)} 个预设命令"")

    def _clear_all(self):
",""
"Function:preset_buttons.py:PresetButtonWidget._clear_all","_clear_all","preset_buttons.py",285,293,false,"        self.stats_label.setText(f""共 {len(commands)} 个预设命令"")

    def _clear_all(self):
        """"""清空所有分组控件（保留 scroll_layout 的 stretch）""""""
        self._group_boxes.clear()
        self._buttons.clear()
        while self.scroll_layout.count():
            item = self.scroll_layout.takeAt(0)
            w = item.widget()
            if w:
                w.deleteLater()

    def _build_buttons(self, commands: List[Dict[str, Any]]):
",""
"Function:preset_buttons.py:PresetButtonWidget._build_buttons","_build_buttons","preset_buttons.py",295,342,false,"                w.deleteLater()

    def _build_buttons(self, commands: List[Dict[str, Any]]):
        """"""按 group_name 分组构建按钮，水平排列、自适应宽度""""""
        groups: Dict[str, List[Dict[str, Any]]] = {}
        for cmd in commands:
            group = cmd.get(""group_name"", ""默认分组"")
            groups.setdefault(group, []).append(cmd)

        for group_name in sorted(groups.keys()):
            cmds = groups[group_name]
            group_box = QGroupBox(group_name)
            group_box.setStyleSheet(
                ""QGroupBox { font-weight: bold; color: #333; }""
            )
            row_layout = QHBoxLayout(group_box)
            row_layout.setSpacing(6)
            row_layout.setContentsMargins(6, 6, 6, 4)
            row_layout.setAlignment(Qt.AlignLeft | Qt.AlignTop)

            for cmd in cmds:
                btn = QPushButton(cmd.get(""button_name"", ""未命名""))
                tooltip_lines = [cmd.get(""description"", """")]
                if cmd.get(""frame_hex""):
                    tooltip_lines.append(f""\n报文: {cmd['frame_hex']}"")
                btn.setToolTip(""\n"".join(tooltip_lines))
                btn.setMinimumHeight(28)
                # 不设置固定宽度，让按钮根据文字自适应
                btn.setStyleSheet(
                    ""QPushButton { background-color: #2196F3; color: white; ""
                    ""border-radius: 4px; padding: 3px 10px; font-weight: bold; }""
                    ""QPushButton:hover { background-color: #1976D2; }""
                    ""QPushButton:pressed { background-color: #0D47A1; }""
                )
                btn.clicked.connect(
                    lambda checked=False, c=cmd: self._on_button_clicked(c)
                )
                # 右键删除菜单
                btn.setContextMenuPolicy(Qt.CustomContextMenu)
                btn.customContextMenuRequested.connect(
                    lambda pos, c=cmd, b=btn: self._show_context_menu(c, b)
                )
                self._buttons[cmd.get(""id"", """")] = btn
                row_layout.addWidget(btn)

            row_layout.addStretch()
            self._group_boxes[group_name] = group_box
            self.scroll_layout.addWidget(group_box)

        self.scroll_layout.addStretch()

    def _on_button_clicked(self, cmd: Dict[str, Any]):
",""
"Function:preset_buttons.py:PresetButtonWidget._on_button_clicked","_on_button_clicked","preset_buttons.py",344,364,false,"        self.scroll_layout.addStretch()

    def _on_button_clicked(self, cmd: Dict[str, Any]):
        """"""按钮点击：发出信号，并在日志区记录""""""
        protocol = cmd.get(""protocol"", ""south"")
        frame_hex = cmd.get(""frame_hex"", """")
        btn_name = cmd.get(""button_name"", ""未命名"")
        group_name = cmd.get(""group_name"", ""默认分组"")

        self.button_clicked.emit(
            protocol, frame_hex, cmd.get(""config"", {}),
        )

        # 日志输出
        proto_display = ""南网"" if protocol == ""south"" else ""国网""
        log_line = (
            f""[{self._current_time()}] [{proto_display}] [{group_name}] ""
            f""{btn_name}  ->  {frame_hex}""
        )
        self.log_text.append(log_line)
        self._trim_log(self.log_text)
        scrollbar = self.log_text.verticalScrollBar()
        scrollbar.setValue(scrollbar.maximum())

    def set_serial_worker(self, worker):
",""
"Function:preset_buttons.py:PresetButtonWidget.set_serial_worker","set_serial_worker","preset_buttons.py",366,371,true,"        scrollbar.setValue(scrollbar.maximum())

    def set_serial_worker(self, worker):
        """"""绑定串口工作线程，接收收发日志和帧数据""""""
        self._serial_worker = worker
        if worker:
            worker.log_message.connect(self._on_serial_log)
            worker.frame_received.connect(self._on_serial_frame_received)

    def _on_serial_log(self, msg: str):
",""
"Function:preset_buttons.py:PresetButtonWidget._on_serial_log","_on_serial_log","preset_buttons.py",373,379,false,"            worker.frame_received.connect(self._on_serial_frame_received)

    def _on_serial_log(self, msg: str):
        """"""串口日志（发送/接收原始字节）""""""
        ts = datetime.now().strftime(""%H:%M:%S"")
        self.log_text.append(f""[{ts}] {msg}"")
        self._trim_log(self.log_text)
        scrollbar = self.log_text.verticalScrollBar()
        scrollbar.setValue(scrollbar.maximum())

    def _on_serial_frame_received(self, frame: bytes):
",""
"Function:preset_buttons.py:PresetButtonWidget._on_serial_frame_received","_on_serial_frame_received","preset_buttons.py",381,410,false,"        scrollbar.setValue(scrollbar.maximum())

    def _on_serial_frame_received(self, frame: bytes):
        """"""收到完整帧后，在日志中追加简要解析""""""
        from protocol_parser import ProtocolFrameParser
        from gdw10376_parser import GDW10376Parser
        try:
            if self._protocol == ""south"":
                parser = ProtocolFrameParser()
                table_data = parser.parse_to_table(frame)
                key_fields = (""应用功能码 (AFN)"", ""数据标识 (DI)"", ""传输方向"")
            else:
                parser = GDW10376Parser()
                table_data = parser.parse_to_table(frame)
                key_fields = (""应用功能码(AFN)"", ""数据单元标识(DT)"", ""传输方向"")
            summary_parts = []
            for item in table_data:
                field_name = item[0].strip()
                if field_name in key_fields:
                    parsed = str(item[2]) if item[2] else str(item[3])
                    summary_parts.append(f""{field_name}: {parsed}"")
            if summary_parts:
                ts = datetime.now().strftime(""%H:%M:%S"")
                self.log_text.append(f""[{ts}] [解析] {' | '.join(summary_parts)}"")
            else:
                ts = datetime.now().strftime(""%H:%M:%S"")
                self.log_text.append(f""[{ts}] [解析] 帧结构识别成功"")
        except Exception as e:
            ts = datetime.now().strftime(""%H:%M:%S"")
            self.log_text.append(f""[{ts}] [解析失败] {e}"")
        scrollbar = self.log_text.verticalScrollBar()
        scrollbar.setValue(scrollbar.maximum())

    @staticmethod
",""
"Function:preset_buttons.py:PresetButtonWidget._current_time","_current_time","preset_buttons.py",413,414,false,"
    @staticmethod
    def _current_time() -> str:
        return datetime.now().strftime(""%H:%M:%S"")

    def _on_log_context_menu(self, pos):
",""
"Function:preset_buttons.py:PresetButtonWidget._on_log_context_menu","_on_log_context_menu","preset_buttons.py",416,428,false,"        return datetime.now().strftime(""%H:%M:%S"")

    def _on_log_context_menu(self, pos):
        """"""日志区域右键菜单""""""
        menu = QMenu(self)
        clear_action = menu.addAction(""清空日志"")
        copy_action = menu.addAction(""复制选中内容"")
        select_all_action = menu.addAction(""全选"")
        action = menu.exec(self.log_text.mapToGlobal(pos))
        if action == clear_action:
            self.log_text.clear()
        elif action == copy_action:
            self.log_text.copy()
        elif action == select_all_action:
            self.log_text.selectAll()

    @staticmethod
",""
"Function:preset_buttons.py:PresetButtonWidget._trim_log","_trim_log","preset_buttons.py",431,438,false,"
    @staticmethod
    def _trim_log(log_widget: QTextEdit, max_lines: int = 500):
        """"""当日志超过max_lines行时，自动删除最早的行""""""
        doc = log_widget.document()
        if doc.blockCount() > max_lines:
            cursor = log_widget.textCursor()
            cursor.movePosition(cursor.MoveOperation.Start)
            cursor.movePosition(cursor.MoveOperation.Down, cursor.MoveMode.KeepAnchor, doc.blockCount() - max_lines)
            cursor.removeSelectedText()

    def _show_context_menu(self, cmd: Dict[str, Any], btn: QPushButton):
",""
"Function:preset_buttons.py:PresetButtonWidget._show_context_menu","_show_context_menu","preset_buttons.py",440,455,false,"            cursor.removeSelectedText()

    def _show_context_menu(self, cmd: Dict[str, Any], btn: QPushButton):
        """"""右键菜单：删除预设""""""
        menu = QMenu(self)
        delete_action = menu.addAction(""删除此预设"")
        action = menu.exec(btn.mapToGlobal(btn.rect().center()))
        if action == delete_action:
            reply = QMessageBox.question(
                self,
                ""确认删除"",
                f""确定删除预设按钮 '{cmd.get('button_name')}' 吗？"",
                QMessageBox.Yes | QMessageBox.No,
            )
            if reply == QMessageBox.Yes:
                PresetButtonManager.remove_command(self._protocol, cmd.get(""id""), self._get_path())
                self.load_buttons()
                self.button_deleted.emit(cmd.get(""id"", """"))

    def _filter_buttons(self, text: str):
",""
"Function:preset_buttons.py:PresetButtonWidget._filter_buttons","_filter_buttons","preset_buttons.py",457,487,false,"                self.button_deleted.emit(cmd.get(""id"", """"))

    def _filter_buttons(self, text: str):
        """"""根据输入文本过滤按钮和分组可见性""""""
        keyword = text.strip().lower()
        total_visible = 0

        for group_name, group_box in self._group_boxes.items():
            group_match = keyword in group_name.lower()
            hbox = group_box.layout()
            group_has_visible = False

            for i in range(hbox.count()):
                item = hbox.itemAt(i)
                if item is None:
                    continue
                btn = item.widget()
                if not isinstance(btn, QPushButton):
                    continue
                btn_match = keyword in btn.text().lower()
                visible = not keyword or group_match or btn_match
                btn.setVisible(visible)
                if visible:
                    group_has_visible = True
                    total_visible += 1

            group_box.setVisible(group_has_visible)

        self.stats_label.setText(
            f""显示 {total_visible} / {len(self._buttons)} 个预设命令""
            if keyword
            else f""共 {len(self._buttons)} 个预设命令""
        )

    def refresh(self):
",""
"Function:preset_buttons.py:PresetButtonWidget.refresh","refresh","preset_buttons.py",489,491,true,"        )

    def refresh(self):
        """"""外部调用刷新按钮列表""""""
        self.load_buttons()
",""
"Function:plc_rf_parser.py:PLCRFProtocolParser.__init__","__init__","plc_rf_parser.py",86,87,false,"    }

    def __init__(self):
        self.dlms_parser = DLMSParser()

    # CRC16查找表（与4.md文档中的C代码一致）
",""
"Function:plc_rf_parser.py:PLCRFProtocolParser.calculate_crc16","calculate_crc16","plc_rf_parser.py",125,138,true,"    ]

    def calculate_crc16(self, data: bytes) -> int:
        """"""计算CRC16校验值（使用查表法，与4.md文档C代码一致）
        
        根据4.md文档附录A定义：
        - 计算范围：从Length（包含）到UserData（包含）之间的数据
        - 存储格式：CRC16采用小端格式（Little-Endian）
        - 初始值：0xFFFF
        - 最终异或值：0xFFFF
        - 多项式：CRC-CCITT (0x1021) 查表实现
        """"""
        fcs = 0xFFFF
        for byte in data:
            fcs = ((fcs >> 8) ^ self.CRC16_TABLE[(fcs ^ byte) & 0xFF]) & 0xFFFF
        return fcs ^ 0xFFFF
    
    def verify_crc(self, frame_bytes: bytes) -> tuple:
",""
"Function:plc_rf_parser.py:PLCRFProtocolParser.verify_crc","verify_crc","plc_rf_parser.py",140,167,true,"        return fcs ^ 0xFFFF
    
    def verify_crc(self, frame_bytes: bytes) -> tuple:
        """"""验证CRC16校验，返回(接收值, 计算值, 是否匹配)
        
        根据4.md文档定义：
        - CRC16计算范围：从Length（包含）到UserData（包含）
        - CRC16存储格式：小端格式（Little-Endian）
        - 备注：整个数据帧除CRC16采用小端传输外，其余数据均采用大端传输
        """"""
        if len(frame_bytes) < 8:
            return None, None, False
        
        # 解析长度域（大端序）
        length_val = struct.unpack('>H', frame_bytes[1:3])[0]
        
        # CRC16位置：Start(1) + Length(2) + length_val - CRC16自身(2)
        crc_pos = 3 + length_val - 2
        
        if crc_pos + 2 > len(frame_bytes):
            return None, None, False
        
        # 读取CRC16（小端序）
        crc_received = struct.unpack('<H', frame_bytes[crc_pos:crc_pos + 2])[0]
        
        # 计算CRC16：从Length（索引1）到UserData结束（索引crc_pos）
        crc_data = frame_bytes[1:crc_pos]
        crc_calculated = self.calculate_crc16(crc_data)
        
        return crc_received, crc_calculated, crc_received == crc_calculated

    def parse_to_table(self, frame_bytes: bytes) -> list:
",""
"Function:plc_rf_parser.py:PLCRFProtocolParser.parse_to_table","parse_to_table","plc_rf_parser.py",169,229,true,"        return crc_received, crc_calculated, crc_received == crc_calculated

    def parse_to_table(self, frame_bytes: bytes) -> list:
        """"""解析为表格数据格式

        返回：[(字段名，原始值，解析值，说明, byte_start, byte_end), ...]
        """"""
        table_data = []

        try:
            result = self.parse(frame_bytes)
            if result.get(""解析状态"") != ""成功"":
                table_data.append((""错误"", ""-"", ""-"", result.get(""错误信息"", ""未知错误""), None, None))
                return table_data

            # 帧头
            self._add_field(table_data, ""起始字符"", ""0x02"", ""0x02"", ""帧起始标志"", 0, 0)

            # 长度域
            length_raw = result[""长度域""][""原始值""]
            length_val = result[""长度域""][""长度值""]
            self._add_field(table_data, ""长度域"", length_raw, str(length_val), ""大端序，从Control到CRC16的字节数"", 1, 2)

            # 控制域
            ctrl_raw = result[""控制域""][""原始值""]
            ctrl_desc = result[""控制域""][""说明""]
            self._add_field(table_data, ""控制域"", ctrl_raw, """", ctrl_desc, 3, 3)
            # 提取控制域字节值
            control_byte = int(ctrl_raw, 16)

            # 命令字
            cmd_raw = result[""命令字""][""原始值""]
            cmd_name = result[""命令字""][""名称""]
            self._add_field(table_data, ""命令字"", cmd_raw, f""0x{result['命令字']['命令值']:04X}"", cmd_name, 4, 5)

            # 用户数据区
            user_data_offset = 6
            user_data = result.get(""用户数据区"", {})
            if user_data:
                # 计算用户数据区范围: 从Command(4,5)之后到CRC16之前
                # CRC16位置 = 3 + length - 2
                crc_pos = 3 + result[""长度域""][""长度值""] - 2
                user_data_end = crc_pos - 1
                self._add_field(table_data, ""用户数据区"", """", """", """", user_data_offset, user_data_end)

                # 解析具体数据内容（传入控制域）
                self._parse_user_data_to_table(result[""命令字""][""命令值""], user_data, table_data, user_data_offset, control_byte)

            # CRC16
            # Length域指的是从Control到CRC16（包含）的字节数
            crc_pos = 3 + result[""长度域""][""长度值""] - 2
            if ""校验和"" in result:
                crc_raw = result[""校验和""][""校验值""]
                crc_calc = result[""校验和""][""计算值""]
                crc_result = result[""校验和""][""校验结果""]
                self._add_field(table_data, ""CRC16"", crc_raw, crc_calc, crc_result, crc_pos, crc_pos + 1)
            else:
                self._add_field(table_data, ""CRC16"", ""-"", ""-"", ""未计算"", crc_pos, crc_pos + 1)

        except Exception as e:
            table_data.append((""解析错误"", ""-"", ""-"", str(e), None, None))

        return table_data

    def _add_field(self, table_data: list, field_name: str, raw_value: str, parsed_value: str,
",""
"Function:plc_rf_parser.py:PLCRFProtocolParser._add_field","_add_field","plc_rf_parser.py",231,237,false,"        return table_data

    def _add_field(self, table_data: list, field_name: str, raw_value: str, parsed_value: str,
                   comment: str, byte_start: Optional[int] = None, byte_end: Optional[int] = None,
                   is_child: bool = False):
        """"""添加字段到表格""""""
        prefix = ""  "" if is_child else """"
        full_name = f""{prefix}{field_name}""
        table_data.append((full_name, raw_value, parsed_value, comment, byte_start, byte_end))

    def _parse_ascii_string(self, data: bytes) -> str:
",""
"Function:plc_rf_parser.py:PLCRFProtocolParser._parse_ascii_string","_parse_ascii_string","plc_rf_parser.py",239,248,false,"        table_data.append((full_name, raw_value, parsed_value, comment, byte_start, byte_end))

    def _parse_ascii_string(self, data: bytes) -> str:
        """"""解析ASCII字符串（去掉填充的0x00）""""""
        try:
            # 找到第一个0x00的位置
            null_pos = data.find(b'\x00')
            if null_pos >= 0:
                return data[:null_pos].decode('ascii', errors='replace')
            return data.decode('ascii', errors='replace')
        except:
            return data.hex(' ').upper()
    
    def _parse_ipv6_address(self, data: bytes) -> str:
",""
"Function:plc_rf_parser.py:PLCRFProtocolParser._parse_ipv6_address","_parse_ipv6_address","plc_rf_parser.py",250,267,false,"            return data.hex(' ').upper()
    
    def _parse_ipv6_address(self, data: bytes) -> str:
        """"""解析IPv6地址（46字节格式）
        
        根据示例：[fe80:0:0:781d:ff:fe00:0]:61616
        数据结构：IPv6地址(39字节ASCII) + 端口号(2字节大端序) + 填充(5字节0x00)
        """"""
        try:
            # IPv6地址部分是ASCII格式，查找第一个0x00
            null_pos = data.find(b'\x00')
            if null_pos > 0:
                # 前null_pos字节是IPv6地址字符串
                ipv6_str = data[:null_pos].decode('ascii', errors='replace')
                return ipv6_str
            
            # 如果没有找到0x00，直接返回hex
            return data.hex(' ').upper()
        except:
            return data.hex(' ').upper()

    def _parse_user_data_to_table(self, command: int, user_data: dict, table_data: list, offset: int, control_byte: int = 0):
",""
"Function:plc_rf_parser.py:PLCRFProtocolParser._parse_user_data_to_table","_parse_user_data_to_table","plc_rf_parser.py",269,428,false,"            return data.hex(' ').upper()

    def _parse_user_data_to_table(self, command: int, user_data: dict, table_data: list, offset: int, control_byte: int = 0):
        """"""解析用户数据区到表格
        
        Args:
            command: 命令字
            user_data: 已解析的用户数据区字典
            table_data: 表格数据列表
            offset: 当前字节偏移量
            control_byte: 控制域字节（0xC0=模块→电表，0xC4=电表→模块）
        """"""
        sub_offset = offset

        if command == 0x1001:
            # 模块通用信息
            if ""模块厂家代码"" in user_data:
                val = user_data[""模块厂家代码""]
                self._add_field(table_data, ""  模块厂家代码"", val[""原始值""], val[""名称""], """", sub_offset, sub_offset, is_child=True)
                sub_offset += 1

            if ""模块类型"" in user_data:
                val = user_data[""模块类型""]
                self._add_field(table_data, ""  模块类型"", val[""原始值""], val[""名称""], """", sub_offset, sub_offset, is_child=True)
                sub_offset += 1

            if ""硬件版本号"" in user_data:
                val = user_data[""硬件版本号""]
                self._add_field(table_data, ""  硬件版本号"", val[""原始值""], val[""解析值""], """", sub_offset, sub_offset + 7, is_child=True)
                sub_offset += 8

            if ""硬件详细版本信息"" in user_data:
                val = user_data[""硬件详细版本信息""]
                self._add_field(table_data, ""  硬件详细版本"", val[""原始值""], val[""解析值""], """", sub_offset, sub_offset + 19, is_child=True)
                sub_offset += 20

            if ""软件版本号"" in user_data:
                val = user_data[""软件版本号""]
                self._add_field(table_data, ""  软件版本号"", val[""原始值""], val[""解析值""], """", sub_offset, sub_offset + 7, is_child=True)
                sub_offset += 8

            if ""软件详细版本号"" in user_data:
                val = user_data[""软件详细版本号""]
                self._add_field(table_data, ""  软件详细版本"", val[""原始值""], val[""解析值""], """", sub_offset, sub_offset + 19, is_child=True)
                sub_offset += 20

            if ""模块序列号"" in user_data:
                val = user_data[""模块序列号""]
                self._add_field(table_data, ""  模块序列号"", val[""原始值""], val[""解析值""], """", sub_offset, sub_offset + 15, is_child=True)
                sub_offset += 16

        elif command == 0x2001:
            # 获取电表表号
            if ""表号"" in user_data:
                val = user_data[""表号""]
                # 表号结构：0x09（类型，1字节）+ 长度（1字节）+ 表号内容
                # 所以表号长度字段占2字节（0x09 + 长度字节）
                self._add_field(table_data, ""  表号长度"", str(val.get(""长度"", ""-"")), str(val.get(""长度"", ""-"")) + "" 字节"", """", sub_offset, sub_offset + 1, is_child=True)
                sub_offset += 2  # 0x09类型字节 + 长度字节
                if ""原始值"" in val:
                    raw_len = len(val[""原始值""].replace("" "", """")) // 2
                    self._add_field(table_data, ""  表号内容"", val[""原始值""], val.get(""解析值"", """"), """", sub_offset, sub_offset + raw_len - 1, is_child=True)
                    sub_offset += raw_len

        elif command == 0x2002:
            # 心跳机制（通常无数据）
            self._add_field(table_data, ""  心跳报文"", ""-"", ""无数据内容"", ""电表无需响应"", sub_offset, sub_offset, is_child=True)

        elif command == 0x2003:
            # 模块信息传输
            if ""模块在线状态"" in user_data:
                val = user_data[""模块在线状态""]
                self._add_field(table_data, ""  模块在线状态"", val[""原始值""], val[""名称""], """", sub_offset, sub_offset, is_child=True)
                sub_offset += 1

            if ""HPLC_band"" in user_data:
                val = user_data[""HPLC_band""]
                band_info = self.HPLC_BAND_MAP.get(val.get(""值"", 0), {})
                desc = f""频段{val.get('值', '-')}""
                if band_info:
                    desc += f"" ({band_info.get('范围', '')})""
                self._add_field(table_data, ""  HPLC频段"", val[""原始值""], desc, band_info.get('载波编号', ''), sub_offset, sub_offset, is_child=True)
                sub_offset += 1

            if ""HPLC_CCO_MAC_ADDR"" in user_data:
                val = user_data[""HPLC_CCO_MAC_ADDR""]
                self._add_field(table_data, ""  CCO MAC地址"", val[""原始值""], val.get(""解析值"", """"), ""最大16字节，右补0x00"", sub_offset, sub_offset + 15, is_child=True)
                sub_offset += 16

        elif command == 0x2004:
            # 获取电表信息
            if ""事件推送重试次数"" in user_data:
                val = user_data[""事件推送重试次数""]
                self._add_field(table_data, ""  事件推送重试次数"", val[""原始值""], str(val.get(""值"", ""-"")), ""失败后最大重试次数"", sub_offset, sub_offset, is_child=True)
                sub_offset += 1

            if ""事件推送重试延迟"" in user_data:
                val = user_data[""事件推送重试延迟""]
                self._add_field(table_data, ""  事件推送重试延迟"", val[""原始值""], str(val.get(""值"", ""-"")) + "" 秒"", ""重试间隔时间"", sub_offset, sub_offset + 1, is_child=True)
                sub_offset += 2

            if ""心跳周期"" in user_data:
                val = user_data[""心跳周期""]
                self._add_field(table_data, ""  心跳周期"", val[""原始值""], str(val.get(""值"", ""-"")) + "" 秒"", ""模块发送心跳间隔必须小于此值的一半"", sub_offset, sub_offset + 1, is_c
... [truncated]",""
"Function:plc_rf_parser.py:PLCRFProtocolParser.parse","parse","plc_rf_parser.py",430,516,true,"                self._add_field(table_data, ""  原始数据"", raw_data, """", """", sub_offset, sub_offset + len(bytes.fromhex(raw_data.replace("" "", """"))) - 1, is_child=True)

    def parse(self, frame_bytes: bytes) -> Dict[str, Any]:
        """"""解析PLC RF协议帧""""""
        result = {
            ""原始数据"": frame_bytes.hex(' ').upper(),
            ""解析状态"": ""成功"",
        }

        # 最小帧长度检查：Start(1) + Length(2) + Control(1) + Command(2) + CRC16(2) = 8字节
        if len(frame_bytes) < 8:
            result[""解析状态""] = ""失败""
            result[""错误信息""] = f""帧长度过短：{len(frame_bytes)}字节，最小需要8字节""
            return result

        # 检查起始符
        if frame_bytes[0] != self.FRAME_START:
            result[""解析状态""] = ""失败""
            result[""错误信息""] = f""起始符错误：0x{frame_bytes[0]:02X}，期望0x{self.FRAME_START:02X}""
            return result

        result[""帧头""] = {""起始字符"": f""0x{frame_bytes[0]:02X}""}

        # 解析长度域（大端序）
        length_val = struct.unpack('>H', frame_bytes[1:3])[0]
        result[""长度域""] = {
            ""原始值"": f""0x{frame_bytes[1]:02X} {frame_bytes[2]:02X}"",
            ""长度值"": length_val,
            ""说明"": f""大端序，从Control到CRC16共{length_val}字节"",
        }

        # 验证帧长度
        expected_len = 3 + length_val  # Start(1) + Length(2) + Data(length_val)
        if len(frame_bytes) < expected_len:
            result[""解析状态""] = ""失败""
            result[""错误信息""] = f""帧长度不匹配：声明{length_val}字节，实际数据区仅{len(frame_bytes) - 3}字节""
            return result

        # 解析控制域
        control_byte = frame_bytes[3]
        control_desc = self.CONTROL_MAP.get(control_byte, f""未知(0x{control_byte:02X})"")
        result[""控制域""] = {
            ""原始值"": f""0x{control_byte:02X}"",
            ""说明"": control_desc,
        }

        # 解析命令字（大端序）
        command_val = struct.unpack('>H', frame_bytes[4:6])[0]
        command_name = self.COMMAND_MAP.get(command_val, f""未知命令(0x{command_val:04X})"")
        result[""命令字""] = {
            ""原始值"": f""0x{frame_bytes[4]:02X} {frame_bytes[5]:02X}"",
            ""命令值"": command_val,
            ""名称"": command_name,
        }

        # 用户数据区（从Command之后到CRC16之前）
        # Length = Control(1) + Command(2) + UserData(N) + CRC16(2)
        user_data_len = length_val - 5  # Control(1) + Command(2) + CRC16(2) = 5
        if user_data_len > 0:
            user_data_bytes = frame_bytes[6:6 + user_data_len]
            result[""用户数据区""] = self._parse_data_content(command_val, user_data_bytes, control_byte)
        else:
            result[""用户数据区""] = {}

        # CRC16校验（小端序）
        # 根据4.md文档：CRC16计算范围从Length（包含）到UserData（包含），采用小端格式
        # Length域指的是从Control到CRC16（包含）的字节数
        # 所以CRC16在帧中的位置是：Start(1) + Length(2) + length_val - 2
        crc_pos = 3 + length_val - 2
        if crc_pos + 2 <= len(frame_bytes):
            crc_received = struct.unpack('<H', frame_bytes[crc_pos:crc_pos + 2])[0]
            # 计算CRC16：从Length（索引1）到UserData结束（索引crc_pos）
            crc_data = frame_bytes[1:crc_pos]
            crc_calculated = self.calculate_crc16(crc_data)

            result[""校验和""] = {
                ""校验值"": f""0x{crc_received:04X}"",
                ""计算值"": f""0x{crc_calculated:04X}"",
                ""校验结果"": ""✓ 正确"" if crc_received == crc_calculated else ""✗ 错误"",
            }
        elif crc_pos < len(frame_bytes):
            # 只有1字节CRC，不完整
            result[""校验和""] = {
                ""校验值"": ""不完整"",
                ""计算值"": ""-"",
                ""校验结果"": ""✗ CRC数据不完整"",
            }

        return result

    def _parse_data_content(self, command: int, data: bytes, control_byte: int = 0) -> Dict[str, Any]:
",""
"Function:plc_rf_parser.py:PLCRFProtocolParser._parse_data_content","_parse_data_content","plc_rf_parser.py",518,743,false,"        return result

    def _parse_data_content(self, command: int, data: bytes, control_byte: int = 0) -> Dict[str, Any]:
        """"""解析数据内容
        
        Args:
            command: 命令字
            data: 用户数据区字节
            control_byte: 控制域字节（0xC0=模块→电表，0xC4=电表→模块）
        """"""
        content = {""原始数据"": data.hex(' ').upper()}

        if command == 0x1001:
            # 模块通用信息
            if len(data) >= 1:
                manufacturer = data[0]
                content[""模块厂家代码""] = {
                    ""原始值"": f""0x{manufacturer:02X}"",
                    ""名称"": self.MANUFACTURER_MAP.get(manufacturer, f""未知(0x{manufacturer:02X})""),
                }

            if len(data) >= 2:
                module_type = data[1]
                content[""模块类型""] = {
                    ""原始值"": f""0x{module_type:02X}"",
                    ""名称"": self.MODULE_TYPE_MAP.get(module_type, f""未知(0x{module_type:02X})""),
                }

            if len(data) >= 10:
                hw_version = data[2:10]
                content[""硬件版本号""] = {
                    ""原始值"": hw_version.hex(' ').upper(),
                    ""解析值"": self._parse_ascii_string(hw_version),
                }

            if len(data) >= 30:
                hw_detail = data[10:30]
                content[""硬件详细版本信息""] = {
                    ""原始值"": hw_detail.hex(' ').upper(),
                    ""解析值"": self._parse_ascii_string(hw_detail),
                }

            if len(data) >= 38:
                sw_version = data[30:38]
                content[""软件版本号""] = {
                    ""原始值"": sw_version.hex(' ').upper(),
                    ""解析值"": self._parse_ascii_string(sw_version),
                }

            if len(data) >= 58:
                sw_detail = data[38:58]
                content[""软件详细版本号""] = {
                    ""原始值"": sw_detail.hex(' ').upper(),
                    ""解析值"": self._parse_ascii_string(sw_detail),
                }

            if len(data) >= 74:
                serial = data[58:74]
                content[""模块序列号""] = {
                    ""原始值"": serial.hex(' ').upper(),
                    ""解析值"": self._parse_ascii_string(serial),
                }

        elif command == 0x2001:
            # 获取电表表号
            if len(data) >= 2:
                if data[0] == 0x09:  # 固定值，代表数据类型
                    str_len = data[1]
                    meter_id = data[2:2 + str_len]
                    content[""表号""] = {
                        ""长度"": str_len,
                        ""原始值"": meter_id.hex(' ').upper(),
                        ""解析值"": self._parse_ascii_string(meter_id),
                    }

        elif command == 0x2003:
            # 模块信息传输
            if len(data) >= 1:
                online_status = data[0]
                content[""模块在线状态""] = {
                    ""原始值"": f""0x{online_status:02X}"",
                    ""值"": online_status,
                    ""名称"": ""在线"" if online_status == 1 else ""离线"",
                }

            if len(data) >= 2:
                hplc_band = data[1]
                content[""HPLC_band""] = {
                    ""原始值"": f""0x{hplc_band:02X}"",
                    ""值"": hplc_band,
                }

            if len(data) >= 18:
                cco_mac = data[2:18]
                content[""HPLC_CCO_MAC_ADDR""] = {
                    ""原始值"": cco_mac.hex(' ').upper(),
                    ""解析值"": self._parse_ascii_string(cco_mac),
                }

        elif command == 0x2004:
            # 获取电表信息
            offset = 0
            if len(data) >= offset + 1:
                retry_count = data[offset]
                content[""事件推送重试次数""] = {
                    ""原始值"": f""0x{retry_count:02X}"",
                    ""值"": retry_count,
                }
                offset += 1

            if len(data) >= offset + 2:
                retry_delay = struct.unpack('>H', data[offset:offset + 2])[0]
                content[""事件推送重试延迟""] = {
                    ""原始值"": f""0x{data[offset]:02X} {data[offset + 1]:02X}"",
                    ""值"": retry_delay,
                }
                offset += 2

            if len(data) >= offset + 2:
                heartbeat_period = struct.unpack('>H', data[offset:offset + 2])[0]
                content[""心跳周期""] = {
                    ""原始值"": f""0x{data[offset]:02X} {data[offset + 1]:02X}"",
                    ""值"": heartbeat_period,
                }
                offset += 2

            if len(data) >= offset + 2:
                func_ctrl = struct.unpack('>H', data[offset:offset + 2])[0]
                content[""功能控制字""] = {
                    ""原始值"": f""0x{data[offset]:02X} {data[offset + 1]:02X}"",
                    ""值"": func_ctrl,
                }
                offset += 2

        elif command in [0x1201, 0x1202]:
            # 数据推送/事件推送 - 根据控制域区分上行和下行
            if control_byte == 0xC0:
                # 模块→电表（下行）：只有1字节状态字
   
... [truncated]",""
"Function:plc_rf_parser.py:PLCRFProtocolParser.verify","verify","plc_rf_parser.py",745,749,true,"        return content

    def verify(self, frame_bytes: bytes):
        """"""验证帧的协议一致性，返回 ValidationResult""""""
        from validator.plc_rf_validator import PLCRFValidator
        validator = PLCRFValidator()
        return validator.verify(frame_bytes)
",""
"Function:obis_lookup.py:OBISLookup.__init__","__init__","obis_lookup.py",94,114,false,"    }

    def __init__(self, custom_obis_file: Optional[str] = None):
        """"""
        初始化 OBIS 查询器

        Args:
            custom_obis_file: 自定义 OBIS 定义文件路径（JSON格式）
        """"""
        self.custom_obis: Dict[Tuple, Tuple[str, str]] = {}
        self._data: List[Tuple] = []  # 用于表格显示的数据

        # 加载自定义 OBIS
        if custom_obis_file:
            self._load_custom_obis(custom_obis_file)
        else:
            # 默认保存位置
            default_path = Path(__file__).parent / ""custom_obis.json""
            if default_path.exists():
                self._load_custom_obis(str(default_path))

        # 构建数据列表
        self._build_data_list()

    def _load_custom_obis(self, filepath: str):",""
"Function:obis_lookup.py:OBISLookup._load_custom_obis","_load_custom_obis","obis_lookup.py",116,125,false,"        self._build_data_list()

    def _load_custom_obis(self, filepath: str):
        """"""从 JSON 文件加载自定义 OBIS""""""
        try:
            with open(filepath, 'r', encoding='utf-8') as f:
                data = json.load(f)
            for item in data:
                obis = tuple(item['obis'])
                self.custom_obis[obis] = (item['name'], item['desc'])
        except Exception as e:
            print(f""加载自定义 OBIS 失败: {e}"")

    def save_custom_obis(self, filepath: Optional[str] = None):",""
"Function:obis_lookup.py:OBISLookup.save_custom_obis","save_custom_obis","obis_lookup.py",127,146,true,"            print(f""加载自定义 OBIS 失败: {e}"")

    def save_custom_obis(self, filepath: Optional[str] = None):
        """"""保存自定义 OBIS 到 JSON 文件""""""
        if filepath is None:
            filepath = str(Path(__file__).parent / ""custom_obis.json"")

        data = []
        for obis, (name, desc) in self.custom_obis.items():
            data.append({
                'obis': list(obis),
                'name': name,
                'desc': desc
            })

        try:
            with open(filepath, 'w', encoding='utf-8') as f:
                json.dump(data, f, ensure_ascii=False, indent=2)
            return True
        except Exception as e:
            print(f""保存自定义 OBIS 失败: {e}"")
            return False

    def _build_data_list(self):",""
"Function:obis_lookup.py:OBISLookup._build_data_list","_build_data_list","obis_lookup.py",148,169,false,"            return False

    def _build_data_list(self):
        """"""构建用于显示的数据列表""""""
        self._data = []

        # 标准 OBIS
        for obis, (name, desc) in self.STANDARD_OBIS.items():
            self._data.append((obis, name, desc, False))  # False = 非自定义

        # 自定义 OBIS（覆盖或追加）
        for obis, (name, desc) in self.custom_obis.items():
            # 检查是否已存在
            found = False
            for i, (o, n, d, is_custom) in enumerate(self._data):
                if o == obis:
                    self._data[i] = (obis, name, desc, True)
                    found = True
                    break
            if not found:
                self._data.append((obis, name, desc, True))

        # 按 OBIS 排序
        self._data.sort(key=lambda x: x[0])

    def search(self, keyword: str) -> List[Tuple]:",""
"Function:obis_lookup.py:OBISLookup.search","search","obis_lookup.py",171,195,true,"        self._data.sort(key=lambda x: x[0])

    def search(self, keyword: str) -> List[Tuple]:
        """"""
        搜索 OBIS

        Args:
            keyword: 搜索关键词（OBIS码或名称）

        Returns:
            匹配的 OBIS 列表
        """"""
        if not keyword:
            return self._data

        keyword = keyword.strip().upper()
        results = []

        for obis, name, desc, is_custom in self._data:
            # 构建 OBIS 字符串表示
            obis_str = f""{obis[0]}.{obis[1]}.{obis[2]}.{obis[3]}.{obis[4]}.{obis[5]}""

            # 匹配 OBIS 码或名称
            if keyword in obis_str or keyword in name.upper() or keyword in desc.upper():
                results.append((obis, name, desc, is_custom))

        return results

    def get_by_obis(self, obis: Tuple[int, ...]) -> Optional[Tuple[str, str]]:",""
"Function:obis_lookup.py:OBISLookup.get_by_obis","get_by_obis","obis_lookup.py",197,205,true,"        return results

    def get_by_obis(self, obis: Tuple[int, ...]) -> Optional[Tuple[str, str]]:
        """"""根据 OBIS 码获取名称和描述""""""
        # 先查自定义
        if obis in self.custom_obis:
            return self.custom_obis[obis]
        # 再查标准
        if obis in self.STANDARD_OBIS:
            return self.STANDARD_OBIS[obis]
        return None

    def add_custom(self, obis: Tuple[int, ...], name: str, desc: str) -> bool:",""
"Function:obis_lookup.py:OBISLookup.add_custom","add_custom","obis_lookup.py",207,211,true,"        return None

    def add_custom(self, obis: Tuple[int, ...], name: str, desc: str) -> bool:
        """"""添加自定义 OBIS""""""
        self.custom_obis[obis] = (name, desc)
        self._build_data_list()
        return self.save_custom_obis()

    def delete_custom(self, obis: Tuple[int, ...]) -> bool:",""
"Function:obis_lookup.py:OBISLookup.delete_custom","delete_custom","obis_lookup.py",213,219,true,"        return self.save_custom_obis()

    def delete_custom(self, obis: Tuple[int, ...]) -> bool:
        """"""删除自定义 OBIS""""""
        if obis in self.custom_obis:
            del self.custom_obis[obis]
            self._build_data_list()
            return self.save_custom_obis()
        return False

",""
"Function:obis_lookup.py:get_obis_lookup","get_obis_lookup","obis_lookup.py",223,225,true,"
# 便捷函数
def get_obis_lookup() -> OBISLookup:
    """"""获取 OBIS 查询器实例""""""
    return OBISLookup()

",""
"Function:main_gui.py:_get_git_changelog","_get_git_changelog","main_gui.py",127,154,false,"

def _get_git_changelog() -> list:
    """"""从git日志获取变更记录，用于动态追加到CHANGELOG""""""
    try:
        result = subprocess.run(
            [""git"", ""log"", ""--format=%ai | %s"", ""-30""],
            capture_output=True, timeout=5,
            cwd=str(Path(__file__).parent),
        )
        if result.returncode != 0:
            return []
        for enc in (""utf-8"", ""gbk"", ""latin-1""):
            try:
                output = result.stdout.decode(enc)
                break
            except (UnicodeDecodeError, UnicodeError):
                continue
        else:
            output = result.stdout.decode(""utf-8"", errors=""replace"")
        entries = []
        for line in output.strip().splitlines():
            if "" | "" in line:
                date_msg = line.split("" | "", 1)
                date = date_msg[0][:10]
                msg = date_msg[1]
                entries.append((date, msg))
        return entries
    except Exception:
        return []


",""
"Function:main_gui.py:ConfigDialog.__init__","__init__","main_gui.py",172,177,false,"    """"""配置文件路径管理对话框""""""

    def __init__(self, file_paths: Dict[str, str], parent=None):
        super().__init__(parent)
        self.setWindowTitle(""配置管理"")
        self.setMinimumWidth(650)
        self._file_paths = dict(file_paths)
        self._setup_ui()

    def _setup_ui(self):
",""
"Function:main_gui.py:ConfigDialog._setup_ui","_setup_ui","main_gui.py",179,231,false,"        self._setup_ui()

    def _setup_ui(self):
        layout = QVBoxLayout(self)
        layout.setSpacing(10)
        layout.setContentsMargins(16, 16, 16, 16)

        desc = QLabel(""管理各配置文件的存储路径。支持相对路径（相对于程序目录）或绝对路径。"")
        desc.setWordWrap(True)
        desc.setStyleSheet(""color: #666;"")
        layout.addWidget(desc)

        # 表格布局：每行 = 标签 + 路径输入 + 浏览按钮
        self._inputs: Dict[str, QLineEdit] = {}
        for key, label in FILE_PATH_LABELS.items():
            row = QHBoxLayout()
            row.setSpacing(8)

            lbl = QLabel(f""{label}:"")
            lbl.setFixedWidth(110)
            lbl.setAlignment(Qt.AlignmentFlag.AlignRight | Qt.AlignmentFlag.AlignVCenter)
            row.addWidget(lbl)

            edit = QLineEdit()
            edit.setText(self._file_paths.get(key, """"))
            edit.setPlaceholderText(f""默认: {key}.json"")
            self._inputs[key] = edit
            row.addWidget(edit, 1)

            btn = QPushButton(""浏览..."")
            btn.setFixedWidth(70)
            btn.clicked.connect(lambda checked=False, k=key, e=edit: self._browse_file(k, e))
            row.addWidget(btn)

            layout.addLayout(row)

        layout.addStretch()

        # 底部按钮
        btn_layout = QHBoxLayout()
        btn_layout.addStretch()

        save_btn = QPushButton(""保存"")
        save_btn.setStyleSheet(
            ""QPushButton { background-color: #4CAF50; color: white; ""
            ""border-radius: 4px; padding: 5px 18px; font-weight: bold; }""
        )
        save_btn.clicked.connect(self._on_save)
        btn_layout.addWidget(save_btn)

        cancel_btn = QPushButton(""取消"")
        cancel_btn.clicked.connect(self.reject)
        btn_layout.addWidget(cancel_btn)

        layout.addLayout(btn_layout)

    def _browse_file(self, key: str, edit: QLineEdit):
",""
"Function:main_gui.py:ConfigDialog._browse_file","_browse_file","main_gui.py",233,253,false,"        layout.addLayout(btn_layout)

    def _browse_file(self, key: str, edit: QLineEdit):
        """"""弹出文件选择对话框""""""
        current = edit.text().strip()
        start_dir = str(Path(__file__).parent)
        if current:
            p = Path(current)
            if not p.is_absolute():
                p = Path(__file__).parent / p
            if p.parent.exists():
                start_dir = str(p.parent)

        path, _ = QFileDialog.getOpenFileName(
            self, f""选择 {FILE_PATH_LABELS.get(key, key)}"", start_dir, ""JSON 文件 (*.json);;所有文件 (*.*)""
        )
        if path:
            # 尽量保存为相对路径
            try:
                rel = Path(path).relative_to(Path(__file__).parent)
                edit.setText(str(rel))
            except ValueError:
                edit.setText(path)

    def _on_save(self):
",""
"Function:main_gui.py:ConfigDialog._on_save","_on_save","main_gui.py",255,263,false,"                edit.setText(path)

    def _on_save(self):
        """"""保存按钮点击""""""
        for key, edit in self._inputs.items():
            val = edit.text().strip()
            if val:
                self._file_paths[key] = val
            elif key in self._file_paths:
                del self._file_paths[key]
        self.accept()

    def get_file_paths(self) -> Dict[str, str]:
",""
"Function:main_gui.py:ConfigDialog.get_file_paths","get_file_paths","main_gui.py",265,266,true,"        self.accept()

    def get_file_paths(self) -> Dict[str, str]:
        return self._file_paths


",""
"Function:main_gui.py:MainWindow.__init__","__init__","main_gui.py",270,304,false,"
class MainWindow(QMainWindow):
    def __init__(self):
        super().__init__()
        self.setWindowTitle(f""协议解析工具 v{APP_VERSION}"")
        self.setMinimumSize(1000, 700)

        # 协议选择：0=南网协议，1=PLC RF协议，2=HDLC/DLMS协议，3=Wrapper，4=APDU，5=DLT645，6=国网协议
        self.current_protocol = 0

        # 初始化解析器
        self.parser = ProtocolFrameParser()
        self.plc_rf_parser = PLCRFProtocolParser()
        self.hdlc_parser = HDLCParser()
        self.dlt645_parser = DLT645Parser()
        self.gdw_parser = GDW10376Parser()

        # 初始化查询器
        self.obis_lookup = get_obis_lookup()
        self.command_lookup = get_command_lookup()
        self.gdw_afn_lookup = get_gdw_afn_lookup()

        # 批量解析结果缓存
        self.batch_results: List[Dict[str, Any]] = []

        # 字节高亮映射
        self._byte_ranges: list = []

        # 应用配置（先加载，setup_ui 会用到）
        self._config_path = Path(__file__).parent / ""config.json""
        self._app_config: Dict[str, Any] = {}
        self._file_paths: Dict[str, Path] = {}
        self._load_app_config()

        self.setup_ui()
        self._setup_menu_bar()
        self.apply_styles()

    def setup_ui(self):
",""
"Function:main_gui.py:MainWindow.setup_ui","setup_ui","main_gui.py",306,431,true,"        self.apply_styles()

    def setup_ui(self):
        """"""设置UI布局""""""
        central_widget = QWidget()
        self.setCentralWidget(central_widget)

        main_layout = QVBoxLayout(central_widget)
        main_layout.setContentsMargins(10, 10, 10, 10)
        main_layout.setSpacing(8)

        # ========== 顶部栏：协议选择 + 串口配置 ==========
        top_bar = QHBoxLayout()
        top_bar.setSpacing(6)

        # ---- 协议选择分组 ----
        proto_group = QGroupBox(""协议选择"")
        proto_layout = QHBoxLayout(proto_group)
        proto_layout.setContentsMargins(8, 4, 8, 4)
        proto_layout.setSpacing(6)

        proto_label = QLabel(""当前协议："")
        proto_label.setFont(QFont("""", 10, QFont.Bold))
        proto_label.setFixedWidth(65)
        proto_layout.addWidget(proto_label)

        self.protocol_combo = QComboBox()
        self.protocol_combo.addItem(""南网协议 (Q/CSG1209021-2019)"")
        self.protocol_combo.addItem(""PLC RF协议 (万胜海外 V1_04)"")
        self.protocol_combo.addItem(""HDLC/DLMS协议 (IEC 62056-46)"")
        self.protocol_combo.addItem(""DLMS Wrapper裸报文"")
        self.protocol_combo.addItem(""DLMS-APDU裸报文"")
        self.protocol_combo.addItem(""DLT645-2007 电表协议"")
        self.protocol_combo.addItem(""国网协议 (Q/GDW 10376.2-2024)"")
        self.protocol_combo.setMinimumWidth(280)
        self.protocol_combo.setFont(QFont(""Microsoft YaHei"", 10))
        # 让弹出菜单宽度自动适应最宽的文字
        self.protocol_combo.setSizeAdjustPolicy(QComboBox.SizeAdjustPolicy.AdjustToContents)
        self.protocol_combo.currentIndexChanged.connect(self._on_protocol_changed)
        proto_layout.addWidget(self.protocol_combo)
        proto_layout.addStretch()

        top_bar.addWidget(proto_group, 1)

        # ---- 串口配置分组 ----
        serial_group = QGroupBox(""串口配置"")
        serial_layout = QHBoxLayout(serial_group)
        serial_layout.setContentsMargins(8, 4, 8, 4)
        serial_layout.setSpacing(6)

        serial_layout.addWidget(QLabel(""端口:""))
        self.serial_port_combo = QComboBox()
        self.serial_port_combo.setMinimumWidth(80)
        serial_layout.addWidget(self.serial_port_combo)

        serial_layout.addWidget(QLabel(""波特率:""))
        self.serial_baud_combo = QComboBox()
        self.serial_baud_combo.addItems([""1200"", ""2400"", ""4800"", ""9600"", ""19200"", ""38400"", ""57600"", ""115200""])
        self.serial_baud_combo.setCurrentText(""9600"")
        self.serial_baud_combo.setMinimumWidth(80)
        serial_layout.addWidget(self.serial_baud_combo)

        serial_layout.addWidget(QLabel(""校验:""))
        self.serial_parity_combo = QComboBox()
        self.serial_parity_combo.addItems([""无"", ""偶"", ""奇""])
        self.serial_parity_combo.setMinimumWidth(60)
        serial_layout.addWidget(self.serial_parity_combo)

        self.serial_open_btn = QPushButton(""打开串口"")
        self.serial_open_btn.setMinimumHeight(28)
        self.serial_open_btn.setStyleSheet(
            ""QPushButton { background-color: #4CAF50; color: white; border-radius: 3px; padding: 4px 12px; font-weight: bold; }""
            ""QPushButton:disabled { background-color: #cccccc; }""
        )
        self.serial_open_btn.clicked.connect(self._on_serial_open_clicked)
        serial_layout.addWidget(self.serial_open_btn)

        self.serial_status_label = QLabel(""未连接"")
        self.serial_status_label.setStyleSheet(""color: #999; font-size: 12px;"")
        serial_layout.addWidget(self.serial_status_label)

        serial_layout.addStretch()
        top_bar.addWidget(serial_group)

        main_layout.addLayout(top_bar)

        # ========== 串口工作线程 ==========
        self.serial_worker = SerialWorker()
        self.serial_worker.connection_changed.connect(self._on_serial_connection_changed)
        self.serial_worker.error_occurred.connect(self._on_serial_error)
        self._refresh_serial_ports()
        self._load_serial_config()

        # 选项卡
        self.tab_widget = QTabWidget()
        self.tab_widget.addTab(self.create_single_parse_tab(), ""单帧解析"")
        # 查询页面根据协议动态创建
        self.protocol_lookup_tab = QWidget()
        self.protocol_lookup_tab_layout = QVBoxLayout(self.protocol_lookup_tab)
        self.tab_widget.addTab(self.protocol_lookup_tab, ""查询"")
        self.tab_widget.addTab(self.create_batch_parse_tab(), ""批量解析"")
        # 协议组帧页面（南网和国网协议支持）
        self.frame_gen_tab = FrameGenWidget()
        self.frame_gen_tab.set_serial_worker(self.serial_worker)
        self._frame_gen_tab_index = self.tab_widget.addTab(self.frame_gen_tab, ""协议组帧"")
        # 预设命令页面（传入配置文件路径）
        self.preset_tab = PresetButtonWidget(
            nw_path=self._file_paths.get(""nw_command""),
            gw_path=self._file_paths.get(""gw_command""),
        )
        self.preset_tab.set_serial_worker(self.serial_worker)
        self._preset_tab_index = self.tab_widget.addTab(self.preset_tab, ""预设命令"")
        self.preset_tab.button_clicked.connect(self._on_preset_button_clicked)
  
... [truncated]",""
"Function:main_gui.py:MainWindow.create_single_parse_tab","create_single_parse_tab","main_gui.py",433,528,true,"        self._apply_chinese_menus_to_all_tabs()

    def create_single_parse_tab(self) -> QWidget:
        """"""创建单帧解析标签页 - 上下布局""""""
        tab = QWidget()
        layout = QVBoxLayout(tab)
        layout.setSpacing(10)

        # === 上方：输入区 ===
        input_group = QGroupBox(""输入报文"")
        input_layout = QVBoxLayout(input_group)

        self.single_input = QTextEdit()
        self.single_input.setPlaceholderText(""请输入十六进制报文，例如：68 0E 00 00 00 00 01 00 01 E8 00 05 EF 16"")
        self.single_input.setMaximumHeight(80)
        input_layout.addWidget(self.single_input)

        # 按钮行
        btn_layout = QHBoxLayout()
        self.parse_btn = QPushButton(""解析报文"")
        self.parse_btn.setMinimumHeight(32)
        self.parse_btn.clicked.connect(self.parse_single)
        btn_layout.addWidget(self.parse_btn)

        self.verify_btn = QPushButton(""校验报文"")
        self.verify_btn.setMinimumHeight(32)
        self.verify_btn.setStyleSheet(
            ""QPushButton { background-color: #2196F3; color: white; border-radius: 3px; padding: 4px 12px; }""
        )
        self.verify_btn.clicked.connect(self.verify_single)
        btn_layout.addWidget(self.verify_btn)

        self.add_to_test_btn = QPushButton(""添加到测试方案"")
        self.add_to_test_btn.setMinimumHeight(32)
        self.add_to_test_btn.setStyleSheet(
            ""QPushButton { background-color: #4CAF50; color: white; border-radius: 3px; padding: 4px 12px; }""
        )
        self.add_to_test_btn.clicked.connect(self._add_parsed_to_test_plan)
        btn_layout.addWidget(self.add_to_test_btn)

        clear_btn = QPushButton(""清空"")
        clear_btn.setMinimumHeight(32)
        clear_btn.clicked.connect(self.clear_single)
        btn_layout.addWidget(clear_btn)

        btn_layout.addStretch()
        input_layout.addLayout(btn_layout)

        layout.addWidget(input_group)

        # === 下方：解析结果表格 ===
        result_group = QGroupBox(""解析结果"")
        result_layout = QVBoxLayout(result_group)

        self.result_table_widget = QTableWidget()
        self.result_table_widget.setColumnCount(4)
        self.result_table_widget.setHorizontalHeaderLabels([""字段"", ""原始值"", ""解析值"", ""说明""])
        # 允许用户拖拽调整列宽
        header = self.result_table_widget.horizontalHeader()
        header.setSectionResizeMode(QHeaderView.ResizeMode.Interactive)
        header.setStretchLastSection(True)
        # 设置默认列宽
        self.result_table_widget.setColumnWidth(0, 130)
        self.result_table_widget.setColumnWidth(1, 100)
        self.result_table_widget.setColumnWidth(2, 100)
        self.result_table_widget.setEditTriggers(QTableWidget.NoEditTriggers)
        self.result_table_widget.setSelectionBehavior(QTableWidget.SelectRows)
        self.result_table_widget.setAlternatingRowColors(True)
        self.result_table_widget.verticalHeader().hide()
        self.result_table_widget.verticalHeader().setDefaultSectionSize(13)
        table_font = QFont()
        table_font.setPointSize(7)
        self.result_table_widget.setFont(table_font)
        # 行高更紧凑
        self.result_table_widget.verticalHeader().setDefaultSectionSize(10)
        self.result_table_widget.verticalHeader().hide()

        # 选中行时高亮报文字节
        self.result_table_widget.currentCellChanged.connect(self._highlight_bytes)
        # 双击行时，提取该区域字节作为DLMS-APDU重新解析
        self.result_table_widget.doubleClicked.connect(self._extract_apdu_reparse)
        # 存储每行对应的字节范围
        self._byte_ranges: list = []

        result_layout.addWidget(self.result_table_widget)

        # === 校验结果区域 ===
        self.verify_group = QGroupBox(""校验结果"")
        verify_layout = QVBoxLayout(self.verify_group)
        self.verify_label = QLabel(""点击「校验报文」按钮进行协议一致性校验"")
        self.verify_label.setWordWrap(True)
        self.verify_label.setFont(QFont(""Consolas"", 9))
        verify_layout.addWidget(self.verify_label)
        result_layout.addWidget(self.verify_group)

        layout.addWidget(result_group, 1)

        return tab

    def create_di_lookup_tab(self) -> QWidget:
",""
"Function:main_gui.py:MainWindow.create_di_lookup_tab","create_di_lookup_tab","main_gui.py",530,591,true,"        return tab

    def create_di_lookup_tab(self) -> QWidget:
        """"""创建DI查询标签页""""""
        tab = QWidget()
        layout = QVBoxLayout(tab)
        layout.setSpacing(10)

        # 搜索栏
        search_layout = QHBoxLayout()
        search_label = QLabel(""搜索："")
        search_label.setFixedWidth(45)
        self.di_search_input = QLineEdit()
        self.di_search_input.setPlaceholderText(""输入DI编码(如E8020201)或中文关键词(如添加任务)搜索..."")
        self.di_search_input.setClearButtonEnabled(True)
        self.di_search_input.textChanged.connect(self._filter_di_table)
        search_layout.addWidget(search_label)
        search_layout.addWidget(self.di_search_input)
        layout.addLayout(search_layout)

        # 统计标签
        self.di_stats_label = QLabel()
        self.di_stats_label.setStyleSheet(""color: #666; font-size: 12px;"")
        layout.addWidget(self.di_stats_label)

        # 表格
        self.di_table = QTableWidget()
        self.di_table.setColumnCount(6)
        self.di_table.setHorizontalHeaderLabels([""DI3"", ""DI2"", ""DI1"", ""DI0"", ""AFN"", ""中文含义""])
        header = self.di_table.horizontalHeader()
        header.setSectionResizeMode(QHeaderView.ResizeMode.Interactive)
        header.setStretchLastSection(True)
        self.di_table.setColumnWidth(0, 60)
        self.di_table.setColumnWidth(1, 60)
        self.di_table.setColumnWidth(2, 60)
        self.di_table.setColumnWidth(3, 60)
        self.di_table.setColumnWidth(4, 200)
        self.di_table.setEditTriggers(QTableWidget.NoEditTriggers)
        self.di_table.setSelectionBehavior(QTableWidget.SelectRows)
        self.di_table.setAlternatingRowColors(True)
        self.di_table.verticalHeader().hide()
        self.di_table.verticalHeader().setDefaultSectionSize(20)
        table_font = QFont()
        table_font.setPointSize(8)
        self.di_table.setFont(table_font)
        layout.addWidget(self.di_table)

        # 按钮栏
        btn_layout = QHBoxLayout()
        add_di_btn = QPushButton(""添加自定义DI"")
        add_di_btn.clicked.connect(self._add_custom_di)
        btn_layout.addWidget(add_di_btn)

        del_di_btn = QPushButton(""删除选中自定义DI"")
        del_di_btn.clicked.connect(self._del_custom_di)
        btn_layout.addWidget(del_di_btn)

        btn_layout.addStretch()
        layout.addLayout(btn_layout)

        # 加载数据
        self._load_di_map_data()

        return tab

    def _load_di_map_data(self):
",""
"Function:main_gui.py:MainWindow._load_di_map_data","_load_di_map_data","main_gui.py",593,619,false,"        return tab

    def _load_di_map_data(self):
        """"""从解析器加载DI组合MAP数据到表格（含自定义标记）""""""
        self._di_data = []
        di_map = self.parser.DI_COMBINATION_MAP
        afn_map = self.parser.AFN_MAP
        custom_list = ProtocolFrameParser.load_custom_di_list()
        custom_keys = {(e[""di3""], e[""di2""], e[""di1""], e[""di0""]) for e in custom_list}

        for (di3, di2, di1, di0), desc in di_map.items():
            afn_val = di1
            afn_name = afn_map.get(afn_val, f""未知({afn_val:02X})"")
            is_custom = (di3, di2, di1, di0) in custom_keys
            self._di_data.append((di3, di2, di1, di0, afn_val, afn_name, desc, is_custom))

        self.di_table.setRowCount(len(self._di_data))
        for row, (di3, di2, di1, di0, afn_val, afn_name, desc, is_custom) in enumerate(self._di_data):
            self.di_table.setItem(row, 0, QTableWidgetItem(f""{di3:02X}""))
            self.di_table.setItem(row, 1, QTableWidgetItem(f""{di2:02X}""))
            self.di_table.setItem(row, 2, QTableWidgetItem(f""{di1:02X}""))
            self.di_table.setItem(row, 3, QTableWidgetItem(f""{di0:02X}""))
            self.di_table.setItem(row, 4, QTableWidgetItem(f""{afn_val:02X}H {afn_name}""))
            desc_item = QTableWidgetItem((""★ "" if is_custom else """") + desc)
            if is_custom:
                desc_item.setForeground(QColor(""#1976D2""))
            self.di_table.setItem(row, 5, desc_item)

        self.di_stats_label.setText(f""共 {len(self._di_data)} 条记录（其中自定义 {len(custom_keys)} 条）"")

    def _filter_di_table(self, text: str):
",""
"Function:main_gui.py:MainWindow._filter_di_table","_filter_di_table","main_gui.py",621,653,false,"        self.di_stats_label.setText(f""共 {len(self._di_data)} 条记录（其中自定义 {len(custom_keys)} 条）"")

    def _filter_di_table(self, text: str):
        """"""根据搜索文本过滤DI表格""""""
        keyword = text.strip().upper()
        match_count = 0

        for row in range(self.di_table.rowCount()):
            if not keyword:
                self.di_table.setRowHidden(row, False)
                match_count += 1
                continue

            # 构建该行的搜索文本：DI拼接 + AFN + 中文含义
            di3 = self.di_table.item(row, 0).text()
            di2 = self.di_table.item(row, 1).text()
            di1 = self.di_table.item(row, 2).text()
            di0 = self.di_table.item(row, 3).text()
            afn_text = self.di_table.item(row, 4).text()
            desc_text = self.di_table.item(row, 5).text()

            di_str = f""{di3}{di2}{di1}{di0}""
            di_spaced = f""{di3} {di2} {di1} {di0}""
            search_text = f""{di_str} {di_spaced} {afn_text} {desc_text}"".upper()

            if keyword in search_text:
                self.di_table.setRowHidden(row, False)
                match_count += 1
            else:
                self.di_table.setRowHidden(row, True)

        if keyword:
            self.di_stats_label.setText(f""匹配 {match_count} / {self.di_table.rowCount()} 条记录"")
        else:
            self.di_stats_label.setText(f""共 {self.di_table.rowCount()} 条记录"")

    def _add_custom_di(self):
",""
"Function:main_gui.py:MainWindow._add_custom_di","_add_custom_di","main_gui.py",655,745,false,"            self.di_stats_label.setText(f""共 {self.di_table.rowCount()} 条记录"")

    def _add_custom_di(self):
        """"""添加自定义DI对话框""""""
        dialog = QDialog(self)
        dialog.setWindowTitle(""添加自定义DI"")
        dialog.setMinimumWidth(360)
        layout = QVBoxLayout(dialog)

        # DI3
        h1 = QHBoxLayout()
        h1.addWidget(QLabel(""DI3:""))
        di3_input = QLineEdit()
        di3_input.setPlaceholderText(""如 E8 或 EA"")
        di3_input.setMaxLength(2)
        h1.addWidget(di3_input)
        layout.addLayout(h1)

        # DI2 DI1 DI0 同一行
        h2 = QHBoxLayout()
        h2.addWidget(QLabel(""DI2:""))
        di2_input = QLineEdit()
        di2_input.setMaxLength(2)
        h2.addWidget(di2_input)
        h2.addWidget(QLabel(""DI1:""))
        di1_input = QLineEdit()
        di1_input.setMaxLength(2)
        h2.addWidget(di1_input)
        h2.addWidget(QLabel(""DI0:""))
        di0_input = QLineEdit()
        di0_input.setMaxLength(2)
        h2.addWidget(di0_input)
        layout.addLayout(h2)

        # 中文含义
        h3 = QHBoxLayout()
        h3.addWidget(QLabel(""含义:""))
        desc_input = QLineEdit()
        desc_input.setPlaceholderText(""如：查询XX信息"")
        h3.addWidget(desc_input)
        layout.addLayout(h3)

        # 按钮
        btn_layout = QHBoxLayout()
        ok_btn = QPushButton(""添加"")
        cancel_btn = QPushButton(""取消"")
        btn_layout.addStretch()
        btn_layout.addWidget(ok_btn)
        btn_layout.addWidget(cancel_btn)
        layout.addLayout(btn_layout)

        ok_btn.clicked.connect(dialog.accept)
        cancel_btn.clicked.connect(dialog.reject)

        apply_chinese_context_menus(dialog)

        if dialog.exec() != QDialog.Accepted:
            return

        # 验证输入
        try:
            di3 = int(di3_input.text().strip(), 16)
            di2 = int(di2_input.text().strip(), 16)
            di1 = int(di1_input.text().strip(), 16)
            di0 = int(di0_input.text().strip(), 16)
        except ValueError:
            QMessageBox.warning(self, ""错误"", ""DI字段必须为十六进制（00-FF）！"")
            return

        desc = desc_input.text().strip()
        if not desc:
            QMessageBox.warning(self, ""错误"", ""请填写中文含义！"")
            return

        # 检查重复
        custom_list = ProtocolFrameParser.load_custom_di_list()
        key = (di3, di2, di1, di0)
        for e in custom_list:
            if (e[""di3""], e[""di2""], e[""di1""], e[""di0""]) == key:
                QMessageBox.warning(self, ""重复"", ""该DI已存在于自定义列表中！"")
                return

        # 保存到 JSON
        custom_list.append({""di3"": di3, ""di2"": di2, ""di1"": di1, ""di0"": di0, ""desc"": desc})
        ProtocolFrameParser.save_custom_di(custom_list)

        # 合并到解析器（单帧解析也能识别）
        if key not in self.parser.DI_COMBINATION_MAP:
            self.parser.DI_COMBINATION_MAP[key] = desc

        # 刷新表格
        self._load_di_map_data()
        QMessageBox.information(self, ""成功"", f""已添加自定义DI: {di3:02X} {di2:02X} {di1:02X} {di0:02X} → {desc}"")

    def _del_custom_di(self):
",""
"Function:main_gui.py:MainWindow._del_custom_di","_del_custom_di","main_gui.py",747,780,false,"        QMessageBox.information(self, ""成功"", f""已添加自定义DI: {di3:02X} {di2:02X} {di1:02X} {di0:02X} → {desc}"")

    def _del_custom_di(self):
        """"""删除选中的自定义DI""""""
        row = self.di_table.currentRow()
        if row < 0 or row >= len(self._di_data):
            QMessageBox.warning(self, ""提示"", ""请先选中一条记录！"")
            return

        di3, di2, di1, di0, afn_val, afn_name, desc, is_custom = self._di_data[row]

        if not is_custom:
            QMessageBox.warning(self, ""提示"", ""只能删除自定义DI（蓝色★标记的记录）！"")
            return

        reply = QMessageBox.question(
            self, ""确认删除"",
            f""确定删除自定义DI：{di3:02X} {di2:02X} {di1:02X} {di0:02X} ({desc})？"",
            QMessageBox.Yes | QMessageBox.No, QMessageBox.No
        )
        if reply != QMessageBox.Yes:
            return

        # 从 JSON 移除
        custom_list = ProtocolFrameParser.load_custom_di_list()
        key = (di3, di2, di1, di0)
        custom_list = [e for e in custom_list
                       if (e[""di3""], e[""di2""], e[""di1""], e[""di0""]) != key]
        ProtocolFrameParser.save_custom_di(custom_list)

        # 从解析器移除
        if key in self.parser.DI_COMBINATION_MAP:
            del self.parser.DI_COMBINATION_MAP[key]

        self._load_di_map_data()
        QMessageBox.information(self, ""成功"", ""已删除自定义DI"")

    def create_batch_parse_tab(self) -> QWidget:
",""
"Function:main_gui.py:MainWindow.create_batch_parse_tab","create_batch_parse_tab","main_gui.py",782,860,true,"        QMessageBox.information(self, ""成功"", ""已删除自定义DI"")

    def create_batch_parse_tab(self) -> QWidget:
        """"""创建批量解析标签页""""""
        tab = QWidget()
        layout = QVBoxLayout(tab)
        layout.setSpacing(15)

        # 工具栏
        toolbar = QHBoxLayout()

        self.load_file_btn = QPushButton(""从文件加载"")
        self.load_file_btn.setToolTip(""支持每行一帧的文本文件"")
        self.load_file_btn.clicked.connect(self.load_from_file)
        toolbar.addWidget(self.load_file_btn)

        self.paste_btn = QPushButton(""从剪贴板粘贴"")
        self.paste_btn.clicked.connect(self.paste_from_clipboard)
        toolbar.addWidget(self.paste_btn)

        toolbar.addStretch()

        self.batch_parse_btn = QPushButton(""开始批量解析"")
        self.batch_parse_btn.setMinimumHeight(35)
        self.batch_parse_btn.clicked.connect(self.parse_batch)
        toolbar.addWidget(self.batch_parse_btn)

        self.clear_batch_btn = QPushButton(""清空"")
        self.clear_batch_btn.clicked.connect(self.clear_batch)
        toolbar.addWidget(self.clear_batch_btn)

        layout.addLayout(toolbar)

        # 输入区
        input_group = QGroupBox(""输入报文列表（每行一帧，自动根据当前协议识别）"")
        input_layout = QVBoxLayout(input_group)

        self.batch_input = QTextEdit()
        self.batch_input.setPlaceholderText(""粘贴或输入报文数据，支持多种协议：\n南网/国网协议：68开头，16结束\nHDLC协议：7E开头，7E结束\n其他协议：每行一帧直接解析"")
        self.batch_input.setMaximumHeight(150)
        input_layout.addWidget(self.batch_input)

        layout.addWidget(input_group)

        # 结果统计
        self.stats_label = QLabel(""状态：待解析"")
        self.stats_label.setStyleSheet(""color: #666; font-size: 12px;"")
        layout.addWidget(self.stats_label)

        # 结果表格
        result_group = QGroupBox(""解析结果"")
        result_layout = QVBoxLayout(result_group)

        self.result_table = QTableWidget()
        self.result_table.setColumnCount(6)
        self.result_table.setHorizontalHeaderLabels([
            ""序号"", ""原始数据"", ""长度"", ""方向"", ""业务摘要"", ""状态""
        ])
        self.result_table.horizontalHeader().setSectionResizeMode(QHeaderView.Stretch)
        self.result_table.horizontalHeader().setSectionResizeMode(0, QHeaderView.Fixed)
        self.result_table.setColumnWidth(0, 50)
        self.result_table.setSelectionBehavior(QTableWidget.SelectRows)
        self.result_table.setEditTriggers(QTableWidget.NoEditTriggers)
        self.result_table.setAlternatingRowColors(True)
        # 紧凑字体和行高
        table_font = QFont()
        table_font.setPointSize(8)
        self.result_table.setFont(table_font)
        self.result_table.verticalHeader().setDefaultSectionSize(20)
        self.result_table.verticalHeader().hide()
        self.result_table.cellClicked.connect(self.show_detail_dialog)
        result_layout.addWidget(self.result_table)

        # 批量导出按钮
        export_batch_btn = QPushButton(""导出全部结果(JSON)"")
        export_batch_btn.clicked.connect(self.export_batch)
        result_layout.addWidget(export_batch_btn)

        layout.addWidget(result_group, 1)

        return tab

    def apply_styles(self):
",""
"Function:main_gui.py:MainWindow.apply_styles","apply_styles","main_gui.py",862,1180,true,"        return tab

    def apply_styles(self):
        """"""应用样式表 - 全局白色背景黑色字体""""""
        self.setStyleSheet(""""""
            /* ========== 全局基础 ========== */
            * {
                color: #000000;
            }
            QWidget {
                background-color: #ffffff;
                color: #000000;
            }
            QMainWindow {
                background-color: #f5f5f5;
            }

            /* ========== 对话框 / 弹窗 ========== */
            QDialog {
                background-color: #ffffff;
                color: #000000;
            }
            QMessageBox {
                background-color: #ffffff;
                color: #000000;
            }
            QMessageBox QLabel {
                color: #000000;
                background-color: transparent;
            }
            QMessageBox QPushButton {
                background-color: #2196F3;
                color: white;
                border: none;
                border-radius: 4px;
                padding: 6px 20px;
                font-weight: bold;
                min-width: 80px;
            }
            QMessageBox QPushButton:hover {
                background-color: #1976D2;
            }

            /* ========== 右键菜单 ========== */
            QMenu {
                background-color: #ffffff;
                color: #000000;
                border: 1px solid #cccccc;
                padding: 4px;
            }
            QMenu::item {
                padding: 6px 30px 6px 20px;
                background-color: #ffffff;
                color: #000000;
            }
            QMenu::item:selected {
                background-color: #e3f2fd;
                color: #000000;
            }
            QMenu::separator {
                height: 1px;
                background-color: #e0e0e0;
                margin: 4px 8px;
            }

            /* ========== 工具提示 ========== */
            QToolTip {
                background-color: #ffffff;
                color: #000000;
                border: 1px solid #cccccc;
                padding: 4px;
            }

            /* ========== 滚动条 ========== */
            QScrollBar:vertical {
                background-color: #f5f5f5;
                width: 10px;
                border: none;
            }
            QScrollBar::handle:vertical {
                background-color: #c0c0c0;
                min-height: 30px;
                border-radius: 5px;
            }
            QScrollBar::handle:vertical:hover {
                background-color: #a0a0a0;
            }
            QScrollBar::add-line:vertical, QScrollBar::sub-line:vertical {
                height: 0px;
            }
            QScrollBar::add-page:vertical, QScrollBar::sub-page:vertical {
                background: none;
            }
            QScrollBar:horizontal {
                background-color: #f5f5f5;
                height: 10px;
                border: none;
            }
            QScrollBar::handle:horizontal {
                background-color: #c0c0c0;
                min-width: 30px;
                border-radius: 5px;
            }
            QScrollBar::handle:horizontal:hover {
                background-color: #a0a0a0;
            }
            QScrollBar::add-line:horizontal, QScrollBar::sub-line:horizontal {
                width: 0px;
            }
            QScrollBar::add-page:horizontal, QScrollBar::sub-page:horizontal {
                background: none;
            }

            /* ========== 分组框 ========== */
            QGroupBox {
                font-weight: bold;
                border: 1px solid #cccccc;
                border-radius: 4px;
                margin-top: 6px;
                padding-top: 6px;
                background-color: #ffffff;
                color: #000000;
            }
            QGroupBox::title {
                subcontrol-origin: margin;
                left: 8px;
                padding: 0 4px;
                color: #000000;
            }

            /* ========== 按钮 ========== */
            QPushButton {
                background-color: #2196F3;
                color: white;
                border: none;
                border-radius: 4px;
                padding: 8px 16px;
                font-weight: bold;
            }
            QPushButton:hover {
                background-color: #1976D2;
            }
            QPushButton:pressed {
                background-color: #0D47A1;
            }
            QPushButton#secondary {
                background-color: #757575;
            }

            /* ========== 文本编辑框 ========== */
            QTextEdit {
                border: 1px solid #cccccc;
                border-radius: 4px;
                padding: 5px;
                background-color: #ffffff;
                font-family: Consolas, Monaco, m
... [truncated]",""
"Function:main_gui.py:MainWindow._refresh_serial_ports","_refresh_serial_ports","main_gui.py",1184,1194,false,"    # ==================== 串口功能 ====================

    def _refresh_serial_ports(self):
        """"""刷新可用串口列表""""""
        self.serial_port_combo.clear()
        ports = SerialWorker.list_ports()
        if not ports:
            self.serial_port_combo.addItem(""无可用串口"")
            self.serial_port_combo.setEnabled(False)
        else:
            for p in ports:
                self.serial_port_combo.addItem(p)
            self.serial_port_combo.setEnabled(True)

    def _on_serial_open_clicked(self):
",""
"Function:main_gui.py:MainWindow._on_serial_open_clicked","_on_serial_open_clicked","main_gui.py",1196,1222,false,"            self.serial_port_combo.setEnabled(True)

    def _on_serial_open_clicked(self):
        """"""打开/关闭串口按钮点击""""""
        if self.serial_worker.is_open():
            self.serial_worker.close_port()
            self.serial_open_btn.setText(""打开串口"")
            self.serial_open_btn.setStyleSheet(
                ""QPushButton { background-color: #4CAF50; color: white; border-radius: 3px; padding: 4px 12px; font-weight: bold; }""
            )
            self.serial_port_combo.setEnabled(True)
            self.serial_baud_combo.setEnabled(True)
            self.serial_parity_combo.setEnabled(True)
        else:
            port = self.serial_port_combo.currentText()
            if not port or port == ""无可用串口"":
                QMessageBox.warning(self, ""警告"", ""请选择一个有效的串口"")
                return
            baud = int(self.serial_baud_combo.currentText())
            parity = self.serial_parity_combo.currentText()
            self.serial_worker.configure(port, baudrate=baud, parity=parity)
            if self.serial_worker.open_port():
                self.serial_open_btn.setText(""关闭串口"")
                self.serial_open_btn.setStyleSheet(
                    ""QPushButton { background-color: #f44336; color: white; border-radius: 3px; padding: 4px 12px; font-weight: bold; }""
                )
                self.serial_port_combo.setEnabled(False)
                self.serial_baud_combo.setEnabled(False)
                self.serial_parity_combo.setEnabled(False)

    def _on_serial_connection_changed(self, connected: bool):
",""
"Function:main_gui.py:MainWindow._on_serial_connection_changed","_on_serial_connection_changed","main_gui.py",1224,1238,false,"                self.serial_parity_combo.setEnabled(False)

    def _on_serial_connection_changed(self, connected: bool):
        """"""串口连接状态变化回调""""""
        if connected:
            self.serial_status_label.setText(""已连接"")
            self.serial_status_label.setStyleSheet(""color: #4CAF50; font-size: 12px; font-weight: bold;"")
        else:
            self.serial_status_label.setText(""未连接"")
            self.serial_status_label.setStyleSheet(""color: #999; font-size: 12px;"")
            self.serial_open_btn.setText(""打开串口"")
            self.serial_open_btn.setStyleSheet(
                ""QPushButton { background-color: #4CAF50; color: white; border-radius: 3px; padding: 4px 12px; font-weight: bold; }""
            )
            self.serial_port_combo.setEnabled(True)
            self.serial_baud_combo.setEnabled(True)
            self.serial_parity_combo.setEnabled(True)

    def _on_serial_error(self, msg: str):
",""
"Function:main_gui.py:MainWindow._on_serial_error","_on_serial_error","main_gui.py",1240,1242,false,"            self.serial_parity_combo.setEnabled(True)

    def _on_serial_error(self, msg: str):
        """"""串口错误回调""""""
        QMessageBox.warning(self, ""串口错误"", msg)

    # ==================== 预设按钮功能 ====================
",""
"Function:main_gui.py:MainWindow._on_preset_button_clicked","_on_preset_button_clicked","main_gui.py",1246,1266,false,"    # ==================== 预设按钮功能 ====================

    def _on_preset_button_clicked(self, protocol: str, frame_hex: str, config: dict):
        """"""预设按钮点击：通过串口直接发送报文""""""
        # 先切到对应协议（保持界面一致性）
        if protocol == ""south"" and self.current_protocol != 0:
            self.protocol_combo.setCurrentIndex(0)
        elif protocol == ""gdw"" and self.current_protocol != 6:
            self.protocol_combo.setCurrentIndex(6)

        # 检查串口是否打开
        if not self.serial_worker or not self.serial_worker.is_open():
            QMessageBox.warning(self, ""串口未打开"", ""请先打开串口后再发送预设命令。"")
            return

        # 把报文同步到组帧页面（方便查看）
        self.frame_gen_tab.result_hex.setText(frame_hex)

        # 直接通过串口发送
        self.serial_worker.send_hex_string(frame_hex)

        # 在串口日志显示
        self.frame_gen_tab._on_serial_log(f""[预设发送] {frame_hex}"")

    # ==================== 单帧解析功能 ====================
",""
"Function:main_gui.py:MainWindow._on_protocol_changed","_on_protocol_changed","main_gui.py",1270,1308,false,"    # ==================== 单帧解析功能 ====================

    def _on_protocol_changed(self, index: int):
        """"""协议选择改变时的回调""""""
        self.current_protocol = index
        # 更新占位符提示
        if index == 0:
            self.single_input.setPlaceholderText(""请输入十六进制报文，例如：68 0E 00 00 00 00 01 00 01 E8 00 05 EF 16"")
        elif index == 1:
            self.single_input.setPlaceholderText(""请输入PLC RF报文，例如：02 00 05 C0 20 01 00 99"")
        elif index == 2:
            self.single_input.setPlaceholderText(""请输入HDLC报文，例如：7E A0 07 01 01 93 ... 7E"")
        elif index == 3:
            self.single_input.setPlaceholderText(""请输入Wrapper报文，例如：00 01 00 02 00 1E ..."")
        elif index == 4:  # DLMS-APDU裸报文
            self.single_input.setPlaceholderText(""请输入APDU报文，例如：C0 01 C1 00 ..."")
        elif index == 5:  # DLT645-2007
            self.single_input.setPlaceholderText(""请输入DLT645报文，例如：68 AA AA AA AA AA AA 68 11 04 33 33 33 33 CS 16"")
        else:  # index == 6, 国网协议
            self.single_input.setPlaceholderText(""请输入国网报文，例如：68 0F 00 43 00 00 00 00 00 00 00 00 00 03 01 00 48 16"")

        # 更新查询页面
        self._update_protocol_lookup_tab()

        # 协议组帧页面和预设命令页面在南网和国网协议下显示
        if hasattr(self, '_frame_gen_tab_index'):
            show_frame_gen = index in (0, 6)
            self.tab_widget.setTabVisible(self._frame_gen_tab_index, show_frame_gen)
            if show_frame_gen:
                mode = ""south"" if index == 0 else ""gdw""
                self.frame_gen_tab.set_protocol_mode(mode)
            else:
                self.frame_gen_tab.reset()
        if hasattr(self, '_preset_tab_index'):
            self.tab_widget.setTabVisible(self._preset_tab_index, index in (0, 6))
            if index in (0, 6):
                mode = ""south"" if index == 0 else ""gdw""
                self.preset_tab.set_protocol(mode)

        # 清空当前结果
        self.clear_single()

    def _update_protocol_lookup_tab(self):
",""
"Function:main_gui.py:MainWindow._update_protocol_lookup_tab","_update_protocol_lookup_tab","main_gui.py",1310,1341,false,"        self.clear_single()

    def _update_protocol_lookup_tab(self):
        """"""根据当前协议更新查询页面内容""""""
        # 清空当前查询页面内容（递归清除所有子layout和widget）
        self._clear_layout(self.protocol_lookup_tab_layout)

        # 更新选项卡标签
        lookup_tab_index = self.tab_widget.indexOf(self.protocol_lookup_tab)

        if self.current_protocol == 0:
            # 南网协议：DI查询
            self.tab_widget.setTabText(lookup_tab_index, ""DI查询"")
            self._create_di_lookup_content(self.protocol_lookup_tab_layout)

        elif self.current_protocol == 1:
            # 万胜PLC RF协议：命令字查询
            self.tab_widget.setTabText(lookup_tab_index, ""命令字查询"")
            self._create_command_lookup_content(self.protocol_lookup_tab_layout)

        elif self.current_protocol in (2, 3, 4):
            # HDLC/Wrapper/DLMS-APDU：OBIS查询
            self.tab_widget.setTabText(lookup_tab_index, ""OBIS查询"")
            self._create_obis_lookup_content(self.protocol_lookup_tab_layout)
            
        elif self.current_protocol == 5:
            # DLT645-2007协议：DI查询
            self.tab_widget.setTabText(lookup_tab_index, ""DI查询"")
            self._create_dlt645_di_lookup_content(self.protocol_lookup_tab_layout)

        elif self.current_protocol == 6:
            # 国网协议：AFN查询
            self.tab_widget.setTabText(lookup_tab_index, ""AFN查询"")
            self._create_gdw_lookup_content(self.protocol_lookup_tab_layout)

    def _create_gdw_lookup_content(self, layout):
",""
"Function:main_gui.py:MainWindow._create_gdw_lookup_content","_create_gdw_lookup_content","main_gui.py",1343,1396,false,"            self._create_gdw_lookup_content(self.protocol_lookup_tab_layout)

    def _create_gdw_lookup_content(self, layout):
        """"""创建国网协议AFN查询页面内容""""""
        # 搜索栏 + 操作按钮
        search_layout = QHBoxLayout()
        search_label = QLabel(""搜索："")
        search_label.setFixedWidth(45)
        self.gdw_search_input = QLineEdit()
        self.gdw_search_input.setPlaceholderText(""输入AFN(如03H)或Fn(如F1)或中文关键词搜索..."")
        self.gdw_search_input.setClearButtonEnabled(True)
        self.gdw_search_input.textChanged.connect(self._filter_gdw_table)
        search_layout.addWidget(search_label)
        search_layout.addWidget(self.gdw_search_input)

        # 添加自定义按钮
        add_btn = QPushButton(""添加自定义"")
        add_btn.setToolTip(""添加自定义AFN+Fn组合"")
        add_btn.clicked.connect(self._add_custom_gdw_fn)
        search_layout.addWidget(add_btn)

        # 删除自定义按钮
        del_btn = QPushButton(""删除自定义"")
        del_btn.setToolTip(""删除选中的自定义AFN+Fn组合"")
        del_btn.clicked.connect(self._delete_custom_gdw_fn)
        search_layout.addWidget(del_btn)

        layout.addLayout(search_layout)

        # 统计标签
        self.gdw_stats_label = QLabel()
        self.gdw_stats_label.setStyleSheet(""color: #666; font-size: 12px;"")
        layout.addWidget(self.gdw_stats_label)

        # 表格
        self.gdw_table = QTableWidget()
        self.gdw_table.setColumnCount(4)
        self.gdw_table.setHorizontalHeaderLabels([""AFN"", ""AFN名称"", ""Fn"", ""功能说明""])
        header = self.gdw_table.horizontalHeader()
        header.setSectionResizeMode(QHeaderView.ResizeMode.Interactive)
        header.setStretchLastSection(True)
        self.gdw_table.setColumnWidth(0, 60)
        self.gdw_table.setColumnWidth(1, 180)
        self.gdw_table.setColumnWidth(2, 60)
        self.gdw_table.setEditTriggers(QTableWidget.EditTrigger.NoEditTriggers)
        self.gdw_table.setSelectionBehavior(QTableWidget.SelectionBehavior.SelectRows)
        self.gdw_table.setAlternatingRowColors(True)
        self.gdw_table.verticalHeader().hide()
        self.gdw_table.verticalHeader().setDefaultSectionSize(20)
        table_font = QFont()
        table_font.setPointSize(8)
        self.gdw_table.setFont(table_font)
        layout.addWidget(self.gdw_table)

        # 加载数据
        self._load_gdw_map_data()

    def _load_gdw_map_data(self):
",""
"Function:main_gui.py:MainWindow._load_gdw_map_data","_load_gdw_map_data","main_gui.py",1398,1418,false,"        self._load_gdw_map_data()

    def _load_gdw_map_data(self):
        """"""从国网解析器加载AFN+Fn数据到表格（包含自定义条目）""""""
        data = self.gdw_parser.get_afn_fn_list()
        self._gdw_data = data
        self.gdw_table.setRowCount(len(data))
        for row, (afn, afn_name, fn, fn_name) in enumerate(data):
            item_afn = QTableWidgetItem(f""{afn:02X}H"")
            item_afn_name = QTableWidgetItem(afn_name)
            item_fn = QTableWidgetItem(f""F{fn}"")
            item_fn_name = QTableWidgetItem(fn_name)
            # 自定义条目用蓝色标记
            is_custom = (afn in self.gdw_parser._custom_fn_map and fn in self.gdw_parser._custom_fn_map.get(afn, {}))
            if is_custom:
                blue_brush = QColor(""#E3F2FD"")
                for item in (item_afn, item_afn_name, item_fn, item_fn_name):
                    item.setBackground(blue_brush)
            self.gdw_table.setItem(row, 0, item_afn)
            self.gdw_table.setItem(row, 1, item_afn_name)
            self.gdw_table.setItem(row, 2, item_fn)
            self.gdw_table.setItem(row, 3, item_fn_name)
        self.gdw_stats_label.setText(f""共 {len(data)} 条记录"")

    def _filter_gdw_table(self, text: str):
",""
"Function:main_gui.py:MainWindow._filter_gdw_table","_filter_gdw_table","main_gui.py",1420,1442,false,"        self.gdw_stats_label.setText(f""共 {len(data)} 条记录"")

    def _filter_gdw_table(self, text: str):
        """"""根据搜索文本过滤国网AFN表格""""""
        keyword = text.strip().upper()
        if not keyword:
            self._load_gdw_map_data()
            return
        results = self.gdw_parser.search_afn_fn(keyword)
        self.gdw_table.setRowCount(len(results))
        for row, (afn, afn_name, fn, fn_name) in enumerate(results):
            item_afn = QTableWidgetItem(f""{afn:02X}H"")
            item_afn_name = QTableWidgetItem(afn_name)
            item_fn = QTableWidgetItem(f""F{fn}"")
            item_fn_name = QTableWidgetItem(fn_name)
            is_custom = (afn in self.gdw_parser._custom_fn_map and fn in self.gdw_parser._custom_fn_map.get(afn, {}))
            if is_custom:
                blue_brush = QColor(""#E3F2FD"")
                for item in (item_afn, item_afn_name, item_fn, item_fn_name):
                    item.setBackground(blue_brush)
            self.gdw_table.setItem(row, 0, item_afn)
            self.gdw_table.setItem(row, 1, item_afn_name)
            self.gdw_table.setItem(row, 2, item_fn)
            self.gdw_table.setItem(row, 3, item_fn_name)
        self.gdw_stats_label.setText(f""匹配 {len(results)} / {len(self._gdw_data)} 条记录"")

    def _add_custom_gdw_fn(self):
",""
"Function:main_gui.py:MainWindow._add_custom_gdw_fn","_add_custom_gdw_fn","main_gui.py",1444,1494,false,"        self.gdw_stats_label.setText(f""匹配 {len(results)} / {len(self._gdw_data)} 条记录"")

    def _add_custom_gdw_fn(self):
        """"""弹出对话框添加自定义AFN+Fn""""""
        from PySide6.QtWidgets import QDialog, QFormLayout, QSpinBox, QLineEdit as QLE, QDialogButtonBox, QMessageBox
        dialog = QDialog(self)
        dialog.setWindowTitle(""添加自定义AFN+Fn"")
        dialog.setMinimumWidth(300)
        layout = QFormLayout(dialog)

        afn_input = QSpinBox()
        afn_input.setRange(0, 255)
        afn_input.setPrefix(""0x"")
        afn_input.setDisplayIntegerBase(16)
        layout.addRow(""AFN (十六进制):"", afn_input)

        fn_input = QSpinBox()
        fn_input.setRange(1, 248)
        layout.addRow(""Fn:"", fn_input)

        name_input = QLE()
        name_input.setPlaceholderText(""输入功能名称"")
        layout.addRow(""功能名称:"", name_input)

        afn_name_input = QLE()
        afn_name_input.setPlaceholderText(""可选：自定义AFN类别名称"")
        layout.addRow(""AFN类别名称(可选):"", afn_name_input)

        buttons = QDialogButtonBox(QDialogButtonBox.StandardButton.Ok | QDialogButtonBox.StandardButton.Cancel)
        buttons.accepted.connect(dialog.accept)
        buttons.rejected.connect(dialog.reject)
        layout.addRow(buttons)

        if dialog.exec() == QDialog.DialogCode.Accepted:
            afn = afn_input.value()
            fn = fn_input.value()
            name = name_input.text().strip()
            afn_name = afn_name_input.text().strip()
            if not name:
                QMessageBox.warning(self, ""警告"", ""功能名称不能为空"")
                return
            # Check if already exists as standard
            if afn in self.gdw_parser.FN_MAP and fn in self.gdw_parser.FN_MAP.get(afn, {}):
                QMessageBox.warning(self, ""警告"", f""AFN={afn:02X}H Fn=F{fn} 已在标准定义中存在"")
                return
            # Add custom AFN name if provided
            if afn_name:
                self.gdw_parser.add_custom_afn(afn, afn_name)
            # Add custom Fn
            self.gdw_parser.add_custom_fn(afn, fn, name)
            self._load_gdw_map_data()
            self.gdw_search_input.clear()
            QMessageBox.information(self, ""成功"", f""已添加自定义组合: AFN={afn:02X}H Fn=F{fn}"")

    def _delete_custom_gdw_fn(self):
",""
"Function:main_gui.py:MainWindow._delete_custom_gdw_fn","_delete_custom_gdw_fn","main_gui.py",1496,1519,false,"            QMessageBox.information(self, ""成功"", f""已添加自定义组合: AFN={afn:02X}H Fn=F{fn}"")

    def _delete_custom_gdw_fn(self):
        """"""删除选中的自定义AFN+Fn""""""
        row = self.gdw_table.currentRow()
        if row < 0:
            QMessageBox.information(self, ""提示"", ""请先选中要删除的自定义条目"")
            return
        afn_text = self.gdw_table.item(row, 0).text().replace(""H"", """")
        fn_text = self.gdw_table.item(row, 2).text()
        try:
            afn = int(afn_text, 16)
            fn = int(fn_text.replace(""F"", """"))
        except ValueError:
            return
        # Check if it's custom
        is_custom = (afn in self.gdw_parser._custom_fn_map and fn in self.gdw_parser._custom_fn_map.get(afn, {}))
        if not is_custom:
            QMessageBox.information(self, ""提示"", ""只能删除自定义添加的条目"")
            return
        reply = QMessageBox.question(self, ""确认删除"", f""确定删除自定义组合 AFN={afn:02X}H Fn=F{fn}?"",
                                     QMessageBox.StandardButton.Yes | QMessageBox.StandardButton.No)
        if reply == QMessageBox.StandardButton.Yes:
            self.gdw_parser.remove_custom_fn(afn, fn)
            self._load_gdw_map_data()
            QMessageBox.information(self, ""成功"", ""已删除自定义组合"")

    def _create_di_lookup_content(self, layout):
",""
"Function:main_gui.py:MainWindow._create_di_lookup_content","_create_di_lookup_content","main_gui.py",1521,1576,false,"            QMessageBox.information(self, ""成功"", ""已删除自定义组合"")

    def _create_di_lookup_content(self, layout):
        """"""创建南网协议DI查询页面内容""""""
        # 搜索栏
        search_layout = QHBoxLayout()
        search_label = QLabel(""搜索："")
        search_label.setFixedWidth(45)
        self.di_search_input = QLineEdit()
        self.di_search_input.setPlaceholderText(""输入DI编码(如E8020201)或中文关键词(如添加任务)搜索..."")
        self.di_search_input.setClearButtonEnabled(True)
        self.di_search_input.textChanged.connect(self._filter_di_table)
        search_layout.addWidget(search_label)
        search_layout.addWidget(self.di_search_input)
        layout.addLayout(search_layout)

        # 统计标签
        self.di_stats_label = QLabel()
        self.di_stats_label.setStyleSheet(""color: #666; font-size: 12px;"")
        layout.addWidget(self.di_stats_label)

        # 表格
        self.di_table = QTableWidget()
        self.di_table.setColumnCount(6)
        self.di_table.setHorizontalHeaderLabels([""DI3"", ""DI2"", ""DI1"", ""DI0"", ""AFN"", ""中文含义""])
        header = self.di_table.horizontalHeader()
        header.setSectionResizeMode(QHeaderView.ResizeMode.Interactive)
        header.setStretchLastSection(True)
        self.di_table.setColumnWidth(0, 60)
        self.di_table.setColumnWidth(1, 60)
        self.di_table.setColumnWidth(2, 60)
        self.di_table.setColumnWidth(3, 60)
        self.di_table.setColumnWidth(4, 200)
        self.di_table.setEditTriggers(QTableWidget.EditTrigger.NoEditTriggers)
        self.di_table.setSelectionBehavior(QTableWidget.SelectionBehavior.SelectRows)
        self.di_table.setAlternatingRowColors(True)
        self.di_table.verticalHeader().hide()
        self.di_table.verticalHeader().setDefaultSectionSize(20)
        table_font = QFont()
        table_font.setPointSize(8)
        self.di_table.setFont(table_font)
        layout.addWidget(self.di_table)

        # 按钮栏
        btn_layout = QHBoxLayout()
        add_di_btn = QPushButton(""添加自定义DI"")
        add_di_btn.clicked.connect(self._add_custom_di)
        btn_layout.addWidget(add_di_btn)

        del_di_btn = QPushButton(""删除选中自定义DI"")
        del_di_btn.clicked.connect(self._del_custom_di)
        btn_layout.addWidget(del_di_btn)

        btn_layout.addStretch()
        layout.addLayout(btn_layout)

        # 加载数据
        self._load_di_map_data()

    def _create_obis_lookup_content(self, layout):
",""
"Function:main_gui.py:MainWindow._create_obis_lookup_content","_create_obis_lookup_content","main_gui.py",1578,1618,false,"        self._load_di_map_data()

    def _create_obis_lookup_content(self, layout):
        """"""创建OBIS查询页面（HDLC/Wrapper/APDU协议）""""""
        # 搜索栏
        search_layout = QHBoxLayout()
        search_label = QLabel(""搜索："")
        search_label.setFixedWidth(30)
        self.obis_search_input = QLineEdit()
        self.obis_search_input.setPlaceholderText(""输入OBIS码(如0.0.96.1.0.255)或关键词搜索..."")
        self.obis_search_input.setClearButtonEnabled(True)
        self.obis_search_input.textChanged.connect(self._filter_obis_table)
        search_layout.addWidget(search_label)
        search_layout.addWidget(self.obis_search_input)
        layout.addLayout(search_layout)

        # 统计标签
        self.obis_stats_label = QLabel()
        self.obis_stats_label.setStyleSheet(""color: #666; font-size: 11px;"")
        layout.addWidget(self.obis_stats_label)

        # 表格
        self.obis_table = QTableWidget()
        self.obis_table.setColumnCount(4)
        self.obis_table.setHorizontalHeaderLabels([""OBIS码"", ""对象名称"", ""对象类型"", ""访问属性""])
        header = self.obis_table.horizontalHeader()
        header.setSectionResizeMode(QHeaderView.ResizeMode.Interactive)
        header.setStretchLastSection(True)
        self.obis_table.setColumnWidth(0, 100)
        self.obis_table.setColumnWidth(1, 130)
        self.obis_table.setColumnWidth(2, 90)
        self.obis_table.setSelectionBehavior(QTableWidget.SelectionBehavior.SelectRows)
        self.obis_table.setAlternatingRowColors(True)
        self.obis_table.verticalHeader().hide()
        self.obis_table.verticalHeader().setDefaultSectionSize(14)
        table_font = QFont()
        table_font.setPointSize(7)
        self.obis_table.setFont(table_font)

        layout.addWidget(self.obis_table)

        # 加载数据
        self._load_obis_map_data()

    def _create_dlt645_di_lookup_content(self, layout):
",""
"Function:main_gui.py:MainWindow._create_dlt645_di_lookup_content","_create_dlt645_di_lookup_content","main_gui.py",1620,1678,false,"        self._load_obis_map_data()

    def _create_dlt645_di_lookup_content(self, layout):
        """"""创建DLT645-2007 DI查询页面""""""
        # 初始化DI查询器
        self.dlt645_di_lookup = get_dlt645_di_lookup()

        # 搜索栏
        search_layout = QHBoxLayout()
        search_label = QLabel(""搜索："")
        search_label.setFixedWidth(45)
        self.dlt645_di_search_input = QLineEdit()
        self.dlt645_di_search_input.setPlaceholderText(""输入DI编码(如04000101)或中文关键词搜索..."")
        self.dlt645_di_search_input.setClearButtonEnabled(True)
        self.dlt645_di_search_input.textChanged.connect(self._filter_dlt645_di_table)
        search_layout.addWidget(search_label)
        search_layout.addWidget(self.dlt645_di_search_input)
        layout.addLayout(search_layout)

        # 统计标签
        self.dlt645_di_stats_label = QLabel()
        self.dlt645_di_stats_label.setStyleSheet(""color: #666; font-size: 12px;"")
        layout.addWidget(self.dlt645_di_stats_label)

        # 表格
        self.dlt645_di_table = QTableWidget()
        self.dlt645_di_table.setColumnCount(5)
        self.dlt645_di_table.setHorizontalHeaderLabels([""DI编码"", ""名称"", ""单位"", ""数据类型"", ""说明""])
        header = self.dlt645_di_table.horizontalHeader()
        header.setSectionResizeMode(QHeaderView.ResizeMode.Interactive)
        header.setStretchLastSection(True)
        self.dlt645_di_table.setColumnWidth(0, 90)
        self.dlt645_di_table.setColumnWidth(1, 180)
        self.dlt645_di_table.setColumnWidth(2, 60)
        self.dlt645_di_table.setColumnWidth(3, 80)
        self.dlt645_di_table.setEditTriggers(QTableWidget.EditTrigger.NoEditTriggers)
        self.dlt645_di_table.setSelectionBehavior(QTableWidget.SelectionBehavior.SelectRows)
        self.dlt645_di_table.setAlternatingRowColors(True)
        self.dlt645_di_table.verticalHeader().hide()
        self.dlt645_di_table.verticalHeader().setDefaultSectionSize(20)
        table_font = QFont()
        table_font.setPointSize(8)
        self.dlt645_di_table.setFont(table_font)

        layout.addWidget(self.dlt645_di_table)

        # 按钮栏
        btn_layout = QHBoxLayout()
        add_dlt645_di_btn = QPushButton(""添加自定义DI"")
        add_dlt645_di_btn.clicked.connect(self._add_dlt645_custom_di)
        btn_layout.addWidget(add_dlt645_di_btn)

        del_dlt645_di_btn = QPushButton(""删除选中自定义DI"")
        del_dlt645_di_btn.clicked.connect(self._del_dlt645_custom_di)
        btn_layout.addWidget(del_dlt645_di_btn)

        btn_layout.addStretch()
        layout.addLayout(btn_layout)

        # 加载数据
        self._load_dlt645_di_map_data()

    def _load_dlt645_di_map_data(self):
",""
"Function:main_gui.py:MainWindow._load_dlt645_di_map_data","_load_dlt645_di_map_data","main_gui.py",1680,1695,false,"        self._load_dlt645_di_map_data()

    def _load_dlt645_di_map_data(self):
        """"""从DLT645 DI查询器加载数据到表格""""""
        data = self.dlt645_di_lookup.data
        self._dlt645_di_data = data
        self.dlt645_di_table.setRowCount(len(data))
        for row, (di_code, di_name, unit, data_type, desc, is_custom) in enumerate(data):
            self.dlt645_di_table.setItem(row, 0, QTableWidgetItem(di_code))
            name_item = QTableWidgetItem((""★ "" if is_custom else """") + di_name)
            if is_custom:
                name_item.setForeground(QColor(""#1976D2""))
            self.dlt645_di_table.setItem(row, 1, name_item)
            self.dlt645_di_table.setItem(row, 2, QTableWidgetItem(unit))
            self.dlt645_di_table.setItem(row, 3, QTableWidgetItem(data_type))
            self.dlt645_di_table.setItem(row, 4, QTableWidgetItem(desc))
        custom_count = sum(1 for item in data if item[5])
        self.dlt645_di_stats_label.setText(f""共 {len(data)} 条记录（其中自定义 {custom_count} 条）"")

    def _filter_dlt645_di_table(self, text: str):
",""
"Function:main_gui.py:MainWindow._filter_dlt645_di_table","_filter_dlt645_di_table","main_gui.py",1697,1715,false,"        self.dlt645_di_stats_label.setText(f""共 {len(data)} 条记录（其中自定义 {custom_count} 条）"")

    def _filter_dlt645_di_table(self, text: str):
        """"""根据搜索文本过滤DLT645 DI表格""""""
        keyword = text.strip().upper()
        if not keyword:
            self._load_dlt645_di_map_data()
            return
        results = self.dlt645_di_lookup.search(keyword)
        self.dlt645_di_table.setRowCount(len(results))
        for row, (di_code, di_name, unit, data_type, desc, is_custom) in enumerate(results):
            self.dlt645_di_table.setItem(row, 0, QTableWidgetItem(di_code))
            name_item = QTableWidgetItem((""★ "" if is_custom else """") + di_name)
            if is_custom:
                name_item.setForeground(QColor(""#1976D2""))
            self.dlt645_di_table.setItem(row, 1, name_item)
            self.dlt645_di_table.setItem(row, 2, QTableWidgetItem(unit))
            self.dlt645_di_table.setItem(row, 3, QTableWidgetItem(data_type))
            self.dlt645_di_table.setItem(row, 4, QTableWidgetItem(desc))
        custom_count = sum(1 for item in results if item[5])
        self.dlt645_di_stats_label.setText(f""匹配 {len(results)} / {len(self._dlt645_di_data)} 条记录（其中自定义 {custom_count} 条）"")

    def _add_dlt645_custom_di(self):
",""
"Function:main_gui.py:MainWindow._add_dlt645_custom_di","_add_dlt645_custom_di","main_gui.py",1717,1786,false,"        self.dlt645_di_stats_label.setText(f""匹配 {len(results)} / {len(self._dlt645_di_data)} 条记录（其中自定义 {custom_count} 条）"")

    def _add_dlt645_custom_di(self):
        """"""添加DLT645自定义DI对话框""""""
        dialog = QDialog(self)
        dialog.setWindowTitle(""添加自定义DI (DLT645)"")
        dialog.setMinimumWidth(360)
        layout = QVBoxLayout(dialog)

        # DI编码
        h1 = QHBoxLayout()
        h1.addWidget(QLabel(""DI编码:""))
        di_code_input = QLineEdit()
        di_code_input.setPlaceholderText(""如 04000101"")
        di_code_input.setMaxLength(8)
        h1.addWidget(di_code_input)
        layout.addLayout(h1)

        # 名称
        h2 = QHBoxLayout()
        h2.addWidget(QLabel(""名称:""))
        name_input = QLineEdit()
        name_input.setPlaceholderText(""如：当前正向有功总电能"")
        h2.addWidget(name_input)
        layout.addLayout(h2)

        # 单位
        h3 = QHBoxLayout()
        h3.addWidget(QLabel(""单位:""))
        unit_input = QLineEdit()
        unit_input.setPlaceholderText(""如：kWh（可留空）"")
        h3.addWidget(unit_input)
        layout.addLayout(h3)

        # 数据类型
        h4 = QHBoxLayout()
        h4.addWidget(QLabel(""数据类型:""))
        data_type_input = QLineEdit()
        data_type_input.setPlaceholderText(""如：XX（可留空）"")
        h4.addWidget(data_type_input)
        layout.addLayout(h4)

        # 按钮
        btn_layout = QHBoxLayout()
        ok_btn = QPushButton(""添加"")
        cancel_btn = QPushButton(""取消"")
        btn_layout.addStretch()
        btn_layout.addWidget(ok_btn)
        btn_layout.addWidget(cancel_btn)
        layout.addLayout(btn_layout)

        ok_btn.clicked.connect(dialog.accept)
        cancel_btn.clicked.connect(dialog.reject)

        if dialog.exec() != QDialog.Accepted:
            return

        di_code = di_code_input.text().strip().upper()
        name = name_input.text().strip()
        unit = unit_input.text().strip()
        data_type = data_type_input.text().strip()

        if not di_code or not name:
            QMessageBox.warning(self, ""错误"", ""DI编码和名称不能为空！"")
            return

        success = self.dlt645_di_lookup.add_custom_di(di_code, name, unit, data_type)
        if success:
            self._load_dlt645_di_map_data()
            QMessageBox.information(self, ""成功"", f""已添加自定义DI: {di_code} → {name}"")
        else:
            QMessageBox.warning(self, ""错误"", ""添加失败，请检查DI编码格式（8位十六进制）"")

    def _del_dlt645_custom_di(self):
",""
"Function:main_gui.py:MainWindow._del_dlt645_custom_di","_del_dlt645_custom_di","main_gui.py",1788,1814,false,"            QMessageBox.warning(self, ""错误"", ""添加失败，请检查DI编码格式（8位十六进制）"")

    def _del_dlt645_custom_di(self):
        """"""删除选中的DLT645自定义DI""""""
        row = self.dlt645_di_table.currentRow()
        if row < 0 or row >= len(self._dlt645_di_data):
            QMessageBox.warning(self, ""提示"", ""请先选中一条记录！"")
            return

        di_code, di_name, unit, data_type, desc, is_custom = self._dlt645_di_data[row]

        if not is_custom:
            QMessageBox.warning(self, ""提示"", ""只能删除自定义DI（蓝色★标记的记录）！"")
            return

        reply = QMessageBox.question(
            self, ""确认删除"",
            f""确定删除自定义DI：{di_code} ({di_name})？"",
            QMessageBox.StandardButton.Yes | QMessageBox.StandardButton.No, QMessageBox.StandardButton.No
        )
        if reply != QMessageBox.StandardButton.Yes:
            return

        success = self.dlt645_di_lookup.delete_custom_di(di_code)
        if success:
            self._load_dlt645_di_map_data()
            QMessageBox.information(self, ""成功"", ""已删除自定义DI"")
        else:
            QMessageBox.warning(self, ""错误"", ""删除失败"")

    def _create_command_lookup_content(self, layout):
",""
"Function:main_gui.py:MainWindow._create_command_lookup_content","_create_command_lookup_content","main_gui.py",1816,1854,false,"            QMessageBox.warning(self, ""错误"", ""删除失败"")

    def _create_command_lookup_content(self, layout):
        """"""创建万胜PLC RF协议命令字查询页面""""""
        # 搜索栏
        search_layout = QHBoxLayout()
        search_label = QLabel(""搜索："")
        search_label.setFixedWidth(30)
        self.cmd_search_input = QLineEdit()
        self.cmd_search_input.setPlaceholderText(""输入命令字编码或中文关键词搜索..."")
        self.cmd_search_input.setClearButtonEnabled(True)
        self.cmd_search_input.textChanged.connect(self._filter_command_table)
        search_layout.addWidget(search_label)
        search_layout.addWidget(self.cmd_search_input)
        layout.addLayout(search_layout)

        # 统计标签
        self.cmd_stats_label = QLabel()
        self.cmd_stats_label.setStyleSheet(""color: #666; font-size: 11px;"")
        layout.addWidget(self.cmd_stats_label)

        # 表格
        self.cmd_table = QTableWidget()
        self.cmd_table.setColumnCount(2)
        self.cmd_table.setHorizontalHeaderLabels([""命令字"", ""名称""])
        header = self.cmd_table.horizontalHeader()
        header.setSectionResizeMode(QHeaderView.ResizeMode.Interactive)
        header.setStretchLastSection(True)
        self.cmd_table.setColumnWidth(0, 80)
        self.cmd_table.setSelectionBehavior(QTableWidget.SelectionBehavior.SelectRows)
        self.cmd_table.setAlternatingRowColors(True)
        self.cmd_table.verticalHeader().hide()
        self.cmd_table.verticalHeader().setDefaultSectionSize(14)
        table_font = QFont()
        table_font.setPointSize(7)
        self.cmd_table.setFont(table_font)

        layout.addWidget(self.cmd_table)

        # 加载数据
        self._load_command_map_data()

    def _load_command_map_data(self):
",""
"Function:main_gui.py:MainWindow._load_command_map_data","_load_command_map_data","main_gui.py",1856,1866,false,"        self._load_command_map_data()

    def _load_command_map_data(self):
        """"""从命令字查询器加载数据到表格""""""
        data = self.command_lookup._data
        self.cmd_table.setRowCount(len(data))
        for row, (code, name, desc, is_custom) in enumerate(data):
            self.cmd_table.setItem(row, 0, QTableWidgetItem(f""{code:04X}""))
            name_item = QTableWidgetItem((""★ "" if is_custom else """") + name)
            if is_custom:
                name_item.setForeground(QColor(""#1976D2""))
            self.cmd_table.setItem(row, 1, name_item)
        self.cmd_stats_label.setText(f""共 {len(data)} 条记录"")

    def _filter_command_table(self, text: str):
",""
"Function:main_gui.py:MainWindow._filter_command_table","_filter_command_table","main_gui.py",1868,1882,false,"        self.cmd_stats_label.setText(f""共 {len(data)} 条记录"")

    def _filter_command_table(self, text: str):
        """"""根据搜索文本过滤命令字表格""""""
        keyword = text.strip().upper()
        if not keyword:
            self._load_command_map_data()
            return
        results = self.command_lookup.search(keyword)
        self.cmd_table.setRowCount(len(results))
        for row, (code, name, desc, is_custom) in enumerate(results):
            self.cmd_table.setItem(row, 0, QTableWidgetItem(f""{code:04X}""))
            name_item = QTableWidgetItem((""★ "" if is_custom else """") + name)
            if is_custom:
                name_item.setForeground(QColor(""#1976D2""))
            self.cmd_table.setItem(row, 1, name_item)
        self.cmd_stats_label.setText(f""匹配 {len(results)} / {len(self.command_lookup._data)} 条记录"")

    def _load_obis_map_data(self):
",""
"Function:main_gui.py:MainWindow._load_obis_map_data","_load_obis_map_data","main_gui.py",1884,1905,false,"        self.cmd_stats_label.setText(f""匹配 {len(results)} / {len(self.command_lookup._data)} 条记录"")

    def _load_obis_map_data(self):
        """"""从OBIS查询器加载数据到表格""""""
        data = self.obis_lookup._data
        self.obis_table.setRowCount(len(data))
        for row, (obis, name, desc, is_custom) in enumerate(data):
            obis_str = f""{obis[0]}.{obis[1]}.{obis[2]}.{obis[3]}.{obis[4]}.{obis[5]}""
            self.obis_table.setItem(row, 0, QTableWidgetItem(obis_str))
            name_item = QTableWidgetItem((""★ "" if is_custom else """") + name)
            if is_custom:
                name_item.setForeground(QColor(""#1976D2""))
            self.obis_table.setItem(row, 1, name_item)
            # 根据OBIS A值推断对象类型
            a = obis[0]
            type_map = {
                0: ""General"", 1: ""Register"", 2: ""ExtendedRegister"",
                3: ""DemandRegister"", 5: ""ProfileGeneric"", 7: ""ScriptTable"",
                10: ""Association LN"", 17: ""ActivityCalendar"",
                20: ""DisconnectControl"",
            }
            self.obis_table.setItem(row, 2, QTableWidgetItem(type_map.get(a, f""Type_{a}"")))
            self.obis_table.setItem(row, 3, QTableWidgetItem(""Read/Write"" if is_custom else ""Read""))
        self.obis_stats_label.setText(f""共 {len(data)} 条记录"")

    def _filter_obis_table(self, text: str):
",""
"Function:main_gui.py:MainWindow._filter_obis_table","_filter_obis_table","main_gui.py",1907,1931,false,"        self.obis_stats_label.setText(f""共 {len(data)} 条记录"")

    def _filter_obis_table(self, text: str):
        """"""根据搜索文本过滤OBIS表格""""""
        keyword = text.strip().upper()
        if not keyword:
            self._load_obis_map_data()
            return
        results = self.obis_lookup.search(keyword)
        self.obis_table.setRowCount(len(results))
        for row, (obis, name, desc, is_custom) in enumerate(results):
            obis_str = f""{obis[0]}.{obis[1]}.{obis[2]}.{obis[3]}.{obis[4]}.{obis[5]}""
            self.obis_table.setItem(row, 0, QTableWidgetItem(obis_str))
            name_item = QTableWidgetItem((""★ "" if is_custom else """") + name)
            if is_custom:
                name_item.setForeground(QColor(""#1976D2""))
            self.obis_table.setItem(row, 1, name_item)
            a = obis[0]
            type_map = {
                0: ""General"", 1: ""Register"", 2: ""ExtendedRegister"",
                3: ""DemandRegister"", 5: ""ProfileGeneric"", 7: ""ScriptTable"",
                10: ""Association LN"", 17: ""ActivityCalendar"",
                20: ""DisconnectControl"",
            }
            self.obis_table.setItem(row, 2, QTableWidgetItem(type_map.get(a, f""Type_{a}"")))
            self.obis_table.setItem(row, 3, QTableWidgetItem(""Read/Write"" if is_custom else ""Read""))
        self.obis_stats_label.setText(f""匹配 {len(results)} / {len(self.obis_lookup._data)} 条记录"")

    def _get_current_parser(self):
",""
"Function:main_gui.py:MainWindow._get_current_parser","_get_current_parser","main_gui.py",1933,2003,false,"        self.obis_stats_label.setText(f""匹配 {len(results)} / {len(self.obis_lookup._data)} 条记录"")

    def _get_current_parser(self):
        """"""获取当前选中的解析器""""""
        if self.current_protocol == 0:
            return self.parser
        elif self.current_protocol == 1:
            return self.plc_rf_parser
        elif self.current_protocol == 2:  # HDLC/DLMS协议 (完整HDLC帧)
            return self.hdlc_parser
        elif self.current_protocol == 3:  # DLMS Wrapper裸报文 (直接解析Wrapper+APDU)
            # 返回一个匿名对象，调用parse_wrapper_to_table
            class WrapperParser:
                def __init__(self, hdlc_parser):
                    self.hdlc_parser = hdlc_parser
                def parse_to_table(self, data):
                    return self.hdlc_parser.parse_wrapper_to_table(data)
            return WrapperParser(self.hdlc_parser)
        elif self.current_protocol == 4:  # DLMS-APDU裸报文 (直接解析APDU)
            # 返回一个匿名对象，调用parse_apdu_to_table
            class APDUParser:
                def __init__(self, hdlc_parser):
                    self.hdlc_parser = hdlc_parser
                def parse_to_table(self, data):
                    return self.hdlc_parser.parse_apdu_to_table(data)
            return APDUParser(self.hdlc_parser)
        elif self.current_protocol == 5:  # DLT645-2007
            class DLT645GuiParser:
                def __init__(self, parser):
                    self.parser = parser
                def parse_to_table(self, data):
                    result = self.parser.parse(data)
                    table = []
                    # DLT645 帧结构计算字节范围
                    data_len = result.get('data_length', 0)
                    total_len = 10 + data_len + 2

                    for field, raw, desc in result['fields']:
                        byte_start = 0
                        byte_end = 0
                        parsed_value = ''

                        if '帧起始符 1' in field:
                            byte_start, byte_end = 0, 0
                        elif '从站地址' in field:
                            byte_start, byte_end = 1, 6
                        elif '帧起始符 2' in field:
                            byte_start, byte_end = 7, 7
                        elif '控制码' in field:
                            byte_start, byte_end = 8, 8
                            parsed_value = result.get('control_parsed', '')
                        elif '数据长度' in field:
                            byte_start, byte_end = 9, 9
                        elif '数据标识 DI' in field:
                            byte_start, byte_end = 10, 13
                            di_code = result.get('di_code', '')
                            di_desc = result.get('di_desc', '')
                            parsed_value = f""{di_code} ({di_desc})"" if di_code and di_desc else di_code
                        elif '数据内容' in field:
                            byte_start, byte_end = 14, 10 + data_len - 1
                        elif '数据域' in field:
                            byte_start, byte_end = 10, 10 + data_len - 1
                        elif '校验和' in field:
                            byte_start, byte_end = total_len - 2, total_len - 2
                        elif '帧结束符' in field:
                            byte_start, byte_end = total_len - 1, total_len - 1

                        table.append((field, raw, parsed_value, desc, byte_start, byte_end))

                    return table
            return DLT645GuiParser(self.dlt645_parser)
        elif self.current_protocol == 6:  # 国网协议
            return self.gdw_parser

    def load_example(self, data: str):
",""
"Function:main_gui.py:WrapperParser.__init__","__init__","main_gui.py",1944,1945,false,"            # 返回一个匿名对象，调用parse_wrapper_to_table
            class WrapperParser:
                def __init__(self, hdlc_parser):
                    self.hdlc_parser = hdlc_parser
                def parse_to_table(self, data):
                    return self.hdlc_parser.parse_wrapper_to_table(data)
",""
"Function:main_gui.py:WrapperParser.parse_to_table","parse_to_table","main_gui.py",1946,1947,true,"                def __init__(self, hdlc_parser):
                    self.hdlc_parser = hdlc_parser
                def parse_to_table(self, data):
                    return self.hdlc_parser.parse_wrapper_to_table(data)
            return WrapperParser(self.hdlc_parser)
        elif self.current_protocol == 4:  # DLMS-APDU裸报文 (直接解析APDU)
",""
"Function:main_gui.py:APDUParser.__init__","__init__","main_gui.py",1952,1953,false,"            # 返回一个匿名对象，调用parse_apdu_to_table
            class APDUParser:
                def __init__(self, hdlc_parser):
                    self.hdlc_parser = hdlc_parser
                def parse_to_table(self, data):
                    return self.hdlc_parser.parse_apdu_to_table(data)
",""
"Function:main_gui.py:APDUParser.parse_to_table","parse_to_table","main_gui.py",1954,1955,true,"                def __init__(self, hdlc_parser):
                    self.hdlc_parser = hdlc_parser
                def parse_to_table(self, data):
                    return self.hdlc_parser.parse_apdu_to_table(data)
            return APDUParser(self.hdlc_parser)
        elif self.current_protocol == 5:  # DLT645-2007
",""
"Function:main_gui.py:DLT645GuiParser.__init__","__init__","main_gui.py",1959,1960,false,"        elif self.current_protocol == 5:  # DLT645-2007
            class DLT645GuiParser:
                def __init__(self, parser):
                    self.parser = parser
                def parse_to_table(self, data):
                    result = self.parser.parse(data)
",""
"Function:main_gui.py:DLT645GuiParser.parse_to_table","parse_to_table","main_gui.py",1961,2000,true,"                def __init__(self, parser):
                    self.parser = parser
                def parse_to_table(self, data):
                    result = self.parser.parse(data)
                    table = []
                    # DLT645 帧结构计算字节范围
                    data_len = result.get('data_length', 0)
                    total_len = 10 + data_len + 2

                    for field, raw, desc in result['fields']:
                        byte_start = 0
                        byte_end = 0
                        parsed_value = ''

                        if '帧起始符 1' in field:
                            byte_start, byte_end = 0, 0
                        elif '从站地址' in field:
                            byte_start, byte_end = 1, 6
                        elif '帧起始符 2' in field:
                            byte_start, byte_end = 7, 7
                        elif '控制码' in field:
                            byte_start, byte_end = 8, 8
                            parsed_value = result.get('control_parsed', '')
                        elif '数据长度' in field:
                            byte_start, byte_end = 9, 9
                        elif '数据标识 DI' in field:
                            byte_start, byte_end = 10, 13
                            di_code = result.get('di_code', '')
                            di_desc = result.get('di_desc', '')
                            parsed_value = f""{di_code} ({di_desc})"" if di_code and di_desc else di_code
                        elif '数据内容' in field:
                            byte_start, byte_end = 14, 10 + data_len - 1
                        elif '数据域' in field:
                            byte_start, byte_end = 10, 10 + data_len - 1
                        elif '校验和' in field:
                            byte_start, byte_end = total_len - 2, total_len - 2
                        elif '帧结束符' in field:
                            byte_start, byte_end = total_len - 1, total_len - 1

                        table.append((field, raw, parsed_value, desc, byte_start, byte_end))

                    return table
            return DLT645GuiParser(self.dlt645_parser)
        elif self.current_protocol == 6:  # 国网协议
",""
"Function:main_gui.py:MainWindow.load_example","load_example","main_gui.py",2005,2007,true,"            return self.gdw_parser

    def load_example(self, data: str):
        """"""加载示例数据""""""
        self.single_input.setText(data)

    def parse_single(self):
",""
"Function:main_gui.py:MainWindow.parse_single","parse_single","main_gui.py",2009,2045,true,"        self.single_input.setText(data)

    def parse_single(self):
        """"""解析单帧报文""""""
        input_text = self.single_input.toPlainText().strip()
        if not input_text:
            QMessageBox.warning(self, ""警告"", ""请输入报文内容！"")
            return

        # 清理输入
        clean_input = input_text.replace("" "", """").replace(""\n"", """").replace(""\t"", """").strip()

        # 验证输入
        if not all(c in '0123456789abcdefABCDEF' for c in clean_input):
            QMessageBox.critical(self, ""错误"", ""输入包含非法字符，请只输入十六进制字符（0-9, A-F）！"")
            return

        if len(clean_input) % 2 != 0:
            QMessageBox.critical(self, ""错误"", ""输入长度为奇数，十六进制字符串必须是偶数长度！"")
            return

        try:
            # 转换为字节
            frame_bytes = bytes.fromhex(clean_input)

            # 格式化为空格分隔的 hex，方便高亮
            hex_display = ' '.join(f'{b:02X}' for b in frame_bytes)
            self.single_input.setPlainText(hex_display)

            # 使用当前选中的解析器
            current_parser = self._get_current_parser()
            table_data = current_parser.parse_to_table(frame_bytes)
            self._populate_table_from_data(table_data)

            # 保存当前结果
            self.current_result = frame_bytes

        except Exception as e:
            QMessageBox.critical(self, ""解析错误"", f""解析失败：{str(e)}"")

    def verify_single(self):
",""
"Function:main_gui.py:MainWindow.verify_single","verify_single","main_gui.py",2047,2090,true,"            QMessageBox.critical(self, ""解析错误"", f""解析失败：{str(e)}"")

    def verify_single(self):
        """"""校验单帧报文的协议一致性""""""
        input_text = self.single_input.toPlainText().strip()
        if not input_text:
            QMessageBox.warning(self, ""警告"", ""请输入报文内容！"")
            return

        # 清理输入
        clean_input = input_text.replace("" "", """").replace(""\n"", """").replace(""\t"", """").strip()

        # 验证输入
        if not all(c in '0123456789abcdefABCDEF' for c in clean_input):
            QMessageBox.critical(self, ""错误"", ""输入包含非法字符，请只输入十六进制字符（0-9, A-F）！"")
            return

        if len(clean_input) % 2 != 0:
            QMessageBox.critical(self, ""错误"", ""输入长度为奇数，十六进制字符串必须是偶数长度！"")
            return

        try:
            frame_bytes = bytes.fromhex(clean_input)

            # 根据当前协议选择验证器
            from validator import NWValidator, GDWValidator, HDLCValidator, PLCRFValidator, DLT645Validator

            validators = {
                0: NWValidator(),      # 南网
                1: PLCRFValidator(),   # PLC RF
                2: HDLCValidator(),    # HDLC
                3: HDLCValidator(),    # Wrapper
                4: HDLCValidator(),    # APDU
                5: DLT645Validator(),  # DLT645
                6: GDWValidator(),     # 国网
            }

            validator = validators.get(self.current_protocol)
            if validator:
                result = validator.verify(frame_bytes)
                self._display_verify_result(result)
            else:
                self.verify_label.setText(""当前协议不支持校验"")

        except Exception as e:
            QMessageBox.critical(self, ""校验错误"", f""校验失败：{str(e)}"")

    def _display_verify_result(self, result):
",""
"Function:main_gui.py:MainWindow._display_verify_result","_display_verify_result","main_gui.py",2092,2123,false,"            QMessageBox.critical(self, ""校验错误"", f""校验失败：{str(e)}"")

    def _display_verify_result(self, result):
        """"""显示校验结果""""""
        from validator.base import CheckLevel

        lines = []
        lines.append(f""协议: {result.protocol}"")
        lines.append(f""整体结果: {'✅ 通过' if result.valid else '❌ 失败'}"")
        lines.append("""")

        for check in result.checks:
            icon = ""✅"" if check.level == CheckLevel.PASS else ""❌"" if check.level == CheckLevel.FAIL else ""⚠️""
            lines.append(f""{icon} {check.name}: {check.message}"")

        if result.warnings:
            lines.append("""")
            lines.append(""⚠️ 警告:"")
            for w in result.warnings:
                lines.append(f""  - {w}"")

        if result.errors:
            lines.append("""")
            lines.append(""❌ 错误:"")
            for e in result.errors:
                lines.append(f""  - {e}"")

        self.verify_label.setText(""\n"".join(lines))

        # 设置颜色
        if result.valid:
            self.verify_group.setStyleSheet(""QGroupBox { border: 2px solid #4CAF50; }"")
        else:
            self.verify_group.setStyleSheet(""QGroupBox { border: 2px solid #f44336; }"")

    def _add_parsed_to_test_plan(self):
",""
"Function:main_gui.py:MainWindow._add_parsed_to_test_plan","_add_parsed_to_test_plan","main_gui.py",2125,2149,false,"            self.verify_group.setStyleSheet(""QGroupBox { border: 2px solid #f44336; }"")

    def _add_parsed_to_test_plan(self):
        """"""将当前解析的帧添加到测试方案""""""
        input_text = self.single_input.toPlainText().strip()
        if not input_text:
            QMessageBox.warning(self, ""警告"", ""请先解析报文！"")
            return

        # 清理 HEX
        clean_hex = input_text.replace("" "", """").replace(""\n"", """").replace(""\t"", """").strip()

        if not clean_hex:
            QMessageBox.warning(self, ""警告"", ""请输入报文内容！"")
            return

        # 根据协议生成名称
        protocol_names = {
            0: ""南网"", 1: ""PLC RF"", 2: ""HDLC"", 3: ""Wrapper"",
            4: ""APDU"", 5: ""DLT645"", 6: ""国网""
        }
        protocol_name = protocol_names.get(self.current_protocol, ""未知"")
        name = f""{protocol_name}帧-{len(self.test_plan_tab._items) + 1}""

        # 添加到测试方案
        self.test_plan_tab.add_item(name, clean_hex)
        QMessageBox.information(self, ""成功"", f""已添加到测试方案: {name}"")

    def clear_single(self):
",""
"Function:main_gui.py:MainWindow.clear_single","clear_single","main_gui.py",2151,2161,true,"        QMessageBox.information(self, ""成功"", f""已添加到测试方案: {name}"")

    def clear_single(self):
        """"""清空单帧解析输入和结果""""""
        self.single_input.clear()
        self.result_table_widget.setRowCount(0)
        self.current_result = None
        self._byte_ranges = []
        # 清空校验结果
        if hasattr(self, 'verify_label'):
            self.verify_label.setText(""点击「校验报文」按钮进行协议一致性校验"")
        if hasattr(self, 'verify_group'):
            self.verify_group.setStyleSheet("""")

    def export_single(self):
",""
"Function:main_gui.py:MainWindow.export_single","export_single","main_gui.py",2163,2184,true,"            self.verify_group.setStyleSheet("""")

    def export_single(self):
        """"""导出单帧解析结果""""""
        if not hasattr(self, 'current_result') or not self.current_result:
            QMessageBox.warning(self, ""警告"", ""没有可导出的解析结果！"")
            return

        file_path, _ = QFileDialog.getSaveFileName(
            self, ""保存解析结果"", ""parse_result.txt"", ""文本文件 (*.txt)""
        )

        if file_path:
            try:
                # 使用当前选中的解析器
                current_parser = self._get_current_parser()
                table_data = current_parser.parse_to_table(self.current_result)
                with open(file_path, 'w', encoding='utf-8') as f:
                    f.write(""字段\t原始值\t解析值\t说明\n"")
                    for field_name, raw_value, parsed_value, comment, _, _ in table_data:
                        f.write(f""{field_name}\t{raw_value}\t{parsed_value}\t{comment}\n"")
                QMessageBox.information(self, ""成功"", f""结果已保存到：{file_path}"")
            except Exception as e:
                QMessageBox.critical(self, ""错误"", f""保存失败：{str(e)}"")

    @staticmethod
",""
"Function:main_gui.py:MainWindow._clear_layout","_clear_layout","main_gui.py",2187,2194,false,"
    @staticmethod
    def _clear_layout(layout):
        """"""递归清除layout中的所有子layout和widget""""""
        while layout.count():
            child = layout.takeAt(0)
            if child.widget():
                child.widget().deleteLater()
            elif child.layout():
                MainWindow._clear_layout(child.layout())

    def _apply_chinese_menus_to_all_tabs(self):
",""
"Function:main_gui.py:MainWindow._apply_chinese_menus_to_all_tabs","_apply_chinese_menus_to_all_tabs","main_gui.py",2196,2209,false,"                MainWindow._clear_layout(child.layout())

    def _apply_chinese_menus_to_all_tabs(self):
        """"""为所有标签页中的文本输入控件设置中文右键菜单""""""
        # 应用到主窗口及其所有子控件
        apply_chinese_context_menus(self)
        
        # 确保各个标签页中的控件也被处理
        if hasattr(self, 'single_input'):
            setup_chinese_context_menu(self.single_input)
        if hasattr(self, 'batch_input'):
            setup_chinese_context_menu(self.batch_input)
        if hasattr(self, 'frame_gen_tab'):
            apply_chinese_context_menus(self.frame_gen_tab)
        if hasattr(self, 'preset_tab'):
            apply_chinese_context_menus(self.preset_tab)

    def _setup_menu_bar(self):
",""
"Function:main_gui.py:MainWindow._setup_menu_bar","_setup_menu_bar","main_gui.py",2211,2223,false,"            apply_chinese_context_menus(self.preset_tab)

    def _setup_menu_bar(self):
        """"""创建菜单栏""""""
        menubar = self.menuBar()

        # 配置菜单
        config_menu = menubar.addMenu(""配置(&C)"")
        config_action = config_menu.addAction(""配置文件路径(&P)..."")
        config_action.triggered.connect(self._show_config_dialog)

        help_menu = menubar.addMenu(""帮助(&H)"")

        about_action = help_menu.addAction(""关于(&A)"")
        about_action.triggered.connect(self._show_about_dialog)

    def _show_about_dialog(self):
",""
"Function:main_gui.py:MainWindow._show_about_dialog","_show_about_dialog","main_gui.py",2225,2283,false,"        about_action.triggered.connect(self._show_about_dialog)

    def _show_about_dialog(self):
        """"""显示""关于""对话框""""""
        dialog = QDialog(self)
        dialog.setWindowTitle(""关于"")
        dialog.setMinimumSize(520, 480)
        dialog.setWindowFlags(dialog.windowFlags() & ~Qt.WindowType.WindowContextHelpButtonHint)

        layout = QVBoxLayout(dialog)
        layout.setSpacing(12)

        title_label = QLabel(f""协议解析工具"")
        title_label.setFont(QFont(""Microsoft YaHei"", 16, QFont.Bold))
        title_label.setAlignment(Qt.AlignmentFlag.AlignCenter)
        layout.addWidget(title_label)

        version_label = QLabel(f""版本 2.0"")
        version_label.setFont(QFont(""Microsoft YaHei"", 11))
        version_label.setAlignment(Qt.AlignmentFlag.AlignCenter)
        version_label.setStyleSheet(""color: #666;"")
        layout.addWidget(version_label)

        desc_label = QLabel(""支持南网协议 / PLC RF / HDLC/DLMS 多协议报文解析"")
        desc_label.setAlignment(Qt.AlignmentFlag.AlignCenter)
        desc_label.setWordWrap(True)
        layout.addWidget(desc_label)

        changelog_label = QLabel(""版本更新记录"")
        changelog_label.setFont(QFont(""Microsoft YaHei"", 10, QFont.Bold))
        layout.addWidget(changelog_label)

        changelog_text = QTextEdit()
        changelog_text.setReadOnly(True)
        changelog_text.setFont(QFont(""Microsoft YaHei"", 9))

        from datetime import date
        today = date.today().strftime(""%Y-%m-%d"")
        html_parts = []
        html_parts.append(f""<b>v2.0 ({today})</b><ul>"")
        html_parts.append(""<li>优化界面布局，提高信息密度</li>"")
        html_parts.append(""<li>统一表格字体为7pt，行高压缩至13px</li>"")
        html_parts.append(""</ul>"")
        html_parts.append(""<b>v1.0</b><ul>"")
        html_parts.append(""<li>初始版本发布</li>"")
        html_parts.append(""<li>支持南网、PLC RF、HDLC/DLMS、DLT645协议</li>"")
        html_parts.append(""</ul>"")

        changelog_text.setHtml("""".join(html_parts))
        layout.addWidget(changelog_text)

        btn_layout = QHBoxLayout()
        btn_layout.addStretch()
        ok_btn = QPushButton(""确定"")
        ok_btn.setFixedWidth(80)
        ok_btn.clicked.connect(dialog.accept)
        btn_layout.addWidget(ok_btn)
        btn_layout.addStretch()
        layout.addLayout(btn_layout)

        dialog.exec()

    # ==================== 批量解析功能 ====================
",""
"Function:main_gui.py:MainWindow.load_from_file","load_from_file","main_gui.py",2287,2301,true,"    # ==================== 批量解析功能 ====================

    def load_from_file(self):
        """"""从文件加载报文列表""""""
        file_path, _ = QFileDialog.getOpenFileName(
            self, ""选择报文文件"", """", ""文本文件 (*.txt *.csv *.log);;所有文件 (*)""
        )

        if file_path:
            try:
                with open(file_path, 'r', encoding='utf-8', errors='ignore') as f:
                    content = f.read()
                self.batch_input.setPlainText(content)
                frames = self._extract_frames(content)
                self.update_stats(f""已从文件加载，识别到 {len(frames)} 帧报文（点击\""开始批量解析\""执行）"")
            except Exception as e:
                QMessageBox.critical(self, ""错误"", f""读取文件失败：{str(e)}"")

    def paste_from_clipboard(self):
",""
"Function:main_gui.py:MainWindow.paste_from_clipboard","paste_from_clipboard","main_gui.py",2303,2310,true,"                QMessageBox.critical(self, ""错误"", f""读取文件失败：{str(e)}"")

    def paste_from_clipboard(self):
        """"""从剪贴板粘贴""""""
        clipboard = QApplication.clipboard()
        text = clipboard.text()
        if text:
            self.batch_input.setPlainText(text)
            frames = self._extract_frames(text)
            self.update_stats(f""已粘贴，识别到 {len(frames)} 帧报文（点击\""开始批量解析\""执行）"")

    @staticmethod
",""
"Function:main_gui.py:MainWindow._extract_frames","_extract_frames","main_gui.py",2323,2378,false,"
    @staticmethod
    def _extract_frames(text: str) -> list:
        """"""从混杂文本中提取完整的68起始帧（南网协议）

        预处理规则：
        1. 剔除时间戳、特殊符号前缀（[]、<>等非hex字符）
        2. 从hex字符串中按68H起始、利用长度域+校验和验证帧完整性
        """"""
        import re
        clean = re.sub(r'[^0-9A-Fa-f]', '', text).upper()

        frames = []
        i = 0
        while i < len(clean) - 7:
            pos = clean.find('68', i)
            if pos == -1:
                break

            if pos + 6 > len(clean):
                break

            try:
                low_byte = int(clean[pos + 2:pos + 4], 16)
                high_byte = int(clean[pos + 4:pos + 6], 16)
                length = low_byte | (high_byte << 8)
            except ValueError:
                i = pos + 2
                continue

            if length < 8 or length > 2048:
                i = pos + 2
                continue

            frame_hex_len = length * 2
            if pos + frame_hex_len > len(clean):
                i = pos + 2
                continue

            candidate = clean[pos:pos + frame_hex_len]
            if candidate[-2:] != '16':
                i = pos + 2
                continue

            try:
                frame_bytes = bytes.fromhex(candidate)
                cs_expected = sum(frame_bytes[3:length - 1]) & 0xFF
                cs_actual = frame_bytes[length - 1]
                if cs_expected == cs_actual:
                    frames.append(candidate)
                    i = pos + frame_hex_len
                    continue
            except ValueError:
                pass

            i = pos + 2

        return frames

    def parse_batch(self):
",""
"Function:main_gui.py:MainWindow.parse_batch","parse_batch","main_gui.py",2380,2468,true,"        return frames

    def parse_batch(self):
        """"""批量解析 - 支持所有协议""""""
        input_text = self.batch_input.toPlainText().strip()
        if not input_text:
            QMessageBox.warning(self, ""警告"", ""请输入报文内容！"")
            return

        # 根据当前协议选择帧提取方式
        frames = self._extract_frames_for_protocol(input_text, self.current_protocol)
        if not frames:
            QMessageBox.warning(self, ""警告"", f""未识别到有效帧！"")
            return

        # 清空之前的结果
        self.batch_results = []
        self.result_table.setRowCount(0)

        success_count = 0
        fail_count = 0

        for i, frame_hex in enumerate(frames):
            table_data = []
            direction = ""-""
            try:
                frame_bytes = bytes.fromhex(frame_hex)
                # 使用当前协议对应的解析器
                current_parser = self._get_current_parser()
                # 调用parse_to_table生成表格数据
                table_data = current_parser.parse_to_table(frame_bytes)

                # 南网协议/国网协议提取方向
                if self.current_protocol in (0, 6):
                    direction = self._extract_direction_from_table(table_data)

                # 从表格数据生成摘要（取前3个字段作为摘要）
                summary = self._get_summary_from_table_data(table_data)

                status = ""成功""
                success_count += 1

                # 保存结果（表格数据可以在详情查看时使用）
                self.batch_results.append({
                    ""_input"": frame_hex,
                    ""_status"": status,
                    ""_table_data"": table_data,
                    ""摘要"": summary
                })

            except Exception as e:
                status = ""异常""
                summary = str(e)[:50]
                fail_count += 1
                # 异常时 table_data 为空，方向保持 ""-""
                self.batch_results.append({
                    ""_input"": frame_hex,
                    ""_status"": status,
                    ""错误"": str(e),
                    ""摘要"": summary
                })

            # 添加到表格
            row = self.result_table.rowCount()
            self.result_table.insertRow(row)
            self.result_table.setItem(row, 0, QTableWidgetItem(str(i + 1)))

            hex_display = ' '.join(frame_hex[j:j+2] for j in range(0, len(frame_hex), 2))
            if len(hex_display) > 50:
                hex_display = hex_display[:50] + ""...""
            self.result_table.setItem(row, 1, QTableWidgetItem(hex_display))
            self.result_table.setItem(row, 2, QTableWidgetItem(str(len(frame_hex) // 2)))

            # 方向：南网协议/国网协议从控制域DIR位解析，其他协议暂无
            direction = ""-""
            if self.current_protocol in (0, 6):
                direction = self._extract_direction_from_table(table_data)
            self.result_table.setItem(row, 3, QTableWidgetItem(direction))

            # 业务摘要
            self.result_table.setItem(row, 4, QTableWidgetItem(summary))

            # 状态
            status_item = QTableWidgetItem(status)
            if status == ""成功"":
                status_item.setForeground(Qt.darkGreen)
            else:
                status_item.setForeground(Qt.red)
            self.result_table.setItem(row, 5, status_item)

        self.update_stats(f""解析完成：成功 {success_count} 帧，失败 {fail_count} 帧，共 {len(frames)} 帧"")

    def _extract_direction_from_table(self, table_data: list) -> str:
",""
"Function:main_gui.py:MainWindow._extract_direction_from_table","_extract_direction_from_table","main_gui.py",2470,2486,false,"        self.update_stats(f""解析完成：成功 {success_count} 帧，失败 {fail_count} 帧，共 {len(frames)} 帧"")

    def _extract_direction_from_table(self, table_data: list) -> str:
        """"""从南网/国网协议表格数据中提取传输方向""""""
        # table_data 格式: (field_name, raw_value, parsed_value, comment, byte_start, byte_end)
        # 控制域子字段""传输方向""的 field_name 为""  传输方向""或""  传输方向(DIR)""（带前缀空格）
        for item in table_data:
            field_name = item[0]
            parsed_val = item[2]
            # 查找传输方向字段（去除空格后匹配）
            if ""传输方向"" in field_name or ""DIR"" in field_name:
                dir_code = str(parsed_val).strip()
                if dir_code == ""0"":
                    return ""下行帧(集中器→模块)""
                elif dir_code == ""1"":
                    return ""上行帧(模块→集中器)""
                else:
                    return f""未知({dir_code})""
        return ""-""

    def _get_summary_from_table_data(self, table_data: list) -> str:
",""
"Function:main_gui.py:MainWindow._get_summary_from_table_data","_get_summary_from_table_data","main_gui.py",2488,2554,false,"        return ""-""

    def _get_summary_from_table_data(self, table_data: list) -> str:
        """"""从表格数据中提取摘要信息，取重要的前几个字段拼接""""""
        if not table_data:
            return ""-""

        summary_parts = []

        if self.current_protocol == 0:
            # 南网协议：提取 AFN 名称（comment）、SEQ 值、DI 业务说明（comment）
            afn_val = None
            seq_val = None
            di_desc = None
            for item in table_data:
                field_name = item[0]
                parsed_val = item[2]
                comment = item[3]
                if field_name == ""应用功能码 (AFN)"":
                    # AFN 的 parsed_val 为空，说明在 comment 中
                    afn_val = comment if comment else parsed_val
                elif field_name == ""帧序列号 (SEQ)"":
                    seq_val = parsed_val
                elif field_name == ""数据标识 (DI)"":
                    # DI 的业务说明在 comment 中
                    if comment and not di_desc:
                        di_desc = comment
            if di_desc:
                summary_parts.insert(0, f""DI:{di_desc}"")
            if afn_val is not None:
                summary_parts.append(f""AFN:{afn_val}"")
            if seq_val is not None:
                summary_parts.append(f""SEQ:{seq_val}"")
            return "" | "".join(summary_parts) if summary_parts else ""-""

        elif self.current_protocol == 6:
            # 国网协议：提取 AFN 名称、Fn 说明、传输方向
            afn_name = None
            fn_desc = None
            dir_desc = None
            for item in table_data:
                field_name = item[0]
                parsed_val = item[2]
                comment = item[3]
                if field_name == ""应用功能码(AFN)"":
                    afn_name = comment if comment else parsed_val
                elif field_name == ""数据单元标识(DT)"":
                    fn_desc = comment if comment else parsed_val
                elif ""传输方向"" in field_name:
                    dir_desc = ""下行"" if str(parsed_val).strip() == ""0"" else ""上行"" if str(parsed_val).strip() == ""1"" else ""-""
            if dir_desc:
                summary_parts.append(dir_desc)
            if afn_name:
                summary_parts.append(f""AFN:{afn_name}"")
            if fn_desc:
                summary_parts.append(fn_desc)
            return "" | "".join(summary_parts) if summary_parts else ""-""

        else:
            # 其他协议：取前几个非冗余字段
            for i, item in enumerate(table_data):
                if i >= 4:
                    break
                field_name = item[0]
                parsed_val = item[2]
                if any(k in field_name for k in [""帧起始"", ""格式"", ""长度"", ""校验"", ""结束标志""]):
                    continue
                summary_parts.append(f""{parsed_val}"")
            return "" | "".join(summary_parts) if summary_parts else ""-""

    def _extract_frames_for_protocol(self, text: str, protocol_index: int) -> list:
",""
"Function:main_gui.py:MainWindow._extract_frames_for_protocol","_extract_frames_for_protocol","main_gui.py",2556,2580,false,"            return "" | "".join(summary_parts) if summary_parts else ""-""

    def _extract_frames_for_protocol(self, text: str, protocol_index: int) -> list:
        """"""根据协议提取对应格式的帧""""""
        import re

        if protocol_index in (0, 6):
            # 南网协议 / 国网协议：68开头，16结束，FT1.2帧格式
            clean = re.sub(r'[^0-9A-Fa-f]', '', text).upper()
            return self._extract_68_frames(clean)
        elif protocol_index == 1:
            # PLC RF协议：尝试通用提取
            clean = re.sub(r'[^0-9A-Fa-f]', '', text).upper()
            return self._extract_generic_frames(clean, min_len=4, max_len=256)
        elif protocol_index == 2:
            # HDLC/DLMS协议：7E开头，7E结束
            clean = re.sub(r'[^0-9A-Fa-f]', '', text).upper()
            return self._extract_hdlc_frames(clean)
        elif protocol_index == 3:
            # DLMS Wrapper裸报文：识别Wrapper头部(8字节)并分割
            return self._extract_wrapper_frames(text)
        elif protocol_index == 4:
            # DLMS-APDU裸报文：按行分割，每行一帧
            return [f.strip() for f in text.splitlines() if f.strip()]
        else:
            # 通用：每行一帧
            return [f.strip() for f in text.splitlines() if f.strip()]

    def _extract_wrapper_frames(self, text: str) -> list:
",""
"Function:main_gui.py:MainWindow._extract_wrapper_frames","_extract_wrapper_frames","main_gui.py",2582,2632,false,"            return [f.strip() for f in text.splitlines() if f.strip()]

    def _extract_wrapper_frames(self, text: str) -> list:
        """"""
        从文本中提取Wrapper帧
        Wrapper格式: 版本(2B) + 源端口(2B) + 目的端口(2B) + 长度(2B) = 8字节头部
        版本固定为 0x0001
        支持处理带日志前缀的格式，如 ""WRAPPER[1] Sent 0001000000010000003B ...""
        """"""
        import re
        frames = []

        for line in text.splitlines():
            line = line.strip()
            if not line:
                continue

            # 提取连续的长串十六进制数据（至少16个字符）
            # 这样 WRAPPER 中的零散字母不会被误认为数据
            hex_matches = re.findall(r'[0-9A-Fa-f]{16,}', line)
            if not hex_matches:
                continue

            for hex_pattern in hex_matches:
                hex_pattern = hex_pattern.upper()

                # 扫描整个十六进制字符串，寻找Wrapper头部 (0001xxxx)
                i = 0
                while i <= len(hex_pattern) - 16:  # 至少需要8字节(16字符)头部
                    # 检查是否是Wrapper头部: 版本=0001
                    if hex_pattern[i:i+4] == '0001':
                        # 解析Wrapper头部的长度字段
                        apdu_len = int(hex_pattern[i+12:i+16], 16)

                        # 验证长度合理性（允许apdu_len=0，因为数据可能被截断）
                        if 0 <= apdu_len <= 8192:
                            # 计算完整帧长度: 8字节头部 + apdu_len
                            frame_len = 16 + apdu_len * 2

                            if i + frame_len <= len(hex_pattern):
                                # 提取完整帧
                                frame_hex = hex_pattern[i:i+frame_len]
                                frames.append(frame_hex)
                                i += frame_len
                                continue
                            else:
                                # 数据被截断，但仍提取可用的头部+部分数据
                                frame_hex = hex_pattern[i:]
                                frames.append(frame_hex)
                                break
                    i += 2

        return frames if frames else [re.sub(r'[^0-9A-Fa-f]', '', text).upper()]

    def _extract_hdlc_frames(self, clean: str) -> list:
",""
"Function:main_gui.py:MainWindow._extract_hdlc_frames","_extract_hdlc_frames","main_gui.py",2634,2652,false,"        return frames if frames else [re.sub(r'[^0-9A-Fa-f]', '', text).upper()]

    def _extract_hdlc_frames(self, clean: str) -> list:
        """"""提取HDLC帧（7E开头，7E结束）""""""
        frames = []
        i = 0
        while i < len(clean) - 3:
            # 找下一个7E起始
            pos = clean.find('7E', i)
            if pos == -1:
                break
            # 找下一个7E结束
            end = clean.find('7E', pos + 2)
            if end == -1:
                # 如果没找到结束，直接取到结尾或者最大长度
                end = min(pos + 512, len(clean))
            candidate = clean[pos:end + 2]
            if len(candidate) >= 6:  # 至少3字节
                frames.append(candidate)
            i = end + 2
        return frames

    def _extract_68_frames(self, clean: str) -> list:
",""
"Function:main_gui.py:MainWindow._extract_68_frames","_extract_68_frames","main_gui.py",2654,2710,false,"        return frames

    def _extract_68_frames(self, clean: str) -> list:
        """"""提取南网68格式帧（Q/CSG1209021-2019 FT1.2）

        帧格式: 68H | L(2B小端) | C(1B) | 用户数据(L-6字节) | CS(1B) | 16H
        L = 帧总字节数（含起始符、长度域、控制域、校验和、结束符）
        验证规则:
          1. 起始字符 = 68H
          2. L >= 8（最小帧长度）
          3. 帧末尾 = 16H
          4. 校验和：从控制域到用户数据末尾的所有字节累加和 mod 256
        """"""
        frames = []
        i = 0
        while i < len(clean) - 7:
            # 找下一个 68 起始
            pos = clean.find('68', i)
            if pos == -1:
                break

            # 尝试按长度域解析帧边界
            if pos + 6 > len(clean):
                i = pos + 2
                continue

            try:
                low_byte = int(clean[pos + 2:pos + 4], 16)
                high_byte = int(clean[pos + 4:pos + 6], 16)
                length = low_byte | (high_byte << 8)
            except ValueError:
                i = pos + 2
                continue

            # L 至少为 8（起始1 + 长度2 + 控制1 + 校验1 + 结束1 + 用户数据至少3）
            if length < 8 or length > 2048:
                i = pos + 2
                continue

            frame_hex_len = length * 2

            # 检查数据是否足够
            if pos + frame_hex_len > len(clean):
                i = pos + 2
                continue

            candidate = clean[pos:pos + frame_hex_len]

            # 验证结束符 = 16H
            if candidate[-2:] != '16':
                i = pos + 2
                continue

            # 通过长度域和结束符验证，接受此帧（不校验CS，由解析器负责校验）
            frames.append(candidate)
            i = pos + frame_hex_len
            continue

        return frames

    def _extract_generic_frames(self, clean: str, min_len: int = 4, max_len: int = 512) -> list:
",""
"Function:main_gui.py:MainWindow._extract_generic_frames","_extract_generic_frames","main_gui.py",2712,2716,false,"        return frames

    def _extract_generic_frames(self, clean: str, min_len: int = 4, max_len: int = 512) -> list:
        """"""通用帧提取：按行或直接提取完整有效hex字符串""""""
        if len(clean) >= min_len * 2 and len(clean) <= max_len * 2:
            return [clean] if len(clean) % 2 == 0 else []
        return []

    def clear_batch(self):
",""
"Function:main_gui.py:MainWindow.clear_batch","clear_batch","main_gui.py",2718,2723,true,"        return []

    def clear_batch(self):
        """"""清空批量解析内容""""""
        self.batch_input.clear()
        self.result_table.setRowCount(0)
        self.batch_results = []
        self.update_stats(""待解析"")

    def export_batch(self):
",""
"Function:main_gui.py:MainWindow.export_batch","export_batch","main_gui.py",2725,2741,true,"        self.update_stats(""待解析"")

    def export_batch(self):
        """"""导出批量解析结果""""""
        if not self.batch_results:
            QMessageBox.warning(self, ""警告"", ""没有可导出的解析结果！"")
            return

        file_path, _ = QFileDialog.getSaveFileName(
            self, ""保存批量解析结果"", ""batch_parse_result.json"", ""JSON文件 (*.json)""
        )

        if file_path:
            try:
                with open(file_path, 'w', encoding='utf-8') as f:
                    json.dump(self.batch_results, f, ensure_ascii=False, indent=2)
                QMessageBox.information(self, ""成功"", f""结果已保存到：{file_path}"")
            except Exception as e:
                QMessageBox.critical(self, ""错误"", f""保存失败：{str(e)}"")

    def show_detail_dialog(self, row, col):
",""
"Function:main_gui.py:MainWindow.show_detail_dialog","show_detail_dialog","main_gui.py",2743,2820,true,"                QMessageBox.critical(self, ""错误"", f""保存失败：{str(e)}"")

    def show_detail_dialog(self, row, col):
        """"""单击列表行时弹出详细解析窗口（表格形式）""""""
        if row < 0 or row >= len(self.batch_results):
            return

        result = self.batch_results[row]

        dialog = QDialog(self)
        dialog.setWindowTitle(f""解析详情 - 第 {row + 1} 帧"")
        dialog.setMinimumSize(800, 500)

        layout = QVBoxLayout(dialog)

        # 原始数据
        raw_hex = result.get(""_input"", result.get(""原始数据"", """"))
        if raw_hex:
            hex_display = ' '.join(raw_hex[j:j+2] for j in range(0, len(raw_hex), 2))
            raw_label = QLabel(f""原始报文：{hex_display}"")
            raw_label.setFont(QFont(""Consolas"", 10))
            raw_label.setTextInteractionFlags(Qt.TextInteractionFlag.TextSelectableByMouse)
            raw_label.setWordWrap(True)
            layout.addWidget(raw_label)

        # 用表格显示解析结果
        if ""_input"" in result and result.get(""_status"") != ""异常"":
            try:
                # 优先使用批量解析时已保存的表格数据
                if ""_table_data"" in result:
                    table_data = result[""_table_data""]
                else:
                    # 否则重新用当前协议解析器解析
                    frame_bytes = bytes.fromhex(result[""_input""])
                    current_parser = self._get_current_parser()
                    table_data = current_parser.parse_to_table(frame_bytes)

                detail_table = QTableWidget()
                detail_table.setColumnCount(4)
                detail_table.setHorizontalHeaderLabels([""字段"", ""原始值"", ""解析值"", ""说明""])
                header = detail_table.horizontalHeader()
                header.setSectionResizeMode(QHeaderView.ResizeMode.Interactive)
                header.setStretchLastSection(True)
                detail_table.setColumnWidth(0, 160)
                detail_table.setColumnWidth(1, 120)
                detail_table.setColumnWidth(2, 180)
                detail_table.setEditTriggers(QTableWidget.NoEditTriggers)
                detail_table.setSelectionBehavior(QTableWidget.SelectRows)
                detail_table.setAlternatingRowColors(True)
                detail_table.verticalHeader().hide()
                detail_table.verticalHeader().setDefaultSectionSize(20)
                table_font = QFont()
                table_font.setPointSize(8)
                detail_table.setFont(table_font)

                detail_table.setRowCount(len(table_data))
                for r, item in enumerate(table_data):
                    detail_table.setItem(r, 0, QTableWidgetItem(str(item[0])))
                    detail_table.setItem(r, 1, QTableWidgetItem(str(item[1])))
                    detail_table.setItem(r, 2, QTableWidgetItem(str(item[2])))
                    detail_table.setItem(r, 3, QTableWidgetItem(str(item[3])))

                layout.addWidget(detail_table)
            except Exception:
                # 回退到JSON显示
                text_edit = QTextEdit()
                text_edit.setReadOnly(True)
                text_edit.setFont(QFont(""Consolas"", 10))
                text_edit.setText(json.dumps(result, ensure_ascii=False, indent=2))
                layout.addWidget(text_edit)
        else:
            # 异常帧，显示错误信息
            error_text = result.get(""错误"", json.dumps(result, ensure_ascii=False, indent=2))
            text_edit = QTextEdit()
            text_edit.setReadOnly(True)
            text_edit.setFont(QFont(""Consolas"", 10))
            text_edit.setText(error_text)
            layout.addWidget(text_edit)

        dialog.exec()

    def update_stats(self, text: str):
",""
"Function:main_gui.py:MainWindow.update_stats","update_stats","main_gui.py",2822,2824,true,"        dialog.exec()

    def update_stats(self, text: str):
        """"""更新状态标签""""""
        self.stats_label.setText(f""状态：{text}"")
    
    # ==================== 表格结果填充与字节高亮 ====================
",""
"Function:main_gui.py:MainWindow._populate_table_from_data","_populate_table_from_data","main_gui.py",2828,2843,false,"    # ==================== 表格结果填充与字节高亮 ====================

    def _populate_table_from_data(self, table_data: list):
        """"""从解析器生成的表格数据填充表格（6元组：含字节范围）""""""
        self.result_table_widget.setRowCount(0)
        self._byte_ranges = []

        for row, item in enumerate(table_data):
            field_name, raw_value, parsed_value, comment = item[0], item[1], item[2], item[3]
            byte_start = item[4] if len(item) > 4 else None
            byte_end = item[5] if len(item) > 5 else None

            self.result_table_widget.insertRow(row)
            self.result_table_widget.setItem(row, 0, QTableWidgetItem(field_name))
            self.result_table_widget.setItem(row, 1, QTableWidgetItem(str(raw_value)))
            self.result_table_widget.setItem(row, 2, QTableWidgetItem(str(parsed_value)))
            self.result_table_widget.setItem(row, 3, QTableWidgetItem(str(comment)))
            self._byte_ranges.append((byte_start, byte_end))

    def _highlight_bytes(self, row: int, col: int, prev_row: int, prev_col: int):
",""
"Function:main_gui.py:MainWindow._highlight_bytes","_highlight_bytes","main_gui.py",2845,2887,false,"            self._byte_ranges.append((byte_start, byte_end))

    def _highlight_bytes(self, row: int, col: int, prev_row: int, prev_col: int):
        """"""选中表格行时，高亮输入框中对应的报文字节""""""
        if not self._byte_ranges:
            return

        doc = self.single_input.document()
        cursor = QTextCursor(doc)

        # 先清除所有高亮，恢复默认格式
        cursor.select(QTextCursor.SelectionType.Document)
        default_fmt = QTextCharFormat()
        default_fmt.setFontFamily(""Consolas, Monaco, monospace"")
        default_fmt.setForeground(QColor(""#000000""))
        default_fmt.setBackground(QColor(""#FFFFFF""))
        cursor.setCharFormat(default_fmt)

        # 检查行有效性
        if row < 0 or row >= len(self._byte_ranges):
            return

        byte_start, byte_end = self._byte_ranges[row]
        if byte_start is None or byte_end is None:
            return

        # 在 ""XX XX XX ..."" 格式中，第 i 个字节对应字符位置 i*3 ~ i*3+1
        char_start = byte_start * 3
        char_end = byte_end * 3 + 2

        # 边界保护
        text_len = len(self.single_input.toPlainText())
        if char_end > text_len:
            char_end = text_len

        # 选中对应字符，应用高亮
        highlight_cursor = QTextCursor(doc)
        highlight_cursor.setPosition(char_start)
        highlight_cursor.setPosition(char_end, QTextCursor.MoveMode.KeepAnchor)

        hl_fmt = QTextCharFormat()
        hl_fmt.setFontFamily(""Consolas, Monaco, monospace"")
        hl_fmt.setForeground(QColor(""#000000""))
        hl_fmt.setBackground(QColor(255, 235, 59, 160))  # 黄色半透明高亮
        highlight_cursor.setCharFormat(hl_fmt)

    def _extract_apdu_reparse(self, index):
",""
"Function:main_gui.py:MainWindow._extract_apdu_reparse","_extract_apdu_reparse","main_gui.py",2889,2980,false,"        highlight_cursor.setCharFormat(hl_fmt)

    def _extract_apdu_reparse(self, index):
        """"""双击表格行时，提取该行对应字节范围，弹窗深度解析DLMS-APDU""""""
        row = index.row()
        if not self._byte_ranges or row < 0 or row >= len(self._byte_ranges):
            return

        byte_start, byte_end = self._byte_ranges[row]
        if byte_start is None or byte_end is None:
            return

        # 获取完整原始报文（从输入框解析得到）
        if not hasattr(self, 'current_result'):
            QMessageBox.information(self, ""提示"", ""无法获取原始报文数据，请先解析"")
            return

        full_bytes = self.current_result
        # 提取对应范围字节（byte_end 包含在内）
        extracted_bytes = full_bytes[byte_start : byte_end + 1]

        if len(extracted_bytes) == 0:
            QMessageBox.information(self, ""提示"", ""选中区域字节为空"")
            return

        # 自动识别协议类型
        extracted_bytes = bytes(extracted_bytes)
        dialog_title = """"
        try:
            # 先检测是否是DLT645协议帧
            if len(extracted_bytes) >=12 and extracted_bytes[0] == 0x68 and extracted_bytes[7] == 0x68 and extracted_bytes[-1] == 0x16:
                # DLT645协议
                result = self.dlt645_parser.parse(extracted_bytes)
                parsed_data = []
                for field, raw, desc in result['fields']:
                    parsed_data.append((field, raw, '', desc, 0, 0))
                dialog_title = f""深度解析DLT645-2007 (提取 {len(extracted_bytes)} 字节)""
            else:
                # 默认DLMS APDU协议
                parsed_data = self.hdlc_parser.parse_apdu_to_table(extracted_bytes)
                dialog_title = f""深度解析DLMS-APDU (提取 {len(extracted_bytes)} 字节)""
        except Exception as e:
            QMessageBox.critical(self, ""解析错误"", f""解析失败:\n{str(e)}"")
            return

        # 创建弹窗显示解析结果
        dialog = QDialog(self)
        dialog.setWindowTitle(dialog_title)
        dialog.resize(900, 600)

        layout = QVBoxLayout(dialog)

        # 显示提取的十六进制
        hex_text = QTextEdit()
        hex_text.setReadOnly(True)
        hex_text.setFont(QFont(""Consolas"", 10))
        hex_text.setMaximumHeight(80)
        hex_str = ' '.join(f'{b:02X}' for b in extracted_bytes)
        hex_text.setText(f""提取字节: {hex_str}"")
        layout.addWidget(hex_text)

        # 解析结果表格
        table = QTableWidget()
        table.setColumnCount(4)
        table.setHorizontalHeaderLabels([""字段"", ""十六进制"", ""解析值"", ""说明""])
        header = table.horizontalHeader()
        header.setSectionResizeMode(QHeaderView.ResizeMode.Interactive)
        header.setStretchLastSection(True)
        table.setColumnWidth(0, 160)
        table.setColumnWidth(1, 120)
        table.setColumnWidth(2, 180)
        table.setEditTriggers(QTableWidget.NoEditTriggers)
        table.setSelectionBehavior(QTableWidget.SelectRows)
        table.setAlternatingRowColors(True)
        table.verticalHeader().hide()
        table.verticalHeader().setDefaultSectionSize(20)
        table_font = QFont()
        table_font.setPointSize(8)
        table.setFont(table_font)

        for r, item in enumerate(parsed_data):
            field_name = item[0]
            raw_hex = item[1]
            parsed_val = str(item[2])
            comment = item[3]
            table.insertRow(r)
            table.setItem(r, 0, QTableWidgetItem(field_name))
            table.setItem(r, 1, QTableWidgetItem(raw_hex))
            table.setItem(r, 2, QTableWidgetItem(parsed_val))
            table.setItem(r, 3, QTableWidgetItem(comment))

        layout.addWidget(table)
        dialog.setLayout(layout)
        dialog.exec()

    # ==================== 串口配置与持久化 ====================
",""
"Function:main_gui.py:MainWindow._load_serial_config","_load_serial_config","main_gui.py",2984,3007,false,"    # ==================== 串口配置与持久化 ====================

    def _load_serial_config(self):
        """"""从 config.json 加载串口配置""""""
        config_path = Path(__file__).parent / ""config.json""
        if not config_path.exists():
            return
        try:
            with open(config_path, ""r"", encoding=""utf-8"") as f:
                config = json.load(f)
            serial_config = config.get(""serial"", {})
            port = serial_config.get(""port"", """")
            baud = serial_config.get(""baudrate"", ""9600"")
            parity = serial_config.get(""parity"", ""无"")

            # 应用配置（仅当值有效时）
            if port:
                idx = self.serial_port_combo.findText(port)
                if idx >= 0:
                    self.serial_port_combo.setCurrentIndex(idx)
            if baud:
                self.serial_baud_combo.setCurrentText(str(baud))
            if parity:
                self.serial_parity_combo.setCurrentText(parity)
        except Exception:
            pass

    def _resolve_config_path(self, raw: str) -> Path:
",""
"Function:main_gui.py:MainWindow._resolve_config_path","_resolve_config_path","main_gui.py",3009,3014,false,"            pass

    def _resolve_config_path(self, raw: str) -> Path:
        """"""将配置文件路径字符串解析为绝对 Path""""""
        p = Path(raw)
        if p.is_absolute():
            return p
        return Path(__file__).parent / p

    def _load_app_config(self):
",""
"Function:main_gui.py:MainWindow._load_app_config","_load_app_config","main_gui.py",3016,3032,false,"        return Path(__file__).parent / p

    def _load_app_config(self):
        """"""加载应用配置（串口 + 文件路径）""""""
        if not self._config_path.exists():
            self._app_config = {}
            self._file_paths = {}
            return
        try:
            with open(self._config_path, ""r"", encoding=""utf-8"") as f:
                self._app_config = json.load(f)
        except Exception:
            self._app_config = {}

        paths = self._app_config.get(""file_paths"", {})
        self._file_paths = {}
        for key, val in paths.items():
            if val:
                self._file_paths[key] = self._resolve_config_path(val)

    def _save_app_config(self):
",""
"Function:main_gui.py:MainWindow._save_app_config","_save_app_config","main_gui.py",3034,3066,false,"                self._file_paths[key] = self._resolve_config_path(val)

    def _save_app_config(self):
        """"""保存应用配置到 config.json""""""
        config: Dict[str, Any] = {}
        if self._config_path.exists():
            try:
                with open(self._config_path, ""r"", encoding=""utf-8"") as f:
                    config = json.load(f)
            except Exception:
                config = {}

        # 更新串口配置
        config[""serial""] = {
            ""port"": self.serial_port_combo.currentText(),
            ""baudrate"": self.serial_baud_combo.currentText(),
            ""parity"": self.serial_parity_combo.currentText(),
        }

        # 更新文件路径配置
        file_paths: Dict[str, str] = {}
        for key, path in self._file_paths.items():
            if path:
                try:
                    rel = path.relative_to(Path(__file__).parent)
                    file_paths[key] = str(rel)
                except ValueError:
                    file_paths[key] = str(path)
        config[""file_paths""] = file_paths

        try:
            with open(self._config_path, ""w"", encoding=""utf-8"") as f:
                json.dump(config, f, ensure_ascii=False, indent=2)
        except Exception as e:
            print(f""[配置保存失败] {e}"")

    def _show_config_dialog(self):
",""
"Function:main_gui.py:MainWindow._show_config_dialog","_show_config_dialog","main_gui.py",3068,3100,false,"            print(f""[配置保存失败] {e}"")

    def _show_config_dialog(self):
        """"""显示配置路径管理对话框""""""
        # 构建当前路径字典（字符串形式传给对话框）
        current_paths: Dict[str, str] = {}
        for key, path in self._file_paths.items():
            if path:
                try:
                    rel = path.relative_to(Path(__file__).parent)
                    current_paths[key] = str(rel)
                except ValueError:
                    current_paths[key] = str(path)

        dialog = ConfigDialog(current_paths, self)
        if dialog.exec() != QDialog.DialogCode.Accepted:
            return

        new_paths = dialog.get_file_paths()
        self._file_paths = {}
        for key, val in new_paths.items():
            if val:
                self._file_paths[key] = self._resolve_config_path(val)

        # 保存到 config.json
        self._save_app_config()

        # 动态刷新各页面
        self.preset_tab.set_file_paths(
            nw_path=self._file_paths.get(""nw_command""),
            gw_path=self._file_paths.get(""gw_command""),
        )
        self.test_plan_tab.set_file_path(self._file_paths.get(""test_plan""))

        QMessageBox.information(self, ""配置"", ""配置文件路径已更新并保存。"")

    def _save_serial_config(self):
",""
"Function:main_gui.py:MainWindow._save_serial_config","_save_serial_config","main_gui.py",3102,3104,false,"        QMessageBox.information(self, ""配置"", ""配置文件路径已更新并保存。"")

    def _save_serial_config(self):
        """"""保存串口配置到 config.json（保留现有 file_paths）""""""
        self._save_app_config()

    def _refresh_serial_ports(self):
",""
"Function:main_gui.py:main","main","main_gui.py",3177,3191,true,"

def main():
    app = QApplication(sys.argv)

    # 设置应用样式
    app.setStyle('Fusion')

    # 设置字体
    font = QFont()
    font.setPointSize(10)
    app.setFont(font)

    window = MainWindow()
    window.show()

    sys.exit(app.exec())


",""
"Function:lookup_pages_simple.py:create_base_table","create_base_table","lookup_pages_simple.py",15,36,true,"

def create_base_table(headers, column_widths):
    """"""创建基础表格""""""
    table = QTableWidget()
    table.setColumnCount(len(headers))
    table.setHorizontalHeaderLabels(headers)

    header = table.horizontalHeader()
    header.setSectionResizeMode(QHeaderView.ResizeMode.Interactive)
    header.setStretchLastSection(True)

    for i, width in enumerate(column_widths):
        table.setColumnWidth(i, width)

    table.setSelectionBehavior(QTableWidget.SelectRows)
    table.setAlternatingRowColors(True)
    table.verticalHeader().hide()

    font = QFont()
    font.setPointSize(8)
    table.setFont(font)

    return table

",""
"Function:lookup_pages_simple.py:create_command_lookup_page","create_command_lookup_page","lookup_pages_simple.py",39,116,true,"

def create_command_lookup_page(parent):
    """"""创建命令字查询页面""""""
    from command_lookup import get_command_lookup

    widget = QWidget()
    layout = QVBoxLayout(widget)
    layout.setSpacing(10)

    lookup = get_command_lookup()

    # 搜索栏
    search_layout = QHBoxLayout()
    search_label = QLabel(""搜索："")
    search_label.setFixedWidth(45)
    search_input = QLineEdit()
    search_input.setPlaceholderText(""输入命令字编码(如1001)或关键词搜索..."")
    setup_chinese_context_menu(search_input)
    search_layout.addWidget(search_label)
    search_layout.addWidget(search_input)
    layout.addLayout(search_layout)

    # 统计标签
    stats_label = QLabel()
    stats_label.setStyleSheet(""color: #666; font-size: 12px;"")
    layout.addWidget(stats_label)

    # 表格
    table = create_base_table(
        [""命令字"", ""十六进制"", ""功能描述"", ""详细说明""],
        [100, 100, 250, 300]
    )
    layout.addWidget(table)

    # 加载数据
    def load_data():
        data = lookup._data
        table.setRowCount(len(data))
        for row, (code, name, desc, is_custom) in enumerate(data):
            table.setItem(row, 0, QTableWidgetItem(f""0x{code:04X}""))
            table.setItem(row, 1, QTableWidgetItem(f""{code}""))

            name_item = QTableWidgetItem((""★ "" if is_custom else """") + name)
            if is_custom:
                name_item.setForeground(QColor(""#1976D2""))
            table.setItem(row, 2, name_item)

            table.setItem(row, 3, QTableWidgetItem(desc))

        stats_label.setText(f""共 {len(data)} 条记录"")

    # 过滤功能
    def filter_table(text):
        keyword = text.strip().upper()
        if not keyword:
            load_data()
            return

        results = lookup.search(keyword)
        table.setRowCount(len(results))
        for row, (code, name, desc, is_custom) in enumerate(results):
            table.setItem(row, 0, QTableWidgetItem(f""0x{code:04X}""))
            table.setItem(row, 1, QTableWidgetItem(f""{code}""))

            name_item = QTableWidgetItem((""★ "" if is_custom else """") + name)
            if is_custom:
                name_item.setForeground(QColor(""#1976D2""))
            table.setItem(row, 2, name_item)

            table.setItem(row, 3, QTableWidgetItem(desc))

        stats_label.setText(f""匹配 {len(results)} / {len(lookup._data)} 条记录"")

    search_input.textChanged.connect(filter_table)

    # 初始加载
    load_data()

    return widget

",""
"Function:lookup_pages_simple.py:load_data","load_data","lookup_pages_simple.py",73,87,true,"
    # 加载数据
    def load_data():
        data = lookup._data
        table.setRowCount(len(data))
        for row, (code, name, desc, is_custom) in enumerate(data):
            table.setItem(row, 0, QTableWidgetItem(f""0x{code:04X}""))
            table.setItem(row, 1, QTableWidgetItem(f""{code}""))

            name_item = QTableWidgetItem((""★ "" if is_custom else """") + name)
            if is_custom:
                name_item.setForeground(QColor(""#1976D2""))
            table.setItem(row, 2, name_item)

            table.setItem(row, 3, QTableWidgetItem(desc))

        stats_label.setText(f""共 {len(data)} 条记录"")

    # 过滤功能",""
"Function:lookup_pages_simple.py:filter_table","filter_table","lookup_pages_simple.py",90,109,true,"
    # 过滤功能
    def filter_table(text):
        keyword = text.strip().upper()
        if not keyword:
            load_data()
            return

        results = lookup.search(keyword)
        table.setRowCount(len(results))
        for row, (code, name, desc, is_custom) in enumerate(results):
            table.setItem(row, 0, QTableWidgetItem(f""0x{code:04X}""))
            table.setItem(row, 1, QTableWidgetItem(f""{code}""))

            name_item = QTableWidgetItem((""★ "" if is_custom else """") + name)
            if is_custom:
                name_item.setForeground(QColor(""#1976D2""))
            table.setItem(row, 2, name_item)

            table.setItem(row, 3, QTableWidgetItem(desc))

        stats_label.setText(f""匹配 {len(results)} / {len(lookup._data)} 条记录"")

    search_input.textChanged.connect(filter_table)",""
"Function:lookup_pages_simple.py:create_obis_lookup_page","create_obis_lookup_page","lookup_pages_simple.py",119,231,true,"

def create_obis_lookup_page(parent):
    """"""创建OBIS查询页面""""""
    from obis_lookup import get_obis_lookup

    widget = QWidget()
    layout = QVBoxLayout(widget)
    layout.setSpacing(10)

    lookup = get_obis_lookup()

    # 搜索栏
    search_layout = QHBoxLayout()
    search_label = QLabel(""搜索："")
    search_label.setFixedWidth(45)
    search_input = QLineEdit()
    search_input.setPlaceholderText(""输入OBIS码(如0.0.96.1.0.255)或关键词搜索..."")
    setup_chinese_context_menu(search_input)
    search_layout.addWidget(search_label)
    search_layout.addWidget(search_input)
    layout.addLayout(search_layout)

    # 统计标签
    stats_label = QLabel()
    stats_label.setStyleSheet(""color: #666; font-size: 12px;"")
    layout.addWidget(stats_label)

    # 表格
    table = create_base_table(
        [""OBIS码"", ""对象名称"", ""对象类型"", ""访问属性"", ""详细说明""],
        [150, 200, 120, 100, 250]
    )
    layout.addWidget(table)

    # 加载数据
    def load_data():
        data = lookup._data
        table.setRowCount(len(data))
        for row, (obis, name, desc, is_custom) in enumerate(data):
            # OBIS码
            obis_str = f""{obis[0]}.{obis[1]}.{obis[2]}.{obis[3]}.{obis[4]}.{obis[5]}""
            table.setItem(row, 0, QTableWidgetItem(obis_str))

            # 对象名称
            name_item = QTableWidgetItem((""★ "" if is_custom else """") + name)
            if is_custom:
                name_item.setForeground(QColor(""#1976D2""))
            table.setItem(row, 1, name_item)

            # 对象类型（从desc推断）
            obj_type = _infer_object_type(obis)
            table.setItem(row, 2, QTableWidgetItem(obj_type))

            # 访问属性
            access = ""Read/Write"" if is_custom else ""Read""
            table.setItem(row, 3, QTableWidgetItem(access))

            # 详细说明
            table.setItem(row, 4, QTableWidgetItem(desc))

        stats_label.setText(f""共 {len(data)} 条记录"")

    def _infer_object_type(obis):
        """"""根据OBIS推断对象类型""""""
        a = obis[0]
        type_map = {
            0: ""General"",
            1: ""Register"",
            2: ""ExtendedRegister"",
            3: ""DemandRegister"",
            4: ""RegisterActivation"",
            5: ""ProfileGeneric"",
            7: ""ScriptTable"",
            8: ""Schedule"",
            10: ""Association LN"",
            17: ""ActivityCalendar"",
            20: ""DisconnectControl"",
        }
        return type_map.get(a, f""Unknown_{a}"")

    # 过滤功能
    def filter_table(text):
        keyword = text.strip().upper()
        if not keyword:
            load_data()
            return

        results = lookup.search(keyword)
        table.setRowCount(len(results))
        for row, (obis, name, desc, is_custom) in enumerate(results):
            obis_str = f""{obis[0]}.{obis[1]}.{obis[2]}.{obis[3]}.{obis[4]}.{obis[5]}""
            table.setItem(row, 0, QTableWidgetItem(obis_str))

            name_item = QTableWidgetItem((""★ "" if is_custom else """") + name)
            if is_custom:
                name_item.setForeground(QColor(""#1976D2""))
            table.setItem(row, 1, name_item)

            obj_type = _infer_object_type(obis)
            table.setItem(row, 2, QTableWidgetItem(obj_type))

            access = ""Read/Write"" if is_custom else ""Read""
            table.setItem(row, 3, QTableWidgetItem(access))

            table.setItem(row, 4, QTableWidgetItem(desc))

        stats_label.setText(f""匹配 {len(results)} / {len(lookup._data)} 条记录"")

    search_input.textChanged.connect(filter_table)

    # 初始加载
    load_data()

    return widget",""
"Function:lookup_pages_simple.py:_infer_object_type","_infer_object_type","lookup_pages_simple.py",180,196,false,"        stats_label.setText(f""共 {len(data)} 条记录"")

    def _infer_object_type(obis):
        """"""根据OBIS推断对象类型""""""
        a = obis[0]
        type_map = {
            0: ""General"",
            1: ""Register"",
            2: ""ExtendedRegister"",
            3: ""DemandRegister"",
            4: ""RegisterActivation"",
            5: ""ProfileGeneric"",
            7: ""ScriptTable"",
            8: ""Schedule"",
            10: ""Association LN"",
            17: ""ActivityCalendar"",
            20: ""DisconnectControl"",
        }
        return type_map.get(a, f""Unknown_{a}"")

    # 过滤功能",""
"Function:lookup_pages.py:create_search_bar","create_search_bar","lookup_pages.py",15,27,true,"

def create_search_bar(parent, placeholder=""输入关键词搜索..."", on_text_changed=None):
    """"""创建搜索栏""""""
    layout = QHBoxLayout()
    label = QLabel(""搜索："")
    label.setFixedWidth(45)
    search_input = QLineEdit()
    search_input.setPlaceholderText(placeholder)
    if on_text_changed:
        search_input.textChanged.connect(on_text_changed)
    setup_chinese_context_menu(search_input)
    layout.addWidget(label)
    layout.addWidget(search_input)
    return layout, search_input

",""
"Function:lookup_pages.py:create_table_widget","create_table_widget","lookup_pages.py",30,51,true,"

def create_table_widget(headers, column_widths):
    """"""创建表格""""""
    table = QTableWidget()
    table.setColumnCount(len(headers))
    table.setHorizontalHeaderLabels(headers)

    header = table.horizontalHeader()
    header.setSectionResizeMode(QHeaderView.ResizeMode.Interactive)
    header.setStretchLastSection(True)

    for i, width in enumerate(column_widths):
        table.setColumnWidth(i, width)

    table.setSelectionBehavior(QTableWidget.SelectRows)
    table.setAlternatingRowColors(True)
    table.verticalHeader().hide()

    table_font = QFont()
    table_font.setPointSize(8)
    table.setFont(table_font)

    return table

",""
"Function:lookup_pages.py:create_stats_label","create_stats_label","lookup_pages.py",54,58,true,"

def create_stats_label():
    """"""创建统计标签""""""
    label = QLabel()
    label.setStyleSheet(""color: #666; font-size: 12px;"")
    return label

",""
"Function:lookup_pages.py:create_di_lookup_page","create_di_lookup_page","lookup_pages.py",63,109,true,"# ============ DI查询页面创建函数 ============

def create_di_lookup_page(parent, parser):
    """"""创建DI查询页面""""""
    from PySide6.QtWidgets import QTableWidgetItem

    widget = QWidget()
    layout = QVBoxLayout(widget)
    layout.setSpacing(10)

    # 搜索栏
    def on_search(text):
        _filter_di_table(table, di_data, text, stats_label)

    search_layout, search_input = create_search_bar(
        parent,
        ""输入DI编码(如E8020201)或中文关键词搜索..."",
        on_search
    )
    layout.addLayout(search_layout)

    # 统计标签
    stats_label = create_stats_label()
    layout.addWidget(stats_label)

    # 表格
    table = create_table_widget(
        [""DI3"", ""DI2"", ""DI1"", ""DI0"", ""AFN"", ""中文含义""],
        [60, 60, 60, 60, 200, 300]
    )
    layout.addWidget(table)

    # 按钮栏
    btn_layout = QHBoxLayout()
    add_btn = QPushButton(""添加自定义DI"")
    add_btn.clicked.connect(lambda: QMessageBox.information(parent, ""提示"", ""添加自定义DI功能待实现""))
    btn_layout.addWidget(add_btn)

    del_btn = QPushButton(""删除选中自定义DI"")
    del_btn.clicked.connect(lambda: QMessageBox.information(parent, ""提示"", ""删除自定义DI功能待实现""))
    btn_layout.addWidget(del_btn)

    btn_layout.addStretch()
    layout.addLayout(btn_layout)

    # 加载数据
    di_data = _load_di_data(parser, table, stats_label)

    return widget, table, di_data, stats_label

",""
"Function:lookup_pages.py:on_search","on_search","lookup_pages.py",72,73,true,"
    # 搜索栏
    def on_search(text):
        _filter_di_table(table, di_data, text, stats_label)

    search_layout, search_input = create_search_bar(",""
"Function:lookup_pages.py:_load_di_data","_load_di_data","lookup_pages.py",112,130,false,"

def _load_di_data(parser, table, stats_label):
    """"""加载DI数据""""""
    from PySide6.QtWidgets import QTableWidgetItem
    from PySide6.QtGui import QColor

    di_data = []
    di_map = parser.DI_COMBINATION_MAP
    afn_map = parser.AFN_MAP
    custom_list = parser.load_custom_di_list()
    custom_keys = {(e[""di3""], e[""di2""], e[""di1""], e[""di0""]) for e in custom_list}

    for (di3, di2, di1, di0), desc in di_map.items():
        afn_val = di1
        afn_name = afn_map.get(afn_val, f""未知({afn_val:02X})"")
        is_custom = (di3, di2, di1, di0) in custom_keys
        di_data.append((di3, di2, di1, di0, afn_val, afn_name, desc, is_custom))

    _populate_di_table(table, di_data, stats_label)
    return di_data

",""
"Function:lookup_pages.py:_populate_di_table","_populate_di_table","lookup_pages.py",133,150,false,"

def _populate_di_table(table, data, stats_label):
    """"""填充DI表格""""""
    from PySide6.QtWidgets import QTableWidgetItem
    from PySide6.QtGui import QColor

    table.setRowCount(len(data))
    for row, (di3, di2, di1, di0, afn_val, afn_name, desc, is_custom) in enumerate(data):
        table.setItem(row, 0, QTableWidgetItem(f""{di3:02X}""))
        table.setItem(row, 1, QTableWidgetItem(f""{di2:02X}""))
        table.setItem(row, 2, QTableWidgetItem(f""{di1:02X}""))
        table.setItem(row, 3, QTableWidgetItem(f""{di0:02X}""))
        table.setItem(row, 4, QTableWidgetItem(f""{afn_val:02X}H {afn_name}""))
        desc_item = QTableWidgetItem((""★ "" if is_custom else """") + desc)
        if is_custom:
            desc_item.setForeground(QColor(""#1976D2""))
        table.setItem(row, 5, desc_item)

    stats_label.setText(f""共 {len(data)} 条记录"")

",""
"Function:lookup_pages.py:_filter_di_table","_filter_di_table","lookup_pages.py",153,167,false,"

def _filter_di_table(table, di_data, text, stats_label):
    """"""过滤DI表格""""""
    keyword = text.strip().upper()
    if not keyword:
        _populate_di_table(table, di_data, stats_label)
        return

    filtered = []
    for di3, di2, di1, di0, afn_val, afn_name, desc, is_custom in di_data:
        di_str = f""{di3:02X}{di2:02X}{di1:02X}{di0:02X}""
        search_text = f""{di_str} {afn_name} {desc}"".upper()
        if keyword in search_text:
            filtered.append((di3, di2, di1, di0, afn_val, afn_name, desc, is_custom))

    _populate_di_table(table, filtered, stats_label)",""
"Function:Lib.py:Sub_33","Sub_33","Lib.py",9,16,true,"# input_bytes_string = bytes.fromhex(input_string.replace("" "", """").replace("","", """"))

def Sub_33(bytes_string):
    tempbytes = bytes(0)
    for byte1 in bytes_string:
        if byte1 >= 0x33:
            tempbytes +=  (byte1 - 0x33).to_bytes(1, ""little"")
        else:
            tempbytes  += (byte1+256-0x33).to_bytes(1, ""little"")
    return tempbytes


",""
"Function:Lib.py:decode_testframe","decode_testframe","Lib.py",58,607,true,"
""""""
def decode_testframe(bytes_string_inpurt, chip_type='3960A', log_callback=None):
    import logging
    
    # 如果没有提供回调函数，使用原来的列表方式（向后兼容）
    if log_callback is None:
        log_lines = []
        def local_log(level, message):
            log_lines.append(message)
        log_func = local_log
        use_callback = False
    else:
        log_func = log_callback
        use_callback = True
    
    start = 2
    jian33bytes = bytes_string_inpurt
    
    # 检查输入数据长度
    if len(jian33bytes) < 2:
        log_func(logging.ERROR, ""错误: 输入数据长度不足，至少需要2字节"")
        if not use_callback:
            return log_lines
        else:
            return
    
    log_func(logging.INFO, f""信息条目信息：{jian33bytes[0]}"")
    log_func(logging.INFO, f""信息条目数：{jian33bytes[1]}"")
    # print(jian33bytes.hex())
    # print(jian33bytes[1])
    for i in range(0, jian33bytes[1]):
        entryHeader = EntryHeader()
        #log_func(logging.INFO,""start="",start)
        memmove(addressof(entryHeader), jian33bytes[start:start+2], 2)
        # log_func(logging.INFO,""=========条目头信息========="")
        # log_func(logging.INFO,f""数据ID{entryHeader.Data_ID}"")
        # log_func(logging.INFO,f""数据类型{entryHeader.Classified_ID}"")
        # log_func(logging.INFO,f""数据编码{entryHeader.Coding}"")
        # log_func(logging.INFO,f""条目长度{entryHeader.Data_Length}"")
        match entryHeader.Classified_ID:    
            case 0:
                match entryHeader.Data_ID:
                    case 1:
                        if entryHeader.Coding == 1:
                            end = start + 2 + entryHeader.Data_Length
                            log_func(logging.INFO, f""RawFrame-->{hexlify(jian33bytes[start:end]).decode('utf-8')}"")
                            log_func(logging.INFO, f""类ID:{entryHeader.Classified_ID:02X},  数据ID:{entryHeader.Data_ID:02x},  数据类型:{entryHeader.Coding:02x}{coding[entryHeader.Coding]},  数据长度:{entryHeader.Data_Length:02x},  外部厂商代码: {jian33bytes[start+2:end][::-1].decode('utf-8')}"")
                    case 2:
                        if entryHeader.Coding == 1:
                            end = start + 2 + entryHeader.Data_Length
                            log_func(logging.INFO, f""RawFrame-->{hexlify(jian33bytes[start:end]).decode('utf-8')}"")
                            log_func(logging.INFO, f""类ID:{entryHeader.Classified_ID:02X},  数据ID:{entryHeader.Data_ID:02x},  数据类型:{entryHeader.Coding:02x}{coding[entryHeader.Coding]},  数据长度:{entryHeader.Data_Length:02x},  外部芯片代码: {jian33bytes[start+2:end][::-1].decode('utf-8')}"")
                    case 3:
                        if entryHeader.Coding == 3:
                            end = start + 2 + entryHeader.Data_Length
                            log_func(logging.INFO, f""RawFrame-->{hexlify(jian33bytes[start:end]).decode('utf-8')}"")
                            log_func(logging.INFO, f""类ID:{entryHeader.Classified_ID:02X},  数据ID:{entryHeader.Data_ID:02x},  数据类型:{entryHeader.Coding:02x}{coding[entryHeader.Coding]},  数据长度:{entryHeader.Data_Length:02x},  外部版本日期:{hexlify(jian33bytes[start+2:end][::-1]).decode('utf-8')}"")
                        
                    case 4:
                        if entryHeader.Coding == 3:
                            end = start + 2 + entryHeader.Data_Length
                            log_func(logging.INFO, f""RawFrame-->{hexlify(jian33bytes[start:end]).decode('utf-8')}"")
                            log_func(logging.INFO,f""类ID:{entryHeader.Classified_ID:02X},  数据ID:{entryHeader.Data_ID:02x},  数据类型:{entryHeader.Coding:02x}{coding[entryHeader.Coding]},  数据长度:{entryHeader.Data_Length:02x},  外部版本号:{hexlify(jian33bytes[start+2:end][::-1]).decode('utf-8')}"")
                    case 5:
                        if entryHeader.Coding == 1:
                            end = start + 2 + entryHeader.Data_Length
                            log_func(logging.INFO, f""RawFrame-->{hexlify(jian33bytes[start:end]).decode('utf-8')}"")
                            log_func(logging.INFO,f""类ID:{entryHeader.Classified_ID:02X},  数据ID:{entryHeader.Data_ID:02x},  数据类型:{entryHeader.Coding:02x}{coding[entryHeader.Coding]},  数据长度:{entryHeader.Data_Length:02x},  内部厂商代码: {jian33bytes[start+2:end][::-1].decode('utf-8')}"")
                    case 6:
                        if entryHeader.Coding == 1:
                            end = start + 2 + entryHeader.Data_Length
                            log_func(logging.INFO, f""RawFrame-->{hexlify(jian33bytes[start:end]).decode('utf-8')}"")
                            log_func(logging.INFO,f""类ID:{entryHeader.Classified_ID:02X},  数据ID:{entryHeader.Data_ID:02x},  数据类型:{entryHeader.Coding:02x}{coding[entryHeader.Coding]},  数据长度:{entryHeader.Data_Length:02x},  内部芯片代码: {jian33bytes[start+2:end][::-1].decode('utf-8')}"")
                    case 7:
                        if entryHeader.Coding == 2:
                            end = start + 2 + entryHeader.Data_Length
                 
... [truncated]",""
"Function:Lib.py:local_log","local_log","Lib.py",64,65,true,"    if log_callback is None:
        log_lines = []
        def local_log(level, message):
            log_lines.append(message)
        log_func = local_log
        use_callback = False
",""
"Function:Lib.py:bcd_time_to_str","bcd_time_to_str","Lib.py",451,465,true,"                            log_func(logging.INFO, f""RawFrame-->{hexlify(jian33bytes[start:end]).decode('utf-8')}"")
                            # 辅助函数：BCD时间转字符串
                            def bcd_time_to_str(bcd_bytes):
                                """"""将6字节BCD时间转为字符串格式 YY-MM-DD HH:MM:SS""""""
                                if all(b == 0xFF for b in bcd_bytes):
                                    return ""无效时间(全F)""
                                try:
                                    # BCD格式：年月日时分秒
                                    yy = f""{bcd_bytes[0]:02X}""
                                    mm = f""{bcd_bytes[1]:02X}""
                                    dd = f""{bcd_bytes[2]:02X}""
                                    hh = f""{bcd_bytes[3]:02X}""
                                    mi = f""{bcd_bytes[4]:02X}""
                                    ss = f""{bcd_bytes[5]:02X}""
                                    return f""20{yy}-{mm}-{dd} {hh}:{mi}:{ss}""
                                except:
                                    return ""格式错误""
                            
                            data = jian33bytes[start+2:end]
",""
"Function:hdlc_parser.py:HDLCParser._decode_invoke_id","_decode_invoke_id","hdlc_parser.py",177,189,false,"
    @staticmethod
    def _decode_invoke_id(invoke_byte: int) -> dict:
        """"""
        解码Invoke-Id-And-Priority字节
        结构: bit7-4=Invoke-ID(0-15), bit2=ServiceClass(0=Confirmed,1=Unconfirmed), bit1-0=Priority(0=High,1=Low)
        """"""
        invoke_id = (invoke_byte >> 4) & 0x0F
        service_class = ""Confirmed(需确认)"" if (invoke_byte & 0x04) == 0 else ""Unconfirmed(不需确认)""
        priority = ""High(高优先级)"" if (invoke_byte & 0x03) == 0 else ""Low(低优先级)""
        return {
            ""invoke_id"": invoke_id,
            ""service_class"": service_class,
            ""priority"": priority,
        }

    def parse_to_table(self, frame_bytes: bytes) -> list:
",""
"Function:hdlc_parser.py:HDLCParser.parse_to_table","parse_to_table","hdlc_parser.py",191,383,true,"        }

    def parse_to_table(self, frame_bytes: bytes) -> list:
        """"""
        解析HDLC帧到表格格式
        
        返回: [(字段名, 原始值, 解析值, 说明, byte_start, byte_end), ...]
        """"""
        table_data = []
        
        if len(frame_bytes) < 7:
            table_data.append((""错误"", ""-"", ""-"", ""帧长度不足（至少7字节）"", 0, len(frame_bytes) - 1))
            return table_data

        offset = 0

        # 1. 起始标志 (Flag)
        if frame_bytes[0] != self.HDLC_FLAG:
            table_data.append((""错误"", f""0x{frame_bytes[0]:02X}"", ""0x7E"", ""起始标志错误"", 0, 0))
            return table_data
        
        table_data.append((""起始标志"", f""0x{frame_bytes[offset]:02X}"", ""0x7E"", ""HDLC帧起始标志"", offset, offset))
        offset += 1

        # 2. 格式域 (Frame Format Field) - 2字节
        if offset + 1 >= len(frame_bytes):
            table_data.append((""错误"", ""-"", ""-"", ""格式域缺失"", offset, offset))
            return table_data
        
        format_field_start = offset
        format_bytes = frame_bytes[offset:offset + 2]
        format_field = struct.unpack('>H', format_bytes)[0]  # 大端序
        
        # 解析格式域
        format_type = (format_field >> 12) & 0x0F  # 高4位
        segmentation_bit = (format_field >> 11) & 0x01  # 分段位
        frame_length = format_field & 0x07FF  # 低11位
        
        format_type_str = f""0x{format_type:X}""
        if format_type == 0x0A:
            format_type_str += "" (Type 3)""
        
        table_data.append((""格式域"", f""0x{format_field:04X}"", 
                          f""格式类型={format_type_str}, 分段位={segmentation_bit}, 帧长={frame_length}"",
                          ""格式域（2字节）"", offset, offset + 1))
        offset += 2

        # 验证格式类型
        if format_type != 0x0A:
            table_data.append((""警告"", f""0x{format_type:X}"", ""0xA"", ""非Type 3格式（可能使用专有HCS算法）"", format_field_start, format_field_start + 1))

        # 3. 目的地址域 (Destination Address)
        dest_addr_start = offset
        dest_addr, dest_addr_len = self._parse_address_field(frame_bytes, offset)
        if dest_addr is None:
            table_data.append((""错误"", ""-"", ""-"", ""目的地址解析失败"", offset, offset))
            return table_data
        
        dest_addr_desc = self._format_address_description(dest_addr, dest_addr_len, ""目的"")
        table_data.append((""目的地址域"", self._bytes_to_hex(frame_bytes[offset:offset + dest_addr_len]),
                          dest_addr_desc, f""目的地址（{dest_addr_len}字节）"", offset, offset + dest_addr_len - 1))
        offset += dest_addr_len

        # 4. 源地址域 (Source Address)
        src_addr_start = offset
        src_addr, src_addr_len = self._parse_address_field(frame_bytes, offset)
        if src_addr is None:
            table_data.append((""错误"", ""-"", ""-"", ""源地址解析失败"", offset, offset))
            return table_data
        
        src_addr_desc = self._format_address_description(src_addr, src_addr_len, ""源"")
        table_data.append((""源地址域"", self._bytes_to_hex(frame_bytes[offset:offset + src_addr_len]),
                          src_addr_desc, f""源地址（{src_addr_len}字节）"", offset, offset + src_addr_len - 1))
        offset += src_addr_len

        # 5. 控制域 (Control Field) - 1字节
        if offset >= len(frame_bytes):
            table_data.append((""错误"", ""-"", ""-"", ""控制域缺失"", offset, offset))
            return table_data

        # 判断帧方向（基于地址域）:
        # 客户端→服务端: 目的=服务端(通常多字节), 源=客户端(通常1字节, 如0x01/0x03/0x09等)
        # 服务端→客户端: 目的=客户端(1字节), 源=服务端(多字节)
        if dest_addr_len > src_addr_len:
            frame_direction = ""client_to_server""
        elif src_addr_len > dest_addr_len:
            frame_direction = ""server_to_client""
        else:
            frame_direction = ""unknown""

        control_byte = frame_bytes[offset]
        ctrl_type, ctrl_desc, ctrl_details = self._parse_control_field(control_byte, frame_direction)

        table_data.append((""控制域"", f""0x{control_byte:02X}"", ctrl_type, ctrl_desc, offset, offset))

        # 控制域子字段
        if ctrl_details:
            for field_name, raw_bit, parsed_val in ctrl_details:
                table_data.append((f""  {field_name}"", raw_bit, parsed_val, """", offset, offset))

        offset += 1

        # 计算HCS范围（格式域2字节 + 目的地址 + 源地址 + 控制域）
        hcs_start = format_field_start
        hcs_end = offset - 1

        # 判断是否有信息域
        has_info_field = ctrl_type in ['I帧 (信息帧)', 'UI帧 (无编号信息)', 'SNRM帧', 'UA帧', 'DM帧', 'FRMR帧', 'DISC帧']
        
        # 6. HCS校验域 (Header Check Sequence) - 2字节
        # 如果帧长度很短（无信息域），HCS就是FCS
        if offset + 1 >= len(frame_bytes):
            table_data.append((""错误"", ""-"", ""-"", ""HCS/FCS缺失"", offset, offset))
            return table_data
        
        if not has_info_field:
            # 无信息域，HCS被视为FCS
            hcs_bytes = frame_bytes[offset:offset + 2]
            hcs_value = struct.unpack('>H', hcs_bytes)[0]
            
            # 计算HCS
            calculated_hcs = self._calculate_fcs(frame_bytes[hcs_start:hcs_end + 1])
     
... [truncated]",""
"Function:hdlc_parser.py:HDLCParser._parse_address_field","_parse_address_field","hdlc_parser.py",385,420,false,"        return table_data

    def _parse_address_field(self, data: bytes, offset: int) -> Tuple[Optional[int], int]:
        """"""
        解析HDLC地址域（支持扩展地址机制）

        返回: (地址值, 地址长度)
        地址扩展规则：每个字节的LSB=0表示后面还有地址字节，LSB=1表示最后一个地址字节
        注意：地址值需要移除LSB扩展位后组合，第一个字节传输最低7位，最后一个字节传输最高7位
        """"""
        if offset >= len(data):
            return None, 0

        address = 0
        length = 0
        shift = 0

        while offset + length < len(data):
            byte = data[offset + length]
            length += 1

            # LSB (bit 0) 表示是否还有扩展字节
            extension_bit = byte & 0x01
            address_value = (byte >> 1) & 0x7F  # 高7位是地址值

            # 按传输顺序组合：第一个字节是最低7位，每增加一个字节向高位移7位
            address |= (address_value << shift)
            shift += 7

            # LSB=1表示这是最后一个地址字节，停止
            if extension_bit == 0x01:
                break

            # 安全检查：最多4字节地址，如果还没遇到结束标记就停止
            if length >= 4:
                break

        return address, length

    def _format_address_description(self, address: int, length: int, role: str) -> str:
",""
"Function:hdlc_parser.py:HDLCParser._format_address_description","_format_address_description","hdlc_parser.py",422,437,false,"        return address, length

    def _format_address_description(self, address: int, length: int, role: str) -> str:
        """"""格式化地址描述""""""
        # 检查特殊地址
        special = self.SPECIAL_ADDRESSES.get(address, """")
        if special:
            return f""0x{address:02X} ({special})""
        
        # 普通地址
        if length == 1:
            return f""0x{address:02X} ({role}单字节地址)""
        elif length == 2:
            return f""0x{address:04X} ({role}双字节地址)""
        elif length == 4:
            return f""0x{address:08X} ({role}四字节地址)""
        else:
            return f""0x{address:X} ({role}{length}字节地址)""

    def _parse_control_field(self, control_byte: int, direction: str = ""unknown"") -> Tuple[str, str, List[Tuple[str, str, str]]]:
",""
"Function:hdlc_parser.py:HDLCParser._parse_control_field","_parse_control_field","hdlc_parser.py",439,560,false,"            return f""0x{address:X} ({role}{length}字节地址)""

    def _parse_control_field(self, control_byte: int, direction: str = ""unknown"") -> Tuple[str, str, List[Tuple[str, str, str]]]:
        """"""
        解析控制域

        参数:
            control_byte: 控制域字节
            direction: ""client_to_server""(客户端发) 或 ""server_to_client""(服务端发) 或 ""unknown""

        返回: (帧类型名称, 详细描述, 子字段列表[(字段名, 原始bit显示, 解析值)])

        P/F位解释规则(IEC 62056):
          - 客户端发送的帧: bit4=P(Poll), P=1表示需要服务端响应
          - 服务端发送的帧: bit4=F(Final), F=1表示这是最后一帧(无后续数据)
        """"""
        details = []

        # P/F位描述根据方向不同
        def pf_desc(bit_val):
            if direction == ""client_to_server"":
                return ""P=1(需响应)"" if bit_val else ""P=0""
            elif direction == ""server_to_client"":
                return ""F=1(最终帧)"" if bit_val else ""F=0(有后续)""
            else:
                return ""P/F=1"" if bit_val else ""P/F=0""

        # 生成原始bit字符串，例如 ""bit7-bit5: 101""
        def bit_range_mask(shift: int, mask: int) -> str:
            value = (control_byte >> shift) & mask
            bits = bin(value)[2:].zfill(bin(mask).count('1'))
            msb = shift + bin(mask).count('1') - 1
            lsb = shift
            if msb == lsb:
                return f""bit{msb}: {bits}""
            else:
                return f""bit{msb}-bit{lsb}: {bits}""

        # 判断帧类型
        # I帧：bit0=0
        if (control_byte & 0x01) == 0:
            # I帧格式: N(R) P/F N(S) 0
            n_r = (control_byte >> 5) & 0x07  # 接收序列号 N(R)
            p_f = (control_byte >> 4) & 0x01  # P/F位
            n_s = (control_byte >> 1) & 0x07  # 发送序列号 N(S)

            details = [
                (""N(R)接收序号"", bit_range_mask(5, 0b111), str(n_r)),
                (""P/F位"", bit_range_mask(4, 0b1), pf_desc(p_f)),
                (""N(S)发送序号"", bit_range_mask(1, 0b111), str(n_s)),
            ]
            return ""I帧 (信息帧)"", f""信息传输帧, N(S)={n_s}, N(R)={n_r}"", details

        # 检查其他帧类型（bit0=1）
        # UI帧: 0 0 0 P/F 0 0 1 1 = 0x03 (P/F=0) 或 0x0B (P/F=1)
        if (control_byte & 0xEF) == 0x03:  # 屏蔽bit4 (P/F位)
            p_f = (control_byte >> 4) & 0x01
            details = [
                (""P/F位"", bit_range_mask(4, 0b1), pf_desc(p_f)),
            ]
            return ""UI帧 (无编号信息)"", f""无编号信息传输"", details

        # SNRM帧: 1 0 0 P 0 0 1 1 = 0x83 (P=0) 或 0x93 (P=1)
        if (control_byte & 0xEF) == 0x83:  # 屏蔽bit4 (P位)
            p = (control_byte >> 4) & 0x01
            details = [
                (""P位(查询)"", bit_range_mask(4, 0b1), ""是"" if p else ""否""),
            ]
            return ""SNRM帧"", f""设置正常响应模式, P={'是' if p else '否'}"", details

        # DISC帧: 010 P 0011 = 0x43 或 0x53 (bit7=0, bit6=1, bit5=0, bit4=P, bit3-0=0011)
        if (control_byte & 0x0F) == 0x03 and (control_byte & 0xE0) in [0x40, 0x50]:
            p = (control_byte >> 4) & 0x01
            details = [
                (""P位(查询)"", bit_range_mask(4, 0b1), ""是"" if p else ""否""),
            ]
            return ""DISC帧"", f""断开连接, P={'是' if p else '否'}"", details

        # UA帧: 011 F 0011 = 0x63 或 0x73 (bit7=0, bit6=1, bit5=1, bit4=F, bit3-0=0011)
        if (control_byte & 0x0F) == 0x03 and (control_byte & 0xE0) in [0x60, 0x70]:
            f = (control_byte >> 4) & 0x01
            details = [
                (""F位(最终)"", bit_range_mask(4, 0b1), ""是"" if f else ""否""),
            ]
            return ""UA帧"", f""无编号确认, F={'是' if f else '否'}"", details

        # DM帧: 000 F 1111 = 0x0F 或 0x1F (bit7-4=0000/0001, bit3-0=1111)
        if (control_byte & 0x0F) == 0x0F and (control_byte & 0xE0) in [0x00, 0x10]:
            f = (control_byte >> 4) & 0x01
            details = [
                (""F位(最终)"", bit_range_mask(4, 0b1), ""是"" if f else ""否""),
            ]
            return ""DM帧"", f""断开模式, F={'是' if f else '否'}"", details

        # FRMR帧: 100 F 0111 = 0x87 或 0x97 (bit7=1, bit6-5=00, bit4=F, bit3-0=0111)
        if (control_byte & 0x0F) == 0x07 and (control_byte & 0xE0) in [0x80, 0x90]:
            f = (control_byte >> 4) & 0x01
            details = [
                (""F位(最终)"", bit_range_mask(4, 0b1), ""是"" if f else ""否""),
            ]
            return ""FRMR帧"", f""帧拒绝, F={'是' if f else '否'}"", details

        # RR帧: N(R) P/F 0001 (bit7-5=N(R), bit4=P/F, bit3-0=0001)
        if (control_byte & 0x0F) == 0x01:
            n_r = (control_byte >> 5) & 0x07
            p_f = (control_byte >> 4) & 0x01
            details = [
                (""N(R)接收序号"", bit_range_mask(5, 0b111), str(n_r)),
                (""P/F位"", bit_range_mask(4, 0b1), pf_desc(p_f)),
            ]
            return ""RR帧 (接收就绪)"", f""接收就绪, N(R)={n_r}"", details

        # RNR帧: N(R) P/F 0101 (bit7-5=N(R), bit4=P/F, bit3-0=0101)
        if (control_byte & 0x0F) == 0x05:
            n_r = (control_byte >> 5) & 0x07
            p_f = (control_byte >> 4) & 0x01
            details = [
                (""N(R)接收序号"", bit_range_mask(5, 0b111), str(n_r)),
... [truncated]",""
"Function:hdlc_parser.py:HDLCParser.pf_desc","pf_desc","hdlc_parser.py",456,462,true,"
        # P/F位描述根据方向不同
        def pf_desc(bit_val):
            if direction == ""client_to_server"":
                return ""P=1(需响应)"" if bit_val else ""P=0""
            elif direction == ""server_to_client"":
                return ""F=1(最终帧)"" if bit_val else ""F=0(有后续)""
            else:
                return ""P/F=1"" if bit_val else ""P/F=0""

        # 生成原始bit字符串，例如 ""bit7-bit5: 101""
",""
"Function:hdlc_parser.py:HDLCParser.bit_range_mask","bit_range_mask","hdlc_parser.py",465,473,true,"
        # 生成原始bit字符串，例如 ""bit7-bit5: 101""
        def bit_range_mask(shift: int, mask: int) -> str:
            value = (control_byte >> shift) & mask
            bits = bin(value)[2:].zfill(bin(mask).count('1'))
            msb = shift + bin(mask).count('1') - 1
            lsb = shift
            if msb == lsb:
                return f""bit{msb}: {bits}""
            else:
                return f""bit{msb}-bit{lsb}: {bits}""

        # 判断帧类型
",""
"Function:hdlc_parser.py:HDLCParser._calculate_fcs","_calculate_fcs","hdlc_parser.py",562,575,false,"        return f""未知帧(0x{control_byte:02X})"", ""未识别的控制域类型"", []

    def _calculate_fcs(self, data: bytes) -> int:
        """"""
        计算FCS/HCS校验和
        使用CCITT-CRC16多项式: x^16 + x^12 + x^5 + 1 (0x8408)
        """"""
        crc = 0xFFFF
        for byte in data:
            crc ^= byte
            for _ in range(8):
                if crc & 0x0001:
                    crc = (crc >> 1) ^ 0x8408
                else:
                    crc >>= 1
        return crc ^ 0xFFFF

    def _parse_snrm_ua_info(self, data: bytes, table_data: list, base_offset: int):
",""
"Function:hdlc_parser.py:HDLCParser._parse_snrm_ua_info","_parse_snrm_ua_info","hdlc_parser.py",577,660,false,"        return crc ^ 0xFFFF

    def _parse_snrm_ua_info(self, data: bytes, table_data: list, base_offset: int):
        """"""
        解析SNRM/UA帧信息域 - HDLC链路层协商参数（见ISO/IEC 13239 5.5.3.2）

        信息域格式:
          81H - 格式标识符 (Format Identifier)
          80H - 组标识符 (Group Identifier)
          n   - 组长度 (Group Length)
          [参数TLV列表]:
            Tag(1B)  - 参数标识符
            Len(1B)  - 参数长度
            Value(nB)- 参数值
        """"""
        offset = 0

        if len(data) < 3:
            # 信息域太短，无法包含协商参数
            table_data.append((""  链路协商数据"", self._bytes_to_hex(data),
                              f""{len(data)}字节"", ""数据过短，无协商参数"",
                              base_offset, base_offset + max(len(data) - 1, 0)))
            return

        # 格式标识符 0x81
        fmt_id = data[offset]
        table_data.append((""  格式标识符"", f""0x{fmt_id:02X}"",
                          ""格式标识符"" if fmt_id == 0x81 else f""非标准值(期望0x81)"",
                          ""标识SNRM/UA参数协商格式"", base_offset + offset, base_offset + offset))
        offset += 1

        # 组标识符 0x80
        group_id = data[offset]
        table_data.append((""  组标识符"", f""0x{group_id:02X}"",
                          ""组标识符"" if group_id == 0x80 else f""非标准值(期望0x80)"",
                          """", base_offset + offset, base_offset + offset))
        offset += 1

        # 组长度
        group_len = data[offset]
        table_data.append((""  组长度"", f""0x{group_len:02X}"", f""{group_len}字节"",
                          ""后续参数字节总数"", base_offset + offset, base_offset + offset))
        offset += 1

        # 解析参数TLV列表
        param_end = offset + group_len
        while offset < param_end and offset < len(data):
            # 参数标识符
            tag = data[offset]
            tag_desc = self.SNRM_UA_PARAM_TAGS.get(tag, f""未知参数(0x{tag:02X})"")
            table_data.append((""    参数标识符"", f""0x{tag:02X}"", tag_desc,
                              """", base_offset + offset, base_offset + offset))
            offset += 1

            if offset >= len(data):
                break

            # 参数长度
            param_len = data[offset]
            table_data.append((""    参数长度"", f""0x{param_len:02X}"", f""{param_len}字节"",
                              """", base_offset + offset, base_offset + offset))
            offset += 1

            if offset + param_len > len(data):
                break

            # 参数值
            param_value_bytes = data[offset:offset + param_len]
            hex_str = self._bytes_to_hex(param_value_bytes)

            # 根据长度解析数值
            if param_len == 1:
                val = param_value_bytes[0]
                val_display = f""{val} (0x{val:02X})""
            elif param_len == 2:
                val = struct.unpack('>H', param_value_bytes)[0]
                val_display = f""{val} (0x{val:04X})""
            elif param_len == 4:
                val = struct.unpack('>I', param_value_bytes)[0]
                val_display = f""{val} (0x{val:08X})""
            else:
                val_display = hex_str

            table_data.append((""    参数值"", hex_str, val_display,
                              tag_desc, base_offset + offset, base_offset + offset + param_len - 1))
            offset += param_len

    def _parse_dlms_data(self, data: bytes, table_data: list, base_offset: int):
",""
"Function:hdlc_parser.py:HDLCParser._parse_dlms_data","_parse_dlms_data","hdlc_parser.py",662,855,false,"            offset += param_len

    def _parse_dlms_data(self, data: bytes, table_data: list, base_offset: int):
        """"""
        解析信息域中的DLMS数据
        LLC子层格式: DSAP(1) + SSAP(1) + Control(1) + DLMS APDU
        方向识别规则（IEC 62056标准）:
          - 客户端→服务端（请求）: LLC = E6 E6 00
          - 服务端→客户端（应答）: LLC = E6 E7 00
        """"""
        if len(data) < 2:
            return

        offset = 0
        direction = ""unknown""  # ""request"" 或 ""response""

        # 检查是否包含LLC子层（DSAP + SSAP + Control = 3字节）
        if len(data) >= 3:
            dsap = data[0]
            ssap = data[1]
            llc_ctrl = data[2]

            # DLMS LLC地址特征:
            #   DSAP=0xE6, SSAP=0xE6, Control=0x00 → 客户端请求
            #   DSAP=0xE6, SSAP=0xE7, Control=0x00 → 服务端应答
            # 也可能出现 DSAP=0xE7, SSAP=0xE6 的情况（取决于实现）
            if dsap in (0xE6, 0xE7) and ssap in (0xE6, 0xE7) and llc_ctrl == 0x00:
                # 判断方向
                if dsap == 0xE6 and ssap == 0xE6:
                    direction = ""request""
                    dir_desc = ""客户端→服务端（请求方向）""
                elif dsap == 0xE6 and ssap == 0xE7:
                    direction = ""response""
                    dir_desc = ""服务端→客户端（应答方向）""
                elif dsap == 0xE7 and ssap == 0xE6:
                    direction = ""response""
                    dir_desc = ""服务端→客户端（应答方向）""
                else:
                    dir_desc = ""LLC地址""

                table_data.append((""  LLC DSAP"", f""0x{dsap:02X}"",
                                  f""0x{(dsap >> 1):02X}"" if dsap & 1 else f""0x{dsap:02X}"",
                                  ""目的服务接入点"",
                                  base_offset + offset, base_offset + offset))
                offset += 1

                table_data.append((""  LLC SSAP"", f""0x{ssap:02X}"",
                                  f""0x{(ssap >> 1):02X}"" if ssap & 1 else f""0x{ssap:02X}"",
                                  ""源服务接入点"",
                                  base_offset + offset, base_offset + offset))
                offset += 1

                table_data.append((""  LLC控制"", f""0x{llc_ctrl:02X}"",
                                  dir_desc, ""LLC服务质量"",
                                  base_offset + offset, base_offset + offset))
                offset += 1
            elif dsap >= 0xE0 and ssap >= 0xE0:
                # 其他LLC地址（兼容旧版）
                table_data.append((""  LLC DSAP"", f""0x{dsap:02X}"",
                                  f""0x{(dsap >> 1):02X}"" if dsap & 1 else f""0x{dsap:02X}"",
                                  ""目的服务接入点"",
                                  base_offset + offset, base_offset + offset))
                offset += 1

                table_data.append((""  LLC SSAP"", f""0x{ssap:02X}"",
                                  f""0x{(ssap >> 1):02X}"" if ssap & 1 else f""0x{ssap:02X}"",
                                  ""源服务接入点"",
                                  base_offset + offset, base_offset + offset))
                offset += 1

                table_data.append((""  LLC控制"", f""0x{llc_ctrl:02X}"",
                                  f""服务质量=0x{llc_ctrl:02X}"", ""LLC质量控制字段"",
                                  base_offset + offset, base_offset + offset))
                offset += 1

        # 检查是否有 Wrapper 头部 (WPDU - wrapper protocol data unit)
        # Wrapper 格式: 版本(2B) + 源端口(2B) + 目的端口(2B) + 长度(2B) = 总共8字节
        # 版本固定为 0x0001
        if len(data) >= offset + 8:
            version = (data[offset] << 8) | data[offset + 1]
            if version == 1:
                # 识别到 Wrapper 头部
                src_port = (data[offset + 2] << 8) | data[offset + 3]
                dst_port = (data[offset + 4] << 8) | data[offset + 5]
                apdu_len = (data[offset + 6] << 8) | data[offset + 7]

                table_data.append((""  Wrapper版本"", f""{data[offset]:02X} {data[offset + 1]:02X}"",
                                  str(version), ""Wrapper协议版本（固定为1）"",
                                  base_offset + offset, base_offset + offset + 1))
                table_data.append((""  Wrapper源端口"", f""{data[offset + 2]:02X} {data[offset + 3]:02X}"",
                                  f""0x{src_port:04X} ({src_port})"", ""源端口号"",
                                  base_offset + offset + 2, base_offset + offset + 3))
                table_data.append((""  Wrapper目的端口"", f""{data[offset + 4]:02X} {data[offset + 5]:02X}"",
                                  f""0x{dst_port:04X} ({dst_port})"", ""目的端口号"",
                                  base_offset + offset + 4, base_offset + offset + 5))
                table_data.append((""  Wrapper长度"", f""{data[offset + 6]:02X} {data[offset + 7]:02X}"",
                                  f""{apdu_len} 字节"", ""真正DLMS-APDU数据长度"",
                                  base_offset + offset + 6, base_offset + offset + 7))
                offset += 8
                table_data.append((""  Wrapper数据"", """", """", ""Wrapper头部之后是真正的DLMS-APDU"",
                            
... [truncated]",""
"Function:hdlc_parser.py:HDLCParser._looks_like_ber_tlv","_looks_like_ber_tlv","hdlc_parser.py",857,860,false,"                                  base_offset + original_offset, apdu_end))
    
    def _looks_like_ber_tlv(self, data: bytes) -> bool:
        """"""检查数据是否像BER-TLV编码""""""
        # 只要长度>=2，都尝试解析BER-TLV，因为标签可以是任何值
        return len(data) >= 2
    
    def _parse_ber_tlv(self, data: bytes, table_data: list, base_offset: int):
",""
"Function:hdlc_parser.py:HDLCParser._parse_ber_tlv","_parse_ber_tlv","hdlc_parser.py",862,1069,false,"        return len(data) >= 2
    
    def _parse_ber_tlv(self, data: bytes, table_data: list, base_offset: int):
        """"""解析BER-TLV编码的数据，循环解析直到所有字节处理完""""""
        if len(data) < 2:
            return

        offset = 0
        local_offset = base_offset

        # 循环解析多个连续的BER-TLV元素，直到所有字节处理完毕
        while offset < len(data):
            if offset + 1 >= len(data):
                # 剩余字节不足，停止解析
                break

            # 解析标签
            tag = data[offset]
            tag_desc = """"
            tag_number = tag

            if tag == 0x1F:
                # 高标签号：后续字节包含实际标签
                # 简化处理：取下一个字节
                if offset + 1 < len(data):
                    tag_number = data[offset + 1]
                    tag_desc = f""高标签号 0x{tag_number:02X}""
                    offset += 1
                    local_offset += 1
                else:
                    tag_desc = ""高标签号（不完整）""
            elif 0x60 <= tag <= 0x7F:
                # APPLICATION标签
                app_num = tag - 0x60
                app_names = {
                    0: ""APPLICATION 0"",
                    1: ""AARQ (关联请求)"",
                    2: ""AARE (关联响应)"",
                    3: ""RLRQ (释放请求)"",
                    4: ""RLRE (释放响应)""
                }
                tag_desc = app_names.get(app_num, f""APPLICATION {app_num}"")
            elif 0xA0 <= tag <= 0xBF:
                # Context-Specific标签
                ctx_num = tag - 0xA0
                # AARQ/AARE 中常见 Context-Specific 标签含义
                ctx_names = {
                    0: ""negotiated-dlms-version"",
                    1: ""proposed-parameter-pp"",
                    2: ""proposed-parameter-challenge"",
                    3: ""client-sap-id"",
                    4: ""association-information"",
                    5: ""xdlms-context-info"",
                    6: ""authentication"",
                    7: ""mechanism-name"",
                    8: ""challenge"",
                    9: ""response"",
                    10: ""server-sap-id"",
                    11: ""proposed-quality-of-service"",
                    12: ""password"",
                    30: ""user-information"",
                }
                if ctx_num in ctx_names:
                    tag_desc = f""Context-Specific [{ctx_num}] {ctx_names[ctx_num]}""
                else:
                    tag_desc = f""Context-Specific [{ctx_num}]""
            else:
                # 解析 BER 标签: 解码 class + constructed + tag number
                tag_class = (tag >> 6) & 0x03
                constructed = (tag >> 5) & 0x01
                tag_number = tag & 0x1F
                class_names = {0: ""Universal"", 1: ""Application"", 2: ""Context-Specific"", 3: ""Private""}
                class_name = class_names.get(tag_class, f""Class-{tag_class}"")
                constructed_str = "" constructed"" if constructed else """"

                # 通用标签名称映射
                universal_names = {
                    0x01: ""BOOLEAN"",
                    0x02: ""INTEGER"",
                    0x03: ""BIT STRING"",
                    0x04: ""OCTET STRING"",
                    0x05: ""NULL"",
                    0x06: ""OBJECT IDENTIFIER"",
                    0x09: ""REAL"",
                    0x0A: ""ENUMERATED"",
                    0x0D: ""ENUMERATED"",
                    0x10: ""SEQUENCE"",
                    0x13: ""SET"",
                    0x30: ""SEQUENCE"",
                    0x31: ""SET"",
                    0x35: ""SEQUENCE OF"",
                    0x47: ""OCTET STRING"",
                    0xBE: ""Context-Specific [30]"",
                }
                if tag_class == 0 and tag_number in universal_names:
                    tag_desc = f""{class_name} {universal_names[tag_number]}{constructed_str}""
                elif tag_class == 2:  # Context-Specific
                    ctx_names = {
                        4: ""invoke-id-and-priority"",
                    }
                    if tag_number in ctx_names:
                        tag_desc = f""{class_name} [{tag_number}] {ctx_names[tag_number]}{constructed_str}""
                    else:
                        tag_desc = f""{class_name} [{tag_number}]{constructed_str}""
                else:
                    tag_desc = f""{class_name} [{tag_number}]{constructed_str}""

            table_data.append((""    BER标签"", f""0x{tag:02X}"" + (f"" 0x{tag_number:02X}"" if tag == 0x1F else """"),
                              tag_desc, ""BER-TLV标签"", local_offset, local_offset))
            offset += 1
            local_offset += 1

            # 解析长度
            tlv_length = 0
            if offset < len(data):
                length_byte = data[offset]
                if length_byte < 0x80:
                    # 短格式长度
                    tlv_length = length_byte
                    table_data.append((""    BER长度"", f""0x{length_byte:02X}"", str(tlv_length), ""TLV长度"", local_offset, local_offset))
                    o
... [truncated]",""
"Function:hdlc_parser.py:HDLCParser._parse_cosem_descriptor","_parse_cosem_descriptor","hdlc_parser.py",1071,1116,false,"                break
    
    def _parse_cosem_descriptor(self, data: bytes, table_data: list, base_offset: int, label_prefix: str = ""    "") -> int:
        """"""
        解析Cosem-Attribute-Descriptor或Cosem-Method-Descriptor
        结构: Class-ID(2字节,大端) + Instance-ID/OBIS(6字节) + Attribute-ID或Method-ID(1字节)
        返回消耗的字节数
        """"""
        offset = 0
        if len(data) < 9:
            return 0

        # Class-ID (2字节, 大端序)
        class_id = struct.unpack('>H', data[offset:offset + 2])[0]
        class_name = {
            1: ""Data (数据)"", 3: ""Register (寄存器)"", 4: ""Extended-Register (扩展寄存器)"",
            5: ""Demand-Register (需求寄存器)"", 6: ""Activity-Calendar (活动日历)"",
            7: ""Profile-Generic (配置文件)"", 8: ""Clock (时钟)"", 9: ""Script-Table (脚本表)"",
            10: ""Schedule (调度器)"", 15: ""Special-Days-Table (特殊天数表)"",
            17: ""Association-Logical-Device (关联逻辑设备)"",
            20: ""Association-Snapshot (关联快照)"",
            42: ""MBus-Client-Port"", 70: ""Pulse-Counter (脉冲计数器)"",
            81: ""Comms-Port-HDLC (通信口HDLC)"",
            100: ""Application-Association (应用关联)"",
            101: ""Security-Setup (安全设置)"",
            111: ""Disconnect-Control (断开控制)"",
        }.get(class_id, f""Class-{class_id}"")

        table_data.append((f""{label_prefix}类ID (Class-ID)"", f""0x{class_id:04X}"", class_name,
                          ""COSEM对象类"", base_offset + offset, base_offset + offset + 1))
        offset += 2

        # Instance-ID / OBIS码 (6字节)
        obis_bytes = data[offset:offset + 6]
        obis_str = ""."".join(str(b) for b in obis_bytes)
        obis_desc = self._get_obis_description(obis_bytes)

        table_data.append((f""{label_prefix}OBIS码"", self._bytes_to_hex(obis_bytes), obis_str,
                          f""对象标识: {obis_desc}"", base_offset + offset, base_offset + offset + 5))
        offset += 6

        # Attribute-ID 或 Method-ID (1字节)
        attr_id = data[offset]
        table_data.append((f""{label_prefix}属性ID"", f""0x{attr_id:02X}"", str(attr_id),
                          ""对象属性索引"", base_offset + offset, base_offset + offset))
        offset += 1

        return offset

    @staticmethod
",""
"Function:hdlc_parser.py:HDLCParser._get_obis_description","_get_obis_description","hdlc_parser.py",1119,1234,false,"
    @staticmethod
    def _get_obis_description(obis_bytes: bytes) -> str:
        """"""根据OBIS码返回描述""""""
        obis_str = ""."".join(str(b) for b in obis_bytes)
        # 常见电能表OBIS码中文映射表
        obis_map = {
            # 逻辑设备信息
            ""0.0.96.1.0.255"": ""逻辑设备名称"",
            ""0.0.96.1.1.255"": ""设备标识/资产号/电表编号"",
            ""0.0.96.1.2.255"": ""固件版本/软件版本"",
            ""0.0.96.1.3.255"": ""硬件版本"",
            ""0.0.96.1.4.255"": ""出厂编号"",
            ""0.0.96.1.5.255"": ""安装日期"",

            # 设备状态和管理
            ""0.0.96.3.1.255"": ""电表运行状态"",
            ""0.0.96.3.2.255"": ""电表错误状态"",
            ""0.0.96.3.10.255"": ""断开控制对象"",
            ""0.0.10.0.1.255"": ""脚本表对象"",
            ""0.0.99.98.1.255"": ""电力事件日志"",
            ""0.0.99.98.2.255"": ""事件记录/日志"",
            ""0.0.99.98.3.255"": ""故障记录/掉电记录"",
            ""0.0.99.98.4.255"": ""电压异常记录"",
            ""0.0.99.98.5.255"": ""电流异常记录"",

            # 总有功电能
            ""1.0.1.8.0.255"": ""正向有功电能总累计"",
            ""1.0.1.8.1.255"": ""正向有功电能费率1 (尖)"",
            ""1.0.1.8.2.255"": ""正向有功电能费率2 (峰)"",
            ""1.0.1.8.3.255"": ""正向有功电能费率3 (平)"",
            ""1.0.1.8.4.255"": ""正向有功电能费率4 (谷)"",
            ""1.0.1.8.5.255"": ""正向有功电能费率5"",
            ""1.0.1.8.6.255"": ""正向有功电能费率6"",

            # 反方向有功电能
            ""1.0.2.8.0.255"": ""反向有功电能总累计"",
            ""1.0.2.8.1.255"": ""反向有功电能费率1 (尖)"",
            ""1.0.2.8.2.255"": ""反向有功电能费率2 (峰)"",
            ""1.0.2.8.3.255"": ""反向有功电能费率3 (平)"",
            ""1.0.2.8.4.255"": ""反向有功电能费率4 (谷)"",

            # 四象限无功电能
            ""1.0.3.8.0.255"": ""正向无功电能总累计(I象限)"",
            ""1.0.3.8.1.255"": ""正向无功电能费率1(I象限)"",
            ""1.0.3.8.2.255"": ""正向无功电能费率2(I象限)"",
            ""1.0.3.8.3.255"": ""正向无功电能费率3(I象限)"",
            ""1.0.3.8.4.255"": ""正向无功电能费率4(I象限)"",

            ""1.0.4.8.0.255"": ""反向无功电能总累计(II象限)"",
            ""1.0.4.8.1.255"": ""反向无功电能费率1(II象限)"",
            ""1.0.4.8.2.255"": ""反向无功电能费率2(II象限)"",
            ""1.0.4.8.3.255"": ""反向无功电能费率3(II象限)"",
            ""1.0.4.8.4.255"": ""反向无功电能费率4(II象限)"",

            ""1.0.5.8.0.255"": ""第三象限无功总累计"",
            ""1.0.6.8.0.255"": ""第四象限无功总累计"",

            # 最大需量
            ""1.0.15.8.0.255"": ""正向有功最大需量"",
            ""1.0.16.8.0.255"": ""反向有功最大需量"",
            ""1.0.17.8.0.255"": ""正向无功最大需量"",
            ""1.0.18.8.0.255"": ""反向无功最大需量"",

            # 瞬时测量值 - 电压
            ""1.0.21.7.0.255"": ""A相(L1)瞬时电压"",
            ""1.0.22.7.0.255"": ""B相(L2)瞬时电压"",
            ""1.0.23.7.0.255"": ""C相(L3)瞬时电压"",
            ""1.0.20.7.0.255"": ""平均电压"",

            # 瞬时测量值 - 电流
            ""1.0.31.7.0.255"": ""A相(L1)瞬时电流"",
            ""1.0.32.7.0.255"": ""B相(L2)瞬时电流"",
            ""1.0.33.7.0.255"": ""C相(L3)瞬时电流"",
            ""1.0.30.7.0.255"": ""中性线电流"",

            # 瞬时测量值 - 功率
            ""1.0.51.7.0.255"": ""A相(L1)瞬时有功功率"",
            ""1.0.52.7.0.255"": ""B相(L2)瞬时有功功率"",
            ""1.0.53.7.0.255"": ""C相(L3)瞬时有功功率"",
            ""1.0.50.7.0.255"": ""总有功功率"",

            ""1.0.61.7.0.255"": ""A相(L1)瞬时无功功率"",
            ""1.0.62.7.0.255"": ""B相(L2)瞬时无功功率"",
            ""1.0.63.7.0.255"": ""C相(L3)瞬时无功功率"",
            ""1.0.60.7.0.255"": ""总无功功率"",

            ""1.0.71.7.0.255"": ""A相(L1)视在功率"",
            ""1.0.72.7.0.255"": ""B相(L2)视在功率"",
            ""1.0.73.7.0.255"": ""C相(L3)视在功率"",
            ""1.0.70.7.0.255"": ""总视在功率"",

            ""1.0.81.7.0.255"": ""A相(L1)功率因数"",
            ""1.0.82.7.0.255"": ""B相(L2)功率因数"",
            ""1.0.83.7.0.255"": ""C相(L3)功率因数"",
            ""1.0.80.7.0.255"": ""总功率因数"",

            # 频率
            ""1.0.90.7.0.255"": ""电网频率"",

            # 日/月累计
            ""1.0.1.8.0.256"": ""正向有功电能日累计"",
            ""1.0.1.8.0.257"": ""正向有功电能月累计"",

            # 时钟
            ""0.0.1.0.0.255"": ""时钟/当前时间"",
            ""1.0.0.0.0.255"": ""有功电能基准值"",

            # 电量日期
            ""0.0.2.0.0.255"": ""抄表日期"",
            ""0.0.3.0.0.255"": ""最近掉电日期时间"",

            # 谐波
            ""1.0.111.7.0.255"": ""A相电压总谐波畸变率"",
            ""1.0.112.7.0.255"": ""B相电压总谐波畸变率"",
            ""1.0.113.7.0.255"": ""C相电压总谐波畸变率"",
        }
        return obis_map.get(obis_str, obis_str)

    def _parse_dlms_value(self, data: bytes, table_data: list, base_offset: int, label: str = ""    数据值"") -> int:
",""
"Function:hdlc_parser.py:HDLCParser._parse_dlms_value","_parse_dlms_value","hdlc_parser.py",1236,1374,false,"        return obis_map.get(obis_str, obis_str)

    def _parse_dlms_value(self, data: bytes, table_data: list, base_offset: int, label: str = ""    数据值"") -> int:
        """"""
        解析DLMS数据值（A-XDR编码）
        返回消耗的字节数
        """"""
        if len(data) < 1:
            return 0

        type_tag = data[0]
        offset = 1

        type_names = {
            0x00: ""Null"", 0x01: ""Array/Structure"", 0x02: ""Boolean"", 0x03: ""Bit-String"",
            0x04: ""Double-Long-Unsigned"", 0x05: ""Double-Long"", 0x06: ""Octet-String"",
            0x09: ""Visible-String"", 0x0A: ""UTF8-String"", 0x0B: ""BCD"",
            0x0C: ""Integer(16bit)"", 0x0D: ""Long(32bit)"", 0x0F: ""Long-Unsigned(16bit)"",
            0x10: ""Compact-Array"", 0x11: ""Long64-Unsigned"", 0x12: ""Long64"",
            0x13: ""Enum"", 0x16: ""Float32"", 0x17: ""Float64"",
            0x18: ""DateTime"", 0x19: ""Date"", 0x1A: ""Time"", 0x1B: ""Dont-Care"",
        }
        type_name = type_names.get(type_tag, f""未知(0x{type_tag:02X})"")

        # 定长类型
        fixed_lengths = {0x02: 1, 0x04: 4, 0x05: 4, 0x0C: 2, 0x0D: 4, 0x0F: 2,
                         0x11: 8, 0x12: 8, 0x13: 1, 0x16: 4, 0x17: 8, 0x18: 12, 0x19: 5, 0x1A: 4}

        if type_tag == 0x00:  # Null
            table_data.append((label, ""-"", ""Null"", type_name, base_offset, base_offset))
            return 1
        elif type_tag == 0x01:  # Array/Structure
            if len(data) > offset:
                elem_count = data[offset]
                offset += 1
                table_data.append((label, f""0x{type_tag:02X} ({elem_count})"", f""{type_name}, 元素数={elem_count}"",
                                  ""复合数据"", base_offset, base_offset + 1))
                # 逐个解析每个元素
                current_offset = offset
                for i in range(elem_count):
                    if current_offset >= len(data):
                        break
                    # 每个元素都是一个 DLMS 数据值，递归解析
                    elem_len = self._parse_dlms_value(data[current_offset:], table_data,
                                                    base_offset + current_offset,
                                                    f""    {label} [{i}]"")
                    if elem_len <= 0:
                        break
                    current_offset += elem_len
                return current_offset
        elif type_tag == 0x06:  # Octet-String
            if len(data) > offset:
                str_len = data[offset]
                offset += 1
                if len(data) >= offset + str_len:
                    str_data = data[offset:offset + str_len]
                    # 检查是否是DateTime (12字节)
                    if str_len == 12:
                        try:
                            year = struct.unpack('>H', str_data[0:2])[0]
                            month = str_data[2]
                            day = str_data[3]
                            hour = str_data[4]
                            minute = str_data[5]
                            second = str_data[6]
                            dt_str = f""{year}-{month:02d}-{day:02d} {hour:02d}:{minute:02d}:{second:02d}""
                            table_data.append((f""{label} (DateTime)"", self._bytes_to_hex(str_data), dt_str,
                                              type_name, base_offset, base_offset + str_len))
                            return offset + str_len
                        except Exception:
                            pass
                    table_data.append((label, self._bytes_to_hex(str_data[:20]) + (""..."" if str_len > 20 else """"),
                                      f""{str_len}字节"", type_name, base_offset, base_offset + str_len))
                    return offset + str_len
        elif type_tag == 0x09:  # Visible-String
            if len(data) > offset:
                str_len = data[offset]
                offset += 1
                if len(data) >= offset + str_len:
                    str_data = data[offset:offset + str_len]
                    try:
                        str_value = str_data.decode('ascii', errors='replace')
                    except Exception:
                        str_value = self._bytes_to_hex(str_data)
                    table_data.append((label, self._bytes_to_hex(str_data), f'""{str_value}""',
                                      f""{type_name}({str_len}字节)"", base_offset, base_offset + str_len))
                    return offset + str_len
        elif type_tag == 0x0A:  # UTF8-String
            if len(data) > offset:
                str_len = data[offset]
                offset += 1
                if len(data) >= offset + str_len:
                    str_data = data[offset:offset + str_len]
                    try:
                        str_value = str_data.decode('utf-8', errors='replace')
                    except Exception:
                        str_value = self._bytes_to_hex(str_data)
                    table_data.append((label, self._bytes_to
... [truncated]",""
"Function:hdlc_parser.py:HDLCParser._parse_apdu_content","_parse_apdu_content","hdlc_parser.py",1376,1740,false,"        return len(data)

    def _parse_apdu_content(self, data: bytes, table_data: list, offset: int,
                            apdu_type: int, base_offset: int = 0, direction: str = ""unknown"") -> int:
        """"""
        解析APDU具体内容

        参数:
            data: APDU类型字节之后的数据
            offset: 数据中的起始偏移
            apdu_type: APDU类型码
            base_offset: 在原始帧中的偏移
            direction: ""request""(客户端→服务端) 或 ""response""(服务端→客户端)

        返回:
            消耗的字节数
        """"""
        if len(data) <= offset:
            return 0

        remaining = data[offset:]
        local_offset = offset
        bo = base_offset  # 缩写

        # ======== Get-Request (0xC0) ========
        # 结构: Request-Type(1) + InvokeIdAndPriority(1) + Cosem-Attribute-Descriptor(9) + [Selective-Access]
        if apdu_type == 0xC0:
            if len(remaining) >= 1:
                req_type = remaining[0]
                type_name = self.GET_REQUEST_TYPES.get(req_type, f""未知(0x{req_type:02X})"")
                table_data.append((""    请求类型"", f""0x{req_type:02X}"", type_name,
                                  ""Get-Request类型"", bo + local_offset, bo + local_offset))
                local_offset += 1

            if len(remaining) >= 2:
                invoke_byte = remaining[1]
                inv = self._decode_invoke_id(invoke_byte)
                table_data.append((""    Invoke-Id-And-Priority"", f""0x{invoke_byte:02X}"",
                                  f""ID={inv['invoke_id']}, {inv['service_class']}, {inv['priority']}"",
                                  ""调用标识和优先级"", bo + local_offset, bo + local_offset))
                local_offset += 1

                # Normal Get: Cosem-Attribute-Descriptor
                if req_type == 0x01 and len(remaining) >= 11:
                    consumed = self._parse_cosem_descriptor(remaining[2:], table_data, bo + local_offset)
                    local_offset += consumed

                    # 可能有 Selective-Access-Descriptor (0x00=无, 其他=有)
                    if local_offset < len(remaining):
                        sel_access = remaining[local_offset - 2] if local_offset - 2 >= 0 else 0
                        # 最后一个字节可能是 Selective Access 标记
                        remaining_after_desc = remaining[local_offset:]
                        if len(remaining_after_desc) > 0:
                            table_data.append((""    Selective-Access"",
                                              self._bytes_to_hex(remaining_after_desc[:5]) + (""..."" if len(remaining_after_desc) > 5 else """"),
                                              f""{len(remaining_after_desc)}字节"", ""选择性访问描述符(可选)"",
                                              bo + local_offset, bo + min(local_offset + 4, len(remaining) - 1)))

                # Next-Data-Block: block-number(4字节)
                elif req_type == 0x02 and len(remaining) >= 6:
                    block_num = struct.unpack('>I', remaining[2:6])[0]
                    table_data.append((""    Block-Number"", f""0x{block_num:08X}"", str(block_num),
                                      ""数据块序号"", bo + local_offset, bo + local_offset + 3))

        # ======== Get-Response (0xC4) ========
        # 结构: Response-Type(1) + InvokeIdAndPriority(1) + 后续内容(取决于type)
        elif apdu_type == 0xC4:
            if len(remaining) >= 1:
                resp_type = remaining[0]
                type_name = self.GET_RESPONSE_TYPES.get(resp_type, f""未知(0x{resp_type:02X})"")
                table_data.append((""    响应类型"", f""0x{resp_type:02X}"", type_name,
                                  ""Get-Response类型"", bo + local_offset, bo + local_offset))
                local_offset += 1

            if len(remaining) >= 2:
                invoke_byte = remaining[1]
                inv = self._decode_invoke_id(invoke_byte)
                table_data.append((""    Invoke-Id-And-Priority"", f""0x{invoke_byte:02X}"",
                                  f""ID={inv['invoke_id']}, {inv['service_class']}, {inv['priority']}"",
                                  ""调用标识和优先级"", bo + local_offset, bo + local_offset))
                local_offset += 1

                if resp_type == 0x01:
                    # Get-Response-Normal: Result(1) + [Data]
                    if len(remaining) >= 3:
                        result_tag = remaining[2]
                        if result_tag == 0x00:
                            # Data 成功
                            table_data.append((""    结果"", ""0x00"", ""成功(Data)"",
                                              ""Get-Data-Result"", bo + local_offset, bo + local_offset))
                            local_offset += 1
                            # 解析返回数据
                            if len(remaining) > 3:
                                consumed_data = self._parse_dlms_value(remaining[3:], table_data, bo + local_offset, ""    返回数据"")
                                local_offset += consumed_data
                        elif
... [truncated]",""
"Function:hdlc_parser.py:HDLCParser._bytes_to_hex","_bytes_to_hex","hdlc_parser.py",1743,1745,false,"
    @staticmethod
    def _bytes_to_hex(data: bytes) -> str:
        """"""将字节转换为十六进制字符串""""""
        return ' '.join(f'{b:02X}' for b in data)

    def parse(self, frame_bytes: bytes) -> Dict[str, Any]:
",""
"Function:hdlc_parser.py:HDLCParser.parse","parse","hdlc_parser.py",1747,1875,true,"        return ' '.join(f'{b:02X}' for b in data)

    def parse(self, frame_bytes: bytes) -> Dict[str, Any]:
        """"""
        解析HDLC帧为结构化字典
        
        返回: 解析结果字典
        """"""
        result = {
            ""原始数据"": self._bytes_to_hex(frame_bytes),
            ""解析状态"": ""成功"",
        }
        
        if len(frame_bytes) < 7:
            result[""解析状态""] = ""失败""
            result[""错误信息""] = ""帧长度不足（至少7字节）""
            return result
        
        offset = 0
        
        # 1. 起始标志
        if frame_bytes[0] != self.HDLC_FLAG:
            result[""解析状态""] = ""失败""
            result[""错误信息""] = ""起始标志错误""
            return result
        
        result[""起始标志""] = {
            ""原始值"": f""0x{frame_bytes[0]:02X}"",
            ""解析值"": ""0x7E"",
            ""说明"": ""HDLC帧起始标志""
        }
        offset += 1
        
        # 2. 格式域
        format_bytes = frame_bytes[offset:offset + 2]
        format_field = struct.unpack('>H', format_bytes)[0]
        format_type = (format_field >> 12) & 0x0F
        segmentation_bit = (format_field >> 11) & 0x01
        frame_length = format_field & 0x07FF
        
        result[""格式域""] = {
            ""原始值"": f""0x{format_field:04X}"",
            ""格式类型"": f""0x{format_type:X} (Type 3)"" if format_type == 0x0A else f""0x{format_type:X}"",
            ""分段位"": segmentation_bit,
            ""帧长度"": frame_length,
            ""说明"": ""HDLC Type 3格式""
        }
        offset += 2
        
        # 3. 目的地址
        dest_addr, dest_len = self._parse_address_field(frame_bytes, offset)
        result[""目的地址域""] = {
            ""原始值"": self._bytes_to_hex(frame_bytes[offset:offset + dest_len]),
            ""地址值"": f""0x{dest_addr:X}"",
            ""地址长度"": f""{dest_len}字节"",
            ""说明"": self._format_address_description(dest_addr, dest_len, ""目的"")
        }
        offset += dest_len
        
        # 4. 源地址
        src_addr, src_len = self._parse_address_field(frame_bytes, offset)
        result[""源地址域""] = {
            ""原始值"": self._bytes_to_hex(frame_bytes[offset:offset + src_len]),
            ""地址值"": f""0x{src_addr:X}"",
            ""地址长度"": f""{src_len}字节"",
            ""说明"": self._format_address_description(src_addr, src_len, ""源"")
        }
        offset += src_len
        
        # 5. 控制域
        # 判断帧方向
        if dest_len > src_len:
            parse_direction = ""client_to_server""
        elif src_len > dest_len:
            parse_direction = ""server_to_client""
        else:
            parse_direction = ""unknown""

        control_byte = frame_bytes[offset]
        ctrl_type, ctrl_desc, ctrl_details = self._parse_control_field(control_byte, parse_direction)
        result[""控制域""] = {
            ""原始值"": f""0x{control_byte:02X}"",
            ""帧类型"": ctrl_type,
            ""说明"": ctrl_desc,
            **ctrl_details
        }
        offset += 1
        
        # 判断是否有信息域
        has_info = ctrl_type in ['I帧 (信息帧)', 'UI帧 (无编号信息)', 'SNRM帧', 'UA帧', 'DM帧', 'FRMR帧', 'DISC帧']
        
        # 6. HCS/FCS
        if offset + 1 < len(frame_bytes):
            hcs_bytes = frame_bytes[offset:offset + 2]
            hcs_value = struct.unpack('>H', hcs_bytes)[0]
            result[""HCS校验""] = {
                ""原始值"": f""0x{hcs_value:04X}"",
                ""说明"": ""头部/帧校验序列""
            }
            offset += 2
        
        # 7. 信息域
        if has_info and offset < len(frame_bytes) - 3:
            info_end = len(frame_bytes) - 3  # 减去FCS和结束标志
            info_data = frame_bytes[offset:info_end]
            result[""信息域""] = {
                ""原始值"": self._bytes_to_hex(info_data),
                ""长度"": len(info_data),
                ""说明"": ""携带的上层数据（可能包含DLMS APDU）""
            }
            offset = info_end
        
        # 8. FCS（如果还未解析）
        if offset + 1 < len(frame_bytes):
            fcs_bytes = frame_bytes[offset:offset + 2]
            fcs_value = struct.unpack('>H', fcs_bytes)[0]
            result[""FCS校验""] = {
                ""原始值"": f""0x{fcs_value:04X}"",
                ""说明"": ""帧校验序列""
            }
            offset += 2
        
        # 9. 结束标志
        if offset < len(frame_bytes):
            result[""结束标志""] = {
                ""原始值"": f""0x{frame_bytes[offset]:02X}"",
                ""解析值"": ""0x7E"" if frame_bytes[offset] == self.HDLC_FLAG else ""错误"",
                ""说明"": ""HDLC帧结束标志""
            }
        
        return result

    def parse_wrapper_to_table(self, wrapper_bytes: bytes) -> list:
",""
"Function:hdlc_parser.py:HDLCParser.parse_wrapper_to_table","parse_wrapper_to_table","hdlc_parser.py",1877,1960,true,"        return result

    def parse_wrapper_to_table(self, wrapper_bytes: bytes) -> list:
        """"""
        直接解析裸Wrapper报文（不含外层HDLC），从Wrapper头部开始解析
        格式: Wrapper-header(8字节) + DLMS-APDU
        """"""
        table_data = []
        offset = 0
        base_offset = 0

        if len(wrapper_bytes) < 8:
            table_data.append((""错误"", ""-"", ""-"", ""Wrapper报文长度不足（至少需要8字节）"", 0, len(wrapper_bytes) - 1))
            return table_data

        # 解析 Wrapper 头部
        version = (wrapper_bytes[offset] << 8) | wrapper_bytes[offset + 1]
        src_port = (wrapper_bytes[offset + 2] << 8) | wrapper_bytes[offset + 3]
        dst_port = (wrapper_bytes[offset + 4] << 8) | wrapper_bytes[offset + 5]
        apdu_len = (wrapper_bytes[offset + 6] << 8) | wrapper_bytes[offset + 7]

        table_data.append((""Wrapper版本"", f""{wrapper_bytes[offset]:02X} {wrapper_bytes[offset + 1]:02X}"",
                          str(version), ""Wrapper协议版本"",
                          base_offset + offset, base_offset + offset + 1))
        table_data.append((""Wrapper源端口"", f""{wrapper_bytes[offset + 2]:02X} {wrapper_bytes[offset + 3]:02X}"",
                          f""0x{src_port:04X} ({src_port})"", ""源端口号"",
                          base_offset + offset + 2, base_offset + offset + 3))
        table_data.append((""Wrapper目的端口"", f""{wrapper_bytes[offset + 4]:02X} {wrapper_bytes[offset + 5]:02X}"",
                          f""0x{dst_port:04X} ({dst_port})"", ""目的端口号"",
                          base_offset + offset + 4, base_offset + offset + 5))
        table_data.append((""Wrapper长度"", f""{wrapper_bytes[offset + 6]:02X} {wrapper_bytes[offset + 7]:02X}"",
                          f""{apdu_len} 字节"", ""DLMS-APDU数据长度"",
                          base_offset + offset + 6, base_offset + offset + 7))
        offset += 8
        table_data.append((""Wrapper数据"", """", """", ""Wrapper头部结束，以下是真正的DLMS-APDU"",
                          base_offset + offset, base_offset + offset))

        # 解析 DLMS-APDU，从offset开始，base_offset已经是0
        if offset < len(wrapper_bytes):
            apdu_data = wrapper_bytes[offset:]
            boffset = base_offset + offset
            if len(apdu_data) > 0:
                apdu_byte = apdu_data[0]
                if apdu_byte in self.APDU_TYPES:
                    # 添加整个APDU父行（覆盖完整范围，方便双击深度解析）
                    original_offset = offset
                    apdu_name = self.APDU_TYPES[apdu_byte]
                    offset += 1
                    start_len = len(table_data)
                    # 解析APDU内容，获取消耗字节数
                    consumed = self._parse_apdu_content(apdu_data[1:], table_data, 0, apdu_byte, boffset + 1)
                    offset += consumed
                    # 计算完整范围
                    apdu_end = base_offset + (offset - 1)
                    apdu_len = offset - original_offset
                    # 插入父行，所有子项会自动在下面缩进
                    # 原始值显示APDU类型字节十六进制，解析值显示名称+总长度
                    table_data.insert(start_len, (""  DLMS APDU"", f""0x{apdu_byte:02X}"",
                                                f""{apdu_name} (整个{apdu_len}字节)"",
                                                ""完整DLMS应用层协议数据单元（双击可深度解析）"",
                                                boffset + original_offset, apdu_end))
                    # 添加APDU类型行作为子项（缩进一级）
                    table_data.insert(start_len + 1, (""    DLMS APDU类型"", f""0x{apdu_byte:02X}"", apdu_name,
                                                    ""DLMS应用层协议数据单元类型"",
                                                    boffset, boffset))
                else:
                    # BER-TLV 编码 - 添加整个APDU父行
                    if self._looks_like_ber_tlv(apdu_data):
                        original_offset = offset
                        total_len = len(apdu_data)
                        start_len = len(table_data)
                        # 递归解析所有子项
                        self._parse_ber_tlv(apdu_data, table_data, boffset)
                        apdu_end = boffset + (original_offset + total_len - 1)
                        # 插入父节点
                        first_byte = apdu_data[0]
                        table_data.insert(start_len, (""  DLMS APDU (BER-TLV)"", f""0x{first_byte:02X}"",
                                                    f""BER-TLV编码 (整个{total_len}字节)"",
                                                    ""完整DLMS APDU（双击可深度解析）"",
                                                    boffset + original_offset, apdu_end))
                    else:
                        table_data.append((""  DLMS数据"", self._bytes_to_hex(apdu_data[:20]) + (""..."" if len(apdu_data) > 20 else """"),
                                          f""{len(apdu_data)}字节"", ""未识别的DLMS APDU类型"",
                                          boffset, min(boffset + len(apdu_data) - 1, boffset + 19)))

        return table_data

    def parse_apdu_to_table(self, apdu_bytes: bytes) -> list:
",""
"Function:hdlc_parser.py:HDLCParser.parse_apdu_to_table","parse_apdu_to_table","hdlc_parser.py",1962,1992,true,"        return table_data

    def parse_apdu_to_table(self, apdu_bytes: bytes) -> list:
        """"""
        直接解析裸DLMS-APDU报文（不含外层HDLC，不含Wrapper），从APDU开始解析
        """"""
        table_data = []
        base_offset = 0
        if len(apdu_bytes) < 1:
            table_data.append((""错误"", ""-"", ""-"", ""APDU报文为空"", 0, 0))
            return table_data

        apdu_byte = apdu_bytes[0]
        if apdu_byte in self.APDU_TYPES:
            apdu_name = self.APDU_TYPES[apdu_byte]
            table_data.append((""DLMS APDU类型"", f""0x{apdu_byte:02X}"", apdu_name,
                              ""DLMS应用层协议数据单元"",
                              base_offset, base_offset))
            # 解析APDU内容
            self._parse_apdu_content(apdu_bytes[1:], table_data, 0, apdu_byte, base_offset + 1)
        else:
            # BER-TLV 编码
            if self._looks_like_ber_tlv(apdu_bytes):
                table_data.append((""DLMS数据 (BER-TLV)"", self._bytes_to_hex(apdu_bytes[:20]) + (""..."" if len(apdu_bytes) > 20 else """"),
                                  f""{len(apdu_bytes)}字节"", ""BER-TLV编码的DLMS数据"",
                                  base_offset, min(base_offset + len(apdu_bytes) - 1, base_offset + 19)))
                self._parse_ber_tlv(apdu_bytes, table_data, base_offset)
            else:
                table_data.append((""DLMS数据"", self._bytes_to_hex(apdu_bytes[:20]) + (""..."" if len(apdu_bytes) > 20 else """"),
                                  f""{len(apdu_bytes)}字节"", ""未识别的DLMS APDU类型"",
                                  base_offset, min(base_offset + len(apdu_bytes) - 1, base_offset + 19)))

        return table_data


",""
"Function:hdlc_parser.py:_hdlc_verify","_hdlc_verify","hdlc_parser.py",2031,2035,false,"
# 为 HDLCParser 类添加 verify 方法
def _hdlc_verify(self, frame_bytes: bytes):
    """"""验证帧的协议一致性，返回 ValidationResult""""""
    from validator.hdlc_validator import HDLCValidator
    validator = HDLCValidator()
    return validator.verify(frame_bytes)

HDLCParser.verify = _hdlc_verify
",""
"Function:gui_utils.py:setup_chinese_context_menu","setup_chinese_context_menu","gui_utils.py",6,39,true,"

def setup_chinese_context_menu(widget):
    """"""为单行/多行文本输入控件设置中文右键菜单""""""
    if not isinstance(widget, (QLineEdit, QTextEdit)):
        return
    # 若已有自定义右键菜单，则不覆盖
    if widget.contextMenuPolicy() == Qt.CustomContextMenu:
        return

    def _show_menu(pos):
        menu = widget.createStandardContextMenu()
        text_map = {
            ""Undo"": ""撤销"",
            ""Redo"": ""恢复"",
            ""Cut"": ""剪切"",
            ""Copy"": ""复制"",
            ""Paste"": ""粘贴"",
            ""Delete"": ""删除"",
            ""Select All"": ""全选"",
            ""Undo\tCtrl+Z"": ""撤销\tCtrl+Z"",
            ""Redo\tCtrl+Y"": ""恢复\tCtrl+Y"",
            ""Cut\tCtrl+X"": ""剪切\tCtrl+X"",
            ""Copy\tCtrl+C"": ""复制\tCtrl+C"",
            ""Paste\tCtrl+V"": ""粘贴\tCtrl+V"",
            ""Delete"": ""删除"",
            ""Select All\tCtrl+A"": ""全选\tCtrl+A"",
        }
        for action in menu.actions():
            original = action.text().replace(""&"", """")
            if original in text_map:
                action.setText(text_map[original])
        menu.exec(widget.mapToGlobal(pos))

    widget.setContextMenuPolicy(Qt.CustomContextMenu)
    widget.customContextMenuRequested.connect(_show_menu)

",""
"Function:gui_utils.py:_show_menu","_show_menu","gui_utils.py",14,36,false,"        return

    def _show_menu(pos):
        menu = widget.createStandardContextMenu()
        text_map = {
            ""Undo"": ""撤销"",
            ""Redo"": ""恢复"",
            ""Cut"": ""剪切"",
            ""Copy"": ""复制"",
            ""Paste"": ""粘贴"",
            ""Delete"": ""删除"",
            ""Select All"": ""全选"",
            ""Undo\tCtrl+Z"": ""撤销\tCtrl+Z"",
            ""Redo\tCtrl+Y"": ""恢复\tCtrl+Y"",
            ""Cut\tCtrl+X"": ""剪切\tCtrl+X"",
            ""Copy\tCtrl+C"": ""复制\tCtrl+C"",
            ""Paste\tCtrl+V"": ""粘贴\tCtrl+V"",
            ""Delete"": ""删除"",
            ""Select All\tCtrl+A"": ""全选\tCtrl+A"",
        }
        for action in menu.actions():
            original = action.text().replace(""&"", """")
            if original in text_map:
                action.setText(text_map[original])
        menu.exec(widget.mapToGlobal(pos))

    widget.setContextMenuPolicy(Qt.CustomContextMenu)",""
"Function:gui_utils.py:apply_chinese_context_menus","apply_chinese_context_menus","gui_utils.py",42,50,true,"

def apply_chinese_context_menus(parent_widget):
    """"""为parent_widget及其子控件中所有QLineEdit/QTextEdit设置中文右键菜单""""""
    seen = set()
    for cls in (QLineEdit, QTextEdit):
        for widget in parent_widget.findChildren(cls):
            wid = id(widget)
            if wid not in seen:
                seen.add(wid)
                setup_chinese_context_menu(widget)
",""
"Function:gen_test_frames.py:create_frame","create_frame","gen_test_frames.py",6,32,true,"from plc_rf_parser import PLCRFProtocolParser

def create_frame(control: int, command: int, user_data: bytes = b'') -> str:
    """"""创建带正确CRC的完整帧（使用查表法CRC16）""""""
    parser = PLCRFProtocolParser()
    
    # 构建帧（不含Start和CRC）
    frame_body = bytearray()
    frame_body.append(control)
    frame_body.extend(struct.pack('>H', command))
    frame_body.extend(user_data)
    
    # 计算长度：Control + Command + UserData + CRC16
    length = 1 + 2 + len(user_data) + 2
    
    # 完整帧（从Start开始，用于CRC计算）
    full_frame = bytearray()
    full_frame.append(0x02)  # Start
    full_frame.extend(struct.pack('>H', length))  # Length
    full_frame.extend(frame_body)
    
    # 计算CRC16（使用查表法，从Length开始）
    crc_data = full_frame[1:]  # 从Length开始
    crc = parser.calculate_crc16(crc_data)
    
    # 添加CRC16（小端序）
    full_frame.extend(struct.pack('<H', crc))
    
    return full_frame.hex(' ').upper()

",""
"Function:generate_dlt645_di.py:generate_di_map","generate_di_map","generate_dlt645_di.py",5,244,true,"import json

def generate_di_map():
    di_map = {}

    # 电能量数据类 (00)
    # 正向有功电能
    for i in range(16):  # 费率 0-15
        di_key = f""0001{i:02X}00""
        if i == 0:
            name = ""当前正向有功总电能""
        else:
            name = f""当前正向有功费率{i}电能""
        di_map[di_key] = {""name"": name, ""unit"": ""kWh"", ""data_type"": ""XXXXXX.XX"", ""length"": 4}

    # 反向有功电能
    for i in range(16):
        di_key = f""0002{i:02X}00""
        if i == 0:
            name = ""当前反向有功总电能""
        else:
            name = f""当前反向有功费率{i}电能""
        di_map[di_key] = {""name"": name, ""unit"": ""kWh"", ""data_type"": ""XXXXXX.XX"", ""length"": 4}

    # 组合有功电能
    for i in range(16):
        di_key = f""0003{i:02X}00""
        if i == 0:
            name = ""当前组合有功总电能""
        else:
            name = f""当前组合有功费率{i}电能""
        di_map[di_key] = {""name"": name, ""unit"": ""kWh"", ""data_type"": ""XXXXXX.XX"", ""length"": 4}

    # 正向无功电能
    for i in range(16):
        di_key = f""0004{i:02X}00""
        if i == 0:
            name = ""当前正向无功总电能""
        else:
            name = f""当前正向无功费率{i}电能""
        di_map[di_key] = {""name"": name, ""unit"": ""kvarh"", ""data_type"": ""XXXXXX.XX"", ""length"": 4}

    # 反向无功电能
    for i in range(16):
        di_key = f""0005{i:02X}00""
        if i == 0:
            name = ""当前反向无功总电能""
        else:
            name = f""当前反向无功费率{i}电能""
        di_map[di_key] = {""name"": name, ""unit"": ""kvarh"", ""data_type"": ""XXXXXX.XX"", ""length"": 4}

    # 组合无功1电能
    for i in range(16):
        di_key = f""0006{i:02X}00""
        if i == 0:
            name = ""当前组合无功1总电能""
        else:
            name = f""当前组合无功1费率{i}电能""
        di_map[di_key] = {""name"": name, ""unit"": ""kvarh"", ""data_type"": ""XXXXXX.XX"", ""length"": 4}

    # 组合无功2电能
    for i in range(16):
        di_key = f""0007{i:02X}00""
        if i == 0:
            name = ""当前组合无功2总电能""
        else:
            name = f""当前组合无功2费率{i}电能""
        di_map[di_key] = {""name"": name, ""unit"": ""kvarh"", ""data_type"": ""XXXXXX.XX"", ""length"": 4}

    # 象限无功电能
    for quadrant in range(1, 5):  # 象限 1-4
        for i in range(16):
            di_key = f""00{quadrant+8}{i:02X}00""  # 0x0A-0x0D
            if i == 0:
                name = f""当前第{quadrant}象限无功总电能""
            else:
                name = f""当前第{quadrant}象限无功费率{i}电能""
            di_map[di_key] = {""name"": name, ""unit"": ""kvarh"", ""data_type"": ""XXXXXX.XX"", ""length"": 4}

    # 最大需量数据类 (01)
    # 正向有功最大需量
    for i in range(16):
        di_key = f""0101{i:02X}00""
        if i == 0:
            name = ""当前正向有功总最大需量及发生时间""
        else:
            name = f""当前正向有功费率{i}最大需量及发生时间""
        di_map[di_key] = {""name"": name, ""unit"": ""kW,MM.DDhhmm"", ""data_type"": ""XX.XXXX,MDHM"", ""length"": 8}

    # 反向有功最大需量
    for i in range(16):
        di_key = f""0102{i:02X}00""
        if i == 0:
            name = ""当前反向有功总最大需量及发生时间""
        else:
            name = f""当前反向有功费率{i}最大需量及发生时间""
        di_map[di_key] = {""name"": name, ""unit"": ""kW,MM.DDhhmm"", ""data_type"": ""XX.XXXX,MDHM"", ""length"": 8}

    # 变量数据类 (02)
    # 电压
    di_map[""02010100""] = {""name"": ""A相电压"", ""unit"": ""V"", ""data_type"": ""XXX.X"", ""length"": 2}
    di_map[""02010200""] = {""name"": ""B相电压"", ""unit"": ""V"", ""data_type"": ""XXX.X"", ""length"": 2}
    di_map[""02010300""] = {""name"": ""C相电压"", ""unit"": ""V"", ""data_type"": ""XXX.X"", ""length"": 2}

    # 电流
    di_map[""02020100""] = {""name"": ""A相电流"", ""unit"": ""A"", ""data_type"": ""XXX.XXX"", ""length"": 3}
    di_map[""02020200""] = {""name"": ""B相电流"", ""unit"": ""A"", ""data_type"": ""XXX.XXX"", ""length"": 3}
    di_map[""02020300""] = {""name"": ""C相电流"", ""unit"": ""A"", ""data_type"": ""XXX.XXX"", ""length"": 3}

    # 瞬时有功功率
    di_map[""03060000""] = {""name"": ""瞬时总有功功率"", ""unit"": ""kW"", ""data_type"": ""XX.XXXX"", ""length"": 3}
    di_map[""03060100""] = {""name"": ""瞬时A相有功功率"", ""unit"": ""kW"", ""data_type"": ""XX.XXXX"", ""length"": 3}
    di_map[""03060200""] = {""name"": ""瞬时B相有功功率"", ""unit"": ""kW"", ""data_type"": ""XX.XXXX"", ""length"": 3}
    di_map[""03060300""] = {""name"": ""瞬时C相有功功率"", ""unit"": ""kW"", ""data_type"": ""XX.XXXX"", ""length"": 3}

    # 瞬时无功功率
    di_map[""03080000""] = {""name"": ""瞬时总无功功率"", ""unit"": ""kvar"", ""data_type"": ""XX.XXXX"", ""length"": 3}
    di_map[""03080100""] = {""name"": ""瞬时A相无功功率"", ""unit"": ""kvar"", ""data_type"": ""XX.XXXX"", ""length"": 3}
    di_map[""03080200""] = {""name"": ""瞬时B相无功功率"", ""unit"": ""kvar"", ""data_type"": ""XX.XXXX"", ""length"": 3}
    di_map[""03080300""] = {""name"": ""瞬时C相无功功率"", ""unit"": ""kvar"", ""data_type"": ""XX.XXXX"", ""length"": 3}

    # 瞬时视在功率
    di_map[""030A0000""] = {""name"": ""瞬时总视在功率"", ""unit"": ""kVA"", ""data_type"": ""XX.XXXX"", ""length"": 3}
    di_map[""030A0100""] = {""name"": ""瞬时A相视在功率"", ""unit"": ""kVA"", ""data_type"": ""XX.XXXX"", ""length"": 3}
    di_map[""030A0200""] = {""name"": ""瞬时B相视在功率"", ""unit"": ""kVA"", ""data_type"": ""XX.XXXX"", ""length"": 3}
    di_map[""030A0300""] = {""name"": ""瞬时C相视在功率"", ""unit"": ""kVA"", ""data_type"": ""XX.XXXX"", ""length"": 3}

    # 功率因数
    di_map[""030B0000""] = {""name"": ""总功率因数"", ""unit"": """", ""data_type"": ""X.XXX"", ""length"": 2}
    di_map[""030B0100""]
... [truncated]",""
"Function:generate_dlt645_di.py:main","main","generate_dlt645_di.py",247,263,true,"

def main():
    di_map = generate_di_map()

    # 统计
    print(f""生成 DI 映射表，共 {len(di_map)} 条记录"")

    # 保存到 JSON 文件
    output = {
        ""description"": ""DLT645-2007 电表协议数据标识(DI)映射表"",
        ""version"": ""1.1.0"",
        ""di_map"": di_map
    }

    with open('dlt645_di.json', 'w', encoding='utf-8') as f:
        json.dump(output, f, ensure_ascii=False, indent=2)

    print(f""已保存到 dlt645_di.json"")


",""
"Function:gdw_send_frame_lib.py:GDWFrameGenerator.__init__","__init__","gdw_send_frame_lib.py",18,19,false,"    """"""国网协议帧生成器""""""

    def __init__(self):
        pass

    def generate_frame(self,",""
"Function:gdw_send_frame_lib.py:GDWFrameGenerator.generate_frame","generate_frame","gdw_send_frame_lib.py",21,83,true,"        pass

    def generate_frame(self,
                       afn: int,
                       fn: int,
                       field_values: Dict[str, Any],
                       info_config: Dict[str, Any],
                       src_addr: str = ""000000000000"",
                       dst_addr: str = ""000000000000"",
                       relay_addrs: List[str] = None) -> bytes:
        """"""通用组帧入口

        Args:
            afn: 应用功能码 (0x00~0xFF)
            fn: 信息类标识码 (1~248)
            field_values: 数据单元字段值字典
            info_config: 信息域配置字典
                - 路由标识 (0/1)
                - 附属节点标识 (0/1)
                - 通信模块标识 (0/1)  -- 决定是否有地址域
                - 冲突检测 (0/1)
                - 中继级别 (0~15)
                - 纠错编码标识 (0~15)
                - 信道标识 (0~15)
                - 预计应答字节数 (0~255)
                - 通信速率 (0~32767)
                - 速率单位标识 (0/1)
                - 报文序列号 (0~255)
            src_addr: 源地址A1，12位十进制字符串（BCD编码）
            dst_addr: 目的地址A3，12位十进制字符串（BCD编码）
            relay_addrs: 中继地址A2列表，每项12位十进制字符串

        Returns:
            完整协议帧字节流
        """"""
        # 1. 构建信息域R
        info_domain = self._build_info_domain(info_config)

        # 2. 构建地址域A
        comm_module_flag = info_config.get(""通信模块标识"", 0)
        relay_level = info_config.get(""中继级别"", 0)
        address = self._build_address_domain(
            comm_module_flag, relay_level,
            src_addr, dst_addr, relay_addrs or []
        )

        # 3. 构建应用数据域
        app_data = self._build_application_data(afn, fn, field_values)

        # 4. 构建控制域
        dir_flag = info_config.get(""dir"", 0)
        prm = info_config.get(""prm"", 1)
        comm_type = info_config.get(""通信方式"", 0)
        control = GDWControlField(comm_type=comm_type, prm=prm, dir=dir_flag)

        # 5. 组装帧
        frame = GDWFrame(
            control=control,
            info_domain=info_domain,
            address=address,
            afn=afn,
            dt=self._fn_to_dt(fn),
            data=app_data,
        )
        return frame.frame_pack()

    def _build_info_domain(self, config: Dict[str, Any]) -> bytes:",""
"Function:gdw_send_frame_lib.py:GDWFrameGenerator._build_info_domain","_build_info_domain","gdw_send_frame_lib.py",85,111,false,"        return frame.frame_pack()

    def _build_info_domain(self, config: Dict[str, Any]) -> bytes:
        """"""组装6字节信息域R（下行报文）""""""
        # 字节1: 路由标识(D0) + 附属节点标识(D1) + 通信模块标识(D2) + 冲突检测(D3) + 中继级别(D4-D7)
        byte1 = 0
        byte1 |= (config.get(""路由标识"", 0) & 0x01) << 0
        byte1 |= (config.get(""附属节点标识"", 0) & 0x01) << 1
        byte1 |= (config.get(""通信模块标识"", 0) & 0x01) << 2
        byte1 |= (config.get(""冲突检测"", 0) & 0x01) << 3
        byte1 |= (config.get(""中继级别"", 0) & 0x0F) << 4

        # 字节2: 纠错编码标识(D0-D3) + 信道标识(D4-D7)
        byte2 = 0
        byte2 |= (config.get(""纠错编码标识"", 0) & 0x0F) << 0
        byte2 |= (config.get(""信道标识"", 0) & 0x0F) << 4

        # 字节3: 预计应答字节数
        byte3 = config.get(""预计应答字节数"", 0) & 0xFF

        # 字节4-5: 速率单位标识(D15) + 通信速率(D0-D14)
        rate = config.get(""通信速率"", 0) & 0x7FFF
        rate_unit = config.get(""速率单位标识"", 0) & 0x01
        rate_bytes = (rate | (rate_unit << 15)).to_bytes(2, 'little')

        # 字节6: 报文序列号
        byte6 = config.get(""报文序列号"", 0) & 0xFF

        return bytes([byte1, byte2, byte3, rate_bytes[0], rate_bytes[1], byte6])

    def _build_address_domain(self,",""
"Function:gdw_send_frame_lib.py:GDWFrameGenerator._build_address_domain","_build_address_domain","gdw_send_frame_lib.py",113,138,false,"        return bytes([byte1, byte2, byte3, rate_bytes[0], rate_bytes[1], byte6])

    def _build_address_domain(self,
                              comm_module_flag: int,
                              relay_level: int,
                              src_addr: str,
                              dst_addr: str,
                              relay_addrs: List[str]) -> bytes:
        """"""组装地址域A（BCD编码）

        通信模块标识=0时: 无地址域
        通信模块标识=1时: 源地址A1(6B) + 中继地址A2(6B×中继级别) + 目的地址A3(6B)
        """"""
        if comm_module_flag == 0:
            return b''

        addr = b''
        addr += self._bcd_encode(src_addr, 6)

        # 中继地址: 根据中继级别，取前relay_level个
        for i in range(relay_level):
            if i < len(relay_addrs):
                addr += self._bcd_encode(relay_addrs[i], 6)
            else:
                addr += b'\x00' * 6  # 不足补零

        addr += self._bcd_encode(dst_addr, 6)
        return addr

    @staticmethod",""
"Function:gdw_send_frame_lib.py:GDWFrameGenerator._bcd_encode","_bcd_encode","gdw_send_frame_lib.py",141,170,false,"
    @staticmethod
    def _bcd_encode(addr_str: str, length: int) -> bytes:
        """"""将十进制地址字符串编码为BCD字节

        Args:
            addr_str: 如 ""123456789012""
            length: 目标字节数
        """"""
        addr_str = addr_str.strip()
        if not addr_str:
            return b'\x00' * length

        # 只保留数字
        digits = ''.join(c for c in addr_str if c.isdigit())
        # 补齐到偶数位
        if len(digits) % 2 == 1:
            digits = '0' + digits

        result = bytearray()
        for i in range(0, len(digits), 2):
            high = int(digits[i])
            low = int(digits[i + 1])
            result.append((high << 4) | low)

        # 截断或补齐
        if len(result) < length:
            result.extend(b'\x00' * (length - len(result)))
        elif len(result) > length:
            result = result[:length]

        return bytes(result)

    def _build_application_data(self, afn: int, fn: int,",""
"Function:gdw_send_frame_lib.py:GDWFrameGenerator._build_application_data","_build_application_data","gdw_send_frame_lib.py",172,184,false,"        return bytes(result)

    def _build_application_data(self, afn: int, fn: int,
                                field_values: Dict[str, Any]) -> bytes:
        """"""组装应用数据域: AFN(已在外层) + DT(已在外层) + 数据单元""""""
        schema = GDW_AFNFN_SCHEMA.get((afn, fn))
        if not schema:
            return b''

        fields = schema.get(""fields"", [])
        if not fields:
            return b''

        # 复用南网引擎的字段打包逻辑（内联简化版）
        return self._pack_fields(fields, field_values)

    def _pack_fields(self, fields: List[Dict[str, Any]],",""
"Function:gdw_send_frame_lib.py:GDWFrameGenerator._pack_fields","_pack_fields","gdw_send_frame_lib.py",186,212,false,"        return self._pack_fields(fields, field_values)

    def _pack_fields(self, fields: List[Dict[str, Any]],
                     values: Dict[str, Any]) -> bytes:
        """"""按Schema打包字段（兼容南网字段类型）""""""
        # 预处理: 计算count_field和length_field引用
        processed = dict(values)
        for field in fields:
            name = field[""name""]
            if field.get(""type"") == ""list"" and ""count_field"" in field:
                ref = field[""count_field""]
                items = processed.get(name, [])
                processed[ref] = len(items) if isinstance(items, list) else 0
            if ""length_field"" in field:
                ref = field[""length_field""]
                val = processed.get(name)
                if val is not None:
                    raw = self._to_raw_bytes(field, val)
                    processed[ref] = len(raw) + field.get(""length_offset"", 0)

        # 按顺序打包
        result = b""""
        for field in fields:
            name = field[""name""]
            val = processed.get(name)
            if val is None and field.get(""optional"", False):
                continue
            result += self._pack_field(field, val)
        return result

    def _pack_field(self, field: Dict[str, Any], value: Any) -> bytes:",""
"Function:gdw_send_frame_lib.py:GDWFrameGenerator._pack_field","_pack_field","gdw_send_frame_lib.py",214,278,false,"        return result

    def _pack_field(self, field: Dict[str, Any], value: Any) -> bytes:
        """"""打包单个字段""""""
        if value is None:
            return b""""

        ftype = field[""type""]

        if ftype in (""uint8"", ""enum""):
            return struct.pack(""B"", int(value))
        elif ftype == ""uint16"":
            endian = field.get(""endian"", ""little"")
            fmt = "">H"" if endian == ""big"" else ""<H""
            return struct.pack(fmt, int(value))
        elif ftype == ""uint32"":
            endian = field.get(""endian"", ""little"")
            fmt = "">I"" if endian == ""big"" else ""<I""
            return struct.pack(fmt, int(value))
        elif ftype == ""bytes"":
            if isinstance(value, str):
                value = bytes.fromhex(value.replace("" "", """"))
            if field.get(""reverse""):
                value = value[::-1]
            if ""length"" in field:
                length = field[""length""]
                if len(value) < length:
                    value = value + b""\x00"" * (length - len(value))
                elif len(value) > length:
                    value = value[:length]
            return value
        elif ftype == ""ascii"":
            data = value.encode(""ascii"", errors=""ignore"")
            length = field.get(""length"")
            if length:
                data = data[:length].ljust(length, b""\x00"")
            return data
        elif ftype == ""bcd"":
            if isinstance(value, str):
                data = bytes.fromhex(value.replace("" "", """"))
            else:
                data = bytes(value)
            length = field.get(""length"")
            if length:
                if len(data) < length:
                    data = data + b""\x00"" * (length - len(data))
                elif len(data) > length:
                    data = data[:length]
            return data
        elif ftype == ""list"":
            item_fields = field[""item_fields""]
            items = value if isinstance(value, list) else []
            data = b""""
            if ""count_type"" in field:
                ct = field[""count_type""]
                if ct == ""uint8"":
                    data += struct.pack(""B"", len(items))
                elif ct == ""uint16"":
                    data += struct.pack("">H"", len(items))
            for item in items:
                for item_field in item_fields:
                    iname = item_field[""name""]
                    ival = item.get(iname, item_field.get(""default""))
                    data += self._pack_field(item_field, ival)
            return data
        else:
            raise ValueError(f""不支持的字段类型: {ftype}"")

    def _to_raw_bytes(self, field: Dict[str, Any], value: Any) -> bytes:",""
"Function:gdw_send_frame_lib.py:GDWFrameGenerator._to_raw_bytes","_to_raw_bytes","gdw_send_frame_lib.py",280,298,false,"            raise ValueError(f""不支持的字段类型: {ftype}"")

    def _to_raw_bytes(self, field: Dict[str, Any], value: Any) -> bytes:
        """"""计算字段原始字节长度""""""
        if value is None:
            return b""""
        ftype = field[""type""]
        if ftype == ""bytes"":
            if isinstance(value, str):
                value = bytes.fromhex(value.replace("" "", """"))
            if field.get(""reverse""):
                value = value[::-1]
            return value
        elif ftype == ""ascii"":
            return value.encode(""ascii"", errors=""ignore"")
        elif ftype == ""bcd"":
            if isinstance(value, str):
                return bytes.fromhex(value.replace("" "", """"))
            return bytes(value)
        else:
            return self._pack_field(field, value)

    @staticmethod",""
"Function:gdw_send_frame_lib.py:GDWFrameGenerator._fn_to_dt","_fn_to_dt","gdw_send_frame_lib.py",301,307,false,"
    @staticmethod
    def _fn_to_dt(fn: int) -> bytes:
        """"""将Fn转换为DT (DT1 + DT2)""""""
        if fn < 1 or fn > 248:
            raise ValueError(f""Fn必须在1~248之间: {fn}"")
        dt2 = (fn - 1) // 8
        dt1 = 1 << ((fn - 1) % 8)
        return bytes([dt1, dt2])

    def get_supported_afn_fn(self) -> List[Tuple[int, int, str]]:",""
"Function:gdw_send_frame_lib.py:GDWFrameGenerator.get_supported_afn_fn","get_supported_afn_fn","gdw_send_frame_lib.py",309,317,true,"        return bytes([dt1, dt2])

    def get_supported_afn_fn(self) -> List[Tuple[int, int, str]]:
        """"""返回所有支持的(AFN, Fn, 名称)列表""""""
        result = []
        for (afn, fn), schema in sorted(GDW_AFNFN_SCHEMA.items()):
            name = schema.get(""name"", """")
            direction = schema.get(""direction"", ""both"")
            if direction == ""down"" or direction == ""both"":
                result.append((afn, fn, name))
        return result

    def get_schema(self, afn: int, fn: int) -> Optional[Dict[str, Any]]:",""
"Function:gdw_send_frame_lib.py:GDWFrameGenerator.get_schema","get_schema","gdw_send_frame_lib.py",319,321,true,"        return result

    def get_schema(self, afn: int, fn: int) -> Optional[Dict[str, Any]]:
        """"""获取指定AFN+Fn的Schema""""""
        return GDW_AFNFN_SCHEMA.get((afn, fn))

    def generate_data(self, afn: int, fn: int,",""
"Function:gdw_send_frame_lib.py:GDWFrameGenerator.generate_data","generate_data","gdw_send_frame_lib.py",323,326,true,"        return GDW_AFNFN_SCHEMA.get((afn, fn))

    def generate_data(self, afn: int, fn: int,
                      field_values: Dict[str, Any]) -> bytes:
        """"""仅生成数据单元字节（用于测试）""""""
        return self._build_application_data(afn, fn, field_values)

",""
"Function:gdw_afn_lookup.py:GDWAFNLookup.__init__","__init__","gdw_afn_lookup.py",12,15,false,"    """"""国网协议 AFN+Fn 组合查询管理器""""""

    def __init__(self):
        self.parser = GDW10376Parser()
        self._data: List[Tuple] = []
        self._build_data_list()

    def _build_data_list(self):",""
"Function:gdw_afn_lookup.py:GDWAFNLookup._build_data_list","_build_data_list","gdw_afn_lookup.py",17,21,false,"        self._build_data_list()

    def _build_data_list(self):
        """"""构建用于显示的数据列表""""""
        self._data = []
        for afn, afn_name, fn, fn_name in self.parser.get_afn_fn_list():
            self._data.append((afn, afn_name, fn, fn_name))

    def search(self, keyword: str) -> List[Tuple]:",""
"Function:gdw_afn_lookup.py:GDWAFNLookup.search","search","gdw_afn_lookup.py",23,25,true,"            self._data.append((afn, afn_name, fn, fn_name))

    def search(self, keyword: str) -> List[Tuple]:
        """"""根据关键词搜索 AFN+Fn 组合""""""
        return self.parser.search_afn_fn(keyword)

    @property",""
"Function:gdw_afn_lookup.py:GDWAFNLookup.data","data","gdw_afn_lookup.py",28,30,true,"
    @property
    def data(self) -> List[Tuple]:
        """"""获取所有 AFN+Fn 数据""""""
        return self._data

",""
"Function:gdw_afn_lookup.py:get_gdw_afn_lookup","get_gdw_afn_lookup","gdw_afn_lookup.py",33,35,true,"

def get_gdw_afn_lookup() -> GDWAFNLookup:
    """"""获取国网协议 AFN 查询器实例""""""
    return GDWAFNLookup()
",""
"Function:gdw10376_tool.py:GDWControlField.__init__","__init__","gdw10376_tool.py",18,21,false,"    ]

    def __init__(self, comm_type=0, prm=0, dir=0) -> None:
        self.comm_type = comm_type
        self.prm = prm
        self.dir = dir

    def to_byte(self) -> int:",""
"Function:gdw10376_tool.py:GDWControlField.to_byte","to_byte","gdw10376_tool.py",23,25,true,"        self.dir = dir

    def to_byte(self) -> int:
        """"""将控制域转换为单字节整数值""""""
        return (self.dir << 7) | (self.prm << 6) | (self.comm_type & 0x3F)

    @classmethod",""
"Function:gdw10376_tool.py:GDWControlField.from_byte","from_byte","gdw10376_tool.py",28,34,true,"
    @classmethod
    def from_byte(cls, byte_val: int) -> ""GDWControlField"":
        """"""从单字节整数值解析控制域""""""
        return cls(
            comm_type=byte_val & 0x3F,
            prm=(byte_val >> 6) & 0x01,
            dir=(byte_val >> 7) & 0x01,
        )

",""
"Function:gdw10376_tool.py:GDWFrame.__post_init__","__post_init__","gdw10376_tool.py",89,91,false,"    end_char: int = 0x16

    def __post_init__(self):
        if self.control is None:
            self.control = GDWControlField()

    def calculate_checksum(self, data: bytes) -> int:",""
"Function:gdw10376_tool.py:GDWFrame.calculate_checksum","calculate_checksum","gdw10376_tool.py",93,95,true,"            self.control = GDWControlField()

    def calculate_checksum(self, data: bytes) -> int:
        """"""计算校验和 - 控制域和用户数据区所有字节的八位位组算术和""""""
        return sum(data) & 0xFF

    def frame_pack(self) -> bytes:",""
"Function:gdw10376_tool.py:GDWFrame.frame_pack","frame_pack","gdw10376_tool.py",97,121,true,"        return sum(data) & 0xFF

    def frame_pack(self) -> bytes:
        """"""组帧功能实现""""""
        # 构建用户数据区 = 信息域 + 地址域 + 应用数据域
        user_data = bytearray()
        user_data.extend(self.info_domain)
        user_data.extend(self.address)
        user_data.append(self.afn)
        user_data.extend(self.dt)
        user_data.extend(self.data)

        # 计算长度 L = 用户数据长度 + 6 (起始字符1 + 长度2 + 控制域1 + 校验和1 + 结束字符1)
        self.length = len(user_data) + 6

        # 构建完整帧
        packed_frame = bytearray()
        packed_frame.append(self.start_char)
        packed_frame.extend(self.length.to_bytes(2, 'little'))  # 长度L为2字节，小端序
        packed_frame.append(self.control.to_byte())
        packed_frame.extend(user_data)

        # 计算校验和: 控制域 + 用户数据区
        self.cs = self.calculate_checksum(packed_frame[3:])
        packed_frame.append(self.cs)
        packed_frame.append(self.end_char)
        return bytes(packed_frame)
",""
"Function:gdw10376_parser.py:GDW10376Parser.__init__","__init__","gdw10376_parser.py",137,146,false,"    }

    def __init__(self, custom_config_path: str = ""gdw_custom_afn.json""):
        """"""初始化解析器，加载自定义AFN+Fn定义

        Args:
            custom_config_path: 自定义AFN+Fn配置文件路径
        """"""
        self._custom_afn_map: Dict[int, str] = {}
        self._custom_fn_map: Dict[int, Dict[int, str]] = {}
        self._custom_config_path = custom_config_path
        self._load_custom_config()

    def _load_custom_config(self):
",""
"Function:gdw10376_parser.py:GDW10376Parser._load_custom_config","_load_custom_config","gdw10376_parser.py",148,176,false,"        self._load_custom_config()

    def _load_custom_config(self):
        """"""从JSON文件加载自定义AFN+Fn定义""""""
        if not os.path.exists(self._custom_config_path):
            return
        try:
            with open(self._custom_config_path, 'r', encoding='utf-8') as f:
                data = json.load(f)
            # Load custom AFN names
            for afn_hex, name in data.get(""afn_map"", {}).items():
                try:
                    afn = int(afn_hex, 16) if isinstance(afn_hex, str) and not afn_hex.isdigit() else int(afn_hex)
                    self._custom_afn_map[afn] = name
                except (ValueError, TypeError):
                    continue
            # Load custom Fn names
            for afn_hex, fn_dict in data.get(""fn_map"", {}).items():
                try:
                    afn = int(afn_hex, 16) if isinstance(afn_hex, str) and not afn_hex.isdigit() else int(afn_hex)
                    self._custom_fn_map[afn] = {}
                    for fn_str, name in fn_dict.items():
                        try:
                            fn = int(fn_str)
                            self._custom_fn_map[afn][fn] = name
                        except (ValueError, TypeError):
                            continue
                except (ValueError, TypeError):
                    continue
        except (json.JSONDecodeError, OSError):
            pass

    def get_afn_name(self, afn: int) -> str:
",""
"Function:gdw10376_parser.py:GDW10376Parser.get_afn_name","get_afn_name","gdw10376_parser.py",178,180,true,"            pass

    def get_afn_name(self, afn: int) -> str:
        """"""获取AFN名称（优先自定义，其次标准）""""""
        return self._custom_afn_map.get(afn, self.AFN_MAP.get(afn, f""未知({afn:02X})""))

    def get_fn_name(self, afn: int, fn: int) -> str:
",""
"Function:gdw10376_parser.py:GDW10376Parser.get_fn_name","get_fn_name","gdw10376_parser.py",182,187,true,"        return self._custom_afn_map.get(afn, self.AFN_MAP.get(afn, f""未知({afn:02X})""))

    def get_fn_name(self, afn: int, fn: int) -> str:
        """"""获取Fn名称（优先自定义，其次标准）""""""
        custom_fn = self._custom_fn_map.get(afn, {}).get(fn)
        if custom_fn:
            return custom_fn
        return self.FN_MAP.get(afn, {}).get(fn, f""F{fn}"")

    def add_custom_afn(self, afn: int, name: str):
",""
"Function:gdw10376_parser.py:GDW10376Parser.add_custom_afn","add_custom_afn","gdw10376_parser.py",189,192,true,"        return self.FN_MAP.get(afn, {}).get(fn, f""F{fn}"")

    def add_custom_afn(self, afn: int, name: str):
        """"""添加自定义AFN名称""""""
        self._custom_afn_map[afn] = name
        self._save_custom_config()

    def add_custom_fn(self, afn: int, fn: int, name: str):
",""
"Function:gdw10376_parser.py:GDW10376Parser.add_custom_fn","add_custom_fn","gdw10376_parser.py",194,199,true,"        self._save_custom_config()

    def add_custom_fn(self, afn: int, fn: int, name: str):
        """"""添加自定义Fn名称""""""
        if afn not in self._custom_fn_map:
            self._custom_fn_map[afn] = {}
        self._custom_fn_map[afn][fn] = name
        self._save_custom_config()

    def remove_custom_afn(self, afn: int):
",""
"Function:gdw10376_parser.py:GDW10376Parser.remove_custom_afn","remove_custom_afn","gdw10376_parser.py",201,205,true,"        self._save_custom_config()

    def remove_custom_afn(self, afn: int):
        """"""删除自定义AFN""""""
        if afn in self._custom_afn_map:
            del self._custom_afn_map[afn]
        self._save_custom_config()

    def remove_custom_fn(self, afn: int, fn: int):
",""
"Function:gdw10376_parser.py:GDW10376Parser.remove_custom_fn","remove_custom_fn","gdw10376_parser.py",207,213,true,"        self._save_custom_config()

    def remove_custom_fn(self, afn: int, fn: int):
        """"""删除自定义Fn""""""
        if afn in self._custom_fn_map and fn in self._custom_fn_map[afn]:
            del self._custom_fn_map[afn][fn]
            if not self._custom_fn_map[afn]:
                del self._custom_fn_map[afn]
        self._save_custom_config()

    def _save_custom_config(self):
",""
"Function:gdw10376_parser.py:GDW10376Parser._save_custom_config","_save_custom_config","gdw10376_parser.py",215,225,false,"        self._save_custom_config()

    def _save_custom_config(self):
        """"""保存自定义AFN+Fn定义到JSON文件""""""
        data = {
            ""afn_map"": {f""{afn:02X}"": name for afn, name in self._custom_afn_map.items()},
            ""fn_map"": {f""{afn:02X}"": {str(fn): name for fn, name in fn_dict.items()} for afn, fn_dict in self._custom_fn_map.items()}
        }
        try:
            with open(self._custom_config_path, 'w', encoding='utf-8') as f:
                json.dump(data, f, ensure_ascii=False, indent=2)
        except OSError:
            pass

    def get_custom_entries(self) -> List[Tuple[int, str, int, str]]:
",""
"Function:gdw10376_parser.py:GDW10376Parser.get_custom_entries","get_custom_entries","gdw10376_parser.py",227,234,true,"            pass

    def get_custom_entries(self) -> List[Tuple[int, str, int, str]]:
        """"""获取所有自定义AFN+Fn条目""""""
        result = []
        for afn, fn_dict in self._custom_fn_map.items():
            afn_name = self._custom_afn_map.get(afn, self.AFN_MAP.get(afn, f""未知({afn:02X})""))
            for fn, fn_name in fn_dict.items():
                result.append((afn, afn_name, fn, fn_name))
        return result

    def parse_to_table(self, frame_bytes: bytes) -> list:
",""
"Function:gdw10376_parser.py:GDW10376Parser.parse_to_table","parse_to_table","gdw10376_parser.py",236,612,true,"        return result

    def parse_to_table(self, frame_bytes: bytes) -> list:
        """"""解析为表格数据格式

        返回：[(字段名，原始值，解析值，说明, byte_start, byte_end), ...]
        """"""
        table_data = []
        frame_len = len(frame_bytes)

        if frame_len < 8:
            table_data.append((""错误"", ""-"", ""-"", ""帧长度过短，至少8字节"", None, None))
            return table_data

        offset = 0

        # 1. 起始字符 68H
        start_char = frame_bytes[offset]
        start_valid = start_char == 0x68
        table_data.append((
            ""起始字符"",
            f""0x{start_char:02X}"",
            ""68H"" if start_valid else ""错误"",
            ""帧起始标志"" if start_valid else f""期望68H，实际0x{start_char:02X}"",
            offset, offset
        ))
        offset += 1

        # 2. 长度域 L (2字节，小端序)
        if offset + 1 < frame_len:
            length_val = int.from_bytes(frame_bytes[offset:offset+2], 'little')
            table_data.append((
                ""长度域"",
                f""0x{frame_bytes[offset]:02X} {frame_bytes[offset+1]:02X}"",
                str(length_val),
                f""用户数据长度={length_val-6}字节，小端序，2字节"",
                offset, offset + 1
            ))
            offset += 2
        else:
            table_data.append((""长度域"", ""-"", ""-"", ""帧长度不足"", offset, offset + 1))
            return table_data

        # 3. 控制域 C (1字节)
        if offset < frame_len:
            ctrl_byte = frame_bytes[offset]
            ctrl = GDWControlField.from_byte(ctrl_byte)
            ctrl_bits = f""{ctrl_byte:08b}""
            table_data.append((
                ""控制域"",
                f""0x{ctrl_byte:02X}"",
                """",
                """",
                offset, offset
            ))
            table_data.append((
                ""  D7 传输方向(DIR)"",
                ctrl_bits[0],
                str(ctrl.dir),
                DIR_MAP.get(ctrl.dir, ""未知""),
                offset, offset
            ))
            table_data.append((
                ""  D6 启动标志(PRM)"",
                ctrl_bits[1],
                str(ctrl.prm),
                PRM_MAP.get(ctrl.prm, ""未知""),
                offset, offset
            ))
            comm_type_name = COMM_TYPE_MAP.get(ctrl.comm_type, f""未知({ctrl.comm_type})"")
            table_data.append((
                ""  D5~D0 通信方式"",
                f""{ctrl_bits[2:8]}({ctrl.comm_type})"",
                str(ctrl.comm_type),
                comm_type_name,
                offset, offset
            ))
            offset += 1
        else:
            table_data.append((""控制域"", ""-"", ""-"", ""帧长度不足"", offset, offset))
            return table_data

        # 计算用户数据区长度和校验和位置
        user_data_len = length_val - 6
        cs_pos = 4 + user_data_len  # 校验和在用户数据区之后(起始1+长度2+控制1+用户数据user_data_len)
        end_pos = cs_pos + 1

        # 校验长度是否合理
        if length_val > frame_len:
            table_data.append((""错误"", ""-"", ""-"", f""长度域指示帧总长{length_val}，实际仅{frame_len}字节"", None, None))

        # 4. 信息域 R
        # 根据DIR判断上下行
        dir_val = ctrl.dir if 'ctrl' in dir() else 0
        # 重新获取dir（避免局部变量问题）
        dir_val = ctrl.dir

        info_domain_len = 6  # 上下行信息域均为6字节（下行:表4，上行:表5）
        info_end = min(offset + info_domain_len, frame_len)
        actual_info_len = info_end - offset

        if actual_info_len > 0:
            info_bytes = frame_bytes[offset:info_end]
            table_data.append((
                ""信息域"",
                ' '.join(f'{b:02X}' for b in info_bytes),
                """",
                f""{'下行' if dir_val == 0 else '上行'}报文信息域，{actual_info_len}字节"",
                offset, info_end - 1
            ))

            # 解析信息域内容
            if dir_val == 0 and actual_info_len >= 5:
                # 下行信息域
                b0 = info_bytes[0]
                b0_bits = f""{b0:08b}""
                route_flag = b0 & 0x01
                sub_node_flag = (b0 >> 1) & 0x01
                comm_module_flag = (b0 >> 2) & 0x01
                conflict_detect = (b0 >> 3) & 0x01
                relay_level = (b0 >> 4) & 0x0F

                table_data.append((""  D0 路由标识"", b0_bits[7], str(route_flag), ""0=带路由/路由模式, 1=不带路由/旁路模式"", offset, offset))
                table_data.append((""  D1 附属节点标识"", b0_bits[6], str(sub_node_flag), ""0=无附加节点, 1=有附加节点"", offset, offset))
                table_data.append((""  D2 通信模块标识"", b0_bits[5], str(comm_module_flag), ""0=对主节点操作, 1=对从节点操作"", offset, offset))
                table_data.append((""  D3 冲突检测"", b0_bits[4], str(conflict_detect), ""0=不进行, 1=要进行"", offset, offset))
                table_data.append((""  D4~D7 中继级别"", f""{b0_bits[0:4]}({relay_level})"", str(relay_level), ""0~15，0表示无中继"", offset, offset))

                if actual_info_len >= 2:
                    b1 = info_bytes[1]
                    b1_bits = f""{b1:08b}""
                    channel_id = b1 & 0x1F
                    fec_flag = (b1 >> 5) & 0x07
                    table_data.append((""  D0~D4 信道标
... [truncated]",""
"Function:gdw10376_parser.py:GDW10376Parser._dt_to_fn","_dt_to_fn","gdw10376_parser.py",614,625,false,"        return table_data

    def _dt_to_fn(self, dt1: int, dt2: int) -> List[int]:
        """"""将DT1和DT2转换为Fn列表

        DT2是信息类组(0~31)，DT1的每一位对应一个Fn。
        D0~D7对应F(DT2*8+1)~F(DT2*8+8)
        """"""
        fn_list = []
        base = dt2 * 8
        for i in range(8):
            if dt1 & (1 << i):
                fn_list.append(base + i + 1)
        return fn_list

    def _format_addr(self, addr_bytes: bytes) -> str:
",""
"Function:gdw10376_parser.py:GDW10376Parser._format_addr","_format_addr","gdw10376_parser.py",627,633,false,"        return fn_list

    def _format_addr(self, addr_bytes: bytes) -> str:
        """"""将地址字节格式化为逆序的十六进制字符串

        国网协议地址域采用低字节在前存储，显示时按字节逆序
        例如: [0x12, 0x34, 0x56, 0x78, 0x9A, 0xBC] -> 'BC9A78563412'
        """"""
        return ''.join(f'{b:02X}' for b in reversed(addr_bytes))

    def _parse_slave_node_info_2byte(self, info_bytes: bytes, prefix: str = """") -> List[Tuple[str, str, str, str, int, int]]:
",""
"Function:gdw10376_parser.py:GDW10376Parser._parse_slave_node_info_2byte","_parse_slave_node_info_2byte","gdw10376_parser.py",635,660,false,"        return ''.join(f'{b:02X}' for b in reversed(addr_bytes))

    def _parse_slave_node_info_2byte(self, info_bytes: bytes, prefix: str = """") -> List[Tuple[str, str, str, str, int, int]]:
        """"""解析2字节从节点信息格式（表78/80/85/87/101）
        
        返回: [(字段名, 原始值, 解析值, 说明, byte_start, byte_end), ...]
        """"""
        results = []
        b0, b1 = info_bytes[0], info_bytes[1]
        relay_level = b0 & 0x0F
        signal_quality = (b0 >> 4) & 0x0F
        phase_bits = b1 & 0x07
        proto_type = (b1 >> 3) & 0x07
        
        phases = []
        if phase_bits & 0x01: phases.append(""A相"")
        if phase_bits & 0x02: phases.append(""B相"")
        if phase_bits & 0x04: phases.append(""C相"")
        phase_str = "","".join(phases) if phases else ""无""
        
        proto_map = {0: ""透明传输"", 1: ""DL/T 645-1997"", 2: ""DL/T 645-2007"", 3: ""DL/T 698.45""}
        proto_str = proto_map.get(proto_type, f""保留({proto_type})"")
        
        results.append((f""{prefix}中继级别"", f""0x{b0:02X}"", str(relay_level), ""0~15, 0=无中继"", 0, 0))
        results.append((f""{prefix}侦听信号品质"", f""0x{b0:02X}"", str(signal_quality), ""0~15"", 0, 0))
        results.append((f""{prefix}相位"", f""0x{b1:02X}"", phase_str, f""D8~D10=相位, 0x{b1:02X}"", 1, 1))
        results.append((f""{prefix}通信协议类型"", f""0x{b1:02X}"", proto_str, f""D11~D13, 0x{proto_type:02X}"", 1, 1))
        return results

    def _parse_topology_info_5byte(self, topo_bytes: bytes, is_dual_mode: bool = True, prefix: str = """") -> List[Tuple[str, str, str, str, int, int]]:
",""
"Function:gdw10376_parser.py:GDW10376Parser._parse_topology_info_5byte","_parse_topology_info_5byte","gdw10376_parser.py",662,698,false,"        return results

    def _parse_topology_info_5byte(self, topo_bytes: bytes, is_dual_mode: bool = True, prefix: str = """") -> List[Tuple[str, str, str, str, int, int]]:
        """"""解析5字节网络拓扑信息格式（表92/94）
        
        is_dual_mode: True=双模拓扑(F20), False=单模拓扑(F21)
        返回: [(字段名, 原始值, 解析值, 说明, byte_start, byte_end), ...]
        """"""
        results = []
        node_id = int.from_bytes(topo_bytes[0:2], 'little') & 0x0FFF
        module_type = (topo_bytes[1] >> 4) & 0x0F
        proxy_id = int.from_bytes(topo_bytes[2:4], 'little') & 0x0FFF
        info_byte = topo_bytes[4]
        
        if is_dual_mode:
            mod_map = {0: ""高速载波单模"", 1: ""高速载波+无线双模"", 2: ""无线单模""}
        else:
            mod_map = {}
        
        results.append((f""{prefix}节点标识(TEI)"", f""0x{topo_bytes[0]:02X}{topo_bytes[1]:02X}"", str(node_id), ""D0~D11"", 0, 1))
        if is_dual_mode:
            results.append((f""{prefix}模块类型"", f""0x{module_type:02X}"", mod_map.get(module_type, f""保留({module_type})""), ""D12~D15"", 1, 1))
        results.append((f""{prefix}代理节点标识(TEI)"", f""0x{topo_bytes[2]:02X}{topo_bytes[3]:02X}"", str(proxy_id), """", 2, 3))
        
        node_level = info_byte & 0x0F
        if is_dual_mode:
            role = (info_byte >> 4) & 0x07
            channel = (info_byte >> 7) & 0x01
            role_map = {0x0: ""无效"", 0x1: ""STA(末梢)"", 0x2: ""PCO(代理)"", 0x3: ""保留"", 0x4: ""CCO(主节点)""}
            results.append((f""{prefix}节点层级"", f""0x{info_byte:02X}"", str(node_level), ""D0~D3"", 4, 4))
            results.append((f""{prefix}节点角色"", f""0x{info_byte:02X}"", role_map.get(role, f""保留({role})""), ""D4~D6"", 4, 4))
            results.append((f""{prefix}网络信道"", f""0x{info_byte:02X}"", ""无线"" if channel else ""载波"", ""D7: 0=载波,1=无线"", 4, 4))
        else:
            role = (info_byte >> 4) & 0x0F
            role_map = {0x0: ""无效"", 0x1: ""STA(末梢)"", 0x2: ""PCO(代理)"", 0x3: ""保留"", 0x4: ""CCO(主节点)""}
            results.append((f""{prefix}节点层级"", f""0x{info_byte:02X}"", str(node_level), ""D0~D3"", 4, 4))
            results.append((f""{prefix}节点角色"", f""0x{info_byte:02X}"", role_map.get(role, f""保留({role})""), ""D4~D7"", 4, 4))
        
        return results

    def _parse_data_unit(self, afn: int, fn_list: List[int], data_bytes: bytes, table_data: list, base_offset: int, is_upstream: bool = False):
",""
"Function:gdw10376_parser.py:GDW10376Parser._parse_data_unit","_parse_data_unit","gdw10376_parser.py",700,1764,false,"        return results

    def _parse_data_unit(self, afn: int, fn_list: List[int], data_bytes: bytes, table_data: list, base_offset: int, is_upstream: bool = False):
        """"""根据AFN和Fn解析数据单元内容""""""
        offset = 0
        data_len = len(data_bytes)

        if not fn_list:
            return

        fn = fn_list[0]  # 简化处理，只解析第一个Fn

        # AFN=00H 确认/否认
        if afn == 0x00:
            if fn == 1 and data_len >= 4:  # F1: 确认
                status = data_bytes[0]
                channel_busy = []
                for i in range(7):
                    if status & (1 << i):
                        channel_busy.append(f""信道{i+1}忙"")
                    else:
                        channel_busy.append(f""信道{i+1}闲"")
                cmd_status = ""已处理"" if (status & 0x80) else ""未处理""
                table_data.append((""  命令状态"", f""0x{status:02X}"", cmd_status, ""D7=命令状态"", base_offset, base_offset))
                table_data.append((""  信道状态"", ""-"", "", "".join(channel_busy), ""D0~D6=信道1~7状态"", base_offset, base_offset))
                offset += 1
                if data_len >= 2:
                    err_status = data_bytes[1]
                    table_data.append((""  错误状态字1"", f""0x{err_status:02X}"", str(err_status), """", base_offset + 1, base_offset + 1))
                if data_len >= 4:
                    wait_time = int.from_bytes(data_bytes[2:4], 'little')
                    table_data.append((""  等待执行时间"", f""0x{data_bytes[2]:02X}{data_bytes[3]:02X}"", str(wait_time), ""单位: s"", base_offset + 2, base_offset + 3))

            elif fn == 2 and data_len >= 1:  # F2: 否认
                err = data_bytes[0]
                err_desc = self._get_deny_error_desc(err)
                table_data.append((""  错误状态字"", f""0x{err:02X}"", str(err), err_desc, base_offset, base_offset))

        # AFN=02H 数据转发
        elif afn == 0x02 and fn == 1 and data_len >= 2:
            proto_type = data_bytes[0]
            proto_map = {0x00: ""透明传输"", 0x01: ""DL/T 645-1997"", 0x02: ""DL/T 645-2007"", 0x03: ""DL/T 698.45""}
            msg_len = data_bytes[1]
            table_data.append((""  通信协议类型"", f""0x{proto_type:02X}"", str(proto_type), proto_map.get(proto_type, ""保留""), base_offset, base_offset))
            table_data.append((""  报文长度"", f""0x{msg_len:02X}"", str(msg_len), ""字节"", base_offset + 1, base_offset + 1))
            if data_len >= 2 + msg_len:
                msg_content = data_bytes[2:2+msg_len]
                table_data.append((""  报文内容"", ' '.join(f'{b:02X}' for b in msg_content), f""{msg_len}字节"", ""原始报文数据"", base_offset + 2, base_offset + 1 + msg_len))

        # AFN=03H 查询数据 - 上行响应
        elif afn == 0x03:
            if fn == 1 and data_len >= 9:  # F1: 厂商代码和版本信息
                vendor = bytes(data_bytes[0:2]).decode('ascii', errors='replace')
                chip = bytes(data_bytes[2:4]).decode('ascii', errors='replace')
                year = data_bytes[4]
                month = data_bytes[5]
                day = data_bytes[6]
                ver = int.from_bytes(data_bytes[7:9], 'big')
                table_data.append((""  厂商代码"", f""0x{data_bytes[0]:02X}{data_bytes[1]:02X}"", vendor, ""ASCII"", base_offset, base_offset + 1))
                table_data.append((""  芯片代码"", f""0x{data_bytes[2]:02X}{data_bytes[3]:02X}"", chip, ""ASCII"", base_offset + 2, base_offset + 3))
                table_data.append((""  版本日期"", f""{year:02X}-{month:02X}-{day:02X}"", f""20{year:02X}-{month:02X}-{day:02X}"", ""BCD编码,YYMMDD"", base_offset + 4, base_offset + 6))
                table_data.append((""  版本"", f""0x{data_bytes[7]:02X}{data_bytes[8]:02X}"", f""{ver}"", ""BCD编码"", base_offset + 7, base_offset + 8))

            elif fn == 2 and data_len >= 1:  # F2: 噪声值
                noise = data_bytes[0] & 0x0F
                table_data.append((""  噪声强度"", f""0x{data_bytes[0]:02X}"", str(noise), ""取值0~15"", base_offset, base_offset))

            elif fn == 4 and data_len >= 6:  # F4: 主节点地址
                addr = self._format_addr(data_bytes[0:6])
                table_data.append((""  主节点地址"", addr, addr, ""BCD编码，6字节"", base_offset, base_offset + 5))

            elif fn == 7 and data_len >= 1:  # F7: 读取从节点监控最大超时时间
                timeout = data_bytes[0]
                table_data.append((""  最大超时时间"", f""0x{timeout:02X}"", str(timeout), ""单位: s"", base_offset, base_offset))

            elif fn == 8 and data_len >= 2:  # F8: 查询无线通信参数
                table_data.append((""  无线信道组"", f""0x{data_bytes[0]:02X}"", str(data_bytes[0]), ""0~63"", base_offset, base_offset))
                power_map = {0: ""最高"", 1: ""次高"", 2: ""次低"", 3: ""最低""}
                table_data.append((""  发射功率"", f""0x{data_bytes[1]:02X}"", str(data_bytes[1]), power_map.get(data_bytes[1], ""保留""), base_offset + 1, base_offset + 1))

            elif fn == 16 and data_len >= 1:  # F16: 查询宽带载波通信参数
                band_map = {0: ""1.953~11.96MHz"", 1: ""2.441~5.615MHz"", 2: ""0.781~2.930MHz"", 3: ""1.758~2.930MHz""}
                table_data.append((""  宽带载波频段"", f""0x{data_byt
... [truncated]",""
"Function:gdw10376_parser.py:GDW10376Parser._get_deny_error_desc","_get_deny_error_desc","gdw10376_parser.py",1766,1790,false,"                table_data.append((""  用户数据(HEX)"", hex_str, f""{data_len}字节"", f""AFN={afn:02X}H({afn_name}) {fn_name} - 数据单元按HEX展示"", base_offset, base_offset + data_len - 1))

    def _get_deny_error_desc(self, err: int) -> str:
        """"""获取否认错误状态字说明""""""
        error_map = {
            0: ""通信超时"",
            1: ""无效数据单元"",
            2: ""长度错"",
            3: ""校验错误"",
            4: ""信息类不存在"",
            5: ""格式错误"",
            6: ""表号重复"",
            7: ""表号不存在"",
            8: ""电能表应用层无应答"",
            9: ""主节点忙"",
            10: ""主节点不支持此命令"",
            11: ""从节点不应答"",
            12: ""从节点不在网内"",
            109: ""超过最大并发数"",
            110: ""超过单个帧最大允许的电能表协议报文条数"",
            111: ""正在抄读该表"",
        }
        if 13 <= err <= 108:
            return ""备用""
        if 112 <= err <= 255:
            return ""备用""
        return error_map.get(err, ""未知"")

    def get_afn_fn_list(self) -> List[Tuple[int, str, int, str]]:
",""
"Function:gdw10376_parser.py:GDW10376Parser.get_afn_fn_list","get_afn_fn_list","gdw10376_parser.py",1792,1816,true,"        return error_map.get(err, ""未知"")

    def get_afn_fn_list(self) -> List[Tuple[int, str, int, str]]:
        """"""获取所有AFN+Fn组合列表，用于查询功能（包含自定义条目）

        返回: [(afn, afn_name, fn, fn_name), ...]
        """"""
        # Build merged maps (custom overrides standard)
        merged_afn = dict(self.AFN_MAP)
        merged_afn.update(self._custom_afn_map)
        merged_fn: Dict[int, Dict[int, str]] = {}
        for afn, fn_dict in self.FN_MAP.items():
            merged_fn[afn] = dict(fn_dict)
        for afn, fn_dict in self._custom_fn_map.items():
            if afn not in merged_fn:
                merged_fn[afn] = {}
            merged_fn[afn].update(fn_dict)

        # Collect all AFNs that have either a name or at least one Fn
        all_afns = set(merged_afn.keys()) | set(merged_fn.keys())
        result = []
        for afn in sorted(all_afns):
            afn_name = merged_afn.get(afn, f""扩展AFN({afn:02X}H)"")
            for fn in sorted(merged_fn.get(afn, {}).keys()):
                fn_name = merged_fn[afn][fn]
                result.append((afn, afn_name, fn, fn_name))
        return result

    def search_afn_fn(self, keyword: str) -> List[Tuple[int, str, int, str]]:
",""
"Function:gdw10376_parser.py:GDW10376Parser.search_afn_fn","search_afn_fn","gdw10376_parser.py",1818,1837,true,"        return result

    def search_afn_fn(self, keyword: str) -> List[Tuple[int, str, int, str]]:
        """"""根据关键词搜索AFN+Fn组合

        支持搜索AFN十六进制(如03H)、Fn编号(如F1)、中文关键词
        """"""
        keyword = keyword.strip().upper()
        if not keyword:
            return self.get_afn_fn_list()

        results = []
        for afn, afn_name, fn, fn_name in self.get_afn_fn_list():
            # 构建搜索文本
            afn_hex = f""{afn:02X}H""
            fn_str = f""F{fn}""
            search_text = f""{afn_hex} {afn_name} {fn_str} {fn_name}"".upper()

            if keyword in search_text:
                results.append((afn, afn_name, fn, fn_name))

        return results

    def verify(self, frame_bytes: bytes):
",""
"Function:gdw10376_parser.py:GDW10376Parser.verify","verify","gdw10376_parser.py",1839,1843,true,"        return results

    def verify(self, frame_bytes: bytes):
        """"""验证帧的协议一致性，返回 ValidationResult""""""
        from validator.gdw_validator import GDWValidator
        validator = GDWValidator()
        return validator.verify(frame_bytes)
",""
"Function:gap_analysis.py:find_di_tables","find_di_tables","gap_analysis.py",14,38,true,"
# Find all DI sections with tables
def find_di_tables(text):
    """"""Find DI sections that contain data format tables (indicating they have data content).""""""
    results = {}
    # Pattern: DI header followed by content with table
    pattern = re.compile(
        r'(?:^|\n)(#{1,6}\s+)?(E8\s+[0-9A-Fa-f]{2}\s+[0-9A-Fa-f]{2}\s+[0-9A-Fa-f]{2})[：:\s]+([^\n]+)\n'
        r'(.*?)'
        r'(?=(?:^|\n)(?:#{1,6}\s+)?E8\s+[0-9A-Fa-f]{2}\s+[0-9A-Fa-f]{2}\s+[0-9A-Fa-f]{2}[：:\s]+|\Z)',
        re.DOTALL
    )
    for m in pattern.finditer(text):
        di_str = m.group(2)
        name = m.group(3).strip()
        content = m.group(4)
        has_table = '<table' in content
        has_nodata = '无数据' in content or '无数据标识内容' in content
        di_t = tuple(int(x, 16) for x in di_str.split())
        if di_t not in results:
            results[di_t] = {
                'name': name,
                'has_table': has_table,
                'has_nodata': has_nodata,
                'content_preview': content[:200].replace('\n', ' ')
            }
    return results

doc_analysis = find_di_tables(all_text)",""
"Function:frame_gen_widget.py:CustomFieldTemplate.__init__","__init__","frame_gen_widget.py",34,41,false,"class CustomFieldTemplate:
    """"""通用字段模板项（参考图2模式）""""""
    def __init__(self, name: str = """", length: int = 1, ftype: str = ""uint8"",
                 endian: str = ""big"", display: str = ""hex"", reverse: bool = False):
        self.name = name
        self.length = length
        self.ftype = ftype      # uint8/uint16/uint32/bytes/checksum
        self.endian = endian    # big/little
        self.display = display  # hex/dec
        self.reverse = reverse  # 字节反转（地址类）


",""
"Function:frame_gen_widget.py:FrameGenWidget.__init__","__init__","frame_gen_widget.py",52,68,false,"    test_plan_added = Signal(str, str)

    def __init__(self, parent=None):
        super().__init__(parent)
        # 协议模式: ""south""=南网, ""gdw""=国网
        self.protocol_mode = ""south""
        self.generator = ProtocolFrameGenerator()
        self.parser = ProtocolFrameParser()
        self.gdw_generator = GDWFrameGenerator()
        self.gdw_parser = GDW10376Parser()
        self._field_widgets: Dict[str, Dict[str, Any]] = {}
        self._current_di_key: Tuple[int, int, int, int] = None
        self._current_afn_fn: Tuple[int, int] = None
        self._form_container: QWidget = None
        self._custom_templates: List[CustomFieldTemplate] = []
        self._custom_mode = False
        self._update_timer: QTimer = None
        self.serial_worker = None
        self.setup_ui()

    # ------------------------------------------------------------------
",""
"Function:frame_gen_widget.py:FrameGenWidget.setup_ui","setup_ui","frame_gen_widget.py",73,460,true,"    # UI 构建
    # ------------------------------------------------------------------
    def setup_ui(self):
        main_layout = QHBoxLayout(self)
        main_layout.setSpacing(6)

        splitter = QSplitter(Qt.Horizontal)

        # ================== 左侧面板 ==================
        left_widget = QWidget()
        left_layout = QVBoxLayout(left_widget)
        left_layout.setSpacing(4)

        # ---- 命令选择区（南网DI / 国网AFN+Fn） ----
        self.cmd_select_group = QGroupBox(""DI 选择"")
        cmd_layout = QHBoxLayout(self.cmd_select_group)
        cmd_layout.setContentsMargins(6, 4, 6, 4)
        cmd_layout.setSpacing(6)
        cmd_layout.addWidget(QLabel(""选择命令：""))

        # 南网DI选择
        self.di_combo = QComboBox()
        self.di_combo.setMinimumWidth(360)
        self.di_combo.setEditable(True)
        self.di_combo.setInsertPolicy(QComboBox.InsertPolicy.NoInsert)
        self.di_combo.completer().setCompletionMode(self.di_combo.completer().CompletionMode.PopupCompletion)
        self.di_combo.completer().setFilterMode(Qt.MatchFlag.MatchContains)
        self.di_combo.completer().popup().setStyleSheet(
            ""background-color: #ffffff; color: #000000; selection-background-color: #2196F3; selection-color: #ffffff;""
        )
        self._populate_di_combo()
        self.di_combo.currentIndexChanged.connect(self._on_di_changed)
        cmd_layout.addWidget(self.di_combo)

        # 国网AFN+Fn选择（默认隐藏）
        self.afn_fn_combo = QComboBox()
        self.afn_fn_combo.setMinimumWidth(360)
        self.afn_fn_combo.setEditable(True)
        self.afn_fn_combo.setInsertPolicy(QComboBox.InsertPolicy.NoInsert)
        self.afn_fn_combo.completer().setCompletionMode(self.afn_fn_combo.completer().CompletionMode.PopupCompletion)
        self.afn_fn_combo.completer().setFilterMode(Qt.MatchFlag.MatchContains)
        self.afn_fn_combo.completer().popup().setStyleSheet(
            ""background-color: #ffffff; color: #000000; selection-background-color: #2196F3; selection-color: #ffffff;""
        )
        self._populate_afn_fn_combo()
        self.afn_fn_combo.currentIndexChanged.connect(self._on_afn_fn_changed)
        self.afn_fn_combo.setVisible(False)
        cmd_layout.addWidget(self.afn_fn_combo)

        self.cmd_help_btn = QPushButton(""命令说明"")
        self.cmd_help_btn.setStyleSheet(
            ""QPushButton { background-color: #FF9800; color: white; ""
            ""border-radius: 3px; padding: 2px 10px; font-weight: bold; }""
            ""QPushButton:disabled { background-color: #cccccc; }""
        )
        self.cmd_help_btn.setEnabled(False)
        self.cmd_help_btn.clicked.connect(self._on_cmd_help_clicked)
        cmd_layout.addWidget(self.cmd_help_btn)
        cmd_layout.addStretch()
        left_layout.addWidget(self.cmd_select_group)

        # ---- 帧配置（南网模式） ----
        self.south_config_group = QGroupBox(""帧配置"")
        south_config_layout = QHBoxLayout(self.south_config_group)
        south_config_layout.setContentsMargins(6, 4, 6, 4)
        south_config_layout.setSpacing(6)

        south_config_layout.addWidget(QLabel(""源地址:""))
        self.src_addr_input = QLineEdit(""000000000000"")
        self.src_addr_input.setMaxLength(12)
        south_config_layout.addWidget(self.src_addr_input)

        south_config_layout.addWidget(QLabel(""目的地址:""))
        self.dst_addr_input = QLineEdit(""000000000000"")
        self.dst_addr_input.setMaxLength(12)
        south_config_layout.addWidget(self.dst_addr_input)

        south_config_layout.addWidget(QLabel(""DIR:""))
        self.dir_combo = QComboBox()
        self.dir_combo.addItem(""0-下行(集中器→模块)"", 0)
        self.dir_combo.addItem(""1-上行(模块→集中器)"", 1)
        south_config_layout.addWidget(self.dir_combo)

        south_config_layout.addWidget(QLabel(""PRM:""))
        self.prm_combo = QComboBox()
        self.prm_combo.addItem(""0-从动站"", 0)
        self.prm_combo.addItem(""1-启动站"", 1)
        south_config_layout.addWidget(self.prm_combo)

        south_config_layout.addWidget(QLabel(""ADD:""))
        self.add_combo = QComboBox()
        self.add_combo.addItem(""0-不带地址域"", 0)
        self.add_combo.addItem(""1-带地址域"", 1)
        south_config_layout.addWidget(self.add_combo)

        south_config_layout.addStretch()
        left_layout.addWidget(self.south_config_group)

        # ---- 国网帧配置（信息域R + 地址域A，默认隐藏） ----
        self.gdw_config_group = QGroupBox(""国网帧配置"")
        gdw_config_layout = QVBoxLayout(self.gdw_config_group)
        gdw_config_layout.setContentsMargins(6, 4, 6, 4)
        gdw_config_layout.setSpacing(4)

        # 信息域R配置
        info_layout = QHBoxLayout()
        info_layout.setSpacing(6)
        info_layout.addWidget(QLabel(""通信方式:""))
        self.gdw_comm_type = QComboBox()
        self.gdw_comm_type.addItem(""0-保留"", 0)
        self.gdw_comm_type.addItem(""1-集中式路由载波"", 1)
        self.gdw_comm_type.addItem(""2-分布式路由载波"", 2)
        self.gdw_comm_ty
... [truncated]",""
"Function:frame_gen_widget.py:FrameGenWidget._on_mode_changed","_on_mode_changed","frame_gen_widget.py",465,482,false,"    # 模式切换
    # ------------------------------------------------------------------
    def _on_mode_changed(self, state):
        sender = self.sender()
        if sender == self.mode_predefined_rb and self.mode_predefined_rb.isChecked():
            self.mode_custom_rb.setChecked(False)
            self._custom_mode = False
        elif sender == self.mode_custom_rb and self.mode_custom_rb.isChecked():
            self.mode_predefined_rb.setChecked(False)
            self._custom_mode = True
        else:
            # 确保至少选中一个
            if not self.mode_predefined_rb.isChecked() and not self.mode_custom_rb.isChecked():
                self.mode_predefined_rb.setChecked(True)
                self._custom_mode = False
        # 仅重新构建字段表单区（不清空模式切换控件本身）
        if self.protocol_mode == ""south"":
            self._rebuild_field_form(self._current_di_key)
        else:
            self._rebuild_gdw_field_form(self._current_afn_fn)

    # ------------------------------------------------------------------
",""
"Function:frame_gen_widget.py:FrameGenWidget._populate_di_combo","_populate_di_combo","frame_gen_widget.py",487,497,false,"    # DI 下拉框
    # ------------------------------------------------------------------
    def _populate_di_combo(self):
        self.di_combo.clear()
        self.di_combo.addItem(""-- 请选择DI --"", None)
        for di_key, schema in DI_FIELD_SCHEMA.items():
            direction = schema.get(""direction"", ""both"")
            # 组帧页面只显示下行命令（上行响应帧由解析功能处理）
            if direction != ""down"":
                continue
            name = schema.get(""name"", ""未知"")
            label = f""【下行】 {name}  ({di_key[0]:02X} {di_key[1]:02X} {di_key[2]:02X} {di_key[3]:02X})""
            self.di_combo.addItem(label, di_key)

    def _populate_afn_fn_combo(self):
",""
"Function:frame_gen_widget.py:FrameGenWidget._populate_afn_fn_combo","_populate_afn_fn_combo","frame_gen_widget.py",499,505,false,"            self.di_combo.addItem(label, di_key)

    def _populate_afn_fn_combo(self):
        """"""填充国网AFN+Fn下拉框""""""
        self.afn_fn_combo.clear()
        self.afn_fn_combo.addItem(""-- 请选择AFN+Fn --"", None)
        for afn, fn, name in self.gdw_generator.get_supported_afn_fn():
            label = f""【下行】 {name}  (AFN={afn:02X}H Fn=F{fn})""
            self.afn_fn_combo.addItem(label, (afn, fn))

    def _on_di_changed(self, index: int):
",""
"Function:frame_gen_widget.py:FrameGenWidget._on_di_changed","_on_di_changed","frame_gen_widget.py",507,511,false,"            self.afn_fn_combo.addItem(label, (afn, fn))

    def _on_di_changed(self, index: int):
        di_key = self.di_combo.currentData()
        self._current_di_key = di_key
        self.cmd_help_btn.setEnabled(di_key is not None)
        self._rebuild_form(di_key)

    def _on_afn_fn_changed(self, index: int):
",""
"Function:frame_gen_widget.py:FrameGenWidget._on_afn_fn_changed","_on_afn_fn_changed","frame_gen_widget.py",513,517,false,"        self._rebuild_form(di_key)

    def _on_afn_fn_changed(self, index: int):
        afn_fn = self.afn_fn_combo.currentData()
        self._current_afn_fn = afn_fn
        self.cmd_help_btn.setEnabled(afn_fn is not None)
        self._rebuild_gdw_form(afn_fn)

    def _on_cmd_help_clicked(self):
",""
"Function:frame_gen_widget.py:FrameGenWidget._on_cmd_help_clicked","_on_cmd_help_clicked","frame_gen_widget.py",519,562,false,"        self._rebuild_gdw_form(afn_fn)

    def _on_cmd_help_clicked(self):
        """"""显示命令说明弹窗""""""
        if self.protocol_mode == ""south"":
            if not self._current_di_key:
                return
            schema = DI_FIELD_SCHEMA.get(self._current_di_key)
            if not schema:
                return
            doc = schema.get(""doc"", ""暂无说明"")
            name = schema.get(""name"", ""未知命令"")
        else:
            if not self._current_afn_fn:
                return
            schema = GDW_AFNFN_SCHEMA.get(self._current_afn_fn)
            if not schema:
                return
            doc = schema.get(""doc"", ""暂无说明"")
            name = schema.get(""name"", ""未知命令"")

        dialog = QDialog(self)
        dialog.setWindowTitle(f""命令说明 - {name}"")
        dialog.setMinimumSize(520, 360)
        dialog.setAttribute(Qt.WA_DeleteOnClose)
        layout = QVBoxLayout(dialog)
        layout.setSpacing(10)

        text_edit = QTextEdit()
        text_edit.setReadOnly(True)
        text_edit.setHtml(doc)
        text_edit.setFont(QFont(""Microsoft YaHei"", 10))
        setup_chinese_context_menu(text_edit)
        layout.addWidget(text_edit, 1)

        btn_layout = QHBoxLayout()
        btn_layout.addStretch()
        ok_btn = QPushButton(""确定"")
        ok_btn.setMinimumWidth(80)
        ok_btn.clicked.connect(dialog.accept)
        btn_layout.addWidget(ok_btn)
        btn_layout.addStretch()
        layout.addLayout(btn_layout)

        self._help_dialog = dialog
        dialog.show()

    # ------------------------------------------------------------------
",""
"Function:frame_gen_widget.py:FrameGenWidget._rebuild_form","_rebuild_form","frame_gen_widget.py",567,610,false,"    # 动态表单
    # ------------------------------------------------------------------
    def _rebuild_form(self, di_key: Tuple[int, int, int, int]):
        # 清空旧表单
        while self._form_layout.count():
            item = self._form_layout.takeAt(0)
            w = item.widget()
            if w:
                w.deleteLater()
        self._field_widgets.clear()

        if not di_key:
            self.mode_group.setVisible(True)
            return

        schema = DI_FIELD_SCHEMA.get(di_key)
        if not schema:
            self.mode_group.setVisible(True)
            return

        fields = schema.get(""fields"")
        if fields is not None and len(fields) == 0:
            # 无数据单元：隐藏模式切换，显示提示
            self.mode_group.setVisible(False)
            self._custom_mode = False
            hint = QLabel(""<b>该命令无数据单元，无需添加用户数据</b>"")
            hint.setStyleSheet(""color: #2196F3; font-size: 13px; padding: 20px;"")
            hint.setAlignment(Qt.AlignCenter)
            self._form_layout.addWidget(hint)
            self._schedule_realtime_update()
            return

        # 有数据单元：显示模式切换
        self.mode_group.setVisible(True)

        # 如果没有预定义字段，自动切换到自定义模式
        has_predefined = bool(fields)
        if not has_predefined:
            self.mode_custom_rb.setChecked(True)
            self.mode_predefined_rb.setChecked(False)
            self._custom_mode = True
        elif not self._custom_mode:
            self.mode_predefined_rb.setChecked(True)
            self.mode_custom_rb.setChecked(False)

        self._rebuild_field_form(di_key)

    def _rebuild_gdw_form(self, afn_fn: Tuple[int, int]):
",""
"Function:frame_gen_widget.py:FrameGenWidget._rebuild_gdw_form","_rebuild_gdw_form","frame_gen_widget.py",612,651,false,"        self._rebuild_field_form(di_key)

    def _rebuild_gdw_form(self, afn_fn: Tuple[int, int]):
        """"""重建国网模式表单""""""
        while self._form_layout.count():
            item = self._form_layout.takeAt(0)
            w = item.widget()
            if w:
                w.deleteLater()
        self._field_widgets.clear()

        if not afn_fn:
            self.mode_group.setVisible(True)
            return

        schema = GDW_AFNFN_SCHEMA.get(afn_fn)
        if not schema:
            self.mode_group.setVisible(True)
            return

        fields = schema.get(""fields"")
        if fields is not None and len(fields) == 0:
            self.mode_group.setVisible(False)
            self._custom_mode = False
            hint = QLabel(""<b>该命令无数据单元，无需添加用户数据</b>"")
            hint.setStyleSheet(""color: #2196F3; font-size: 13px; padding: 20px;"")
            hint.setAlignment(Qt.AlignCenter)
            self._form_layout.addWidget(hint)
            self._schedule_realtime_update()
            return

        self.mode_group.setVisible(True)
        has_predefined = bool(fields)
        if not has_predefined:
            self.mode_custom_rb.setChecked(True)
            self.mode_predefined_rb.setChecked(False)
            self._custom_mode = True
        elif not self._custom_mode:
            self.mode_predefined_rb.setChecked(True)
            self.mode_custom_rb.setChecked(False)

        self._rebuild_gdw_field_form(afn_fn)

    def _rebuild_gdw_field_form(self, afn_fn: Tuple[int, int]):
",""
"Function:frame_gen_widget.py:FrameGenWidget._rebuild_gdw_field_form","_rebuild_gdw_field_form","frame_gen_widget.py",653,682,false,"        self._rebuild_gdw_field_form(afn_fn)

    def _rebuild_gdw_field_form(self, afn_fn: Tuple[int, int]):
        """"""仅重建国网字段表单区""""""
        while self._form_layout.count():
            item = self._form_layout.takeAt(0)
            w = item.widget()
            if w:
                w.deleteLater()
        self._field_widgets.clear()

        if not afn_fn:
            return
        schema = GDW_AFNFN_SCHEMA.get(afn_fn)
        if not schema:
            return

        fields = schema.get(""fields"")
        if fields is not None and len(fields) == 0:
            return

        if self._custom_mode:
            self._build_custom_template_ui()
            self._connect_template_signals()
        else:
            for field in schema.get(""fields"", []):
                widget = self._create_field_widget(field)
                if widget:
                    self._form_layout.addWidget(widget)
            self._connect_field_signals()
        self._schedule_realtime_update()
        apply_chinese_context_menus(self._form_container)

    def _on_gdw_comm_module_changed(self, index: int):
",""
"Function:frame_gen_widget.py:FrameGenWidget._on_gdw_comm_module_changed","_on_gdw_comm_module_changed","frame_gen_widget.py",684,687,false,"        apply_chinese_context_menus(self._form_container)

    def _on_gdw_comm_module_changed(self, index: int):
        """"""国网通信模块标识改变：决定是否显示地址域""""""
        # 地址域始终显示，但通信模块标识影响组帧时是否包含地址
        pass

    def _on_gdw_relay_level_changed(self, index: int):
",""
"Function:frame_gen_widget.py:FrameGenWidget._on_gdw_relay_level_changed","_on_gdw_relay_level_changed","frame_gen_widget.py",689,714,false,"        pass

    def _on_gdw_relay_level_changed(self, index: int):
        """"""国网中继级别改变：动态显示中继地址输入框""""""
        level = self.gdw_relay_level.currentData()
        # 清除旧的中继输入框
        while self.gdw_relay_layout.count() > 1:
            item = self.gdw_relay_layout.takeAt(1)
            w = item.widget()
            if w:
                w.deleteLater()
        self.gdw_relay_inputs.clear()

        if level > 0:
            self.gdw_relay_container.setVisible(True)
            for i in range(level):
                lbl = QLabel(f""A2-{i+1}:"")
                edit = QLineEdit(""000000000000"")
                edit.setMaxLength(12)
                edit.setFixedWidth(100)
                edit.textChanged.connect(self._schedule_realtime_update)
                self.gdw_relay_layout.addWidget(lbl)
                self.gdw_relay_layout.addWidget(edit)
                self.gdw_relay_inputs.append(edit)
            self.gdw_relay_layout.addStretch()
            apply_chinese_context_menus(self.gdw_relay_container)
        else:
            self.gdw_relay_container.setVisible(False)

    def _rebuild_field_form(self, di_key: Tuple[int, int, int, int]):
",""
"Function:frame_gen_widget.py:FrameGenWidget._rebuild_field_form","_rebuild_field_form","frame_gen_widget.py",716,747,false,"            self.gdw_relay_container.setVisible(False)

    def _rebuild_field_form(self, di_key: Tuple[int, int, int, int]):
        """"""仅重建字段表单区（模式切换时调用，不清空模式控件）""""""
        # 清空旧表单（保留模式切换控件，因为它们不在 _form_layout 中）
        while self._form_layout.count():
            item = self._form_layout.takeAt(0)
            w = item.widget()
            if w:
                w.deleteLater()
        self._field_widgets.clear()

        if not di_key:
            return

        schema = DI_FIELD_SCHEMA.get(di_key)
        if not schema:
            return

        fields = schema.get(""fields"")
        if fields is not None and len(fields) == 0:
            return

        if self._custom_mode:
            self._build_custom_template_ui()
            self._connect_template_signals()
        else:
            for field in schema.get(""fields"", []):
                widget = self._create_field_widget(field)
                if widget:
                    self._form_layout.addWidget(widget)
            self._connect_field_signals()
        self._schedule_realtime_update()
        apply_chinese_context_menus(self._form_container)

    # ------------------------------------------------------------------
",""
"Function:frame_gen_widget.py:FrameGenWidget._build_custom_template_ui","_build_custom_template_ui","frame_gen_widget.py",752,813,false,"    # 自定义字段模板 UI（参考图2）
    # ------------------------------------------------------------------
    def _build_custom_template_ui(self):
        # ---- 模板表格 ----
        table_group = QGroupBox(""字段模板定义（参考协议文档填写）"")
        table_layout = QVBoxLayout(table_group)
        table_layout.setSpacing(4)
        table_layout.setContentsMargins(8, 8, 8, 8)

        # 说明标签
        hint = QLabel(""添加字段：定义名称、长度、类型、字节序，并在右侧填写字段值。组帧时按顺序打包。"")
        hint.setStyleSheet(""color: #666; font-size: 11px;"")
        table_layout.addWidget(hint)

        self.template_table = QTableWidget()
        self.template_table.setColumnCount(7)
        self.template_table.setHorizontalHeaderLabels([
            ""序号"", ""名称"", ""长度(字节)"", ""数据类型"", ""字节序"", ""显示进制"", ""字段值填充""
        ])
        header = self.template_table.horizontalHeader()
        header.setSectionResizeMode(QHeaderView.ResizeMode.Interactive)
        header.setStretchLastSection(False)
        header.setFixedHeight(22)
        self.template_table.setColumnWidth(0, 45)
        self.template_table.setColumnWidth(1, 120)
        self.template_table.setColumnWidth(2, 70)
        self.template_table.setColumnWidth(3, 90)
        self.template_table.setColumnWidth(4, 70)
        self.template_table.setColumnWidth(5, 70)
        self.template_table.setColumnWidth(6, 160)
        self.template_table.setEditTriggers(QTableWidget.EditTrigger.AllEditTriggers)
        self.template_table.setAlternatingRowColors(True)
        # 紧凑行高，隐藏垂直表头（序号列已自带行号）
        self.template_table.verticalHeader().setVisible(False)
        self.template_table.verticalHeader().setDefaultSectionSize(20)
        self.template_table.setStyleSheet(""QTableWidget::item { padding: 1px 3px; } QComboBox { min-height: 18px; max-height: 22px; padding: 1px 4px; } QLineEdit { min-height: 18px; max-height: 22px; padding: 1px 4px; }"")
        self.template_table.setMinimumHeight(140)
        table_layout.addWidget(self.template_table, 1)

        # 模板操作按钮
        tpl_btn_layout = QHBoxLayout()
        tpl_btn_layout.setSpacing(6)
        add_row_btn = QPushButton(""添加字段"")
        add_row_btn.setStyleSheet(""QPushButton { padding: 2px 10px; }"")
        add_row_btn.clicked.connect(self._add_template_row)
        del_row_btn = QPushButton(""删除选中字段"")
        del_row_btn.setStyleSheet(""QPushButton { padding: 2px 10px; }"")
        del_row_btn.clicked.connect(self._del_template_row)
        load_tpl_btn = QPushButton(""加载默认模板"")
        load_tpl_btn.setStyleSheet(""QPushButton { padding: 2px 10px; }"")
        load_tpl_btn.clicked.connect(self._load_default_template)
        tpl_btn_layout.addWidget(add_row_btn)
        tpl_btn_layout.addWidget(del_row_btn)
        tpl_btn_layout.addWidget(load_tpl_btn)
        tpl_btn_layout.addStretch()
        table_layout.addLayout(tpl_btn_layout)

        self._form_layout.addWidget(table_group, 1)

        # 初始化默认模板（如果空）
        if not self._custom_templates:
            self._load_default_template()
        else:
            self._refresh_template_table()

    def _load_default_template(self):
",""
"Function:frame_gen_widget.py:FrameGenWidget._load_default_template","_load_default_template","frame_gen_widget.py",815,820,false,"            self._refresh_template_table()

    def _load_default_template(self):
        """"""加载默认的通用字段模板""""""
        self._custom_templates = [
            CustomFieldTemplate(""用户数据"", 1, ""bytes"", ""big"", ""hex"", False)
        ]
        self._refresh_template_table()

    def _refresh_template_table(self):
",""
"Function:frame_gen_widget.py:FrameGenWidget._refresh_template_table","_refresh_template_table","frame_gen_widget.py",822,865,false,"        self._refresh_template_table()

    def _refresh_template_table(self):
        """"""刷新模板表格显示""""""
        self.template_table.setRowCount(len(self._custom_templates))
        for row, tpl in enumerate(self._custom_templates):
            self.template_table.setItem(row, 0, QTableWidgetItem(str(row + 1)))
            self.template_table.setItem(row, 1, QTableWidgetItem(tpl.name))
            self.template_table.setItem(row, 2, QTableWidgetItem(str(tpl.length)))

            type_combo = QComboBox()
            type_combo.addItems([""uint8"", ""uint16"", ""uint32"", ""bytes"", ""checksum""])
            type_combo.setCurrentText(tpl.ftype)
            type_combo.setFixedHeight(20)
            self.template_table.setCellWidget(row, 3, type_combo)

            endian_combo = QComboBox()
            endian_combo.addItems([""big"", ""little""])
            endian_combo.setCurrentText(tpl.endian)
            endian_combo.setFixedHeight(20)
            self.template_table.setCellWidget(row, 4, endian_combo)

            display_combo = QComboBox()
            display_combo.addItems([""hex"", ""dec""])
            display_combo.setCurrentText(tpl.display)
            display_combo.setFixedHeight(20)
            self.template_table.setCellWidget(row, 5, display_combo)

            # 字段值输入列
            if tpl.ftype == ""checksum"":
                cs_label = QLabel(""自动计算"")
                cs_label.setStyleSheet(""color: #2196F3; font-size: 11px;"")
                cs_label.setFixedHeight(20)
                cs_label.setAlignment(Qt.AlignCenter)
                self.template_table.setCellWidget(row, 6, cs_label)
            else:
                val_edit = QLineEdit()
                val_edit.setFixedHeight(20)
                if tpl.display == ""hex"":
                    val_edit.setPlaceholderText(""hex"")
                else:
                    val_edit.setPlaceholderText(""decimal"")
                self.template_table.setCellWidget(row, 6, val_edit)
        self._connect_template_signals()
        self._schedule_realtime_update()
        apply_chinese_context_menus(self.template_table)

    def _add_template_row(self):
",""
"Function:frame_gen_widget.py:FrameGenWidget._add_template_row","_add_template_row","frame_gen_widget.py",867,871,false,"        apply_chinese_context_menus(self.template_table)

    def _add_template_row(self):
        """"""添加一行模板字段""""""
        self._sync_templates_from_table()
        self._custom_templates.append(CustomFieldTemplate(""新字段"", 1, ""bytes"", ""big"", ""hex"", False))
        self._refresh_template_table()

    def _del_template_row(self):
",""
"Function:frame_gen_widget.py:FrameGenWidget._del_template_row","_del_template_row","frame_gen_widget.py",873,879,false,"        self._refresh_template_table()

    def _del_template_row(self):
        """"""删除选中的模板字段""""""
        row = self.template_table.currentRow()
        if row >= 0 and row < len(self._custom_templates):
            self._sync_templates_from_table()
            del self._custom_templates[row]
            self._refresh_template_table()

    def _sync_templates_from_table(self):
",""
"Function:frame_gen_widget.py:FrameGenWidget._sync_templates_from_table","_sync_templates_from_table","frame_gen_widget.py",881,901,false,"            self._refresh_template_table()

    def _sync_templates_from_table(self):
        """"""从表格同步模板数据到内存""""""
        new_templates = []
        for row in range(self.template_table.rowCount()):
            name_item = self.template_table.item(row, 1)
            len_item = self.template_table.item(row, 2)
            type_combo = self.template_table.cellWidget(row, 3)
            endian_combo = self.template_table.cellWidget(row, 4)
            display_combo = self.template_table.cellWidget(row, 5)

            name = name_item.text() if name_item else f""字段{row+1}""
            try:
                length = int(len_item.text()) if len_item else 1
            except ValueError:
                length = 1
            ftype = type_combo.currentText() if type_combo else ""bytes""
            endian = endian_combo.currentText() if endian_combo else ""big""
            display = display_combo.currentText() if display_combo else ""hex""

            new_templates.append(CustomFieldTemplate(name, length, ftype, endian, display, False))
        self._custom_templates = new_templates

    # ------------------------------------------------------------------
",""
"Function:frame_gen_widget.py:FrameGenWidget._create_field_widget","_create_field_widget","frame_gen_widget.py",906,1020,false,"    # 预定义字段控件
    # ------------------------------------------------------------------
    def _create_field_widget(self, field: Dict[str, Any]) -> QWidget:
        name = field[""name""]
        ftype = field[""type""]
        desc = field.get(""description"", """")
        default = field.get(""default"")
        optional = field.get(""optional"", False)

        container = QWidget()
        layout = QHBoxLayout(container)
        layout.setContentsMargins(4, 2, 4, 2)

        label_text = name
        if desc:
            label_text += f""  [{desc}]""
        label = QLabel(label_text)
        label.setMinimumWidth(180)
        label.setToolTip(desc)
        layout.addWidget(label)

        if optional:
            cb = QCheckBox(""启用"")
            cb.setChecked(True)
            layout.addWidget(cb)
            self._field_widgets[name] = {""checkbox"": cb, ""widget"": None}
        else:
            self._field_widgets[name] = {""widget"": None}

        if ""sub_fields"" in field:
            sub_container = QWidget()
            sub_layout = QHBoxLayout(sub_container)
            sub_layout.setContentsMargins(0, 0, 0, 0)
            sub_layout.setSpacing(4)
            sub_widgets: Dict[str, Any] = {}
            for sub in field[""sub_fields""]:
                sub_name = sub[""name""]
                sub_type = sub.get(""type"", ""bytes"")
                sub_default = sub.get(""default"")
                sub_desc = sub.get(""description"", """")
                sub_label = QLabel(sub_name)
                sub_label.setStyleSheet(""font-size: 11px; color: #555;"")
                sub_label.setToolTip(sub_desc)
                sub_layout.addWidget(sub_label)
                if sub_type == ""enum"":
                    combo = QComboBox()
                    for val, text in sub.get(""enum_map"", {}).items():
                        combo.addItem(f""{text} (0x{val:02X})"", val)
                    if sub_default is not None:
                        idx = combo.findData(sub_default)
                        if idx >= 0:
                            combo.setCurrentIndex(idx)
                    combo.currentIndexChanged.connect(self._schedule_realtime_update)
                    sub_layout.addWidget(combo)
                    sub_widgets[sub_name] = combo
                elif sub_type in (""uint8"", ""uint16"", ""uint32""):
                    edit = QLineEdit()
                    if sub_default is not None:
                        edit.setText(str(sub_default))
                    edit.setFixedWidth(50)
                    edit.textChanged.connect(self._schedule_realtime_update)
                    sub_layout.addWidget(edit)
                    sub_widgets[sub_name] = edit
                elif sub_type == ""bytes"":
                    edit = QLineEdit()
                    if sub_default is not None:
                        edit.setText(str(sub_default))
                    edit.textChanged.connect(self._schedule_realtime_update)
                    sub_layout.addWidget(edit)
                    sub_widgets[sub_name] = edit
            sub_layout.addStretch()
            layout.addWidget(sub_container)
            self._field_widgets[name][""widget""] = sub_container
            self._field_widgets[name][""sub_widgets""] = sub_widgets

        elif ftype in (""uint8"", ""uint16"", ""uint32""):
            edit = QLineEdit()
            if default is not None:
                edit.setText(str(default))
            layout.addWidget(edit)
            self._field_widgets[name][""widget""] = edit

        elif ftype == ""bytes"":
            edit = QLineEdit()
            if default is not None:
                edit.setText(str(default))
            if field.get(""reverse""):
                edit.setPlaceholderText(""正常顺序hex，自动反转"")
            layout.addWidget(edit)
            self._field_widgets[name][""widget""] = edit

        elif ftype == ""enum"":
            combo = QComboBox()
            enum_map = field.get(""enum_map"", {})
            for val, text in enum_map.items():
                combo.addItem(f""{text}  (0x{val:02X})"", val)
            if default is not None:
                idx = combo.findData(default)
                if idx >= 0:
                    combo.setCurrentIndex(idx)
            layout.addWidget(combo)
            self._field_widgets[name][""widget""] = combo

        elif ftype == ""list"":
            list_widget = self._create_list_widget(field)
            layout.addWidget(list_widget, 1)
            self._field_widgets[name][""widget""] = list_widget

        else:
            edit = QLineEdit()
            if default is not None:
                edit.setText(str(default))
            layout.addWidget(edit)
            self._field_widgets[name][""widget""] = edit

        layout.addStretch()
        return container

    def _create_list_widget(self, field: Dict[str, Any]) -> QWidget:
",""
"Function:frame_gen_widget.py:FrameGenWidget._create_list_widget","_create_list_widget","frame_gen_widget.py",1022,1105,false,"        return container

    def _create_list_widget(self, field: Dict[str, Any]) -> QWidget:
        item_fields = field[""item_fields""]
        container = QWidget()
        layout = QVBoxLayout(container)
        layout.setContentsMargins(0, 0, 0, 0)

        header = QLabel(f""<b>{field['name']}</b>"")
        layout.addWidget(header)

        items_widget = QWidget()
        items_layout = QVBoxLayout(items_widget)
        items_layout.setAlignment(Qt.AlignTop)
        layout.addWidget(items_widget)

        btn_layout = QHBoxLayout()
        add_btn = QPushButton(""添加"")
        del_btn = QPushButton(""删除最后一项"")
        btn_layout.addWidget(add_btn)
        btn_layout.addWidget(del_btn)
        btn_layout.addStretch()
        layout.addLayout(btn_layout)

        container._items_layout = items_layout
        container._items: List[Tuple[QWidget, Dict[str, Any]]] = []
        container._item_fields = item_fields

        def add_item():
            row_widget = QWidget()
            row_layout = QHBoxLayout(row_widget)
            row_layout.setContentsMargins(2, 2, 2, 2)
            item_widgets: Dict[str, Any] = {}
            for item_field in item_fields:
                item_name = item_field[""name""]
                item_type = item_field[""type""]
                lbl = QLabel(item_name)
                lbl.setStyleSheet(""font-size: 11px; color: #555;"")
                row_layout.addWidget(lbl)
                if item_type == ""bytes"":
                    edit = QLineEdit()
                    dft = item_field.get(""default"", """")
                    edit.setText(str(dft))
                    if item_field.get(""reverse""):
                        edit.setPlaceholderText(""hex, 自动反转"")
                    edit.textChanged.connect(self._schedule_realtime_update)
                    row_layout.addWidget(edit)
                    item_widgets[item_name] = edit
                elif item_type in (""uint8"", ""uint16"", ""uint32""):
                    edit = QLineEdit()
                    dft = item_field.get(""default"", 0)
                    edit.setText(str(dft))
                    edit.textChanged.connect(self._schedule_realtime_update)
                    row_layout.addWidget(edit)
                    item_widgets[item_name] = edit
                elif item_type == ""enum"":
                    combo = QComboBox()
                    for val, text in item_field.get(""enum_map"", {}).items():
                        combo.addItem(f""{text} (0x{val:02X})"", val)
                    dft = item_field.get(""default"")
                    if dft is not None:
                        idx = combo.findData(dft)
                        if idx >= 0:
                            combo.setCurrentIndex(idx)
                    combo.currentIndexChanged.connect(self._schedule_realtime_update)
                    row_layout.addWidget(combo)
                    item_widgets[item_name] = combo
                else:
                    edit = QLineEdit()
                    edit.textChanged.connect(self._schedule_realtime_update)
                    row_layout.addWidget(edit)
                    item_widgets[item_name] = edit
            row_layout.addStretch()
            items_layout.addWidget(row_widget)
            container._items.append((row_widget, item_widgets))
            self._schedule_realtime_update()

        def del_item():
            if container._items:
                row_widget, _ = container._items.pop()
                row_widget.deleteLater()

        add_btn.clicked.connect(add_item)
        del_btn.clicked.connect(del_item)
        add_item()
        return container

    # ------------------------------------------------------------------
",""
"Function:frame_gen_widget.py:FrameGenWidget.add_item","add_item","frame_gen_widget.py",1048,1095,true,"        container._item_fields = item_fields

        def add_item():
            row_widget = QWidget()
            row_layout = QHBoxLayout(row_widget)
            row_layout.setContentsMargins(2, 2, 2, 2)
            item_widgets: Dict[str, Any] = {}
            for item_field in item_fields:
                item_name = item_field[""name""]
                item_type = item_field[""type""]
                lbl = QLabel(item_name)
                lbl.setStyleSheet(""font-size: 11px; color: #555;"")
                row_layout.addWidget(lbl)
                if item_type == ""bytes"":
                    edit = QLineEdit()
                    dft = item_field.get(""default"", """")
                    edit.setText(str(dft))
                    if item_field.get(""reverse""):
                        edit.setPlaceholderText(""hex, 自动反转"")
                    edit.textChanged.connect(self._schedule_realtime_update)
                    row_layout.addWidget(edit)
                    item_widgets[item_name] = edit
                elif item_type in (""uint8"", ""uint16"", ""uint32""):
                    edit = QLineEdit()
                    dft = item_field.get(""default"", 0)
                    edit.setText(str(dft))
                    edit.textChanged.connect(self._schedule_realtime_update)
                    row_layout.addWidget(edit)
                    item_widgets[item_name] = edit
                elif item_type == ""enum"":
                    combo = QComboBox()
                    for val, text in item_field.get(""enum_map"", {}).items():
                        combo.addItem(f""{text} (0x{val:02X})"", val)
                    dft = item_field.get(""default"")
                    if dft is not None:
                        idx = combo.findData(dft)
                        if idx >= 0:
                            combo.setCurrentIndex(idx)
                    combo.currentIndexChanged.connect(self._schedule_realtime_update)
                    row_layout.addWidget(combo)
                    item_widgets[item_name] = combo
                else:
                    edit = QLineEdit()
                    edit.textChanged.connect(self._schedule_realtime_update)
                    row_layout.addWidget(edit)
                    item_widgets[item_name] = edit
            row_layout.addStretch()
            items_layout.addWidget(row_widget)
            container._items.append((row_widget, item_widgets))
            self._schedule_realtime_update()

        def del_item():
",""
"Function:frame_gen_widget.py:FrameGenWidget.del_item","del_item","frame_gen_widget.py",1097,1100,true,"            self._schedule_realtime_update()

        def del_item():
            if container._items:
                row_widget, _ = container._items.pop()
                row_widget.deleteLater()

        add_btn.clicked.connect(add_item)
",""
"Function:frame_gen_widget.py:FrameGenWidget._collect_values","_collect_values","frame_gen_widget.py",1110,1214,false,"    # 收集字段值并组帧
    # ------------------------------------------------------------------
    def _collect_values(self) -> Dict[str, Any]:
        values: Dict[str, Any] = {}
        if self.protocol_mode == ""south"":
            if not self._current_di_key:
                return values
        else:
            if not self._current_afn_fn:
                return values

        if self._custom_mode:
            self._sync_templates_from_table()
            for row, tpl in enumerate(self._custom_templates):
                if tpl.ftype == ""checksum"":
                    continue
                val_widget = self.template_table.cellWidget(row, 6)
                if not isinstance(val_widget, QLineEdit):
                    continue
                text = val_widget.text().strip()
                if tpl.ftype in (""uint8"", ""uint16"", ""uint32""):
                    if tpl.display == ""hex"":
                        values[tpl.name] = int(text, 16) if text else 0
                    else:
                        values[tpl.name] = int(text, 10) if text else 0
                else:
                    values[tpl.name] = text
        else:
            if self.protocol_mode == ""south"":
                schema = DI_FIELD_SCHEMA.get(self._current_di_key, {})
            else:
                schema = GDW_AFNFN_SCHEMA.get(self._current_afn_fn, {})
            for field in schema.get(""fields"", []):
                name = field[""name""]
                widget_info = self._field_widgets.get(name)
                if not widget_info:
                    continue
                if ""checkbox"" in widget_info:
                    if not widget_info[""checkbox""].isChecked():
                        continue
                widget = widget_info[""widget""]
                ftype = field[""type""]

                if ""sub_widgets"" in widget_info:
                    # 收集子字段值
                    for sub_name, sub_widget in widget_info[""sub_widgets""].items():
                        sub_field = next((s for s in field.get(""sub_fields"", []) if s[""name""] == sub_name), None)
                        if not sub_field:
                            continue
                        sub_type = sub_field.get(""type"", ""bytes"")
                        if sub_type == ""enum"":
                            values[sub_name] = sub_widget.currentData()
                        elif sub_type in (""uint8"", ""uint16"", ""uint32""):
                            text = sub_widget.text().strip()
                            values[sub_name] = int(text, 0) if text else 0
                        elif sub_type == ""bytes"":
                            values[sub_name] = sub_widget.text().strip()
                    # 计算父字段值
                    if ftype in (""uint8"", ""enum""):
                        parent_val = 0
                        for sub in field.get(""sub_fields"", []):
                            sub_name = sub[""name""]
                            sub_val = values.get(sub_name, sub.get(""default"", 0))
                            bit_width = sub.get(""bit_width"", 1)
                            bit_offset = sub.get(""bit_offset"", 0)
                            mask = (1 << bit_width) - 1
                            parent_val |= (int(sub_val) & mask) << bit_offset
                        values[name] = parent_val
                    elif ftype == ""bytes"":
                        parent_val = """"
                        for sub in field.get(""sub_fields"", []):
                            cond = sub.get(""condition"")
                            if cond:
                                ref_val = values.get(cond[""field""])
                                if ref_val != cond[""value""]:
                                    continue
                            sub_name = sub[""name""]
                            sub_val = values.get(sub_name, sub.get(""default"", """"))
                            sub_type = sub.get(""type"", ""bytes"")
                            if sub_type in (""uint8"", ""enum""):
                                parent_val += f""{int(sub_val):02X}""
                            elif sub_type == ""bytes"":
                                parent_val += str(sub_val)
                        values[name] = parent_val

                elif ftype in (""uint8"", ""uint16"", ""uint32""):
                    text = widget.text().strip()
                    values[name] = int(text, 0) if text else 0
                elif ftype == ""bytes"":
                    values[name] = widget.text().strip()
                elif ftype == ""enum"":
                    values[name] = widget.currentData()
                elif ftype == ""list"":
                    items = []
                    for _, item_widgets in widget._items:
                        item_values: Dict[str, Any] = {}
                        for item_name, item_widget in item_widgets.items():
                            if isinstance(item_widget, QComboBox):
          
... [truncated]",""
"Function:frame_gen_widget.py:FrameGenWidget._generate_custom_data","_generate_custom_data","frame_gen_widget.py",1216,1283,false,"        return values

    def _generate_custom_data(self) -> bytes:
        """"""根据自定义模板生成用户数据区字节""""""
        import struct
        self._sync_templates_from_table()
        data = b""""
        checksum_idx = -1

        for row, tpl in enumerate(self._custom_templates):
            if tpl.ftype == ""checksum"":
                checksum_idx = row
                data += b""\x00"" * tpl.length  # 占位，后面回填
                continue

            val_widget = self.template_table.cellWidget(row, 6)
            if isinstance(val_widget, QLineEdit):
                text = val_widget.text().strip().replace("" "", """")
            else:
                text = """"

            if tpl.ftype == ""bytes"":
                if text:
                    try:
                        raw = bytes.fromhex(text)
                    except ValueError:
                        raw = b""""
                else:
                    raw = b""""
                if len(raw) < tpl.length:
                    raw = raw + b""\x00"" * (tpl.length - len(raw))
                elif len(raw) > tpl.length:
                    raw = raw[:tpl.length]
            elif tpl.ftype in (""uint8"", ""uint16"", ""uint32""):
                try:
                    if tpl.display == ""hex"":
                        val = int(text, 16) if text else 0
                    else:
                        val = int(text, 10) if text else 0
                except ValueError:
                    val = 0
                if tpl.ftype == ""uint8"":
                    raw = struct.pack(""B"", val & 0xFF)
                elif tpl.ftype == ""uint16"":
                    if tpl.endian == ""little"":
                        raw = struct.pack(""<H"", val & 0xFFFF)
                    else:
                        raw = struct.pack("">H"", val & 0xFFFF)
                else:  # uint32
                    if tpl.endian == ""little"":
                        raw = struct.pack(""<I"", val & 0xFFFFFFFF)
                    else:
                        raw = struct.pack("">I"", val & 0xFFFFFFFF)
            else:
                raw = b""\x00"" * tpl.length

            data += raw

        # 回填校验和
        if checksum_idx >= 0:
            cs = sum(data) & 0xFF
            # 校验和字段在data中的偏移量
            offset = 0
            for i, tpl in enumerate(self._custom_templates):
                if i == checksum_idx:
                    data = data[:offset] + struct.pack(""B"", cs) + data[offset+1:]
                    break
                offset += tpl.length

        return data

    # ------------------------------------------------------------------
",""
"Function:frame_gen_widget.py:FrameGenWidget._schedule_realtime_update","_schedule_realtime_update","frame_gen_widget.py",1288,1295,false,"    # 实时解析预览
    # ------------------------------------------------------------------
    def _schedule_realtime_update(self):
        """"""调度实时更新（200ms debounce）""""""
        if self._update_timer is not None:
            self._update_timer.stop()
        self._update_timer = QTimer(self)
        self._update_timer.setSingleShot(True)
        self._update_timer.timeout.connect(self._do_realtime_update)
        self._update_timer.start(200)

    def _do_realtime_update(self):
",""
"Function:frame_gen_widget.py:FrameGenWidget._do_realtime_update","_do_realtime_update","frame_gen_widget.py",1297,1305,false,"        self._update_timer.start(200)

    def _do_realtime_update(self):
        """"""执行实时组帧与解析""""""
        try:
            if self.protocol_mode == ""south"":
                self._do_realtime_update_south()
            else:
                self._do_realtime_update_gdw()
        except Exception:
            pass

    def _do_realtime_update_south(self):
",""
"Function:frame_gen_widget.py:FrameGenWidget._do_realtime_update_south","_do_realtime_update_south","frame_gen_widget.py",1307,1351,false,"            pass

    def _do_realtime_update_south(self):
        """"""南网实时组帧与解析""""""
        if not self._current_di_key:
            self.preview_table.setRowCount(0)
            return

        src_text = self.src_addr_input.text().strip().replace("" "", """")
        dst_text = self.dst_addr_input.text().strip().replace("" "", """")
        if len(src_text) != 12 or len(dst_text) != 12:
            self.preview_table.setRowCount(0)
            return
        try:
            src_addr = bytes.fromhex(src_text)
            dst_addr = bytes.fromhex(dst_text)
        except ValueError:
            self.preview_table.setRowCount(0)
            return

        di_key = self._current_di_key
        dir_flag = self.dir_combo.currentData()
        prm = self.prm_combo.currentData()
        add_flag = self.add_combo.currentData()

        if self._custom_mode:
            data = self._generate_custom_data()
            di3, di2, di1, di0 = di_key
            frame = self.generator._build_frame(
                di3, di2, di1, di0,
                src_addr=src_addr, dst_addr=dst_addr, data=data,
                dir_flag=dir_flag, prm=prm, add_flag=add_flag
            )
        else:
            field_values = self._collect_values()
            frame = self.generator.generate_frame(
                di_key, field_values,
                src_addr=src_addr, dst_addr=dst_addr,
                dir_flag=dir_flag, prm=prm, add_flag=add_flag
            )

        table_data = self.parser.parse_to_table(frame)
        self._populate_preview_table(table_data)

        hex_str = frame.hex().upper()
        formatted = "" "".join(hex_str[i:i+2] for i in range(0, len(hex_str), 2))
        self.result_hex.setText(formatted)

    def _do_realtime_update_gdw(self):
",""
"Function:frame_gen_widget.py:FrameGenWidget._do_realtime_update_gdw","_do_realtime_update_gdw","frame_gen_widget.py",1353,1401,false,"        self.result_hex.setText(formatted)

    def _do_realtime_update_gdw(self):
        """"""国网实时组帧与解析""""""
        if not self._current_afn_fn:
            self.preview_table.setRowCount(0)
            return

        afn, fn = self._current_afn_fn
        try:
            seq = int(self.gdw_seq.text().strip()) & 0xFF
            channel = int(self.gdw_channel.text().strip()) & 0x0F
            resp_bytes = int(self.gdw_resp_bytes.text().strip()) & 0xFF
        except ValueError:
            self.preview_table.setRowCount(0)
            return

        info_config = {
            ""dir"": self.gdw_dir.currentData(),
            ""prm"": self.gdw_prm.currentData(),
            ""通信方式"": self.gdw_comm_type.currentData(),
            ""路由标识"": self.gdw_route_flag.currentData(),
            ""附属节点标识"": 0,
            ""通信模块标识"": self.gdw_comm_module.currentData(),
            ""冲突检测"": 0,
            ""中继级别"": self.gdw_relay_level.currentData(),
            ""纠错编码标识"": 0,
            ""信道标识"": channel,
            ""预计应答字节数"": resp_bytes,
            ""通信速率"": 0,
            ""速率单位标识"": 0,
            ""报文序列号"": seq,
        }

        src_addr = self.gdw_src_addr.text().strip()
        dst_addr = self.gdw_dst_addr.text().strip()
        relay_addrs = [edit.text().strip() for edit in self.gdw_relay_inputs]

        field_values = self._collect_values()

        frame = self.gdw_generator.generate_frame(
            afn, fn, field_values, info_config,
            src_addr=src_addr, dst_addr=dst_addr, relay_addrs=relay_addrs
        )

        table_data = self.gdw_parser.parse_to_table(frame)
        self._populate_preview_table(table_data)

        hex_str = frame.hex().upper()
        formatted = "" "".join(hex_str[i:i+2] for i in range(0, len(hex_str), 2))
        self.result_hex.setText(formatted)

    def _populate_preview_table(self, table_data: list):
",""
"Function:frame_gen_widget.py:FrameGenWidget._populate_preview_table","_populate_preview_table","frame_gen_widget.py",1403,1415,false,"        self.result_hex.setText(formatted)

    def _populate_preview_table(self, table_data: list):
        """"""填充实时预览表格""""""
        self.preview_table.setRowCount(0)
        for row, item in enumerate(table_data):
            field_name = item[0]
            raw_value = item[1]
            parsed_value = item[2]
            comment = item[3]
            self.preview_table.insertRow(row)
            self.preview_table.setItem(row, 0, QTableWidgetItem(str(field_name)))
            self.preview_table.setItem(row, 1, QTableWidgetItem(str(raw_value)))
            self.preview_table.setItem(row, 2, QTableWidgetItem(str(parsed_value)))
            self.preview_table.setItem(row, 3, QTableWidgetItem(str(comment)))

    def _connect_field_signals(self):
",""
"Function:frame_gen_widget.py:FrameGenWidget._connect_field_signals","_connect_field_signals","frame_gen_widget.py",1417,1432,false,"            self.preview_table.setItem(row, 3, QTableWidgetItem(str(comment)))

    def _connect_field_signals(self):
        """"""连接预定义字段widget的实时更新信号""""""
        for widget_info in self._field_widgets.values():
            widget = widget_info.get(""widget"")
            if isinstance(widget, QLineEdit):
                widget.textChanged.connect(self._schedule_realtime_update)
            elif isinstance(widget, QComboBox):
                widget.currentIndexChanged.connect(self._schedule_realtime_update)
            elif widget is not None and hasattr(widget, '_items'):
                # list widget: connect add/del buttons indirectly via _schedule
                # 子字段的lineedits/combos在add_item时已创建，这里无法提前连接
                # 因此list类型实时更新依赖用户点击生成按钮，或者我们在add_item里连接
                pass
            cb = widget_info.get(""checkbox"")
            if isinstance(cb, QCheckBox):
                cb.stateChanged.connect(self._schedule_realtime_update)

    def _connect_template_signals(self):
",""
"Function:frame_gen_widget.py:FrameGenWidget._connect_template_signals","_connect_template_signals","frame_gen_widget.py",1434,1446,false,"                cb.stateChanged.connect(self._schedule_realtime_update)

    def _connect_template_signals(self):
        """"""连接自定义模板表格的实时更新信号""""""
        if not hasattr(self, 'template_table'):
            return
        self.template_table.itemChanged.connect(self._schedule_realtime_update)
        for row in range(self.template_table.rowCount()):
            for col in (3, 4, 5):
                cw = self.template_table.cellWidget(row, col)
                if isinstance(cw, QComboBox):
                    cw.currentIndexChanged.connect(self._schedule_realtime_update)
            cw6 = self.template_table.cellWidget(row, 6)
            if isinstance(cw6, QLineEdit):
                cw6.textChanged.connect(self._schedule_realtime_update)

    def _on_generate(self):
",""
"Function:frame_gen_widget.py:FrameGenWidget._on_generate","_on_generate","frame_gen_widget.py",1448,1455,false,"                cw6.textChanged.connect(self._schedule_realtime_update)

    def _on_generate(self):
        try:
            if self.protocol_mode == ""south"":
                self._generate_south_frame()
            else:
                self._generate_gdw_frame()
        except Exception as e:
            QMessageBox.critical(self, ""错误"", f""组帧失败：{str(e)}"")

    def _generate_south_frame(self):
",""
"Function:frame_gen_widget.py:FrameGenWidget._generate_south_frame","_generate_south_frame","frame_gen_widget.py",1457,1498,false,"            QMessageBox.critical(self, ""错误"", f""组帧失败：{str(e)}"")

    def _generate_south_frame(self):
        """"""生成南网协议帧""""""
        if not self._current_di_key:
            QMessageBox.warning(self, ""警告"", ""请先选择一个DI命令"")
            return

        src_text = self.src_addr_input.text().strip().replace("" "", """")
        dst_text = self.dst_addr_input.text().strip().replace("" "", """")
        if len(src_text) != 12 or len(dst_text) != 12:
            QMessageBox.warning(self, ""警告"", ""源地址和目的地址必须为12位十六进制字符（6字节）"")
            return
        try:
            src_addr = bytes.fromhex(src_text)
            dst_addr = bytes.fromhex(dst_text)
        except ValueError:
            QMessageBox.warning(self, ""警告"", ""地址格式错误，请输入有效的十六进制字符串"")
            return

        di_key = self._current_di_key
        dir_flag = self.dir_combo.currentData()
        prm = self.prm_combo.currentData()
        add_flag = self.add_combo.currentData()

        if self._custom_mode:
            data = self._generate_custom_data()
            di3, di2, di1, di0 = di_key
            frame = self.generator._build_frame(
                di3, di2, di1, di0,
                src_addr=src_addr, dst_addr=dst_addr, data=data,
                dir_flag=dir_flag, prm=prm, add_flag=add_flag
            )
        else:
            field_values = self._collect_values()
            frame = self.generator.generate_frame(
                di_key, field_values,
                src_addr=src_addr, dst_addr=dst_addr,
                dir_flag=dir_flag, prm=prm, add_flag=add_flag
            )

        hex_str = frame.hex().upper()
        formatted = "" "".join(hex_str[i:i+2] for i in range(0, len(hex_str), 2))
        self.result_hex.setText(formatted)

    def _generate_gdw_frame(self):
",""
"Function:frame_gen_widget.py:FrameGenWidget._generate_gdw_frame","_generate_gdw_frame","frame_gen_widget.py",1500,1547,false,"        self.result_hex.setText(formatted)

    def _generate_gdw_frame(self):
        """"""生成国网协议帧""""""
        if not self._current_afn_fn:
            QMessageBox.warning(self, ""警告"", ""请先选择一个AFN+Fn命令"")
            return

        afn, fn = self._current_afn_fn

        # 收集信息域配置
        try:
            seq = int(self.gdw_seq.text().strip()) & 0xFF
            channel = int(self.gdw_channel.text().strip()) & 0x0F
            resp_bytes = int(self.gdw_resp_bytes.text().strip()) & 0xFF
        except ValueError:
            QMessageBox.warning(self, ""警告"", ""信息域配置值格式错误"")
            return

        info_config = {
            ""dir"": self.gdw_dir.currentData(),
            ""prm"": self.gdw_prm.currentData(),
            ""通信方式"": self.gdw_comm_type.currentData(),
            ""路由标识"": self.gdw_route_flag.currentData(),
            ""附属节点标识"": 0,
            ""通信模块标识"": self.gdw_comm_module.currentData(),
            ""冲突检测"": 0,
            ""中继级别"": self.gdw_relay_level.currentData(),
            ""纠错编码标识"": 0,
            ""信道标识"": channel,
            ""预计应答字节数"": resp_bytes,
            ""通信速率"": 0,
            ""速率单位标识"": 0,
            ""报文序列号"": seq,
        }

        src_addr = self.gdw_src_addr.text().strip()
        dst_addr = self.gdw_dst_addr.text().strip()
        relay_addrs = [edit.text().strip() for edit in self.gdw_relay_inputs]

        field_values = self._collect_values()

        frame = self.gdw_generator.generate_frame(
            afn, fn, field_values, info_config,
            src_addr=src_addr, dst_addr=dst_addr, relay_addrs=relay_addrs
        )

        hex_str = frame.hex().upper()
        formatted = "" "".join(hex_str[i:i+2] for i in range(0, len(hex_str), 2))
        self.result_hex.setText(formatted)

    # ------------------------------------------------------------------
",""
"Function:frame_gen_widget.py:FrameGenWidget.set_serial_worker","set_serial_worker","frame_gen_widget.py",1552,1558,true,"    # 串口功能
    # ------------------------------------------------------------------
    def set_serial_worker(self, worker):
        """"""设置串口工作线程实例""""""
        self.serial_worker = worker
        if worker:
            worker.log_message.connect(self._on_serial_log)
            worker.frame_received.connect(self._on_serial_frame_received)
            worker.connection_changed.connect(self._update_send_button_state)

    def _update_send_button_state(self, connected: bool):
",""
"Function:frame_gen_widget.py:FrameGenWidget._update_send_button_state","_update_send_button_state","frame_gen_widget.py",1560,1562,false,"            worker.connection_changed.connect(self._update_send_button_state)

    def _update_send_button_state(self, connected: bool):
        """"""根据串口连接状态更新发送按钮""""""
        self.send_serial_btn.setEnabled(connected)

    def _on_send_to_serial(self):
",""
"Function:frame_gen_widget.py:FrameGenWidget._on_send_to_serial","_on_send_to_serial","frame_gen_widget.py",1564,1573,false,"        self.send_serial_btn.setEnabled(connected)

    def _on_send_to_serial(self):
        """"""将当前生成的帧发送到串口""""""
        if not self.serial_worker or not self.serial_worker.is_open():
            QMessageBox.warning(self, ""警告"", ""串口未打开，请先打开串口"")
            return
        hex_text = self.result_hex.toPlainText().strip()
        if not hex_text:
            QMessageBox.warning(self, ""警告"", ""当前没有可发送的帧，请先生成帧"")
            return
        self.serial_worker.send_hex_string(hex_text)

    def _on_add_to_preset_clicked(self):
",""
"Function:frame_gen_widget.py:FrameGenWidget._on_add_to_preset_clicked","_on_add_to_preset_clicked","frame_gen_widget.py",1575,1600,false,"        self.serial_worker.send_hex_string(hex_text)

    def _on_add_to_preset_clicked(self):
        """"""将当前生成的帧添加到预设按钮""""""
        frame_hex = self.result_hex.toPlainText().strip()
        if not frame_hex:
            QMessageBox.warning(self, ""警告"", ""当前没有可添加的帧，请先生成帧"")
            return

        dialog = AddPresetDialog(frame_hex, self.protocol_mode, parent=self)
        if dialog.exec() != QDialog.Accepted:
            return

        result = dialog.get_result()
        if not result:
            return

        # 附加当前完整配置快照，方便恢复
        result[""config""] = self.get_config_snapshot()

        if PresetButtonManager.add_command(self.protocol_mode, result):
            QMessageBox.information(
                self, ""成功"",
                f""已添加预设按钮：{result['button_name']}\n分组：{result['group_name']}""
            )
            self.preset_added.emit(self.protocol_mode, frame_hex, result[""config""])
        else:
            QMessageBox.critical(self, ""错误"", ""保存预设按钮失败"")

    def _on_add_to_test_plan_clicked(self):
",""
"Function:frame_gen_widget.py:FrameGenWidget._on_add_to_test_plan_clicked","_on_add_to_test_plan_clicked","frame_gen_widget.py",1602,1624,false,"            QMessageBox.critical(self, ""错误"", ""保存预设按钮失败"")

    def _on_add_to_test_plan_clicked(self):
        """"""将当前生成的帧添加到测试方案""""""
        frame_hex = self.result_hex.toPlainText().strip()
        if not frame_hex:
            QMessageBox.warning(self, ""警告"", ""当前没有可添加的帧，请先生成帧"")
            return
        # 尝试从当前DI/AFN+Fn获取中文名称
        name = """"
        if self.protocol_mode == ""south"" and self._current_di_key:
            schema = DI_FIELD_SCHEMA.get(self._current_di_key)
            if schema:
                name = schema.get(""name"", """")
            if not name:
                # 从combo文本解析：【下行】 中文名称  (DI3 DI2 DI1 DI0)
                text = self.di_combo.currentText()
                name = self._extract_name_from_label(text)
        elif self.protocol_mode == ""gdw"" and self._current_afn_fn:
            text = self.afn_fn_combo.currentText()
            name = self._extract_name_from_label(text)
        if not name:
            name = ""测试项""
        self.test_plan_added.emit(name, frame_hex.replace("" "", """"))
        QMessageBox.information(self, ""成功"", f""已添加到测试方案：{name}"")

    @staticmethod
",""
"Function:frame_gen_widget.py:FrameGenWidget._extract_name_from_label","_extract_name_from_label","frame_gen_widget.py",1627,1639,false,"
    @staticmethod
    def _extract_name_from_label(label: str) -> str:
        """"""从combo标签中提取中文名称
        格式: 【下行】 中文名称  (DI3 DI2 DI1 DI0) 或 【下行】 中文名称  (AFN=XXH Fn=FY)
        """"""
        if not label or label.startswith(""--""):
            return """"
        # 去掉 【下行】 前缀
        if label.startswith(""【下行】""):
            label = label[4:]
        # 去掉 (DI码) 或 (AFN=... ) 后缀
        if ""("" in label:
            label = label[:label.index(""("")]
        return label.strip()

    def get_config_snapshot(self) -> Dict[str, Any]:
",""
"Function:frame_gen_widget.py:FrameGenWidget.get_config_snapshot","get_config_snapshot","frame_gen_widget.py",1641,1694,true,"        return label.strip()

    def get_config_snapshot(self) -> Dict[str, Any]:
        """"""获取当前组帧页面的完整配置快照""""""
        snapshot = {
            ""protocol_mode"": self.protocol_mode,
            ""current_di_key"": self._current_di_key,
            ""current_afn_fn"": self._current_afn_fn,
            ""custom_mode"": self._custom_mode,
            ""south"": {
                ""src_addr"": self.src_addr_input.text(),
                ""dst_addr"": self.dst_addr_input.text(),
                ""dir"": self.dir_combo.currentData(),
                ""prm"": self.prm_combo.currentData(),
                ""add"": self.add_combo.currentData(),
            },
            ""gdw"": {
                ""comm_type"": self.gdw_comm_type.currentData(),
                ""dir"": self.gdw_dir.currentData(),
                ""prm"": self.gdw_prm.currentData(),
                ""seq"": self.gdw_seq.text(),
                ""route_flag"": self.gdw_route_flag.currentData(),
                ""comm_module"": self.gdw_comm_module.currentData(),
                ""relay_level"": self.gdw_relay_level.currentData(),
                ""channel"": self.gdw_channel.text(),
                ""resp_bytes"": self.gdw_resp_bytes.text(),
                ""src_addr"": self.gdw_src_addr.text(),
                ""dst_addr"": self.gdw_dst_addr.text(),
                ""relay_addrs"": [e.text() for e in self.gdw_relay_inputs],
            },
        }

        # 收集字段值
        try:
            snapshot[""field_values""] = self._collect_values()
        except Exception:
            snapshot[""field_values""] = {}

        # 自定义模板
        if self._custom_mode:
            self._sync_templates_from_table()
            snapshot[""custom_templates""] = [
                {
                    ""name"": t.name,
                    ""length"": t.length,
                    ""ftype"": t.ftype,
                    ""endian"": t.endian,
                    ""display"": t.display,
                    ""reverse"": t.reverse,
                }
                for t in self._custom_templates
            ]
        else:
            snapshot[""custom_templates""] = []

        return snapshot

    def apply_config_snapshot(self, config: Dict[str, Any]):
",""
"Function:frame_gen_widget.py:FrameGenWidget.apply_config_snapshot","apply_config_snapshot","frame_gen_widget.py",1696,1852,true,"        return snapshot

    def apply_config_snapshot(self, config: Dict[str, Any]):
        """"""从配置快照恢复组帧页面状态""""""
        if not config:
            return

        # 恢复协议模式（由外部先调用 set_protocol_mode，这里只校验）
        mode = config.get(""protocol_mode"", self.protocol_mode)

        # 恢复南网配置
        south = config.get(""south"", {})
        if ""src_addr"" in south:
            self.src_addr_input.setText(south[""src_addr""])
        if ""dst_addr"" in south:
            self.dst_addr_input.setText(south[""dst_addr""])
        if ""dir"" in south:
            idx = self.dir_combo.findData(south[""dir""])
            if idx >= 0:
                self.dir_combo.setCurrentIndex(idx)
        if ""prm"" in south:
            idx = self.prm_combo.findData(south[""prm""])
            if idx >= 0:
                self.prm_combo.setCurrentIndex(idx)
        if ""add"" in south:
            idx = self.add_combo.findData(south[""add""])
            if idx >= 0:
                self.add_combo.setCurrentIndex(idx)

        # 恢复国网配置
        gdw = config.get(""gdw"", {})
        if ""comm_type"" in gdw:
            idx = self.gdw_comm_type.findData(gdw[""comm_type""])
            if idx >= 0:
                self.gdw_comm_type.setCurrentIndex(idx)
        if ""dir"" in gdw:
            idx = self.gdw_dir.findData(gdw[""dir""])
            if idx >= 0:
                self.gdw_dir.setCurrentIndex(idx)
        if ""prm"" in gdw:
            idx = self.gdw_prm.findData(gdw[""prm""])
            if idx >= 0:
                self.gdw_prm.setCurrentIndex(idx)
        if ""seq"" in gdw:
            self.gdw_seq.setText(str(gdw[""seq""]))
        if ""route_flag"" in gdw:
            idx = self.gdw_route_flag.findData(gdw[""route_flag""])
            if idx >= 0:
                self.gdw_route_flag.setCurrentIndex(idx)
        if ""comm_module"" in gdw:
            idx = self.gdw_comm_module.findData(gdw[""comm_module""])
            if idx >= 0:
                self.gdw_comm_module.setCurrentIndex(idx)
        if ""relay_level"" in gdw:
            idx = self.gdw_relay_level.findData(gdw[""relay_level""])
            if idx >= 0:
                self.gdw_relay_level.setCurrentIndex(idx)
        if ""channel"" in gdw:
            self.gdw_channel.setText(str(gdw[""channel""]))
        if ""resp_bytes"" in gdw:
            self.gdw_resp_bytes.setText(str(gdw[""resp_bytes""]))
        if ""src_addr"" in gdw:
            self.gdw_src_addr.setText(gdw[""src_addr""])
        if ""dst_addr"" in gdw:
            self.gdw_dst_addr.setText(gdw[""dst_addr""])

        # 恢复中继地址（需等 relay_level 信号触发后再设置）
        relay_addrs = gdw.get(""relay_addrs"", [])
        if relay_addrs:
            # 用 QTimer 延迟一帧，让 _on_gdw_relay_level_changed 先完成
            def _fill_relay():
                for i, edit in enumerate(self.gdw_relay_inputs):
                    if i < len(relay_addrs):
                        edit.setText(relay_addrs[i])
            from PySide6.QtCore import QTimer
            QTimer.singleShot(50, _fill_relay)

        # 恢复命令选择
        di_key = config.get(""current_di_key"")
        afn_fn = config.get(""current_afn_fn"")
        if mode == ""south"" and di_key:
            # di_key 被 JSON 序列化后变成了 list，需要转回 tuple
            if isinstance(di_key, list):
                di_key = tuple(di_key)
            for i in range(self.di_combo.count()):
                data = self.di_combo.itemData(i)
                if data == di_key:
                    self.di_combo.setCurrentIndex(i)
                    break
        elif mode == ""gdw"" and afn_fn:
            if isinstance(afn_fn, list):
                afn_fn = tuple(afn_fn)
            for i in range(self.afn_fn_combo.count()):
                data = self.afn_fn_combo.itemData(i)
                if data == afn_fn:
                    self.afn_fn_combo.setCurrentIndex(i)
                    break

        # 恢复自定义模板
        custom_templates_data = config.get(""custom_templates"", [])
        if custom_templates_data:
            self._custom_templates = [
                CustomFieldTemplate(
                    t[""name""], t[""length""], t[""ftype""],
                    t[""endian""], t[""display""], t[""reverse""]
                )
                for t in custom_templates_data
            ]

        # 恢复模式
        custom_mode = config.get(""custom_mode"", False)
        if custom_mode:
            self.mode_custom_rb.setChecked(True)
            self.mode_predefined_rb.setChecked(False)
            self._custom_mode = True
        else:
            self.mode_predefined_rb.setChecked(True)
            self.mode_custom_rb.setChecked(False)
            self._custom_mode = False

        # 恢复字段值（在表单重建后）
        field_values = config.get(""field_values"", {})
        if field_values:
            # 延迟一帧，让表单控件已创建
            def _apply_fields():
                for name, widget_info in self._field_widgets.items():
                    if name not in field_values:
    
... [truncated]",""
"Function:frame_gen_widget.py:FrameGenWidget._fill_relay","_fill_relay","frame_gen_widget.py",1764,1767,false,"        if relay_addrs:
            # 用 QTimer 延迟一帧，让 _on_gdw_relay_level_changed 先完成
            def _fill_relay():
                for i, edit in enumerate(self.gdw_relay_inputs):
                    if i < len(relay_addrs):
                        edit.setText(relay_addrs[i])
            from PySide6.QtCore import QTimer
            QTimer.singleShot(50, _fill_relay)
",""
"Function:frame_gen_widget.py:FrameGenWidget._apply_fields","_apply_fields","frame_gen_widget.py",1818,1850,false,"        if field_values:
            # 延迟一帧，让表单控件已创建
            def _apply_fields():
                for name, widget_info in self._field_widgets.items():
                    if name not in field_values:
                        continue
                    val = field_values[name]
                    widget = widget_info.get(""widget"")
                    if ""sub_widgets"" in widget_info:
                        for sub_name, sub_widget in widget_info[""sub_widgets""].items():
                            if sub_name in field_values:
                                sv = field_values[sub_name]
                                if isinstance(sub_widget, QComboBox):
                                    idx = sub_widget.findData(sv)
                                    if idx >= 0:
                                        sub_widget.setCurrentIndex(idx)
                                else:
                                    sub_widget.setText(str(sv))
                    elif isinstance(widget, QComboBox):
                        idx = widget.findData(val)
                        if idx >= 0:
                            widget.setCurrentIndex(idx)
                    elif isinstance(widget, QLineEdit):
                        widget.setText(str(val))
                    elif widget is not None and hasattr(widget, '_items'):
                        # list 类型：先清空再添加
                        items = val if isinstance(val, list) else []
                        # 删除现有项
                        while widget._items:
                            row_widget, _ = widget._items.pop()
                            row_widget.deleteLater()
                        for item_values in items:
                            # 触发 add_item（通过点击按钮太复杂，直接重建）
                            pass  # list 类型暂不支持精确恢复
                self._schedule_realtime_update()
            from PySide6.QtCore import QTimer
            QTimer.singleShot(100, _apply_fields)
",""
"Function:frame_gen_widget.py:FrameGenWidget._on_clear_serial_log","_on_clear_serial_log","frame_gen_widget.py",1854,1856,false,"            QTimer.singleShot(100, _apply_fields)

    def _on_clear_serial_log(self):
        """"""清空串口日志""""""
        self.serial_log.clear()

    def _on_serial_log_context_menu(self, pos):
",""
"Function:frame_gen_widget.py:FrameGenWidget._on_serial_log_context_menu","_on_serial_log_context_menu","frame_gen_widget.py",1858,1871,false,"        self.serial_log.clear()

    def _on_serial_log_context_menu(self, pos):
        """"""串口日志区域右键菜单""""""
        from PySide6.QtWidgets import QMenu
        menu = QMenu(self)
        clear_action = menu.addAction(""清空日志"")
        copy_action = menu.addAction(""复制选中内容"")
        select_all_action = menu.addAction(""全选"")
        action = menu.exec(self.serial_log.mapToGlobal(pos))
        if action == clear_action:
            self.serial_log.clear()
        elif action == copy_action:
            self.serial_log.copy()
        elif action == select_all_action:
            self.serial_log.selectAll()

    @staticmethod
",""
"Function:frame_gen_widget.py:FrameGenWidget._trim_log","_trim_log","frame_gen_widget.py",1874,1881,false,"
    @staticmethod
    def _trim_log(log_widget, max_lines: int = 500):
        """"""当日志超过max_lines行时，自动删除最早的行""""""
        doc = log_widget.document()
        if doc.blockCount() > max_lines:
            cursor = log_widget.textCursor()
            cursor.movePosition(cursor.MoveOperation.Start)
            cursor.movePosition(cursor.MoveOperation.Down, cursor.MoveMode.KeepAnchor, doc.blockCount() - max_lines)
            cursor.removeSelectedText()

    def _on_serial_log(self, msg: str):
",""
"Function:frame_gen_widget.py:FrameGenWidget._on_serial_log","_on_serial_log","frame_gen_widget.py",1883,1890,false,"            cursor.removeSelectedText()

    def _on_serial_log(self, msg: str):
        """"""串口日志消息回调""""""
        ts = datetime.now().strftime(""%H:%M:%S"")
        self.serial_log.append(f""[{ts}] {msg}"")
        self._trim_log(self.serial_log)
        # 自动滚动到底部
        scrollbar = self.serial_log.verticalScrollBar()
        scrollbar.setValue(scrollbar.maximum())

    def _on_serial_frame_received(self, frame: bytes):
",""
"Function:frame_gen_widget.py:FrameGenWidget._on_serial_frame_received","_on_serial_frame_received","frame_gen_widget.py",1892,1915,false,"        scrollbar.setValue(scrollbar.maximum())

    def _on_serial_frame_received(self, frame: bytes):
        """"""收到串口帧后的解析与显示""""""
        try:
            if self.protocol_mode == ""south"":
                table_data = self.parser.parse_to_table(frame)
                key_fields = (""应用功能码 (AFN)"", ""数据标识 (DI)"", ""传输方向"")
            else:
                table_data = self.gdw_parser.parse_to_table(frame)
                key_fields = (""应用功能码(AFN)"", ""数据单元标识(DT)"", ""传输方向"")
            self._populate_response_table(table_data)
            summary_parts = []
            for item in table_data:
                field_name = item[0].strip()
                if field_name in key_fields:
                    parsed = str(item[2]) if item[2] else str(item[3])
                    summary_parts.append(f""{field_name}: {parsed}"")
            ts = datetime.now().strftime(""%H:%M:%S"")
            if summary_parts:
                self.serial_log.append(f""[{ts}] [解析] {' | '.join(summary_parts)}"")
            else:
                self.serial_log.append(f""[{ts}] [解析] 帧结构识别成功"")
        except Exception as e:
            ts = datetime.now().strftime(""%H:%M:%S"")
            self.serial_log.append(f""[{ts}] [解析失败] {e}"")

    def _populate_response_table(self, table_data: list):
",""
"Function:frame_gen_widget.py:FrameGenWidget._populate_response_table","_populate_response_table","frame_gen_widget.py",1917,1929,false,"            self.serial_log.append(f""[{ts}] [解析失败] {e}"")

    def _populate_response_table(self, table_data: list):
        """"""填充响应帧解析表格""""""
        self.response_table.setRowCount(0)
        for row, item in enumerate(table_data):
            field_name = item[0]
            raw_value = item[1]
            parsed_value = item[2]
            comment = item[3]
            self.response_table.insertRow(row)
            self.response_table.setItem(row, 0, QTableWidgetItem(str(field_name)))
            self.response_table.setItem(row, 1, QTableWidgetItem(str(raw_value)))
            self.response_table.setItem(row, 2, QTableWidgetItem(str(parsed_value)))
            self.response_table.setItem(row, 3, QTableWidgetItem(str(comment)))

    # ------------------------------------------------------------------
",""
"Function:frame_gen_widget.py:FrameGenWidget.set_protocol_mode","set_protocol_mode","frame_gen_widget.py",1934,1961,true,"    # 协议模式切换
    # ------------------------------------------------------------------
    def set_protocol_mode(self, mode: str):
        """"""切换协议模式: 'south' 或 'gdw'""""""
        if mode not in (""south"", ""gdw""):
            return
        self.protocol_mode = mode

        # 切换命令选择区
        if mode == ""south"":
            self.cmd_select_group.setTitle(""DI 选择"")
            self.di_combo.setVisible(True)
            self.afn_fn_combo.setVisible(False)
            self.south_config_group.setVisible(True)
            self.gdw_config_group.setVisible(False)
        else:
            self.cmd_select_group.setTitle(""AFN+Fn 选择"")
            self.di_combo.setVisible(False)
            self.afn_fn_combo.setVisible(True)
            self.south_config_group.setVisible(False)
            self.gdw_config_group.setVisible(True)

        # 清空当前选择
        self.di_combo.setCurrentIndex(0)
        self.afn_fn_combo.setCurrentIndex(0)
        self._current_di_key = None
        self._current_afn_fn = None
        self._rebuild_form(None)
        self.result_hex.clear()
        self.preview_table.setRowCount(0)

    # ------------------------------------------------------------------
",""
"Function:frame_gen_widget.py:FrameGenWidget.reset","reset","frame_gen_widget.py",1966,1994,true,"    # 公共接口
    # ------------------------------------------------------------------
    def reset(self):
        self.di_combo.setCurrentIndex(0)
        self.afn_fn_combo.setCurrentIndex(0)
        self.src_addr_input.setText(""000000000000"")
        self.dst_addr_input.setText(""000000000000"")
        self.gdw_src_addr.setText(""000000000000"")
        self.gdw_dst_addr.setText(""000000000000"")
        self.dir_combo.setCurrentIndex(0)
        self.prm_combo.setCurrentIndex(0)
        self.add_combo.setCurrentIndex(0)
        self.gdw_dir.setCurrentIndex(0)
        self.gdw_prm.setCurrentIndex(0)
        self.gdw_comm_type.setCurrentIndex(0)
        self.gdw_route_flag.setCurrentIndex(0)
        self.gdw_comm_module.setCurrentIndex(0)
        self.gdw_relay_level.setCurrentIndex(0)
        self.gdw_seq.setText(""0"")
        self.gdw_channel.setText(""0"")
        self.gdw_resp_bytes.setText(""0"")
        self.result_hex.clear()
        if hasattr(self, 'preview_table'):
            self.preview_table.setRowCount(0)
        if hasattr(self, 'response_table'):
            self.response_table.setRowCount(0)
        self._custom_templates = []
        self._custom_mode = False
        self.mode_predefined_rb.setChecked(True)
        self.mode_custom_rb.setChecked(False)
        self._rebuild_form(None)
",""
"Function:extract_pdf.py:extract_pdf_text","extract_pdf_text","extract_pdf.py",2,29,true,"import fitz  # PyMuPDF

def extract_pdf_text(pdf_path):
    """"""提取 PDF 文本内容""""""
    doc = fitz.open(pdf_path)
    all_text = []
    
    print(f""PDF 文档信息:"")
    print(f""  总页数：{len(doc)}"")
    print(f""  标题：{doc.metadata.get('title', 'N/A')}"")
    print()
    
    for page_num in range(len(doc)):
        page = doc[page_num]
        text = page.get_text()
        
        if text.strip():
            all_text.append(f""\n{'='*80}\n第 {page_num + 1} 页\n{'='*80}\n"")
            all_text.append(text)
    
    doc.close()
    
    # 保存提取的文本
    with open('pdf_extract内容.txt', 'w', encoding='utf-8') as f:
        f.write('\n'.join(all_text))
    
    print(f""已提取 {len(all_text)} 段文本"")
    print(""完整内容已保存到：pdf_extract 内容.txt"")
    
    return '\n'.join(all_text)

if __name__ == ""__main__"":
",""
"Function:extract_doc_fields.py:extract_table_data","extract_table_data","extract_doc_fields.py",15,25,true,"all_text = pluz + '\n' + doc1 + '\n' + doc1_1

def extract_table_data(content):
    """"""Extract rows from HTML table in markdown content.""""""
    rows = []
    # Find table rows
    for tr_match in re.finditer(r'<tr>(.*?)</tr>', content, re.DOTALL):
        tr = tr_match.group(1)
        cells = re.findall(r'<td[^>]*>(.*?)</td>', tr, re.DOTALL)
        cells = [re.sub(r'<[^>]+>', '', c).strip() for c in cells]
        if cells and any(cells):
            rows.append(cells)
    return rows

def find_di_sections(text):",""
"Function:extract_doc_fields.py:find_di_sections","find_di_sections","extract_doc_fields.py",27,44,true,"    return rows

def find_di_sections(text):
    """"""Find all DI sections with their content.""""""
    sections = {}
    # Match DI headers
    pattern = re.compile(
        r'(?:^|\n)(#{1,6}\s+)?(E8\s+[0-9A-Fa-f]{2}\s+[0-9A-Fa-f]{2}\s+[0-9A-Fa-f]{2})[：:\s]+([^\n]+)\n'
        r'(.*?)'
        r'(?=(?:^|\n)(?:#{1,6}\s+)?(?:E8|6\.8|6\.9|附录)\s|\Z)',
        re.DOTALL
    )
    for m in pattern.finditer(text):
        di_str = m.group(2)
        name = m.group(3).strip()
        content = m.group(4)
        di_t = tuple(int(x, 16) for x in di_str.split())
        if di_t not in sections or len(content) > len(sections[di_t]['content']):
            sections[di_t] = {'name': name, 'content': content}
    return sections

sections = find_di_sections(all_text)",""
"Function:dlt645_parser.py:DLT645Parser._load_di_map","_load_di_map","dlt645_parser.py",7,21,false,"
    @staticmethod
    def _load_di_map():
        """"""从 JSON 文件加载完整的 DI 映射表""""""
        json_path = os.path.join(os.path.dirname(__file__), 'dlt645_di.json')

        try:
            with open(json_path, 'r', encoding='utf-8') as f:
                data = json.load(f)
                return data.get('di_map', {})
        except Exception as e:
            print(f""加载 DLT645 DI 映射表失败: {e}"")
            # 返回基本 DI 映射作为后备
            return {
                ""00010000"": {""name"": ""当前正向有功总电能"", ""unit"": ""kWh"", ""data_type"": ""XXXXXX.XX"", ""length"": 4},
                ""00020000"": {""name"": ""当前反向有功总电能"", ""unit"": ""kWh"", ""data_type"": ""XXXXXX.XX"", ""length"": 4},
            }

    @staticmethod
",""
"Function:dlt645_parser.py:DLT645Parser.check_frame","check_frame","dlt645_parser.py",24,30,true,"
    @staticmethod
    def check_frame(data: bytes) -> bool:
        if len(data) < 12:
            return False
        if data[0] != 0x68 or data[7] != 0x68 or data[-1] != 0x16:
            return False
        cs = sum(data[0:-2]) & 0xFF
        return cs == data[-2]

    @staticmethod
",""
"Function:dlt645_parser.py:DLT645Parser.parse","parse","dlt645_parser.py",33,171,true,"
    @staticmethod
    def parse(data: bytes) -> dict:
        result = {
            'valid': False,
            'protocol': 'DLT645-2007',
            'raw_hex': data.hex().upper(),
            'address': '',
            'control': 0,
            'control_desc': '',
            'data_length': 0,
            'data': b'',
            'di_code': '',
            'di_desc': '',
            'checksum': 0,
            'checksum_valid': False,
            'fields': []
        }

        # 加载 DI 映射表
        DI_MAP = DLT645Parser._load_di_map()

        if not DLT645Parser.check_frame(data):
            result['error'] = '无效的DLT645帧格式'
            return result

        result['valid'] = True
        result['address'] = data[1:7][::-1].hex().upper()
        result['control'] = data[8]
        result['data_length'] = data[9]
        # 数据域解码：每个字节减 0x33，使用 & 0xFF 确保结果在有效字节范围内
        result['data'] = bytes([(b - 0x33) & 0xFF for b in data[10:10+result['data_length']]])
        result['checksum'] = data[-2]
        result['checksum_valid'] = (sum(data[0:-2]) & 0xFF) == data[-2]

        # 解析数据标识DI(前4字节)
        if len(result['data']) >=4:
            di_val = int.from_bytes(result['data'][0:4], byteorder='little')
            di_code_str = f""{di_val:08X}""
            result['di_code'] = di_code_str
            # 从 JSON 加载的 DI_MAP 使用字符串键
            di_info = DI_MAP.get(di_code_str)
            if di_info:
                result['di_desc'] = di_info['name']
                result['di_unit'] = di_info.get('unit', '')
                result['di_data_type'] = di_info.get('data_type', '')
            else:
                result['di_desc'] = ""未知数据标识""
                result['di_unit'] = """"
                result['di_data_type'] = """"

        ctrl = result['control']
        ctrl_desc = []
        ctrl_parsed_value = []

        # 解析 D7 方向位
        if ctrl & 0x80:
            ctrl_parsed_value.append(""DIR=1(从站应答)"")
            ctrl_desc.append('从站应答')
            func = ctrl & 0x1F
            if func == 0x11:
                ctrl_desc.append('读数据应答')
                ctrl_parsed_value.append(""FUNC=11H(读数据应答)"")
            elif func == 0x12:
                ctrl_desc.append('读后续数据应答')
                ctrl_parsed_value.append(""FUNC=12H(读后续数据应答)"")
            elif func == 0x14:
                ctrl_desc.append('写数据应答')
                ctrl_parsed_value.append(""FUNC=14H(写数据应答)"")
            elif func == 0x13:
                ctrl_desc.append('读地址应答')
                ctrl_parsed_value.append(""FUNC=13H(读地址应答)"")
            elif func == 0x15:
                ctrl_desc.append('写地址应答')
                ctrl_parsed_value.append(""FUNC=15H(写地址应答)"")
            elif func == 0x16:
                ctrl_desc.append('冻结命令应答')
                ctrl_parsed_value.append(""FUNC=16H(冻结命令应答)"")
            elif func == 0x17:
                ctrl_desc.append('更改速率应答')
                ctrl_parsed_value.append(""FUNC=17H(更改速率应答)"")

            # D5 后续帧标志
            if ctrl & 0x20:
                ctrl_desc.append('有后续帧')
                ctrl_parsed_value.append(""D5=1(有后续帧)"")
            else:
                ctrl_parsed_value.append(""D5=0(无后续帧)"")
        else:
            ctrl_parsed_value.append(""DIR=0(主站请求)"")
            ctrl_desc.append('主站请求')
            func = ctrl & 0x1F
            if func == 0x11:
                ctrl_desc.append('读数据')
                ctrl_parsed_value.append(""FUNC=11H(读数据)"")
            elif func == 0x12:
                ctrl_desc.append('读后续数据')
                ctrl_parsed_value.append(""FUNC=12H(读后续数据)"")
            elif func == 0x14:
                ctrl_desc.append('写数据')
                ctrl_parsed_value.append(""FUNC=14H(写数据)"")
            elif func == 0x13:
                ctrl_desc.append('读通信地址')
                ctrl_parsed_value.append(""FUNC=13H(读通信地址)"")
            elif func == 0x15:
                ctrl_desc.append('写通信地址')
                ctrl_parsed_value.append(""FUNC=15H(写通信地址)"")
            elif func == 0x16:
                ctrl_desc.append('冻结命令')
                ctrl_parsed_value.append(""FUNC=16H(冻结命令)"")
            elif func == 0x17:
                ctrl_desc.append('更改通信速率')
                ctrl_parsed_value.append(""FUNC=17H(更改通信速率)"")
            elif func == 0x08:
                ctrl_desc.append('广播校时')
                ctrl_parsed_value.append(""FUNC=08H(广播校时)"")

        result['control_desc'] = ' | '.join(ctrl_desc)
        result['control_parsed'] = '; '.join(ctrl_parsed_value)

        result['fields'] = [
            ('帧起始符 1', '68H', '起始符'),
            ('从站地址', result['address'], '表地址，BCD编码，低位在前'),
            ('帧起始符 2', '68H', '起始符'),
            ('控制码', f""{ctrl:02X}H"", result['control_desc']),
            ('数据长度', f""{result['data_length']} 字节"", '数据域字节数'),
        ]

        if len(result['data']) >=4:
            result['fields'].append(('数据标识 DI', result['di_code'], result
... [truncated]",""
"Function:dlt645_parser.py:DLT645Parser.verify","verify","dlt645_parser.py",173,177,true,"        return result

    def verify(self, frame_bytes: bytes):
        """"""验证帧的协议一致性，返回 ValidationResult""""""
        from validator.dlt645_validator import DLT645Validator
        validator = DLT645Validator()
        return validator.verify(frame_bytes)
",""
"Function:dlt645_di_lookup.py:DLT645DILookup.__init__","__init__","dlt645_di_lookup.py",12,16,false,"    """"""DLT645-2007 DI标识查询器""""""

    def __init__(self):
        self._di_map: dict = {}  # DI标识 -> DI信息
        self._data: List[Tuple[str, str, str, str, str, bool]] = []  # (di_code, di_name, unit, data_type, desc, is_custom)
        self._custom_file = os.path.join(os.path.dirname(__file__), 'dlt645_di_custom.json')
        self._load_di_map()

    def _load_di_map(self):",""
"Function:dlt645_di_lookup.py:DLT645DILookup._load_di_map","_load_di_map","dlt645_di_lookup.py",18,39,false,"        self._load_di_map()

    def _load_di_map(self):
        """"""从JSON文件加载DI映射表""""""
        json_path = os.path.join(os.path.dirname(__file__), 'dlt645_di.json')

        # 加载标准DI定义
        standard_dis = {}
        if os.path.exists(json_path):
            try:
                with open(json_path, 'r', encoding='utf-8') as f:
                    data = json.load(f)
                    standard_dis = data.get('di_map', {})
            except Exception as e:
                print(f""加载DLT645 DI文件失败: {e}"")

        # 加载自定义DI
        custom_dis = self._load_custom_di()

        # 合并标准DI和自定义DI
        self._di_map = {**standard_dis, **custom_dis}

        # 准备查询数据
        self._rebuild_data_list()

    def _load_custom_di(self) -> dict:",""
"Function:dlt645_di_lookup.py:DLT645DILookup._load_custom_di","_load_custom_di","dlt645_di_lookup.py",41,62,false,"        self._rebuild_data_list()

    def _load_custom_di(self) -> dict:
        """"""加载自定义DI列表""""""
        if not os.path.exists(self._custom_file):
            return {}
        try:
            with open(self._custom_file, 'r', encoding='utf-8') as f:
                data = json.load(f)
                # 将列表转换为字典
                result = {}
                for item in data:
                    di_code = item.get('di_code', '').upper()
                    if di_code:
                        result[di_code] = {
                            'name': item.get('name', ''),
                            'unit': item.get('unit', ''),
                            'data_type': item.get('data_type', ''),
                            'length': item.get('length', 4)
                        }
                return result
        except Exception as e:
            print(f""加载自定义DI失败: {e}"")
            return {}

    def _rebuild_data_list(self):",""
"Function:dlt645_di_lookup.py:DLT645DILookup._rebuild_data_list","_rebuild_data_list","dlt645_di_lookup.py",64,93,false,"            return {}

    def _rebuild_data_list(self):
        """"""重建数据列表""""""
        self._data = []
        custom_codes = set()

        # 首先收集自定义DI代码
        if os.path.exists(self._custom_file):
            try:
                with open(self._custom_file, 'r', encoding='utf-8') as f:
                    data = json.load(f)
                    for item in data:
                        custom_codes.add(item.get('di_code', '').upper())
            except:
                pass

        # 构建数据列表
        for di_code, info in self._di_map.items():
            di_code = di_code.upper()
            is_custom = di_code in custom_codes

            di_name = info.get('name', '')
            unit = info.get('unit', '')
            data_type = info.get('data_type', '')
            length = info.get('length', 4)

            desc = f""数据类型: {data_type}, 长度: {length}字节""
            if unit:
                desc += f"", 单位: {unit}""

            self._data.append((di_code, di_name, unit, data_type, desc, is_custom))

    def search(self, keyword: str) -> List[Tuple[str, str, str, str, str, bool]]:",""
"Function:dlt645_di_lookup.py:DLT645DILookup.search","search","dlt645_di_lookup.py",95,107,true,"            self._data.append((di_code, di_name, unit, data_type, desc, is_custom))

    def search(self, keyword: str) -> List[Tuple[str, str, str, str, str, bool]]:
        """"""搜索DI标识""""""
        keyword = keyword.strip().upper()
        results = []

        for item in self._data:
            di_code, di_name, unit, data_type, desc, is_custom = item
            # 搜索DI代码、名称、数据类型
            search_text = f""{di_code} {di_name} {data_type}"".upper()
            if keyword in search_text:
                results.append(item)

        return results

    def get_di_info(self, di_code: str) -> Optional[dict]:",""
"Function:dlt645_di_lookup.py:DLT645DILookup.get_di_info","get_di_info","dlt645_di_lookup.py",109,111,true,"        return results

    def get_di_info(self, di_code: str) -> Optional[dict]:
        """"""获取指定DI的详细信息""""""
        return self._di_map.get(di_code.upper())

    @property",""
"Function:dlt645_di_lookup.py:DLT645DILookup.data","data","dlt645_di_lookup.py",114,116,true,"
    @property
    def data(self) -> List[Tuple[str, str, str, str, str, bool]]:
        """"""获取所有DI数据""""""
        return self._data.copy()

    def add_custom_di(self, di_code: str, name: str, unit: str = """", data_type: str = """", length: int = 4) -> bool:",""
"Function:dlt645_di_lookup.py:DLT645DILookup.add_custom_di","add_custom_di","dlt645_di_lookup.py",118,167,true,"        return self._data.copy()

    def add_custom_di(self, di_code: str, name: str, unit: str = """", data_type: str = """", length: int = 4) -> bool:
        """"""添加自定义DI""""""
        di_code = di_code.upper().strip()
        if not di_code or len(di_code) != 8:
            return False

        # 验证DI代码格式（必须是8位十六进制）
        try:
            int(di_code, 16)
        except ValueError:
            return False

        # 添加到自定义列表
        custom_list = []
        if os.path.exists(self._custom_file):
            try:
                with open(self._custom_file, 'r', encoding='utf-8') as f:
                    custom_list = json.load(f)
            except:
                pass

        # 检查是否已存在
        for item in custom_list:
            if item.get('di_code', '').upper() == di_code:
                # 更新
                item['name'] = name
                item['unit'] = unit
                item['data_type'] = data_type
                item['length'] = length
                break
        else:
            # 新增
            custom_list.append({
                'di_code': di_code,
                'name': name,
                'unit': unit,
                'data_type': data_type,
                'length': length
            })

        # 保存
        try:
            with open(self._custom_file, 'w', encoding='utf-8') as f:
                json.dump(custom_list, f, ensure_ascii=False, indent=2)
            # 重新加载
            self._load_di_map()
            return True
        except Exception as e:
            print(f""保存自定义DI失败: {e}"")
            return False

    def delete_custom_di(self, di_code: str) -> bool:",""
"Function:dlt645_di_lookup.py:DLT645DILookup.delete_custom_di","delete_custom_di","dlt645_di_lookup.py",169,197,true,"            return False

    def delete_custom_di(self, di_code: str) -> bool:
        """"""删除自定义DI""""""
        di_code = di_code.upper().strip()

        if not os.path.exists(self._custom_file):
            return False

        try:
            with open(self._custom_file, 'r', encoding='utf-8') as f:
                custom_list = json.load(f)

            # 过滤掉要删除的
            original_len = len(custom_list)
            custom_list = [item for item in custom_list if item.get('di_code', '').upper() != di_code]

            if len(custom_list) == original_len:
                return False  # 没找到

            # 保存
            with open(self._custom_file, 'w', encoding='utf-8') as f:
                json.dump(custom_list, f, ensure_ascii=False, indent=2)

            # 重新加载
            self._load_di_map()
            return True

        except Exception as e:
            print(f""删除自定义DI失败: {e}"")
            return False

",""
"Function:dlt645_di_lookup.py:get_dlt645_di_lookup","get_dlt645_di_lookup","dlt645_di_lookup.py",204,209,true,"

def get_dlt645_di_lookup() -> DLT645DILookup:
    """"""获取DLT645 DI查询器单例""""""
    global _dlt645_di_lookup
    if _dlt645_di_lookup is None:
        _dlt645_di_lookup = DLT645DILookup()
    return _dlt645_di_lookup",""
"Function:dlms_parser.py:DLMSParser.parse_to_table","parse_to_table","dlms_parser.py",70,87,true,"    }

    def parse_to_table(self, dlms_data: bytes) -> list:
        """"""解析DLMS数据到表格格式""""""
        table_data = []
        
        if len(dlms_data) < 2:
            table_data.append((""错误"", ""-"", ""-"", ""数据过短"", None, None))
            return table_data

        offset = 0

        # 尝试解析HDLC帧（如果以0x7E开头）
        if dlms_data[0] == 0x7E:
            self._parse_hdlc_frame(dlms_data, table_data, offset)
            return table_data

        # 直接解析APDU
        self._parse_apdu(dlms_data, table_data, offset)
        return table_data

    def _parse_hdlc_frame(self, data: bytes, table_data: list, offset: int):
",""
"Function:dlms_parser.py:DLMSParser._parse_hdlc_frame","_parse_hdlc_frame","dlms_parser.py",89,113,false,"        return table_data

    def _parse_hdlc_frame(self, data: bytes, table_data: list, offset: int):
        """"""解析HDLC封装的DLMS帧""""""
        table_data.append((""HDLC起始符"", f""0x{data[offset]:02X}"", ""0x7E"", ""HDLC帧起始标志"", offset, offset))
        offset += 1

        # HDLC地址字段（简化）
        if len(data) > offset:
            addr_field = data[offset]
            table_data.append((""HDLC地址域"", f""0x{addr_field:02X}"", """", """", offset, offset))
            offset += 1

        # HDLC控制字段
        if len(data) > offset:
            ctrl_field = data[offset]
            table_data.append((""HDLC控制域"", f""0x{ctrl_field:02X}"", """", """", offset, offset))
            offset += 1

        # HCS（HDLC校验和）
        if len(data) > offset + 1:
            hcs = struct.unpack('<H', data[offset:offset+2])[0]
            table_data.append((""HCS校验"", f""0x{hcs:04X}"", """", """", offset, offset+1))
            offset += 2

        # 解析内部APDU
        self._parse_apdu(data[offset:], table_data, offset)

    def _parse_apdu(self, data: bytes, table_data: list, offset: int):
",""
"Function:dlms_parser.py:DLMSParser._parse_apdu","_parse_apdu","dlms_parser.py",115,172,false,"        self._parse_apdu(data[offset:], table_data, offset)

    def _parse_apdu(self, data: bytes, table_data: list, offset: int):
        """"""解析DLMS APDU""""""
        start_offset = offset

        if len(data) < 2:
            return

        # 控制字段
        ctrl_field = data[0]
        ctrl_desc = """"
        
        # 分析控制字段
        if ctrl_field == 0x00:
            ctrl_desc = ""长格式""
        elif ctrl_field == 0x01:
            ctrl_desc = ""短格式""
        
        table_data.append((""DLMS控制字段"", f""0x{ctrl_field:02X}"", ctrl_desc, """", offset, offset))
        offset += 1

        # 根据控制字段判断格式
        if ctrl_field == 0x00:
            # 长格式：目标地址(4字节) + 源地址(1字节) + APDU
            if len(data) > offset + 4:
                dst_addr = data[offset:offset + 4]
                table_data.append((""  目标地址"", dst_addr.hex(' ').upper(), f""4字节"", ""长格式目标地址"", offset, offset + 3))
                offset += 4
            
            if len(data) > offset:
                src_addr = data[offset]
                table_data.append((""  源地址"", f""0x{src_addr:02X}"", f""1字节"", """", offset, offset))
                offset += 1
        
        # APDU类型（可能是下一个字节）
        if len(data) > offset:
            apdu_byte = data[offset]
            
            # 检查是否是已知的APDU类型
            if apdu_byte in self.APDU_TYPES:
                apdu_name = self.APDU_TYPES[apdu_byte]
                table_data.append((""APDU类型"", f""0x{apdu_byte:02X}"", apdu_name, """", offset, offset))
                offset += 1
                
                # 继续解析具体APDU内容
                self._parse_apdu_content(data[offset:], table_data, offset, apdu_byte)
            else:
                # 可能APDU类型在更后面的位置
                # 尝试寻找常见的APDU类型
                for i in range(min(10, len(data) - offset)):
                    if data[offset + i] in self.APDU_TYPES:
                        apdu_name = self.APDU_TYPES[data[offset + i]]
                        table_data.append((""  APDU类型(偏移{}字节)"".format(i), f""0x{data[offset + i]:02X}"", apdu_name, """", offset + i, offset + i))
                        offset = offset + i + 1
                        self._parse_apdu_content(data[offset:], table_data, offset, data[offset - 1])
                        break
                else:
                    # 未识别，显示原始数据
                    table_data.append((""  APDU数据"", data[offset:offset+20].hex(' ').upper() + (""..."" if len(data) > offset + 20 else """"), f""{len(data) - offset}字节"", ""未识别的APDU格式"", offset, len(data) - 1))

    def _parse_apdu_content(self, data: bytes, table_data: list, offset: int, apdu_type: int):
",""
"Function:dlms_parser.py:DLMSParser._parse_apdu_content","_parse_apdu_content","dlms_parser.py",174,244,false,"                    table_data.append((""  APDU数据"", data[offset:offset+20].hex(' ').upper() + (""..."" if len(data) > offset + 20 else """"), f""{len(data) - offset}字节"", ""未识别的APDU格式"", offset, len(data) - 1))

    def _parse_apdu_content(self, data: bytes, table_data: list, offset: int, apdu_type: int):
        """"""解析APDU具体内容""""""
        if apdu_type == 0xC0:  # Get-Request
            if len(data) >= 1:
                invoke_id = data[0]
                table_data.append((""  调用ID"", f""0x{invoke_id:02X}"", str(invoke_id), """", offset, offset))
                offset += 1
                
                if len(data) >= offset + 1:
                    selector = data[offset]
                    selector_map = {0x01: ""变量"", 0x02: ""变量组"", 0x03: ""属性""}
                    selector_name = selector_map.get(selector, f""未知(0x{selector:02X})"")
                    table_data.append((""  选择符"", f""0x{selector:02X}"", selector_name, """", offset, offset))
                    offset += 1
                    
                    # OBIS码（6字节）
                    if len(data) >= offset + 6:
                        obis = data[offset:offset + 6]
                        obis_str = ""."".join(str(b) for b in obis)
                        table_data.append((""  OBIS码"", obis.hex(' ').upper(), obis_str, ""对象标识"", offset, offset + 5))
                        offset += 6
                        
                        # 属性索引
                        if len(data) >= offset + 1:
                            attr_idx = data[offset]
                            table_data.append((""  属性索引"", f""0x{attr_idx:02X}"", str(attr_idx), """", offset, offset))
                            offset += 1
                            
                            # 数据值
                            if len(data) >= offset + 1:
                                value_data = data[offset:]
                                self._parse_dlms_data(value_data, table_data, offset, ""  数据值"")
        
        elif apdu_type == 0xC4:  # Get-Response
            if len(data) >= 1:
                invoke_id = data[0]
                table_data.append((""  调用ID"", f""0x{invoke_id:02X}"", str(invoke_id), """", offset, offset))
                offset += 1
                
                if len(data) >= offset + 1:
                    result = data[offset]
                    result_map = {0x00: ""成功"", 0x01: ""硬件故障"", 0x02: ""临时失败""}
                    result_name = result_map.get(result, f""未知(0x{result:02X})"")
                    table_data.append((""  结果"", f""0x{result:02X}"", result_name, """", offset, offset))
                    offset += 1
                    
                    if result == 0x00 and len(data) >= offset + 1:
                        value_data = data[offset:]
                        self._parse_dlms_data(value_data, table_data, offset, ""  返回数据"")
        
        elif apdu_type in [0xC1, 0xC5]:  # Set-Request/Response
            if len(data) >= 1:
                invoke_id = data[0]
                table_data.append((""  调用ID"", f""0x{invoke_id:02X}"", str(invoke_id), """", offset, offset))
                offset += 1
        
        elif apdu_type in [0xC3, 0xC7]:  # Action-Request/Response
            if len(data) >= 1:
                invoke_id = data[0]
                table_data.append((""  调用ID"", f""0x{invoke_id:02X}"", str(invoke_id), """", offset, offset))
                offset += 1
        
        elif apdu_type == 0x01:  # AARQ
            if len(data) >= 1:
                table_data.append((""  协议版本"", f""0x{data[0]:02X}"", str(data[0]), """", offset, offset))
        
        elif apdu_type == 0x02:  # AARE
            if len(data) >= 1:
                result_map = {0x00: ""接受"", 0x01: ""拒绝-永久"", 0x02: ""拒绝-临时""}
                result_name = result_map.get(data[0], f""未知(0x{data[0]:02X})"")
                table_data.append((""  结果"", f""0x{data[0]:02X}"", result_name, """", offset, offset))

    def _parse_get_apdu(self, data: bytes, table_data: list, offset: int, is_request: bool):
",""
"Function:dlms_parser.py:DLMSParser._parse_get_apdu","_parse_get_apdu","dlms_parser.py",246,300,false,"                table_data.append((""  结果"", f""0x{data[0]:02X}"", result_name, """", offset, offset))

    def _parse_get_apdu(self, data: bytes, table_data: list, offset: int, is_request: bool):
        """"""解析Get请求/响应""""""
        if len(data) < 1:
            return

        # 调用ID
        if len(data) >= 2:
            invoke_id = data[0]
            table_data.append((""  调用ID"", f""0x{invoke_id:02X}"", str(invoke_id), """", offset, offset))
            offset += 1

        if is_request:
            # Get-Request
            if len(data) > offset:
                selector = data[offset]
                selector_map = {0x01: ""变量"", 0x02: ""变量组"", 0x03: ""属性""}
                selector_name = selector_map.get(selector, f""未知(0x{selector:02X})"")
                table_data.append((""  选择符"", f""0x{selector:02X}"", selector_name, """", offset, offset))
                offset += 1

                # OBIS码（6字节）
                if len(data) >= offset + 6:
                    obis = data[offset:offset + 6]
                    obis_str = ""."".join(str(b) for b in obis)
                    table_data.append((""  OBIS码"", obis.hex(' ').upper(), obis_str, ""对象标识"", offset, offset + 5))
                    offset += 6

                # 属性索引
                if len(data) > offset:
                    attr_idx = data[offset]
                    table_data.append((""  属性索引"", f""0x{attr_idx:02X}"", str(attr_idx), """", offset, offset))
                    offset += 1

                # 值（可选）
                if len(data) > offset:
                    value_data = data[offset:]
                    value_type = value_data[0]
                    type_name = self.DATA_TYPES.get(value_type, f""未知(0x{value_type:02X})"")
                    table_data.append((""  请求值"", value_data.hex(' ').upper()[:30] + (""..."" if len(value_data) > 15 else """"), type_name, """", offset, offset + len(value_data) - 1))
        else:
            # Get-Response
            if len(data) > offset:
                result = data[offset]
                result_map = {0x00: ""成功"", 0x01: ""硬件故障"", 0x02: ""临时失败"", 0x03: ""读写对象未定义"",
                             0x09: ""对象未定义"", 0x0B: ""对象访问被拒绝"", 0x0D: ""对象未激活""}
                result_name = result_map.get(result, f""未知(0x{result:02X})"")
                table_data.append((""  结果"", f""0x{result:02X}"", result_name, """", offset, offset))
                offset += 1

                # 数据（如果成功）
                if result == 0x00 and len(data) > offset:
                    value_data = data[offset:]
                    value_type = value_data[0]
                    type_name = self.DATA_TYPES.get(value_type, f""未知(0x{value_type:02X})"")
                    self._parse_dlms_data(value_data, table_data, offset, ""  返回数据"")

    def _parse_set_apdu(self, data: bytes, table_data: list, offset: int):
",""
"Function:dlms_parser.py:DLMSParser._parse_set_apdu","_parse_set_apdu","dlms_parser.py",302,311,false,"                    self._parse_dlms_data(value_data, table_data, offset, ""  返回数据"")

    def _parse_set_apdu(self, data: bytes, table_data: list, offset: int):
        """"""解析Set请求/响应""""""
        if len(data) < 1:
            return

        # 调用ID
        if len(data) >= 1:
            invoke_id = data[0]
            table_data.append((""  调用ID"", f""0x{invoke_id:02X}"", str(invoke_id), """", offset, offset))
            offset += 1

    def _parse_action_apdu(self, data: bytes, table_data: list, offset: int):
",""
"Function:dlms_parser.py:DLMSParser._parse_action_apdu","_parse_action_apdu","dlms_parser.py",313,322,false,"            offset += 1

    def _parse_action_apdu(self, data: bytes, table_data: list, offset: int):
        """"""解析Action请求/响应""""""
        if len(data) < 1:
            return

        # 调用ID
        if len(data) >= 1:
            invoke_id = data[0]
            table_data.append((""  调用ID"", f""0x{invoke_id:02X}"", str(invoke_id), """", offset, offset))
            offset += 1

    def _parse_aarq(self, data: bytes, table_data: list, offset: int):
",""
"Function:dlms_parser.py:DLMSParser._parse_aarq","_parse_aarq","dlms_parser.py",324,332,false,"            offset += 1

    def _parse_aarq(self, data: bytes, table_data: list, offset: int):
        """"""解析AARQ（关联请求）""""""
        if len(data) < 1:
            return

        # 协议版本
        if len(data) >= 1:
            table_data.append((""  协议版本"", f""0x{data[0]:02X}"", str(data[0]), """", offset, offset))
            offset += 1

    def _parse_aare(self, data: bytes, table_data: list, offset: int):
",""
"Function:dlms_parser.py:DLMSParser._parse_aare","_parse_aare","dlms_parser.py",334,344,false,"            offset += 1

    def _parse_aare(self, data: bytes, table_data: list, offset: int):
        """"""解析AARE（关联响应）""""""
        if len(data) < 1:
            return

        # 结果
        if len(data) >= 1:
            result_map = {0x00: ""接受"", 0x01: ""拒绝-永久"", 0x02: ""拒绝-临时""}
            result_name = result_map.get(data[0], f""未知(0x{data[0]:02X})"")
            table_data.append((""  结果"", f""0x{data[0]:02X}"", result_name, """", offset, offset))
            offset += 1

    def _parse_dlms_data(self, data: bytes, table_data: list, offset: int, label: str):
",""
"Function:dlms_parser.py:DLMSParser._parse_dlms_data","_parse_dlms_data","dlms_parser.py",346,378,false,"            offset += 1

    def _parse_dlms_data(self, data: bytes, table_data: list, offset: int, label: str):
        """"""解析DLMS数据值""""""
        if len(data) < 1:
            return

        data_type = data[0]
        type_name = self.DATA_TYPES.get(data_type, f""未知(0x{data_type:02X})"")

        if data_type == 0x09:  # Visible-String
            str_len = data[1] if len(data) > 1 else 0
            if len(data) >= 2 + str_len:
                str_val = data[2:2+str_len].decode('ascii', errors='replace')
                table_data.append((label, data[:2+str_len].hex(' ').upper(), str_val, f""Visible-String({str_len}字节)"", offset, offset + 1 + str_len))
        elif data_type == 0x0A:  # UTF8-String
            str_len = data[1] if len(data) > 1 else 0
            if len(data) >= 2 + str_len:
                str_val = data[2:2+str_len].decode('utf-8', errors='replace')
                table_data.append((label, data[:2+str_len].hex(' ').upper(), str_val, f""UTF8-String({str_len}字节)"", offset, offset + 1 + str_len))
        elif data_type == 0x06:  # Octet-String
            str_len = data[1] if len(data) > 1 else 0
            if len(data) >= 2 + str_len:
                hex_val = data[2:2+str_len].hex(' ').upper()
                table_data.append((label, data[:2+str_len].hex(' ').upper(), hex_val[:30] + (""..."" if len(hex_val) > 30 else """"), f""Octet-String({str_len}字节)"", offset, offset + 1 + str_len))
        elif data_type == 0x0F:  # Long-Unsigned
            if len(data) >= 3:
                val = struct.unpack('>H', data[1:3])[0]
                table_data.append((label, data[:3].hex(' ').upper(), str(val), ""Long-Unsigned"", offset, offset + 2))
        elif data_type == 0x12:  # Long64-Unsigned
            if len(data) >= 9:
                val = struct.unpack('>Q', data[1:9])[0]
                table_data.append((label, data[:9].hex(' ').upper(), str(val), ""Long64-Unsigned"", offset, offset + 8))
        else:
            table_data.append((label, data.hex(' ').upper()[:30] + (""..."" if len(data) > 15 else """"), type_name, """", offset, offset + len(data) - 1))
",""
"Function:dlms_deep_parser.py:DLMSDeepParser.parse_action_request","parse_action_request","dlms_deep_parser.py",102,237,true,"    }

    def parse_action_request(self, data: bytes, base_offset: int) -> List[Tuple]:
        """"""
        解析 Action-Request (0xC2)
        参考 dlmslib 的解析逻辑
        """"""
        table_data = []
        offset = 0
        local_base = base_offset

        # Action-Request 结构:
        # - Invoke-Id-And-Priority (1 byte): 高4位=Invoke-ID, 低2位=Priority
        if len(data) > offset:
            invoke_byte = data[offset]
            invoke_id = (invoke_byte >> 4) & 0x0F
            priority = invoke_byte & 0x03
            
            table_data.append((
                ""    调用ID (Invoke-ID)"",
                f""0x{invoke_byte:02X}"",
                f""Invoke-ID={invoke_id}, Priority={priority}"",
                ""请求标识符和优先级"",
                local_base + offset,
                local_base + offset
            ))
            offset += 1

        # 检查是否有 SEQUENCE 标签 (0x30 或 0xA0 等)
        # 但在某些编码中，SEQUENCE 可能是隐式的
        if len(data) > offset:
            # 尝试解析 Cosem-Attribute-Descriptor
            # 这通常是: OBIS(6 bytes) + Class-ID(2 bytes) + Attribute-ID(2 bytes)
            
            # 检查是否是 OCTET STRING 标签 (0x09) 后跟 OBIS
            if data[offset] == 0x09 and len(data) >= offset + 8:
                # OCTET STRING (OBIS)
                obis_len = data[offset + 1]
                if obis_len == 6:
                    obis_bytes = data[offset + 2:offset + 8]
                    obis_str = ""."".join(str(b) for b in obis_bytes)
                    obis_tuple = tuple(obis_bytes)
                    obis_desc = self.OBIS_DESCRIPTIONS.get(obis_tuple, ""未知对象"")
                    
                    table_data.append((
                        ""    OBIS码"",
                        self._bytes_to_hex(obis_bytes),
                        obis_str,
                        f""对象标识: {obis_desc}"",
                        local_base + offset,
                        local_base + offset + 7
                    ))
                    offset += 8  # tag(1) + len(1) + data(6)
                    
                    # Class-ID (2 bytes)
                    if len(data) >= offset + 2:
                        class_id = struct.unpack('>H', data[offset:offset + 2])[0]
                        class_name = self.COSEM_CLASS_IDS.get(class_id, f""未知类({class_id})"")
                        
                        table_data.append((
                            ""    类ID (Class-ID)"",
                            f""0x{class_id:04X}"",
                            class_name,
                            ""COSEM对象类"",
                            local_base + offset,
                            local_base + offset + 1
                        ))
                        offset += 2
                        
                        # Attribute-ID (2 bytes)
                        if len(data) >= offset + 2:
                            attr_id = struct.unpack('>H', data[offset:offset + 2])[0]
                            
                            table_data.append((
                                ""    属性ID (Attribute-ID)"",
                                f""0x{attr_id:04X}"",
                                str(attr_id),
                                ""对象属性索引"",
                                local_base + offset,
                                local_base + offset + 1
                            ))
                            offset += 2
                            
                            # Method-ID (1 byte)
                            if len(data) > offset:
                                method_id = data[offset]
                                
                                table_data.append((
                                    ""    方法ID (Method-ID)"",
                                    f""0x{method_id:02X}"",
                                    str(method_id),
                                    ""操作方法"",
                                    local_base + offset,
                                    local_base + offset
                                ))
                                offset += 1
                                
                                # 可选参数 (Parameter)
                                if len(data) > offset:
                                    # 参数可能有上下文标签 [0] (0xA0 或 0xC0)
                                    if data[offset] in [0xA0, 0xC0]:
                                        # 有上下文标签
                                        param_tag = data[offset]
                                        table_data.append((
                                            ""    参数标签"",
                                            f""0x{param_tag:02X}"",
                                            ""[0] Parameter"",
                                            ""参数上下文标签"",
                                            local_base + offset,
                                            local_base + offset
                                        ))
... [truncated]",""
"Function:dlms_deep_parser.py:DLMSDeepParser._parse_dlms_data_value","_parse_dlms_data_value","dlms_deep_parser.py",239,441,false,"        return table_data

    def _parse_dlms_data_value(self, data: bytes, table_data: List, base_offset: int, label: str) -> int:
        """"""
        解析 DLMS 数据值（BER 编码）
        返回解析的字节数
        """"""
        if len(data) == 0:
            return 0

        offset = 0
        local_base = base_offset

        # 数据类型标签
        type_tag = data[0]
        offset += 1

        if type_tag not in self.DLMS_DATA_TYPES:
            # 未知类型
            table_data.append((
                label,
                self._bytes_to_hex(data[:10]) + (""..."" if len(data) > 10 else """"),
                f""未知类型(0x{type_tag:02X})"",
                ""无法识别的DLMS数据类型"",
                local_base,
                local_base + min(len(data) - 1, 9)
            ))
            return len(data)

        type_name, fixed_len, type_format = self.DLMS_DATA_TYPES[type_tag]

        # 处理变长类型（需要读取长度字段）
        if fixed_len == 0:
            if type_tag == 0x00:  # Null
                table_data.append((label, ""-"", ""Null"", ""空值"", local_base - 1, local_base - 1))
                return 1
            elif type_tag == 0x01:  # Array/Structure
                # 数组/结构：标签 + 元素数量 + 元素数据
                if len(data) > offset:
                    elem_count = data[offset]
                    offset += 1
                    
                    table_data.append((
                        label,
                        f""0x{type_tag:02X} {elem_count}"",
                        f""{type_name}, 元素数={elem_count}"",
                        ""复合数据类型"",
                        local_base - 1,
                        local_base
                    ))
                    
                    # 解析元素
                    if elem_count > 0 and len(data) > offset:
                        # 简化处理：显示原始数据
                        remaining = data[offset:]
                        table_data.append((
                            f""{label} (元素数据)"",
                            self._bytes_to_hex(remaining[:10]) + (""..."" if len(remaining) > 10 else """"),
                            f""{len(remaining)}字节"",
                            f""包含{elem_count}个元素"",
                            local_base + offset - 1,
                            local_base + min(offset + 8, len(data) - 1)
                        ))
                        return len(data)
                    return offset
            elif type_tag in [0x03, 0x06, 0x09, 0x0A, 0x0B]:  # 字符串/字节串类型
                if len(data) > offset:
                    str_len = data[offset]
                    offset += 1
                    
                    if len(data) >= offset + str_len:
                        str_data = data[offset:offset + str_len]
                        
                        if type_tag == 0x09:  # Visible-String (ASCII)
                            try:
                                str_value = str_data.decode('ascii', errors='replace')
                                table_data.append((
                                    label,
                                    self._bytes_to_hex(str_data),
                                    f'""{str_value}""',
                                    f""ASCII字符串({str_len}字节)"",
                                    local_base - 1,
                                    local_base + str_len
                                ))
                            except:
                                table_data.append((
                                    label,
                                    self._bytes_to_hex(str_data),
                                    f""{str_len}字节"",
                                    ""字节串数据"",
                                    local_base - 1,
                                    local_base + str_len
                                ))
                        elif type_tag == 0x06:  # Octet-String
                            # 检查是否是 DateTime (12字节)
                            if str_len == 12:
                                try:
                                    year = struct.unpack('>H', str_data[0:2])[0]
                                    month = str_data[2]
                                    day = str_data[3]
                                    hour = str_data[4]
                                    minute = str_data[5]
                                    second = str_data[6]
                                    dt_str = f""{year}-{month:02d}-{day:02d} {hour:02d}:{minute:02d}:{second:02d}""
                                    table_data.append((
                                        label + "" (DateTime)"",
                                        self._bytes_to_hex(str_data),
                                        dt_str,
                                        ""日期时间"",
                                        local_base - 1,
                                        local_base + str_len
                                    ))
                                e
... [truncated]",""
"Function:dlms_deep_parser.py:DLMSDeepParser._bytes_to_hex","_bytes_to_hex","dlms_deep_parser.py",444,446,false,"
    @staticmethod
    def _bytes_to_hex(data: bytes) -> str:
        """"""将字节转换为十六进制字符串""""""
        return ' '.join(f'{b:02X}' for b in data)


",""
"Function:dlms_deep_parser.py:parse_dlms_deep","parse_dlms_deep","dlms_deep_parser.py",449,477,true,"

def parse_dlms_deep(apdu_data: bytes, base_offset: int) -> List[Tuple]:
    """"""
    深度解析 DLMS APDU
    apdu_data: APDU 数据（不包含 LLC 头）
    base_offset: APDU 在原始帧中的起始位置
    """"""
    parser = DLMSDeepParser()
    table_data = []
    
    if len(apdu_data) == 0:
        return table_data
    
    apdu_type = apdu_data[0]
    
    if apdu_type == 0xC3:  # Action-Request
        return parser.parse_action_request(apdu_data[1:], base_offset + 1)
    elif apdu_type == 0xC7:  # Action-Response
        # 类似解析
        table_data.append((""    Action-Response"", f""0x{apdu_type:02X}"", ""操作响应"", """", base_offset, base_offset))
        return table_data
    elif apdu_type == 0xC0:  # Get-Request
        table_data.append((""    Get-Request"", f""0x{apdu_type:02X}"", ""读请求"", """", base_offset, base_offset))
        return table_data
    elif apdu_type == 0xC4:  # Get-Response
        table_data.append((""    Get-Response"", f""0x{apdu_type:02X}"", ""读响应"", """", base_offset, base_offset))
        return table_data
    else:
        table_data.append((""    未知APDU"", f""0x{apdu_type:02X}"", f""类型0x{apdu_type:02X}"", """", base_offset, base_offset))
        return table_data
",""
"Function:create_work_list.py:extract_di_downlink_fields","extract_di_downlink_fields","create_work_list.py",12,73,true,"all_text = pluz + '\n' + doc1 + '\n' + doc1_1

def extract_di_downlink_fields(text, di):
    """"""Extract downlink field definitions for a specific DI.""""""
    di_s = f'{di[0]:02X} {di[1]:02X} {di[2]:02X} {di[3]:02X}'
    
    # Find DI section
    pattern = re.compile(
        r'(?:^|\n)(#{1,6}\s+' + re.escape(di_s) + r'[：:\s]+[^\n]+)\n'
        r'(.*?)'
        r'(?=(?:^|\n)#{1,6}\s+(?:E8|6\.8|6\.9|附录)\s|\Z)',
        re.DOTALL
    )
    m = pattern.search(text)
    if not m:
        return None
    
    content = m.group(2)
    
    # Split into downlink and uplink sections
    downlink = None
    uplink = None
    
    if '下行报文' in content:
        parts = content.split('上行报文', 1)
        downlink = parts[0]
        if len(parts) > 1:
            uplink = parts[1]
    elif '无数据标识内容' in content or '无数据内容' in content:
        downlink = content  # No data, but capture for confirmation
    else:
        downlink = content  # Assume all is downlink if not explicitly split
    
    # Extract table rows from downlink section
    rows = []
    if downlink:
        for tr_match in re.finditer(r'<tr>(.*?)</tr>', downlink, re.DOTALL):
            tr = tr_match.group(1)
            cells = re.findall(r'<td[^>]*>(.*?)</td>', tr, re.DOTALL)
            cells = [re.sub(r'<[^>]+>', '', c).strip() for c in cells]
            if cells and any(cells):
                rows.append(cells)
    
    # Determine if no data
    has_nodata = downlink and ('无数据标识内容' in downlink or '无数据内容' in downlink)
    
    # Filter data rows (skip header rows)
    data_rows = []
    for row in rows:
        if len(row) >= 3:
            # Skip header row
            if any(k in row[0] for k in ['数据内容', '数据标识内容', '数据项', '名称']):
                if any(k in ' '.join(row) for k in ['数据格式', '字节数', '长度']):
                    continue
            # Skip rows that are clearly headers
            if row[0] in ['数据内容', '数据标识内容']:
                continue
            data_rows.append(row)
    
    return {
        'has_nodata': has_nodata,
        'data_rows': data_rows,
        'all_rows': rows
    }

# Build comprehensive work list",""
"Function:command_lookup.py:CommandLookup.__init__","__init__","command_lookup.py",30,50,false,"    }

    def __init__(self, custom_commands_file: Optional[str] = None):
        """"""
        初始化命令字查询器

        Args:
            custom_commands_file: 自定义命令字定义文件路径（JSON格式）
        """"""
        self.custom_commands: Dict[int, Tuple[str, str]] = {}
        self._data: List[Tuple] = []  # 用于表格显示的数据

        # 加载自定义命令字
        if custom_commands_file:
            self._load_custom_commands(custom_commands_file)
        else:
            # 默认保存位置
            default_path = Path(__file__).parent / ""custom_commands.json""
            if default_path.exists():
                self._load_custom_commands(str(default_path))

        # 构建数据列表
        self._build_data_list()

    def _load_custom_commands(self, filepath: str):",""
"Function:command_lookup.py:CommandLookup._load_custom_commands","_load_custom_commands","command_lookup.py",52,61,false,"        self._build_data_list()

    def _load_custom_commands(self, filepath: str):
        """"""从 JSON 文件加载自定义命令字""""""
        try:
            with open(filepath, 'r', encoding='utf-8') as f:
                data = json.load(f)
            for item in data:
                code = int(item['code'], 16) if isinstance(item['code'], str) else item['code']
                self.custom_commands[code] = (item['name'], item['desc'])
        except Exception as e:
            print(f""加载自定义命令字失败: {e}"")

    def save_custom_commands(self, filepath: Optional[str] = None) -> bool:",""
"Function:command_lookup.py:CommandLookup.save_custom_commands","save_custom_commands","command_lookup.py",63,82,true,"            print(f""加载自定义命令字失败: {e}"")

    def save_custom_commands(self, filepath: Optional[str] = None) -> bool:
        """"""保存自定义命令字到 JSON 文件""""""
        if filepath is None:
            filepath = str(Path(__file__).parent / ""custom_commands.json"")

        data = []
        for code, (name, desc) in self.custom_commands.items():
            data.append({
                'code': f""0x{code:04X}"",
                'name': name,
                'desc': desc
            })

        try:
            with open(filepath, 'w', encoding='utf-8') as f:
                json.dump(data, f, ensure_ascii=False, indent=2)
            return True
        except Exception as e:
            print(f""保存自定义命令字失败: {e}"")
            return False

    def _build_data_list(self):",""
"Function:command_lookup.py:CommandLookup._build_data_list","_build_data_list","command_lookup.py",84,105,false,"            return False

    def _build_data_list(self):
        """"""构建用于显示的数据列表""""""
        self._data = []

        # 标准命令字
        for code, (name, desc) in self.STANDARD_COMMANDS.items():
            self._data.append((code, name, desc, False))  # False = 非自定义

        # 自定义命令字（覆盖或追加）
        for code, (name, desc) in self.custom_commands.items():
            # 检查是否已存在
            found = False
            for i, (c, n, d, is_custom) in enumerate(self._data):
                if c == code:
                    self._data[i] = (code, name, desc, True)
                    found = True
                    break
            if not found:
                self._data.append((code, name, desc, True))

        # 按命令字排序
        self._data.sort(key=lambda x: x[0])

    def search(self, keyword: str) -> List[Tuple]:",""
"Function:command_lookup.py:CommandLookup.search","search","command_lookup.py",107,131,true,"        self._data.sort(key=lambda x: x[0])

    def search(self, keyword: str) -> List[Tuple]:
        """"""
        搜索命令字

        Args:
            keyword: 搜索关键词（命令字编码或名称）

        Returns:
            匹配的命令字列表
        """"""
        if not keyword:
            return self._data

        keyword = keyword.strip().upper()
        results = []

        for code, name, desc, is_custom in self._data:
            # 匹配命令字编码（支持 0x1101 或 1101 或 4353）
            code_hex = f""0x{code:04X}""
            code_dec = str(code)

            if keyword in code_hex or keyword in code_dec or keyword == name.upper() or keyword in desc.upper():
                results.append((code, name, desc, is_custom))

        return results

    def get_by_code(self, code: int) -> Optional[Tuple[str, str]]:",""
"Function:command_lookup.py:CommandLookup.get_by_code","get_by_code","command_lookup.py",133,141,true,"        return results

    def get_by_code(self, code: int) -> Optional[Tuple[str, str]]:
        """"""根据命令字编码获取名称和描述""""""
        # 先查自定义
        if code in self.custom_commands:
            return self.custom_commands[code]
        # 再查标准
        if code in self.STANDARD_COMMANDS:
            return self.STANDARD_COMMANDS[code]
        return None

    def add_custom(self, code: int, name: str, desc: str) -> bool:",""
"Function:command_lookup.py:CommandLookup.add_custom","add_custom","command_lookup.py",143,147,true,"        return None

    def add_custom(self, code: int, name: str, desc: str) -> bool:
        """"""添加自定义命令字""""""
        self.custom_commands[code] = (name, desc)
        self._build_data_list()
        return self.save_custom_commands()

    def delete_custom(self, code: int) -> bool:",""
"Function:command_lookup.py:CommandLookup.delete_custom","delete_custom","command_lookup.py",149,155,true,"        return self.save_custom_commands()

    def delete_custom(self, code: int) -> bool:
        """"""删除自定义命令字""""""
        if code in self.custom_commands:
            del self.custom_commands[code]
            self._build_data_list()
            return self.save_custom_commands()
        return False

",""
"Function:command_lookup.py:get_command_lookup","get_command_lookup","command_lookup.py",159,161,true,"
# 便捷函数
def get_command_lookup() -> CommandLookup:
    """"""获取命令字查询器实例""""""
    return CommandLookup()

",""
"Function:visual_editor/test_item_editor.py:VisualTestItemEditor.__init__","__init__","visual_editor/test_item_editor.py",23,42,false,"    """"""可视化测试项编辑器对话框""""""

    def __init__(self, parent=None, edit_data: Optional[Dict] = None,
                 protocol: str = ""south""):
        """"""
        参数:
            parent: 父窗口
            edit_data: 编辑模式下的测试项数据
            protocol: 当前协议类型
        """"""
        super().__init__(parent)
        self._edit_mode = edit_data is not None
        self._edit_data = edit_data or {}
        self._protocol = protocol
        self._result = None

        self.setWindowTitle(""编辑测试项"" if self._edit_mode else ""添加测试项"")
        self.setMinimumSize(700, 600)
        self._setup_ui()

        if self._edit_mode:
            self._load_edit_data()

    def _setup_ui(self):
",""
"Function:visual_editor/test_item_editor.py:VisualTestItemEditor._setup_ui","_setup_ui","visual_editor/test_item_editor.py",44,79,false,"            self._load_edit_data()

    def _setup_ui(self):
        """"""设置 UI""""""
        layout = QVBoxLayout(self)
        layout.setSpacing(8)

        # 标签页
        tab_widget = QTabWidget()

        # 基本模式标签页
        basic_tab = self._create_basic_tab()
        tab_widget.addTab(basic_tab, ""基本模式"")

        # 高级模式标签页（从解析结果导入）
        advanced_tab = self._create_advanced_tab()
        tab_widget.addTab(advanced_tab, ""从解析导入"")

        # 模板标签页
        template_tab = self._create_template_tab()
        tab_widget.addTab(template_tab, ""从模板导入"")

        layout.addWidget(tab_widget, 1)

        # 底部按钮
        btn_layout = QHBoxLayout()
        btn_layout.addStretch()

        ok_btn = QPushButton(""确定"")
        ok_btn.setDefault(True)
        ok_btn.clicked.connect(self._on_ok)
        btn_layout.addWidget(ok_btn)

        cancel_btn = QPushButton(""取消"")
        cancel_btn.clicked.connect(self.reject)
        btn_layout.addWidget(cancel_btn)

        layout.addLayout(btn_layout)

    def _create_basic_tab(self) -> QWidget:
",""
"Function:visual_editor/test_item_editor.py:VisualTestItemEditor._create_basic_tab","_create_basic_tab","visual_editor/test_item_editor.py",81,155,false,"        layout.addLayout(btn_layout)

    def _create_basic_tab(self) -> QWidget:
        """"""创建基本模式标签页""""""
        tab = QWidget()
        layout = QVBoxLayout(tab)
        layout.setSpacing(8)

        # 性质选择
        nature_group = QGroupBox(""测试项性质"")
        nature_layout = QHBoxLayout(nature_group)
        nature_layout.addWidget(QLabel(""性质:""))
        self._nature_combo = QComboBox()
        self._nature_combo.addItem(""发送帧 - 发送帧并等待匹配响应"", ""send"")
        self._nature_combo.addItem(""后台监听 - 持续监听匹配收到的帧"", ""listen"")
        self._nature_combo.addItem(""纯等待 - 仅等待指定时间"", ""wait"")
        self._nature_combo.currentIndexChanged.connect(self._on_nature_changed)
        nature_layout.addWidget(self._nature_combo, 1)
        layout.addWidget(nature_group)

        # 基本信息
        basic_group = QGroupBox(""基本信息"")
        basic_form = QFormLayout(basic_group)

        self._name_edit = QLineEdit()
        self._name_edit.setPlaceholderText(""输入测试项名称，如：查询厂商代码"")
        basic_form.addRow(""名称:"", self._name_edit)

        self._timeout_spin = QSpinBox()
        self._timeout_spin.setRange(100, 600000)
        self._timeout_spin.setValue(2000)
        self._timeout_spin.setSuffix("" ms"")
        basic_form.addRow(""超时:"", self._timeout_spin)

        layout.addWidget(basic_group)

        # 帧内容
        frame_group = QGroupBox(""帧内容"")
        frame_layout = QVBoxLayout(frame_group)

        frame_layout.addWidget(QLabel(""发送帧 (HEX):""))
        self._frame_edit = QLineEdit()
        self._frame_edit.setPlaceholderText(""输入十六进制报文，如：68 0C 00 00 03 00 01 03 00 E8 EF 16"")
        frame_layout.addWidget(self._frame_edit)

        # 匹配规则
        match_layout = QHBoxLayout()
        match_layout.addWidget(QLabel(""匹配规则:""))
        self._match_edit = QLineEdit()
        self._match_edit.setPlaceholderText(""XX 为通配符，如：68 XX 00 88 03 00 01 03 00 E8 XX XX 16"")
        match_layout.addWidget(self._match_edit, 1)

        self._match_mode_combo = QComboBox()
        self._match_mode_combo.addItems([""HEX"", ""ASCII""])
        match_layout.addWidget(self._match_mode_combo)

        frame_layout.addLayout(match_layout)

        # 启用匹配
        self._match_enabled_check = QCheckBox(""启用匹配"")
        self._match_enabled_check.setChecked(True)
        frame_layout.addWidget(self._match_enabled_check)

        layout.addWidget(frame_group)

        # 响应帧
        response_group = QGroupBox(""响应帧 (可选)"")
        response_layout = QVBoxLayout(response_group)

        response_layout.addWidget(QLabel(""匹配成功后自动发送的响应帧:""))
        self._response_edit = QLineEdit()
        self._response_edit.setPlaceholderText(""支持动态标记：【\""time\"",6,Y-M-D-h-m-s,\""little\""】【\""CS\"",1,3:-2】"")
        response_layout.addWidget(self._response_edit)

        layout.addWidget(response_group)

        return tab

    def _create_advanced_tab(self) -> QWidget:
",""
"Function:visual_editor/test_item_editor.py:VisualTestItemEditor._create_advanced_tab","_create_advanced_tab","visual_editor/test_item_editor.py",157,230,false,"        return tab

    def _create_advanced_tab(self) -> QWidget:
        """"""创建高级模式标签页（从解析导入）""""""
        tab = QWidget()
        layout = QVBoxLayout(tab)
        layout.setSpacing(8)

        # 说明
        info_label = QLabel(""在此粘贴一个完整的 HEX 报文，系统会自动解析并生成测试项。\n""
                           ""您可以选择需要匹配的字段，其他字段自动设为通配符。"")
        info_label.setWordWrap(True)
        info_label.setStyleSheet(""color: #666; padding: 8px;"")
        layout.addWidget(info_label)

        # 输入区
        input_group = QGroupBox(""输入报文"")
        input_layout = QVBoxLayout(input_group)

        self._import_hex_edit = QLineEdit()
        self._import_hex_edit.setPlaceholderText(""粘贴 HEX 报文，如：68 0E 00 88 03 00 01 03 00 E8 XX XX 16"")
        input_layout.addWidget(self._import_hex_edit)

        import_btn_layout = QHBoxLayout()
        parse_btn = QPushButton(""解析"")
        parse_btn.clicked.connect(self._on_parse_import)
        import_btn_layout.addWidget(parse_btn)

        from_file_btn = QPushButton(""从文件导入"")
        from_file_btn.clicked.connect(self._on_import_from_file)
        import_btn_layout.addWidget(from_file_btn)

        import_btn_layout.addStretch()
        input_layout.addLayout(import_btn_layout)

        layout.addWidget(input_group)

        # 解析结果
        result_group = QGroupBox(""解析结果 - 勾选需要匹配的字段"")
        result_layout = QVBoxLayout(result_group)

        self._import_result_table = QTableWidget()
        self._import_result_table.setColumnCount(5)
        self._import_result_table.setHorizontalHeaderLabels([""匹配"", ""字段"", ""原始值"", ""解析值"", ""说明""])
        header = self._import_result_table.horizontalHeader()
        header.setSectionResizeMode(QHeaderView.ResizeMode.Interactive)
        header.setStretchLastSection(True)
        self._import_result_table.setColumnWidth(0, 50)
        self._import_result_table.setColumnWidth(1, 120)
        self._import_result_table.setColumnWidth(2, 100)
        self._import_result_table.setColumnWidth(3, 100)
        result_layout.addWidget(self._import_result_table)

        # 全选/全不选
        select_btn_layout = QHBoxLayout()
        select_all_btn = QPushButton(""全选"")
        select_all_btn.clicked.connect(self._on_select_all_fields)
        select_btn_layout.addWidget(select_all_btn)

        deselect_all_btn = QPushButton(""全不选"")
        deselect_all_btn.clicked.connect(self._on_deselect_all_fields)
        select_btn_layout.addWidget(deselect_all_btn)

        select_btn_layout.addStretch()

        apply_btn = QPushButton(""应用到测试项"")
        apply_btn.setStyleSheet(
            ""QPushButton { background-color: #4CAF50; color: white; padding: 6px 16px; border-radius: 3px; }""
        )
        apply_btn.clicked.connect(self._on_apply_import)
        select_btn_layout.addWidget(apply_btn)

        result_layout.addLayout(select_btn_layout)
        layout.addWidget(result_group, 1)

        return tab

    def _create_template_tab(self) -> QWidget:
",""
"Function:visual_editor/test_item_editor.py:VisualTestItemEditor._create_template_tab","_create_template_tab","visual_editor/test_item_editor.py",232,278,false,"        return tab

    def _create_template_tab(self) -> QWidget:
        """"""创建模板标签页""""""
        tab = QWidget()
        layout = QVBoxLayout(tab)
        layout.setSpacing(8)

        # 说明
        info_label = QLabel(""从预置模板中选择测试项，快速添加到测试方案。"")
        info_label.setWordWrap(True)
        info_label.setStyleSheet(""color: #666; padding: 8px;"")
        layout.addWidget(info_label)

        # 模板选择
        template_group = QGroupBox(""选择模板"")
        template_layout = QVBoxLayout(template_group)

        # 模板列表
        self._template_table = QTableWidget()
        self._template_table.setColumnCount(4)
        self._template_table.setHorizontalHeaderLabels([""模板名称"", ""协议"", ""分类"", ""步骤数""])
        header = self._template_table.horizontalHeader()
        header.setSectionResizeMode(QHeaderView.ResizeMode.Stretch)
        self._template_table.setSelectionBehavior(QTableWidget.SelectRows)
        self._template_table.setEditTriggers(QTableWidget.NoEditTriggers)
        self._template_table.doubleClicked.connect(self._on_template_double_clicked)
        template_layout.addWidget(self._template_table)

        # 加载模板按钮
        btn_layout = QHBoxLayout()

        load_template_btn = QPushButton(""加载选中模板"")
        load_template_btn.clicked.connect(self._on_load_template)
        btn_layout.addWidget(load_template_btn)

        from_file_btn = QPushButton(""从文件加载模板"")
        from_file_btn.clicked.connect(self._on_load_template_from_file)
        btn_layout.addWidget(from_file_btn)

        btn_layout.addStretch()
        template_layout.addLayout(btn_layout)

        layout.addWidget(template_group, 1)

        # 加载模板数据
        self._load_template_list()

        return tab

    def _on_nature_changed(self, index):
",""
"Function:visual_editor/test_item_editor.py:VisualTestItemEditor._on_nature_changed","_on_nature_changed","visual_editor/test_item_editor.py",280,294,false,"        return tab

    def _on_nature_changed(self, index):
        """"""性质变化""""""
        nature = self._nature_combo.currentData()
        if nature == ""listen"":
            self._frame_edit.setEnabled(False)
            self._match_enabled_check.setChecked(True)
            self._match_enabled_check.setEnabled(False)
        elif nature == ""wait"":
            self._frame_edit.setEnabled(False)
            self._match_enabled_check.setChecked(False)
            self._match_enabled_check.setEnabled(False)
        else:
            self._frame_edit.setEnabled(True)
            self._match_enabled_check.setChecked(True)
            self._match_enabled_check.setEnabled(True)

    def _on_parse_import(self):
",""
"Function:visual_editor/test_item_editor.py:VisualTestItemEditor._on_parse_import","_on_parse_import","visual_editor/test_item_editor.py",296,340,false,"            self._match_enabled_check.setEnabled(True)

    def _on_parse_import(self):
        """"""解析导入的 HEX""""""
        hex_text = self._import_hex_edit.text().strip()
        if not hex_text:
            QMessageBox.warning(self, ""警告"", ""请输入 HEX 报文"")
            return

        # 清理 HEX
        clean_hex = hex_text.replace("" "", """").replace(""\n"", """")
        if len(clean_hex) % 2 != 0:
            QMessageBox.warning(self, ""警告"", ""HEX 长度必须是偶数"")
            return

        try:
            frame_bytes = bytes.fromhex(clean_hex)
        except ValueError as e:
            QMessageBox.critical(self, ""错误"", f""无效的 HEX 格式: {e}"")
            return

        # 尝试解析
        parse_result = self._try_parse(frame_bytes)
        if not parse_result:
            QMessageBox.warning(self, ""警告"", ""无法解析此报文，请检查格式"")
            return

        # 填充表格
        self._import_result_table.setRowCount(len(parse_result))
        for row_idx, row_data in enumerate(parse_result):
            # 匹配复选框
            check_item = QTableWidgetItem()
            check_item.setCheckState(Qt.Checked)
            check_item.setFlags(Qt.ItemIsUserCheckable | Qt.ItemIsEnabled)
            self._import_result_table.setItem(row_idx, 0, check_item)

            # 字段名
            self._import_result_table.setItem(row_idx, 1, QTableWidgetItem(str(row_data[0])))

            # 原始值
            self._import_result_table.setItem(row_idx, 2, QTableWidgetItem(str(row_data[1])))

            # 解析值
            self._import_result_table.setItem(row_idx, 3, QTableWidgetItem(str(row_data[2])))

            # 说明
            self._import_result_table.setItem(row_idx, 4, QTableWidgetItem(str(row_data[3])))

    def _try_parse(self, frame_bytes: bytes) -> Optional[List]:
",""
"Function:visual_editor/test_item_editor.py:VisualTestItemEditor._try_parse","_try_parse","visual_editor/test_item_editor.py",342,363,false,"            self._import_result_table.setItem(row_idx, 4, QTableWidgetItem(str(row_data[3])))

    def _try_parse(self, frame_bytes: bytes) -> Optional[List]:
        """"""尝试解析帧""""""
        try:
            from protocol_parser import ProtocolFrameParser
            from gdw10376_parser import GDW10376Parser
            from hdlc_parser import HDLCParser
            from plc_rf_parser import PLCRFProtocolParser
            from dlt645_parser import DLT645Parser

            # 识别协议并解析
            if frame_bytes[0] == 0x68 and frame_bytes[-1] == 0x16:
                parser = ProtocolFrameParser()
                return parser.parse_to_table(frame_bytes)
            elif frame_bytes[0] == 0x7E:
                parser = HDLCParser()
                return parser.parse_to_table(frame_bytes)
            elif frame_bytes[0] == 0x02:
                parser = PLCRFProtocolParser()
                return parser.parse_to_table(frame_bytes)
        except Exception as e:
            print(f""解析失败: {e}"")
        return None

    def _on_import_from_file(self):
",""
"Function:visual_editor/test_item_editor.py:VisualTestItemEditor._on_import_from_file","_on_import_from_file","visual_editor/test_item_editor.py",365,379,false,"        return None

    def _on_import_from_file(self):
        """"""从文件导入""""""
        file_path, _ = QFileDialog.getOpenFileName(
            self, ""导入报文"", """", ""文本文件 (*.txt);;所有文件 (*.*)""
        )
        if not file_path:
            return

        try:
            with open(file_path, 'r', encoding='utf-8') as f:
                content = f.read().strip()
            self._import_hex_edit.setText(content)
            self._on_parse_import()
        except Exception as e:
            QMessageBox.critical(self, ""导入失败"", str(e))

    def _on_select_all_fields(self):
",""
"Function:visual_editor/test_item_editor.py:VisualTestItemEditor._on_select_all_fields","_on_select_all_fields","visual_editor/test_item_editor.py",381,386,false,"            QMessageBox.critical(self, ""导入失败"", str(e))

    def _on_select_all_fields(self):
        """"""全选字段""""""
        for row in range(self._import_result_table.rowCount()):
            item = self._import_result_table.item(row, 0)
            if item:
                item.setCheckState(Qt.Checked)

    def _on_deselect_all_fields(self):
",""
"Function:visual_editor/test_item_editor.py:VisualTestItemEditor._on_deselect_all_fields","_on_deselect_all_fields","visual_editor/test_item_editor.py",388,393,false,"                item.setCheckState(Qt.Checked)

    def _on_deselect_all_fields(self):
        """"""全不选字段""""""
        for row in range(self._import_result_table.rowCount()):
            item = self._import_result_table.item(row, 0)
            if item:
                item.setCheckState(Qt.Unchecked)

    def _on_apply_import(self):
",""
"Function:visual_editor/test_item_editor.py:VisualTestItemEditor._on_apply_import","_on_apply_import","visual_editor/test_item_editor.py",395,415,false,"                item.setCheckState(Qt.Unchecked)

    def _on_apply_import(self):
        """"""应用导入结果到测试项""""""
        hex_text = self._import_hex_edit.text().strip()
        if not hex_text:
            QMessageBox.warning(self, ""警告"", ""请先解析报文"")
            return

        clean_hex = hex_text.replace("" "", """")

        # 生成匹配规则
        match_rule = self._generate_match_rule(clean_hex)

        # 设置到基本模式
        self._frame_edit.setText(self._format_hex(clean_hex))
        self._match_edit.setText(self._format_hex(match_rule))

        # 生成名称
        if not self._name_edit.text():
            self._name_edit.setText(f""导入的帧-{datetime.now().strftime('%H%M%S')}"")

        QMessageBox.information(self, ""成功"", ""已应用到测试项，请切换到基本模式查看"")

    def _generate_match_rule(self, hex_str: str) -> str:
",""
"Function:visual_editor/test_item_editor.py:VisualTestItemEditor._generate_match_rule","_generate_match_rule","visual_editor/test_item_editor.py",417,441,false,"        QMessageBox.information(self, ""成功"", ""已应用到测试项，请切换到基本模式查看"")

    def _generate_match_rule(self, hex_str: str) -> str:
        """"""根据字段选择生成匹配规则""""""
        # 如果没有解析结果，返回全通配
        if self._import_result_table.rowCount() == 0:
            return hex_str

        # 构建匹配规则
        rule_chars = list(hex_str)

        for row in range(self._import_result_table.rowCount()):
            check_item = self._import_result_table.item(row, 0)
            if not check_item or check_item.checkState() != Qt.Checked:
                # 未选中的字段设为通配符
                # 获取原始值的字节位置
                original = self._import_result_table.item(row, 2)
                if original:
                    orig_hex = original.text().replace("" "", """")
                    # 在 hex_str 中查找并替换为 XX
                    pos = hex_str.find(orig_hex)
                    if pos >= 0:
                        for i in range(len(orig_hex)):
                            if pos + i < len(rule_chars):
                                rule_chars[pos + i] = 'X' if i % 2 == 0 else 'X'

        return """".join(rule_chars)

    def _on_load_template(self):
",""
"Function:visual_editor/test_item_editor.py:VisualTestItemEditor._on_load_template","_on_load_template","visual_editor/test_item_editor.py",443,462,false,"        return """".join(rule_chars)

    def _on_load_template(self):
        """"""加载选中的模板""""""
        current_row = self._template_table.currentRow()
        if current_row < 0:
            QMessageBox.warning(self, ""警告"", ""请先选择一个模板"")
            return

        # 获取模板名称
        name_item = self._template_table.item(current_row, 0)
        if not name_item:
            return

        template_name = name_item.text()

        # 加载模板
        from templates.test_templates import get_template_by_name
        template = get_template_by_name(template_name)
        if template:
            self._loaded_template = template
            QMessageBox.information(self, ""成功"", f""已加载模板: {template_name}\n共 {len(template.items)} 个步骤"")

    def _on_load_template_from_file(self):
",""
"Function:visual_editor/test_item_editor.py:VisualTestItemEditor._on_load_template_from_file","_on_load_template_from_file","visual_editor/test_item_editor.py",464,478,false,"            QMessageBox.information(self, ""成功"", f""已加载模板: {template_name}\n共 {len(template.items)} 个步骤"")

    def _on_load_template_from_file(self):
        """"""从文件加载模板""""""
        file_path, _ = QFileDialog.getOpenFileName(
            self, ""加载模板"", """", ""JSON 文件 (*.json);;所有文件 (*.*)""
        )
        if not file_path:
            return

        from templates.test_templates import load_template_from_json
        template = load_template_from_json(file_path)
        if template:
            self._loaded_template = template
            QMessageBox.information(self, ""成功"", f""已加载模板: {template.name}"")
        else:
            QMessageBox.critical(self, ""错误"", ""无法加载模板文件"")

    def _on_template_double_clicked(self, index):
",""
"Function:visual_editor/test_item_editor.py:VisualTestItemEditor._on_template_double_clicked","_on_template_double_clicked","visual_editor/test_item_editor.py",480,482,false,"            QMessageBox.critical(self, ""错误"", ""无法加载模板文件"")

    def _on_template_double_clicked(self, index):
        """"""双击模板""""""
        self._on_load_template()

    def _load_template_list(self):
",""
"Function:visual_editor/test_item_editor.py:VisualTestItemEditor._load_template_list","_load_template_list","visual_editor/test_item_editor.py",484,495,false,"        self._on_load_template()

    def _load_template_list(self):
        """"""加载模板列表""""""
        from templates.test_templates import get_templates

        templates = get_templates()
        self._template_table.setRowCount(len(templates))

        for idx, template in enumerate(templates):
            self._template_table.setItem(idx, 0, QTableWidgetItem(template.name))
            self._template_table.setItem(idx, 1, QTableWidgetItem(template.protocol))
            self._template_table.setItem(idx, 2, QTableWidgetItem(template.category))
            self._template_table.setItem(idx, 3, QTableWidgetItem(str(len(template.items))))

    def _load_edit_data(self):
",""
"Function:visual_editor/test_item_editor.py:VisualTestItemEditor._load_edit_data","_load_edit_data","visual_editor/test_item_editor.py",497,520,false,"            self._template_table.setItem(idx, 3, QTableWidgetItem(str(len(template.items))))

    def _load_edit_data(self):
        """"""加载编辑数据""""""
        self._name_edit.setText(self._edit_data.get('name', ''))

        nature = 'send'
        if self._edit_data.get('persistent'):
            nature = 'listen'
        elif not self._edit_data.get('send_enabled', True):
            nature = 'wait'

        for i in range(self._nature_combo.count()):
            if self._nature_combo.itemData(i) == nature:
                self._nature_combo.setCurrentIndex(i)
                break

        self._frame_edit.setText(self._format_hex(self._edit_data.get('frame_hex', '')))
        self._match_edit.setText(self._format_hex(self._edit_data.get('match_rule', '')))

        mode = self._edit_data.get('match_mode', 'HEX')
        self._match_mode_combo.setCurrentText(mode)

        self._timeout_spin.setValue(self._edit_data.get('timeout_ms', 2000))
        self._match_enabled_check.setChecked(self._edit_data.get('match_enabled', True))
        self._response_edit.setText(self._format_hex(self._edit_data.get('response_frame', '')))

    def _on_ok(self):
",""
"Function:visual_editor/test_item_editor.py:VisualTestItemEditor._on_ok","_on_ok","visual_editor/test_item_editor.py",522,543,false,"        self._response_edit.setText(self._format_hex(self._edit_data.get('response_frame', '')))

    def _on_ok(self):
        """"""确定""""""
        name = self._name_edit.text().strip()
        if not name:
            QMessageBox.warning(self, ""警告"", ""请输入测试项名称"")
            return

        nature = self._nature_combo.currentData()

        self._result = {
            'name': name,
            'frame_hex': self._frame_edit.text().replace("" "", """"),
            'match_rule': self._match_edit.text().replace("" "", """"),
            'match_mode': self._match_mode_combo.currentText(),
            'timeout_ms': self._timeout_spin.value(),
            'send_enabled': nature == 'send',
            'match_enabled': nature in ('send', 'listen'),
            'response_frame': self._response_edit.text().replace("" "", """"),
            'persistent': nature == 'listen',
        }

        self.accept()

    def get_result(self) -> Optional[Dict[str, Any]]:
",""
"Function:visual_editor/test_item_editor.py:VisualTestItemEditor.get_result","get_result","visual_editor/test_item_editor.py",545,547,true,"        self.accept()

    def get_result(self) -> Optional[Dict[str, Any]]:
        """"""获取编辑结果""""""
        return self._result

    def _format_hex(self, hex_str: str) -> str:
",""
"Function:visual_editor/test_item_editor.py:VisualTestItemEditor._format_hex","_format_hex","visual_editor/test_item_editor.py",549,554,false,"        return self._result

    def _format_hex(self, hex_str: str) -> str:
        """"""格式化 HEX 字符串""""""
        if not hex_str:
            return """"
        clean = hex_str.replace("" "", """").upper()
        return "" "".join(clean[i:i+2] for i in range(0, len(clean), 2))
",""
"Function:validator/plc_rf_validator.py:PLCRFValidator.verify","verify","validator/plc_rf_validator.py",10,100,true,"    FRAME_START = 0x02

    def verify(self, frame_bytes: bytes) -> ValidationResult:
        """"""验证 PLC RF 帧的合法性""""""
        result = ValidationResult(protocol=""PLC RF"", valid=True)

        # 1. 最小帧长度校验
        check = self._check_min_length(frame_bytes, 8, ""PLC RF"")
        result.checks.append(check)
        if check.level == CheckLevel.FAIL:
            result.valid = False
            return result

        # 2. 起始符校验 (0x02)
        check = self._check_start_char(frame_bytes, self.FRAME_START, 0)
        result.checks.append(check)
        if check.level == CheckLevel.FAIL:
            result.valid = False

        # 3. 长度域校验（小端序）
        if len(frame_bytes) >= 3:
            length_val = int.from_bytes(frame_bytes[1:3], 'little')
            actual_len = len(frame_bytes)
            if actual_len < length_val:
                check = CheckItem(
                    name=""长度域"",
                    level=CheckLevel.FAIL,
                    expected=f"">={length_val}字节"",
                    actual=f""{actual_len}字节"",
                    message=f""帧数据不足，长度域指示{length_val}字节""
                )
                result.valid = False
            else:
                check = CheckItem(
                    name=""长度域"",
                    level=CheckLevel.PASS,
                    expected=f""{length_val}字节"",
                    actual=f""{actual_len}字节"",
                    message=""长度域校验通过""
                )
            result.checks.append(check)

        # 4. CRC-16 校验
        if len(frame_bytes) >= 8:
            # CRC 位于帧尾部（最后2字节之前）
            crc_pos = len(frame_bytes) - 2
            if crc_pos >= 3:
                crc_received = int.from_bytes(frame_bytes[crc_pos:crc_pos + 2], 'little')
                crc_data = frame_bytes[1:crc_pos]  # 从 Length 到 CRC 之前
                crc_calc = self._calc_crc16_ccitt(crc_data)
                if crc_received == crc_calc:
                    check = CheckItem(
                        name=""CRC校验"",
                        level=CheckLevel.PASS,
                        expected=f""0x{crc_calc:04X}"",
                        actual=f""0x{crc_received:04X}"",
                        message=""CRC校验正确""
                    )
                else:
                    check = CheckItem(
                        name=""CRC校验"",
                        level=CheckLevel.FAIL,
                        expected=f""0x{crc_calc:04X}"",
                        actual=f""0x{crc_received:04X}"",
                        message=f""CRC校验错误，期望0x{crc_calc:04X}""
                    )
                    result.valid = False
                result.checks.append(check)

        # 5. 控制域值检查
        if len(frame_bytes) >= 4:
            ctrl = frame_bytes[3]
            known_ctrl = {0xC0, 0xC4}
            if ctrl in known_ctrl:
                check = CheckItem(
                    name=""控制域"",
                    level=CheckLevel.PASS,
                    expected=""0xC0或0xC4"",
                    actual=f""0x{ctrl:02X}"",
                    message=f""控制域值0x{ctrl:02X}有效""
                )
            else:
                check = CheckItem(
                    name=""控制域"",
                    level=CheckLevel.WARN,
                    expected=""0xC0或0xC4"",
                    actual=f""0x{ctrl:02X}"",
                    message=f""未知控制域值0x{ctrl:02X}""
                )
                result.warnings.append(f""未知控制域值0x{ctrl:02X}"")
            result.checks.append(check)

        return result
",""
"Function:validator/nw_validator.py:NWValidator.verify","verify","validator/nw_validator.py",10,116,true,"    AFN_VALID_RANGE = range(0x00, 0xF1)  # AFN 合法范围

    def verify(self, frame_bytes: bytes) -> ValidationResult:
        """"""验证南网协议帧的合法性""""""
        result = ValidationResult(protocol=""南网协议"", valid=True)

        # 1. 最小帧长度校验
        check = self._check_min_length(frame_bytes, 8, ""南网协议"")
        result.checks.append(check)
        if check.level == CheckLevel.FAIL:
            result.valid = False
            return result

        # 2. 起始字符校验
        check = self._check_start_char(frame_bytes, 0x68, 0)
        result.checks.append(check)
        if check.level == CheckLevel.FAIL:
            result.valid = False

        # 3. 长度域校验（小端序）
        if len(frame_bytes) >= 3:
            length_val = int.from_bytes(frame_bytes[1:3], 'little')
            # 南网协议：L = 用户数据区长度 + 6
            # 帧总长度 = 1(68) + 2(L) + 1(C) + (L-6)(用户数据) + 1(CS) + 1(16) = L
            expected_len = length_val  # 长度域值即帧总长度
            actual_len = len(frame_bytes)
            if actual_len < expected_len:
                check = CheckItem(
                    name=""长度域"",
                    level=CheckLevel.FAIL,
                    expected=f""{expected_len}字节(长度域值{length_val}+6)"",
                    actual=f""{actual_len}字节"",
                    message=f""帧数据不足，长度域指示帧总长{length_val}字节，实际仅{actual_len}字节""
                )
                result.valid = False
            elif actual_len > expected_len:
                check = CheckItem(
                    name=""长度域"",
                    level=CheckLevel.WARN,
                    expected=f""{expected_len}字节"",
                    actual=f""{actual_len}字节"",
                    message=f""帧数据超出长度域指示，可能包含额外数据""
                )
                result.warnings.append(""帧数据超出长度域指示"")
            else:
                check = CheckItem(
                    name=""长度域"",
                    level=CheckLevel.PASS,
                    expected=f""{expected_len}字节"",
                    actual=f""{actual_len}字节"",
                    message=""长度域与实际帧长一致""
                )
            result.checks.append(check)

        # 4. 结束字符校验
        check = self._check_end_char(frame_bytes, 0x16)
        result.checks.append(check)
        if check.level == CheckLevel.FAIL:
            result.valid = False

        # 5. 校验和校验（控制域 + 用户数据区的算术和）
        if len(frame_bytes) >= 8:
            cs_pos = len(frame_bytes) - 2  # 校验和位置：倒数第2字节
            cs_actual = frame_bytes[cs_pos]
            cs_data = frame_bytes[3:cs_pos]  # 控制域 + 用户数据区
            cs_calc = self._calc_checksum_sum(cs_data)
            if cs_actual == cs_calc:
                check = CheckItem(
                    name=""校验和"",
                    level=CheckLevel.PASS,
                    expected=f""0x{cs_calc:02X}"",
                    actual=f""0x{cs_actual:02X}"",
                    message=""校验和正确""
                )
            else:
                check = CheckItem(
                    name=""校验和"",
                    level=CheckLevel.FAIL,
                    expected=f""0x{cs_calc:02X}"",
                    actual=f""0x{cs_actual:02X}"",
                    message=f""校验和错误，期望0x{cs_calc:02X}，实际0x{cs_actual:02X}""
                )
                result.valid = False
            result.checks.append(check)

        # 6. AFN 值域检查
        if len(frame_bytes) >= 8:
            # AFN 在用户数据区第1字节（偏移6）
            afn = frame_bytes[6]
            if afn in self.AFN_VALID_RANGE:
                check = CheckItem(
                    name=""AFN值域"",
                    level=CheckLevel.PASS,
                    expected=""0x00~0xF0"",
                    actual=f""0x{afn:02X}"",
                    message=f""AFN值0x{afn:02X}在合法范围内""
                )
            else:
                check = CheckItem(
                    name=""AFN值域"",
                    level=CheckLevel.WARN,
                    expected=""0x00~0xF0"",
                    actual=f""0x{afn:02X}"",
                    message=f""AFN值0x{afn:02X}超出常规范围""
                )
                result.warnings.append(f""AFN值0x{afn:02X}超出常规范围"")
            result.checks.append(check)

        return result
",""
"Function:validator/hdlc_validator.py:HDLCValidator.verify","verify","validator/hdlc_validator.py",10,112,true,"    HDLC_FLAG = 0x7E

    def verify(self, frame_bytes: bytes) -> ValidationResult:
        """"""验证 HDLC 帧的合法性""""""
        result = ValidationResult(protocol=""HDLC/DLMS"", valid=True)

        # 1. 最小帧长度校验
        check = self._check_min_length(frame_bytes, 7, ""HDLC"")
        result.checks.append(check)
        if check.level == CheckLevel.FAIL:
            result.valid = False
            return result

        # 2. 起始标志校验 (0x7E)
        check = self._check_start_char(frame_bytes, self.HDLC_FLAG, 0)
        result.checks.append(check)
        if check.level == CheckLevel.FAIL:
            result.valid = False

        # 3. 结束标志校验 (0x7E)
        check = self._check_end_char(frame_bytes, self.HDLC_FLAG)
        result.checks.append(check)
        if check.level == CheckLevel.FAIL:
            result.valid = False

        # 4. 格式域校验
        if len(frame_bytes) >= 3:
            fmt_byte = frame_bytes[1]
            format_type = (fmt_byte >> 4) & 0x0F
            if format_type == 0x0A:  # Type 3
                check = CheckItem(
                    name=""格式域类型"",
                    level=CheckLevel.PASS,
                    expected=""Type 3 (0xA)"",
                    actual=f""Type {format_type}"",
                    message=""格式域类型正确(Type 3)""
                )
            else:
                check = CheckItem(
                    name=""格式域类型"",
                    level=CheckLevel.WARN,
                    expected=""Type 3 (0xA)"",
                    actual=f""Type {format_type}"",
                    message=f""非标准格式域类型(Type {format_type})""
                )
                result.warnings.append(f""非标准格式域类型(Type {format_type})"")
            result.checks.append(check)

        # 5. HCS 校验（头部校验序列）
        if len(frame_bytes) >= 7:
            # HCS 位于地址域+控制域之后，信息域之前
            # 需要先解析地址域确定 HCS 位置
            addr_end = self._find_address_end(frame_bytes)
            if addr_end > 0 and addr_end + 2 < len(frame_bytes):
                hcs_pos = addr_end
                hcs_received = frame_bytes[hcs_pos] | (frame_bytes[hcs_pos + 1] << 8)
                hcs_data = frame_bytes[1:hcs_pos]  # 格式域 + 地址域 + 控制域
                hcs_calc = self._calc_crc16_ccitt(hcs_data)
                if hcs_received == hcs_calc:
                    check = CheckItem(
                        name=""HCS校验"",
                        level=CheckLevel.PASS,
                        expected=f""0x{hcs_calc:04X}"",
                        actual=f""0x{hcs_received:04X}"",
                        message=""HCS校验正确""
                    )
                else:
                    check = CheckItem(
                        name=""HCS校验"",
                        level=CheckLevel.FAIL,
                        expected=f""0x{hcs_calc:04X}"",
                        actual=f""0x{hcs_received:04X}"",
                        message=f""HCS校验错误，期望0x{hcs_calc:04X}""
                    )
                    result.valid = False
                result.checks.append(check)

        # 6. FCS 校验（帧校验序列）
        if len(frame_bytes) >= 7:
            # FCS 位于结束标志之前
            fcs_pos = len(frame_bytes) - 3  # 倒数第2-3字节是FCS，最后1字节是结束标志
            if fcs_pos >= 2:
                fcs_received = frame_bytes[fcs_pos] | (frame_bytes[fcs_pos + 1] << 8)
                fcs_data = frame_bytes[1:fcs_pos]  # 格式域到信息域
                fcs_calc = self._calc_crc16_ccitt(fcs_data)
                if fcs_received == fcs_calc:
                    check = CheckItem(
                        name=""FCS校验"",
                        level=CheckLevel.PASS,
                        expected=f""0x{fcs_calc:04X}"",
                        actual=f""0x{fcs_received:04X}"",
                        message=""FCS校验正确""
                    )
                else:
                    check = CheckItem(
                        name=""FCS校验"",
                        level=CheckLevel.FAIL,
                        expected=f""0x{fcs_calc:04X}"",
                        actual=f""0x{fcs_received:04X}"",
                        message=f""FCS校验错误，期望0x{fcs_calc:04X}""
                    )
                    result.valid = False
                result.checks.append(check)

        return result

    def _find_address_end(self, data: bytes) -> int:
",""
"Function:validator/hdlc_validator.py:HDLCValidator._find_address_end","_find_address_end","validator/hdlc_validator.py",114,122,false,"        return result

    def _find_address_end(self, data: bytes) -> int:
        """"""查找地址域结束位置（地址域最高位为1表示结束）""""""
        if len(data) < 3:
            return -1
        pos = 2  # 从第3字节开始（跳过起始标志和格式域）
        for i in range(pos, min(pos + 8, len(data))):
            if data[i] & 0x01:  # 最高位为1表示地址域结束
                return i + 1
        return -1
",""
"Function:validator/gdw_validator.py:GDWValidator.verify","verify","validator/gdw_validator.py",10,105,true,"    AFN_VALID_RANGE = range(0x00, 0xF2)  # AFN 合法范围

    def verify(self, frame_bytes: bytes) -> ValidationResult:
        """"""验证国网协议帧的合法性""""""
        result = ValidationResult(protocol=""国网协议"", valid=True)

        # 1. 最小帧长度校验
        check = self._check_min_length(frame_bytes, 8, ""国网协议"")
        result.checks.append(check)
        if check.level == CheckLevel.FAIL:
            result.valid = False
            return result

        # 2. 起始字符校验
        check = self._check_start_char(frame_bytes, 0x68, 0)
        result.checks.append(check)
        if check.level == CheckLevel.FAIL:
            result.valid = False

        # 3. 格式域校验（第2-3字节）
        if len(frame_bytes) >= 4:
            fmt_byte = frame_bytes[1]
            # 格式域包含帧长度信息
            frame_len_from_fmt = ((frame_bytes[2] & 0x03) << 8) | fmt_byte
            actual_len = len(frame_bytes)
            if actual_len < frame_len_from_fmt:
                check = CheckItem(
                    name=""格式域-帧长度"",
                    level=CheckLevel.FAIL,
                    expected=f"">={frame_len_from_fmt}字节"",
                    actual=f""{actual_len}字节"",
                    message=f""帧数据不足，格式域指示帧长{frame_len_from_fmt}字节""
                )
                result.valid = False
            else:
                check = CheckItem(
                    name=""格式域-帧长度"",
                    level=CheckLevel.PASS,
                    expected=f""{frame_len_from_fmt}字节"",
                    actual=f""{actual_len}字节"",
                    message=""格式域帧长度校验通过""
                )
            result.checks.append(check)

        # 4. 结束字符校验
        check = self._check_end_char(frame_bytes, 0x16)
        result.checks.append(check)
        if check.level == CheckLevel.FAIL:
            result.valid = False

        # 5. 校验和校验
        if len(frame_bytes) >= 8:
            cs_pos = len(frame_bytes) - 2
            cs_actual = frame_bytes[cs_pos]
            cs_data = frame_bytes[3:cs_pos]
            cs_calc = self._calc_checksum_sum(cs_data)
            if cs_actual == cs_calc:
                check = CheckItem(
                    name=""校验和"",
                    level=CheckLevel.PASS,
                    expected=f""0x{cs_calc:02X}"",
                    actual=f""0x{cs_actual:02X}"",
                    message=""校验和正确""
                )
            else:
                check = CheckItem(
                    name=""校验和"",
                    level=CheckLevel.FAIL,
                    expected=f""0x{cs_calc:02X}"",
                    actual=f""0x{cs_actual:02X}"",
                    message=f""校验和错误，期望0x{cs_calc:02X}，实际0x{cs_actual:02X}""
                )
                result.valid = False
            result.checks.append(check)

        # 6. AFN 值域检查
        if len(frame_bytes) >= 8:
            afn = frame_bytes[6]
            if afn in self.AFN_VALID_RANGE:
                check = CheckItem(
                    name=""AFN值域"",
                    level=CheckLevel.PASS,
                    expected=""0x00~0xF1"",
                    actual=f""0x{afn:02X}"",
                    message=f""AFN值0x{afn:02X}在合法范围内""
                )
            else:
                check = CheckItem(
                    name=""AFN值域"",
                    level=CheckLevel.WARN,
                    expected=""0x00~0xF1"",
                    actual=f""0x{afn:02X}"",
                    message=f""AFN值0x{afn:02X}超出常规范围""
                )
                result.warnings.append(f""AFN值0x{afn:02X}超出常规范围"")
            result.checks.append(check)

        return result
",""
"Function:validator/dlt645_validator.py:DLT645Validator.verify","verify","validator/dlt645_validator.py",11,88,true,"    END_CHAR = 0x16

    def verify(self, frame_bytes: bytes) -> ValidationResult:
        """"""验证 DLT645 帧的合法性""""""
        result = ValidationResult(protocol=""DLT645-2007"", valid=True)

        # 1. 最小帧长度校验
        check = self._check_min_length(frame_bytes, 12, ""DLT645"")
        result.checks.append(check)
        if check.level == CheckLevel.FAIL:
            result.valid = False
            return result

        # 2. 起始符1校验 (0x68)
        check = self._check_start_char(frame_bytes, self.START_CHAR, 0)
        result.checks.append(check)
        if check.level == CheckLevel.FAIL:
            result.valid = False

        # 3. 起始符2校验 (0x68)
        check = self._check_start_char(frame_bytes, self.START_CHAR, 7)
        check.name = ""起始符2""
        result.checks.append(check)
        if check.level == CheckLevel.FAIL:
            result.valid = False

        # 4. 结束符校验 (0x16)
        check = self._check_end_char(frame_bytes, self.END_CHAR)
        result.checks.append(check)
        if check.level == CheckLevel.FAIL:
            result.valid = False

        # 5. 校验和校验（所有字节累加和 & 0xFF）
        if len(frame_bytes) >= 12:
            cs_pos = len(frame_bytes) - 2  # 倒数第2字节
            cs_actual = frame_bytes[cs_pos]
            cs_data = frame_bytes[0:cs_pos]  # 从第一个0x68到校验和之前
            cs_calc = self._calc_checksum_sum(cs_data)
            if cs_actual == cs_calc:
                check = CheckItem(
                    name=""校验和"",
                    level=CheckLevel.PASS,
                    expected=f""0x{cs_calc:02X}"",
                    actual=f""0x{cs_actual:02X}"",
                    message=""校验和正确""
                )
            else:
                check = CheckItem(
                    name=""校验和"",
                    level=CheckLevel.FAIL,
                    expected=f""0x{cs_calc:02X}"",
                    actual=f""0x{cs_actual:02X}"",
                    message=f""校验和错误，期望0x{cs_calc:02X}""
                )
                result.valid = False
            result.checks.append(check)

        # 6. 数据长度字段检查
        if len(frame_bytes) >= 11:
            data_len = frame_bytes[9]  # 第10字节是数据长度
            if data_len > 200:  # 合理性检查
                check = CheckItem(
                    name=""数据长度"",
                    level=CheckLevel.WARN,
                    expected=""<=200字节"",
                    actual=f""{data_len}字节"",
                    message=f""数据长度{data_len}字节异常偏大""
                )
                result.warnings.append(f""数据长度{data_len}字节异常偏大"")
            else:
                check = CheckItem(
                    name=""数据长度"",
                    level=CheckLevel.PASS,
                    expected=""合理范围"",
                    actual=f""{data_len}字节"",
                    message=f""数据长度{data_len}字节""
                )
            result.checks.append(check)

        return result
",""
"Function:validator/base.py:CheckItem.icon","icon","validator/base.py",28,35,true,"
    @property
    def icon(self) -> str:
        """"""返回状态图标""""""
        if self.level == CheckLevel.PASS:
            return ""✅""
        elif self.level == CheckLevel.FAIL:
            return ""❌""
        else:
            return ""⚠️""


",""
"Function:validator/base.py:ValidationResult.pass_count","pass_count","validator/base.py",48,49,true,"
    @property
    def pass_count(self) -> int:
        return sum(1 for c in self.checks if c.level == CheckLevel.PASS)

    @property
",""
"Function:validator/base.py:ValidationResult.fail_count","fail_count","validator/base.py",52,53,true,"
    @property
    def fail_count(self) -> int:
        return sum(1 for c in self.checks if c.level == CheckLevel.FAIL)

    @property
",""
"Function:validator/base.py:ValidationResult.warn_count","warn_count","validator/base.py",56,57,true,"
    @property
    def warn_count(self) -> int:
        return sum(1 for c in self.checks if c.level == CheckLevel.WARN)

    def summary(self) -> str:
",""
"Function:validator/base.py:ValidationResult.summary","summary","validator/base.py",59,68,true,"        return sum(1 for c in self.checks if c.level == CheckLevel.WARN)

    def summary(self) -> str:
        """"""返回摘要字符串""""""
        status = ""通过"" if self.valid else ""失败""
        parts = [f""[{status}]""]
        parts.append(f""通过{self.pass_count}项"")
        if self.fail_count > 0:
            parts.append(f""失败{self.fail_count}项"")
        if self.warn_count > 0:
            parts.append(f""警告{self.warn_count}项"")
        return "", "".join(parts)

    def to_dict(self) -> dict:
",""
"Function:validator/base.py:ValidationResult.to_dict","to_dict","validator/base.py",70,90,true,"        return "", "".join(parts)

    def to_dict(self) -> dict:
        """"""转换为字典""""""
        return {
            ""协议"": self.protocol,
            ""整体结果"": ""通过"" if self.valid else ""失败"",
            ""通过项数"": self.pass_count,
            ""失败项数"": self.fail_count,
            ""警告项数"": self.warn_count,
            ""校验项"": [
                {
                    ""名称"": c.name,
                    ""状态"": c.level.value,
                    ""期望"": c.expected,
                    ""实际"": c.actual,
                    ""说明"": c.message
                }
                for c in self.checks
            ],
            ""警告"": self.warnings,
            ""错误"": self.errors
        }


",""
"Function:validator/base.py:BaseValidator.verify","verify","validator/base.py",97,99,true,"
    @abstractmethod
    def verify(self, frame_bytes: bytes) -> ValidationResult:
        """"""验证帧的合法性，返回 ValidationResult""""""
        pass

    def _check_min_length(self, data: bytes, min_len: int, protocol: str) -> CheckItem:
",""
"Function:validator/base.py:BaseValidator._check_min_length","_check_min_length","validator/base.py",101,117,false,"        pass

    def _check_min_length(self, data: bytes, min_len: int, protocol: str) -> CheckItem:
        """"""通用最小长度校验""""""
        if len(data) < min_len:
            return CheckItem(
                name=""帧长度"",
                level=CheckLevel.FAIL,
                expected=f"">={min_len}字节"",
                actual=f""{len(data)}字节"",
                message=f""帧长度不足，最小需要{min_len}字节""
            )
        return CheckItem(
            name=""帧长度"",
            level=CheckLevel.PASS,
            expected=f"">={min_len}字节"",
            actual=f""{len(data)}字节"",
            message=""帧长度满足最小要求""
        )

    def _check_start_char(self, data: bytes, expected: int, pos: int = 0) -> CheckItem:
",""
"Function:validator/base.py:BaseValidator._check_start_char","_check_start_char","validator/base.py",119,144,false,"        )

    def _check_start_char(self, data: bytes, expected: int, pos: int = 0) -> CheckItem:
        """"""通用起始字符校验""""""
        if len(data) <= pos:
            return CheckItem(
                name=""起始字符"",
                level=CheckLevel.FAIL,
                expected=f""0x{expected:02X}"",
                actual=""数据不足"",
                message=""帧数据不足以读取起始字符""
            )
        actual = data[pos]
        if actual != expected:
            return CheckItem(
                name=""起始字符"",
                level=CheckLevel.FAIL,
                expected=f""0x{expected:02X}"",
                actual=f""0x{actual:02X}"",
                message=f""起始字符错误，期望0x{expected:02X}，实际0x{actual:02X}""
            )
        return CheckItem(
            name=""起始字符"",
            level=CheckLevel.PASS,
            expected=f""0x{expected:02X}"",
            actual=f""0x{actual:02X}"",
            message=""起始字符正确""
        )

    def _check_end_char(self, data: bytes, expected: int) -> CheckItem:
",""
"Function:validator/base.py:BaseValidator._check_end_char","_check_end_char","validator/base.py",146,171,false,"        )

    def _check_end_char(self, data: bytes, expected: int) -> CheckItem:
        """"""通用结束字符校验""""""
        if len(data) == 0:
            return CheckItem(
                name=""结束字符"",
                level=CheckLevel.FAIL,
                expected=f""0x{expected:02X}"",
                actual=""空帧"",
                message=""帧数据为空，无法校验结束字符""
            )
        actual = data[-1]
        if actual != expected:
            return CheckItem(
                name=""结束字符"",
                level=CheckLevel.FAIL,
                expected=f""0x{expected:02X}"",
                actual=f""0x{actual:02X}"",
                message=f""结束字符错误，期望0x{expected:02X}，实际0x{actual:02X}""
            )
        return CheckItem(
            name=""结束字符"",
            level=CheckLevel.PASS,
            expected=f""0x{expected:02X}"",
            actual=f""0x{actual:02X}"",
            message=""结束字符正确""
        )

    def _calc_checksum_sum(self, data: bytes) -> int:
",""
"Function:validator/base.py:BaseValidator._calc_checksum_sum","_calc_checksum_sum","validator/base.py",173,175,false,"        )

    def _calc_checksum_sum(self, data: bytes) -> int:
        """"""计算累加和校验（& 0xFF）""""""
        return sum(data) & 0xFF

    def _calc_crc16_ccitt(self, data: bytes) -> int:
",""
"Function:validator/base.py:BaseValidator._calc_crc16_ccitt","_calc_crc16_ccitt","validator/base.py",177,216,false,"        return sum(data) & 0xFF

    def _calc_crc16_ccitt(self, data: bytes) -> int:
        """"""计算 CRC16-CCITT 校验（初始值0xFFFF，最终异或0xFFFF）""""""
        crc_table = [
            0x0000, 0x1189, 0x2312, 0x329b, 0x4624, 0x57ad, 0x6536, 0x74bf,
            0x8c48, 0x9dc1, 0xaf5a, 0xbed3, 0xca6c, 0xdbe5, 0xe97e, 0xf8f7,
            0x1081, 0x0108, 0x3393, 0x221a, 0x56a5, 0x472c, 0x75b7, 0x643e,
            0x9cc9, 0x8d40, 0xbfdb, 0xae52, 0xdaed, 0xcb64, 0xf9ff, 0xe876,
            0x2102, 0x308b, 0x0210, 0x1399, 0x6726, 0x76af, 0x4434, 0x55bd,
            0xad4a, 0xbcc3, 0x8e58, 0x9fd1, 0xeb6e, 0xfae7, 0xc87c, 0xd9f5,
            0x3183, 0x200a, 0x1291, 0x0318, 0x77a7, 0x662e, 0x54b5, 0x453c,
            0xbdcb, 0xac42, 0x9ed9, 0x8f50, 0xfbef, 0xea66, 0xd8fd, 0xc974,
            0x4204, 0x538d, 0x6116, 0x709f, 0x0420, 0x15a9, 0x2732, 0x36bb,
            0xce4c, 0xdfc5, 0xed5e, 0xfcd7, 0x8868, 0x99e1, 0xab7a, 0xbaf3,
            0x5285, 0x430c, 0x7197, 0x601e, 0x14a1, 0x0528, 0x37b3, 0x263a,
            0xdecd, 0xcf44, 0xfddf, 0xec56, 0x98e9, 0x8960, 0xbbfb, 0xaa72,
            0x6306, 0x728f, 0x4014, 0x519d, 0x2522, 0x34ab, 0x0630, 0x17b9,
            0xef4e, 0xfec7, 0xcc5c, 0xddd5, 0xa96a, 0xb8e3, 0x8a78, 0x9bf1,
            0x7387, 0x620e, 0x5095, 0x411c, 0x35a3, 0x242a, 0x16b1, 0x0738,
            0xffcf, 0xee46, 0xdcdd, 0xcd54, 0xb9eb, 0xa862, 0x9af9, 0x8b70,
            0x8408, 0x9581, 0xa71a, 0xb693, 0xc22c, 0xd3a5, 0xe13e, 0xf0b7,
            0x0840, 0x19c9, 0x2b52, 0x3adb, 0x4e64, 0x5fed, 0x6d76, 0x7cff,
            0x9489, 0x8500, 0xb79b, 0xa612, 0xd2ad, 0xc324, 0xf1bf, 0xe036,
            0x18c1, 0x0948, 0x3bd3, 0x2a5a, 0x5ee5, 0x4f6c, 0x7df7, 0x6c7e,
            0xa50a, 0xb483, 0x8618, 0x9791, 0xe32e, 0xf2a7, 0xc03c, 0xd1b5,
            0x2942, 0x38cb, 0x0a50, 0x1bd9, 0x6f66, 0x7eef, 0x4c74, 0x5dfd,
            0xb58b, 0xa402, 0x9699, 0x8710, 0xf3af, 0xe226, 0xd0bd, 0xc134,
            0x39c3, 0x284a, 0x1ad1, 0x0b58, 0x7fe7, 0x6e6e, 0x5cf5, 0x4d7c,
            0xc60c, 0xd785, 0xe51e, 0xf497, 0x8028, 0x91a1, 0xa33a, 0xb2b3,
            0x4a44, 0x5bcd, 0x6956, 0x78df, 0x0c60, 0x1de9, 0x2f72, 0x3efb,
            0xd68d, 0xc704, 0xf59f, 0xe416, 0x90a9, 0x8120, 0xb3bb, 0xa232,
            0x5ac5, 0x4b4c, 0x79d7, 0x685e, 0x1ce1, 0x0d68, 0x3ff3, 0x2e7a,
            0xe70e, 0xf687, 0xc41c, 0xd595, 0xa12a, 0xb0a3, 0x8238, 0x93b1,
            0x6b46, 0x7acf, 0x4854, 0x59dd, 0x2d62, 0x3ceb, 0x0e70, 0x1ff9,
            0xf78f, 0xe606, 0xd49d, 0xc514, 0xb1ab, 0xa022, 0x92b9, 0x8330,
            0x7bc7, 0x6a4e, 0x58d5, 0x495c, 0x3de3, 0x2c6a, 0x1ef1, 0x0f78
        ]
        fcs = 0xFFFF
        for byte in data:
            fcs = ((fcs >> 8) ^ crc_table[(fcs ^ byte) & 0xFF]) & 0xFFFF
        return fcs ^ 0xFFFF
",""
"Function:templates/test_templates.py:get_templates","get_templates","templates/test_templates.py",323,325,true,"

def get_templates() -> List[TestTemplate]:
    """"""获取所有模板""""""
    return ALL_TEMPLATES


",""
"Function:templates/test_templates.py:get_templates_by_protocol","get_templates_by_protocol","templates/test_templates.py",328,330,true,"

def get_templates_by_protocol(protocol: str) -> List[TestTemplate]:
    """"""按协议筛选模板""""""
    return [t for t in ALL_TEMPLATES if t.protocol == protocol]


",""
"Function:templates/test_templates.py:get_templates_by_category","get_templates_by_category","templates/test_templates.py",333,335,true,"

def get_templates_by_category(category: str) -> List[TestTemplate]:
    """"""按分类筛选模板""""""
    return [t for t in ALL_TEMPLATES if t.category == category]


",""
"Function:templates/test_templates.py:get_template_names","get_template_names","templates/test_templates.py",338,340,true,"

def get_template_names() -> List[str]:
    """"""获取所有模板名称""""""
    return [t.name for t in ALL_TEMPLATES]


",""
"Function:templates/test_templates.py:get_template_by_name","get_template_by_name","templates/test_templates.py",343,348,true,"

def get_template_by_name(name: str) -> Optional[TestTemplate]:
    """"""根据名称获取模板""""""
    for t in ALL_TEMPLATES:
        if t.name == name:
            return t
    return None


",""
"Function:templates/test_templates.py:load_template_from_json","load_template_from_json","templates/test_templates.py",351,376,true,"

def load_template_from_json(file_path: str) -> Optional[TestTemplate]:
    """"""从 JSON 文件加载模板""""""
    try:
        with open(file_path, 'r', encoding='utf-8') as f:
            data = json.load(f)

        if isinstance(data, list):
            # 兼容 test_plan.json 格式
            return TestTemplate(
                name=Path(file_path).stem,
                description=f""从 {Path(file_path).name} 加载"",
                protocol=""south"",
                category=""自定义"",
                items=data
            )
        elif isinstance(data, dict):
            return TestTemplate(
                name=data.get('name', Path(file_path).stem),
                description=data.get('description', ''),
                protocol=data.get('protocol', 'south'),
                category=data.get('category', '自定义'),
                items=data.get('items', [])
            )
    except Exception as e:
        print(f""加载模板失败: {e}"")
    return None
",""
"Function:report/excel_reporter.py:ExcelReporter.export","export","report/excel_reporter.py",45,74,true,"    )

    def export(self, file_path: str, test_items: List[Dict[str, Any]],
               test_log: str = """", test_start_time: Optional[datetime] = None,
               test_end_time: Optional[datetime] = None) -> str:
        """"""
        导出测试报告到 Excel 文件

        参数:
            file_path: 保存路径
            test_items: 测试项列表
            test_log: 测试日志
            test_start_time: 测试开始时间
            test_end_time: 测试结束时间

        返回:
            保存的文件路径
        """"""
        wb = Workbook()

        # Sheet 1: 测试概要
        self._create_summary_sheet(wb, test_items, test_start_time, test_end_time)

        # Sheet 2: 详细结果
        self._create_detail_sheet(wb, test_items)

        # Sheet 3: 测试日志
        self._create_log_sheet(wb, test_log)

        # 保存文件
        wb.save(file_path)
        return file_path

    def _create_summary_sheet(self, wb: Workbook, items: List[Dict],
",""
"Function:report/excel_reporter.py:ExcelReporter._create_summary_sheet","_create_summary_sheet","report/excel_reporter.py",76,124,false,"        return file_path

    def _create_summary_sheet(self, wb: Workbook, items: List[Dict],
                              start_time: Optional[datetime],
                              end_time: Optional[datetime]):
        """"""创建测试概要 Sheet""""""
        ws = wb.active
        ws.title = ""测试概要""

        # 标题
        ws.merge_cells('A1:F1')
        ws['A1'] = ""协议一致性测试报告""
        ws['A1'].font = self.TITLE_FONT
        ws['A1'].alignment = Alignment(horizontal='center')

        # 统计数据
        total = len(items)
        passed = sum(1 for item in items if item.get('test_result') == '通过')
        failed = sum(1 for item in items if item.get('test_result') == '失败')
        timeout = sum(1 for item in items if item.get('test_result') == '超时')
        skipped = sum(1 for item in items if item.get('test_result') == '未测')

        pass_rate = (passed / total * 100) if total > 0 else 0

        # 概要信息
        summary_data = [
            (""测试信息"", """", """", """", """", """"),
            (""测试开始时间"", start_time.strftime(""%Y-%m-%d %H:%M:%S"") if start_time else ""未记录"", """", """", """", """"),
            (""测试结束时间"", end_time.strftime(""%Y-%m-%d %H:%M:%S"") if end_time else ""未记录"", """", """", """", """"),
            ("""", """", """", """", """", """"),
            (""测试统计"", """", """", """", """", """"),
            (""总步骤数"", total, """", ""通过数"", passed, """"),
            (""失败数"", failed, """", ""超时数"", timeout, """"),
            (""未测数"", skipped, """", ""通过率"", f""{pass_rate:.1f}%"", """"),
        ]

        for row_idx, row_data in enumerate(summary_data, start=3):
            for col_idx, value in enumerate(row_data, start=1):
                cell = ws.cell(row=row_idx, column=col_idx, value=value)
                cell.font = self.NORMAL_FONT
                cell.border = self.THIN_BORDER
                if col_idx == 1 or col_idx == 4:
                    cell.font = self.SUBTITLE_FONT
                    cell.fill = PatternFill(start_color='D9E2F3', end_color='D9E2F3', fill_type='solid')

        # 设置列宽
        ws.column_dimensions['A'].width = 18
        ws.column_dimensions['B'].width = 25
        ws.column_dimensions['C'].width = 5
        ws.column_dimensions['D'].width = 12
        ws.column_dimensions['E'].width = 15

    def _create_detail_sheet(self, wb: Workbook, items: List[Dict]):
",""
"Function:report/excel_reporter.py:ExcelReporter._create_detail_sheet","_create_detail_sheet","report/excel_reporter.py",126,188,false,"        ws.column_dimensions['E'].width = 15

    def _create_detail_sheet(self, wb: Workbook, items: List[Dict]):
        """"""创建详细结果 Sheet""""""
        ws = wb.create_sheet(""详细结果"")

        # 表头
        headers = [""序号"", ""测试项名称"", ""发送帧"", ""匹配规则"", ""响应帧"", ""匹配结果"", ""状态""]
        for col_idx, header in enumerate(headers, start=1):
            cell = ws.cell(row=1, column=col_idx, value=header)
            cell.font = self.HEADER_FONT
            cell.fill = self.HEADER_FILL
            cell.alignment = self.HEADER_ALIGNMENT
            cell.border = self.THIN_BORDER

        # 数据行
        for row_idx, item in enumerate(items, start=2):
            # 序号
            ws.cell(row=row_idx, column=1, value=row_idx - 1).font = self.NORMAL_FONT

            # 名称
            ws.cell(row=row_idx, column=2, value=item.get('name', '')).font = self.NORMAL_FONT

            # 发送帧
            frame_hex = item.get('frame_hex', '')
            ws.cell(row=row_idx, column=3, value=self._format_hex(frame_hex)).font = self.NORMAL_FONT

            # 匹配规则
            match_rule = item.get('match_rule', '')
            ws.cell(row=row_idx, column=4, value=self._format_hex(match_rule)).font = self.NORMAL_FONT

            # 响应帧
            response = item.get('response_frame', '')
            ws.cell(row=row_idx, column=5, value=self._format_hex(response)).font = self.NORMAL_FONT

            # 匹配结果
            result = item.get('test_result', '未测')
            result_cell = ws.cell(row=row_idx, column=6, value=result)
            result_cell.font = self.NORMAL_FONT
            if result == '通过':
                result_cell.fill = self.PASS_FILL
                result_cell.font = self.PASS_FONT
            elif result == '失败':
                result_cell.fill = self.FAIL_FILL
                result_cell.font = self.FAIL_FONT
            elif result == '超时':
                result_cell.fill = self.WARN_FILL
                result_cell.font = self.WARN_FONT

            # 状态
            status = item.get('status', '待测')
            ws.cell(row=row_idx, column=7, value=status).font = self.NORMAL_FONT

            # 设置边框
            for col_idx in range(1, 8):
                ws.cell(row=row_idx, column=col_idx).border = self.THIN_BORDER

        # 设置列宽
        ws.column_dimensions['A'].width = 8
        ws.column_dimensions['B'].width = 25
        ws.column_dimensions['C'].width = 40
        ws.column_dimensions['D'].width = 40
        ws.column_dimensions['E'].width = 40
        ws.column_dimensions['F'].width = 12
        ws.column_dimensions['G'].width = 12

    def _create_log_sheet(self, wb: Workbook, log_text: str):
",""
"Function:report/excel_reporter.py:ExcelReporter._create_log_sheet","_create_log_sheet","report/excel_reporter.py",190,207,false,"        ws.column_dimensions['G'].width = 12

    def _create_log_sheet(self, wb: Workbook, log_text: str):
        """"""创建测试日志 Sheet""""""
        ws = wb.create_sheet(""测试日志"")

        # 标题
        ws.merge_cells('A1:A1')
        ws['A1'] = ""测试执行日志""
        ws['A1'].font = self.SUBTITLE_FONT

        # 日志内容
        if log_text:
            lines = log_text.split('\n')
            for row_idx, line in enumerate(lines, start=3):
                cell = ws.cell(row=row_idx, column=1, value=line)
                cell.font = Font(name='Consolas', size=9)

        # 设置列宽
        ws.column_dimensions['A'].width = 120

    def _format_hex(self, hex_str: str) -> str:
",""
"Function:report/excel_reporter.py:ExcelReporter._format_hex","_format_hex","report/excel_reporter.py",209,214,false,"        ws.column_dimensions['A'].width = 120

    def _format_hex(self, hex_str: str) -> str:
        """"""格式化 HEX 字符串（添加空格分隔）""""""
        if not hex_str:
            return """"
        clean = hex_str.replace("" "", """").upper()
        return "" "".join(clean[i:i+2] for i in range(0, len(clean), 2))
",""
"Function:monitor/frame_monitor.py:FrameMonitorWidget.__init__","__init__","monitor/frame_monitor.py",28,35,false,"    MAX_HISTORY = 1000

    def __init__(self, parent=None):
        super().__init__(parent)
        self._serial_worker = None
        self._frame_history: deque = deque(maxlen=self.MAX_HISTORY)
        self._parsers = {}  # 协议解析器映射
        self._auto_parse = True
        self._setup_ui()
        self._init_parsers()

    def _init_parsers(self):
",""
"Function:monitor/frame_monitor.py:FrameMonitorWidget._init_parsers","_init_parsers","monitor/frame_monitor.py",37,54,false,"        self._init_parsers()

    def _init_parsers(self):
        """"""初始化协议解析器""""""
        try:
            from protocol_parser import ProtocolFrameParser
            from gdw10376_parser import GDW10376Parser
            from hdlc_parser import HDLCParser
            from plc_rf_parser import PLCRFProtocolParser
            from dlt645_parser import DLT645Parser

            self._parsers = {
                '南网': ProtocolFrameParser(),
                '国网': GDW10376Parser(),
                'HDLC': HDLCParser(),
                'PLC RF': PLCRFProtocolParser(),
                'DLT645': DLT645Parser(),
            }
        except Exception as e:
            print(f""初始化解析器失败: {e}"")

    def _setup_ui(self):
",""
"Function:monitor/frame_monitor.py:FrameMonitorWidget._setup_ui","_setup_ui","monitor/frame_monitor.py",56,198,false,"            print(f""初始化解析器失败: {e}"")

    def _setup_ui(self):
        """"""设置 UI 布局""""""
        layout = QVBoxLayout(self)
        layout.setSpacing(6)
        layout.setContentsMargins(6, 6, 6, 6)

        # ---- 工具栏 ----
        toolbar = QHBoxLayout()
        toolbar.setSpacing(6)

        self._auto_parse_check = QCheckBox(""自动解析"")
        self._auto_parse_check.setChecked(True)
        self._auto_parse_check.toggled.connect(self._on_auto_parse_toggled)
        toolbar.addWidget(self._auto_parse_check)

        toolbar.addWidget(QLabel(""协议过滤:""))
        self._filter_combo = QComboBox()
        self._filter_combo.addItems([""全部"", ""南网"", ""国网"", ""HDLC"", ""PLC RF"", ""DLT645""])
        self._filter_combo.currentTextChanged.connect(self._on_filter_changed)
        toolbar.addWidget(self._filter_combo)

        self._clear_btn = QPushButton(""清空历史"")
        self._clear_btn.clicked.connect(self._on_clear_history)
        toolbar.addWidget(self._clear_btn)

        self._export_btn = QPushButton(""导出历史"")
        self._export_btn.clicked.connect(self._on_export_history)
        toolbar.addWidget(self._export_btn)

        toolbar.addStretch()

        self._count_label = QLabel(""共 0 帧"")
        self._count_label.setStyleSheet(""color: #666; font-size: 12px;"")
        toolbar.addWidget(self._count_label)

        self._pause_check = QCheckBox(""暂停接收"")
        self._pause_check.toggled.connect(self._on_pause_toggled)
        toolbar.addWidget(self._pause_check)

        layout.addLayout(toolbar)

        # ---- 主内容区（左右分割）----
        splitter = QSplitter(Qt.Horizontal)

        # 左侧：帧历史列表
        left_group = QGroupBox(""帧历史"")
        left_layout = QVBoxLayout(left_group)
        left_layout.setContentsMargins(4, 4, 4, 4)

        self._history_table = QTableWidget()
        self._history_table.setColumnCount(6)
        self._history_table.setHorizontalHeaderLabels([""序号"", ""时间"", ""协议"", ""方向"", ""长度"", ""摘要""])
        header = self._history_table.horizontalHeader()
        header.setSectionResizeMode(QHeaderView.ResizeMode.Interactive)
        header.setStretchLastSection(True)
        self._history_table.setColumnWidth(0, 50)
        self._history_table.setColumnWidth(1, 80)
        self._history_table.setColumnWidth(2, 70)
        self._history_table.setColumnWidth(3, 50)
        self._history_table.setColumnWidth(4, 50)
        self._history_table.setSelectionBehavior(QTableWidget.SelectRows)
        self._history_table.setAlternatingRowColors(True)
        self._history_table.verticalHeader().hide()
        self._history_table.setEditTriggers(QTableWidget.NoEditTriggers)
        self._history_table.currentCellChanged.connect(self._on_history_row_changed)
        table_font = QFont()
        table_font.setPointSize(8)
        self._history_table.setFont(table_font)
        left_layout.addWidget(self._history_table)

        splitter.addWidget(left_group)

        # 右侧：选中帧的解析结果 + 校验结果
        right_group = QGroupBox(""解析结果"")
        right_layout = QVBoxLayout(right_group)
        right_layout.setContentsMargins(4, 4, 4, 4)

        self._parse_result_table = QTableWidget()
        self._parse_result_table.setColumnCount(4)
        self._parse_result_table.setHorizontalHeaderLabels([""字段"", ""原始值"", ""解析值"", ""说明""])
        header = self._parse_result_table.horizontalHeader()
        header.setSectionResizeMode(QHeaderView.ResizeMode.Interactive)
        header.setStretchLastSection(True)
        self._parse_result_table.setColumnWidth(0, 120)
        self._parse_result_table.setColumnWidth(1, 100)
        self._parse_result_table.setColumnWidth(2, 100)
        self._parse_result_table.setSelectionBehavior(QTableWidget.SelectRows)
        self._parse_result_table.setAlternatingRowColors(True)
        self._parse_result_table.verticalHeader().hide()
        self._parse_result_table.setEditTriggers(QTableWidget.NoEditTriggers)
        self._parse_result_table.setFont(table_font)
        right_layout.addWidget(self._parse_result_table)

        # 校验结果区域
        self._verify_group = QGroupBox(""校验结果"")
        verify_layout = QVBoxLayout(self._verify_group)
        verify_layout.setContentsMargins(4, 4, 4, 4)
        self._verify_label = QLabel(""等待解析..."")
        self._verify_label.setWordWrap(True)
        self._verify_label.setFont(QFont(""Consolas"", 9))
        verify_layout.addWidget(self._verify_label)
        right_layout.addWidget(self._verify_group)

        splitter.addWidget(right_group)
        splitter.setSizes([400, 500])

        layout.addWidget(splitter, 1)

        # ---- 底部按钮 ----
        bottom_layout = QHBoxLayout()
        bottom_layout.setSpacing(6)

        self._add_to_test_btn = QPushButton(""添加到测试方案"")
        self._add_to_test_btn.setEnabled(False)
        self._add_to_test_btn.clicked.connect(self._on_add_to_test_plan)
        self._add_to_test_btn.setStyleSheet(
            ""QPushButton { background-color: #
... [truncated]",""
"Function:monitor/frame_monitor.py:FrameMonitorWidget.set_serial_worker","set_serial_worker","monitor/frame_monitor.py",200,204,true,"        layout.addLayout(bottom_layout)

    def set_serial_worker(self, worker):
        """"""设置串口工作线程""""""
        self._serial_worker = worker
        if worker:
            worker.frame_received.connect(self._on_frame_received)

    def _on_frame_received(self, frame: bytes):
",""
"Function:monitor/frame_monitor.py:FrameMonitorWidget._on_frame_received","_on_frame_received","monitor/frame_monitor.py",206,238,false,"            worker.frame_received.connect(self._on_frame_received)

    def _on_frame_received(self, frame: bytes):
        """"""收到串口帧的回调""""""
        if self._pause_check.isChecked():
            return

        if not self._auto_parse:
            return

        # 识别协议
        protocol = self._identify_protocol(frame)

        # 过滤检查
        filter_text = self._filter_combo.currentText()
        if filter_text != ""全部"" and filter_text != protocol:
            return

        # 解析帧
        parse_result = self._parse_frame(frame, protocol)

        # 添加到历史
        now = datetime.now()
        entry = {
            'time': now,
            'frame': frame,
            'protocol': protocol,
            'direction': '接收',
            'parse_result': parse_result,
            'hex': frame.hex().upper()
        }
        self._frame_history.append(entry)

        # 更新表格
        self._update_history_table()

    def _identify_protocol(self, frame: bytes) -> str:
",""
"Function:monitor/frame_monitor.py:FrameMonitorWidget._identify_protocol","_identify_protocol","monitor/frame_monitor.py",240,266,false,"        self._update_history_table()

    def _identify_protocol(self, frame: bytes) -> str:
        """"""识别帧的协议类型""""""
        if len(frame) == 0:
            return ""未知""

        # 南网/国网: 起始符 0x68, 结束符 0x16
        if frame[0] == 0x68 and frame[-1] == 0x16:
            # 通过长度域区分：南网长度域占2字节，国网格式域更复杂
            if len(frame) >= 3:
                length = int.from_bytes(frame[1:3], 'little')
                if length + 6 == len(frame):
                    return ""南网""
            return ""国网""

        # HDLC: 起始标志 0x7E
        if frame[0] == 0x7E:
            return ""HDLC""

        # PLC RF: 起始符 0x02
        if frame[0] == 0x02 and len(frame) >= 8:
            return ""PLC RF""

        # DLT645: 两个 0x68
        if len(frame) >= 12 and frame[0] == 0x68 and frame[7] == 0x68:
            return ""DLT645""

        return ""未知""

    def _parse_frame(self, frame: bytes, protocol: str) -> Optional[List]:
",""
"Function:monitor/frame_monitor.py:FrameMonitorWidget._parse_frame","_parse_frame","monitor/frame_monitor.py",268,276,false,"        return ""未知""

    def _parse_frame(self, frame: bytes, protocol: str) -> Optional[List]:
        """"""解析帧""""""
        parser = self._parsers.get(protocol)
        if parser and hasattr(parser, 'parse_to_table'):
            try:
                return parser.parse_to_table(frame)
            except Exception:
                pass
        return None

    def _update_history_table(self):
",""
"Function:monitor/frame_monitor.py:FrameMonitorWidget._update_history_table","_update_history_table","monitor/frame_monitor.py",278,314,false,"        return None

    def _update_history_table(self):
        """"""更新历史表格""""""
        self._history_table.setRowCount(len(self._frame_history))
        for idx, entry in enumerate(reversed(self._frame_history)):
            row = len(self._frame_history) - 1 - idx
            if row < 0:
                continue

            # 序号
            self._history_table.setItem(row, 0, QTableWidgetItem(str(row + 1)))

            # 时间
            time_str = entry['time'].strftime(""%H:%M:%S"")
            self._history_table.setItem(row, 1, QTableWidgetItem(time_str))

            # 协议
            protocol_item = QTableWidgetItem(entry['protocol'])
            if entry['protocol'] == ""南网"":
                protocol_item.setForeground(QColor(""#1565C0""))
            elif entry['protocol'] == ""国网"":
                protocol_item.setForeground(QColor(""#2E7D32""))
            elif entry['protocol'] == ""HDLC"":
                protocol_item.setForeground(QColor(""#E65100""))
            self._history_table.setItem(row, 2, protocol_item)

            # 方向
            self._history_table.setItem(row, 3, QTableWidgetItem(entry['direction']))

            # 长度
            self._history_table.setItem(row, 4, QTableWidgetItem(str(len(entry['frame']))))

            # 摘要
            summary = self._get_frame_summary(entry)
            self._history_table.setItem(row, 5, QTableWidgetItem(summary))

        # 更新计数
        self._count_label.setText(f""共 {len(self._frame_history)} 帧"")

    def _get_frame_summary(self, entry: Dict) -> str:
",""
"Function:monitor/frame_monitor.py:FrameMonitorWidget._get_frame_summary","_get_frame_summary","monitor/frame_monitor.py",316,333,false,"        self._count_label.setText(f""共 {len(self._frame_history)} 帧"")

    def _get_frame_summary(self, entry: Dict) -> str:
        """"""获取帧摘要""""""
        frame = entry['frame']
        protocol = entry['protocol']

        if protocol in (""南网"", ""国网"") and len(frame) >= 7:
            afn = frame[6]
            return f""AFN=0x{afn:02X}""
        elif protocol == ""HDLC"" and len(frame) >= 3:
            return f""控制域=0x{frame[2]:02X}""
        elif protocol == ""PLC RF"" and len(frame) >= 5:
            cmd = int.from_bytes(frame[3:5], 'little')
            return f""CMD=0x{cmd:04X}""
        elif protocol == ""DLT645"" and len(frame) >= 12:
            ctrl = frame[8]
            return f""控制码=0x{ctrl:02X}""

        return frame[:8].hex().upper() + ""...""

    def _on_history_row_changed(self, row, col, prev_row, prev_col):
",""
"Function:monitor/frame_monitor.py:FrameMonitorWidget._on_history_row_changed","_on_history_row_changed","monitor/frame_monitor.py",335,362,false,"        return frame[:8].hex().upper() + ""...""

    def _on_history_row_changed(self, row, col, prev_row, prev_col):
        """"""历史表格行选中变化""""""
        if row < 0 or row >= len(self._frame_history):
            self._add_to_test_btn.setEnabled(False)
            self._copy_hex_btn.setEnabled(False)
            self._verify_btn.setEnabled(False)
            return

        # 获取选中的帧（注意表格是倒序显示的）
        idx = len(self._frame_history) - 1 - row
        if idx < 0 or idx >= len(self._frame_history):
            return

        entry = list(self._frame_history)[idx]
        self._selected_frame = entry['frame']
        self._selected_hex = entry['hex']

        # 更新解析结果
        self._update_parse_result(entry)

        # 启用按钮
        self._add_to_test_btn.setEnabled(True)
        self._copy_hex_btn.setEnabled(True)
        self._verify_btn.setEnabled(True)

        # 显示 HEX
        formatted = "" "".join(self._selected_hex[i:i+2] for i in range(0, len(self._selected_hex), 2))
        self._hex_display.setText(formatted[:100] + ""..."" if len(formatted) > 100 else formatted)

    def _update_parse_result(self, entry: Dict):
",""
"Function:monitor/frame_monitor.py:FrameMonitorWidget._update_parse_result","_update_parse_result","monitor/frame_monitor.py",364,378,false,"        self._hex_display.setText(formatted[:100] + ""..."" if len(formatted) > 100 else formatted)

    def _update_parse_result(self, entry: Dict):
        """"""更新解析结果表格""""""
        parse_result = entry.get('parse_result')
        if not parse_result:
            self._parse_result_table.setRowCount(0)
            self._verify_label.setText(""无法解析此帧"")
            return

        self._parse_result_table.setRowCount(len(parse_result))
        for row_idx, row_data in enumerate(parse_result):
            if len(row_data) >= 4:
                self._parse_result_table.setItem(row_idx, 0, QTableWidgetItem(str(row_data[0])))
                self._parse_result_table.setItem(row_idx, 1, QTableWidgetItem(str(row_data[1])))
                self._parse_result_table.setItem(row_idx, 2, QTableWidgetItem(str(row_data[2])))
                self._parse_result_table.setItem(row_idx, 3, QTableWidgetItem(str(row_data[3])))

    def _on_auto_parse_toggled(self, checked):
",""
"Function:monitor/frame_monitor.py:FrameMonitorWidget._on_auto_parse_toggled","_on_auto_parse_toggled","monitor/frame_monitor.py",380,381,false,"                self._parse_result_table.setItem(row_idx, 3, QTableWidgetItem(str(row_data[3])))

    def _on_auto_parse_toggled(self, checked):
        self._auto_parse = checked

    def _on_filter_changed(self, text):
",""
"Function:monitor/frame_monitor.py:FrameMonitorWidget._on_filter_changed","_on_filter_changed","monitor/frame_monitor.py",383,386,false,"        self._auto_parse = checked

    def _on_filter_changed(self, text):
        """"""过滤条件变化""""""
        # 重新过滤显示
        self._update_history_table()

    def _on_pause_toggled(self, checked):
",""
"Function:monitor/frame_monitor.py:FrameMonitorWidget._on_pause_toggled","_on_pause_toggled","monitor/frame_monitor.py",388,395,false,"        self._update_history_table()

    def _on_pause_toggled(self, checked):
        """"""暂停接收""""""
        if checked:
            self._pause_check.setText(""继续接收"")
            self._pause_check.setStyleSheet(""color: red;"")
        else:
            self._pause_check.setText(""暂停接收"")
            self._pause_check.setStyleSheet("""")

    def _on_clear_history(self):
",""
"Function:monitor/frame_monitor.py:FrameMonitorWidget._on_clear_history","_on_clear_history","monitor/frame_monitor.py",397,406,false,"            self._pause_check.setStyleSheet("""")

    def _on_clear_history(self):
        """"""清空历史""""""
        self._frame_history.clear()
        self._history_table.setRowCount(0)
        self._parse_result_table.setRowCount(0)
        self._verify_label.setText(""等待解析..."")
        self._count_label.setText(""共 0 帧"")
        self._add_to_test_btn.setEnabled(False)
        self._copy_hex_btn.setEnabled(False)
        self._verify_btn.setEnabled(False)

    def _on_export_history(self):
",""
"Function:monitor/frame_monitor.py:FrameMonitorWidget._on_export_history","_on_export_history","monitor/frame_monitor.py",408,429,false,"        self._verify_btn.setEnabled(False)

    def _on_export_history(self):
        """"""导出历史记录""""""
        if not self._frame_history:
            QMessageBox.information(self, ""提示"", ""历史记录为空"")
            return

        file_path, _ = QFileDialog.getSaveFileName(
            self, ""导出历史记录"", ""frame_history.txt"", ""文本文件 (*.txt);;所有文件 (*.*)""
        )
        if not file_path:
            return

        try:
            with open(file_path, 'w', encoding='utf-8') as f:
                for entry in self._frame_history:
                    time_str = entry['time'].strftime(""%Y-%m-%d %H:%M:%S"")
                    hex_str = entry['hex']
                    protocol = entry['protocol']
                    f.write(f""[{time_str}] [{protocol}] {hex_str}\n"")
            QMessageBox.information(self, ""成功"", f""已导出 {len(self._frame_history)} 条记录"")
        except Exception as e:
            QMessageBox.critical(self, ""导出失败"", str(e))

    def _on_copy_hex(self):
",""
"Function:monitor/frame_monitor.py:FrameMonitorWidget._on_copy_hex","_on_copy_hex","monitor/frame_monitor.py",431,437,false,"            QMessageBox.critical(self, ""导出失败"", str(e))

    def _on_copy_hex(self):
        """"""复制 HEX""""""
        if hasattr(self, '_selected_hex'):
            from PySide6.QtWidgets import QApplication
            clipboard = QApplication.clipboard()
            clipboard.setText(self._selected_hex)
            QMessageBox.information(self, ""成功"", ""已复制到剪贴板"")

    def _on_add_to_test_plan(self):
",""
"Function:monitor/frame_monitor.py:FrameMonitorWidget._on_add_to_test_plan","_on_add_to_test_plan","monitor/frame_monitor.py",439,450,false,"            QMessageBox.information(self, ""成功"", ""已复制到剪贴板"")

    def _on_add_to_test_plan(self):
        """"""添加到测试方案""""""
        if hasattr(self, '_selected_frame') and hasattr(self, '_selected_hex'):
            # 生成名称
            idx = self._history_table.currentRow()
            if idx >= 0:
                history_idx = len(self._frame_history) - 1 - idx
                if 0 <= history_idx < len(self._frame_history):
                    entry = list(self._frame_history)[history_idx]
                    name = f""{entry['protocol']}帧-{entry['time'].strftime('%H%M%S')}""
                    self.add_to_test_plan.emit(name, self._selected_hex)
                    QMessageBox.information(self, ""成功"", f""已添加到测试方案: {name}"")

    def _on_verify_selected(self):
",""
"Function:monitor/frame_monitor.py:FrameMonitorWidget._on_verify_selected","_on_verify_selected","monitor/frame_monitor.py",452,481,false,"                    QMessageBox.information(self, ""成功"", f""已添加到测试方案: {name}"")

    def _on_verify_selected(self):
        """"""校验选中帧""""""
        if not hasattr(self, '_selected_frame'):
            return

        frame = self._selected_frame
        protocol = self._identify_protocol(frame)

        # 调用对应的验证器
        try:
            from validator import (
                NWValidator, GDWValidator, HDLCValidator, PLCRFValidator, DLT645Validator
            )

            validators = {
                '南网': NWValidator(),
                '国网': GDWValidator(),
                'HDLC': HDLCValidator(),
                'PLC RF': PLCRFValidator(),
                'DLT645': DLT645Validator(),
            }

            validator = validators.get(protocol)
            if validator:
                result = validator.verify(frame)
                self._display_verify_result(result)
            else:
                self._verify_label.setText(f""不支持 {protocol} 协议的校验"")
        except Exception as e:
            self._verify_label.setText(f""校验失败: {str(e)}"")

    def _display_verify_result(self, result):
",""
"Function:monitor/frame_monitor.py:FrameMonitorWidget._display_verify_result","_display_verify_result","monitor/frame_monitor.py",483,514,false,"            self._verify_label.setText(f""校验失败: {str(e)}"")

    def _display_verify_result(self, result):
        """"""显示校验结果""""""
        from validator.base import CheckLevel

        lines = []
        lines.append(f""协议: {result.protocol}"")
        lines.append(f""整体结果: {'✅ 通过' if result.valid else '❌ 失败'}"")
        lines.append("""")

        for check in result.checks:
            icon = ""✅"" if check.level == CheckLevel.PASS else ""❌"" if check.level == CheckLevel.FAIL else ""⚠️""
            lines.append(f""{icon} {check.name}: {check.message}"")

        if result.warnings:
            lines.append("""")
            lines.append(""⚠️ 警告:"")
            for w in result.warnings:
                lines.append(f""  - {w}"")

        if result.errors:
            lines.append("""")
            lines.append(""❌ 错误:"")
            for e in result.errors:
                lines.append(f""  - {e}"")

        self._verify_label.setText(""\n"".join(lines))

        # 设置颜色
        if result.valid:
            self._verify_group.setStyleSheet(""QGroupBox { border: 2px solid #4CAF50; }"")
        else:
            self._verify_group.setStyleSheet(""QGroupBox { border: 2px solid #f44336; }"")
",""
