id,name,filePath,startLine,endLine,content,description
"Variable:_generated_mapping_v2.py:names","names","_generated_mapping_v2.py",3,162,"    def _get_f0_32_entry_name(classified_id: int, data_id: int) -> str:
        """"""获取 F0 32 条目的名称""""""
        names = {
            # === Class 0: 基本信息 ===
            (0, 0): ""本分类ID所有数据ID"",
            (0, 1): ""外部厂商代码"",
            (0, 2): ""外部芯片代码"",
            (0, 3): ""外部版本日期"",
            (0, 4): ""外部版本号"",
            (0, 5): ""内部厂商代码"",
            (0, 6): ""内部芯片代码"",
            (0, 7): ""应用省份"",
            (0, 8): ""应用方案"",
            (0, 9): ""模块功能开关"",
            (0, 11): ""模块类型"",
            (0, 12): ""模块生产信息"",
            (0, 13): ""最后升级时间"",
            (0, 14): ""程序CRC32校验"",
            (0, 15): ""本地接口默认信息 （CCO：生产设置波特率）"",
            (0, 16): ""默认HPLC频段信息"",
            (0, 17): ""默认HPLC参数信息"",
            (0, 18): ""默认HRF信道信息"",
            (0, 19): ""默认HRF参数信息"",
            (0, 20): ""以太网参数"",
            (0, 21): ""双模身份证书有效性"",
            (0, 22): ""波特率协商使能"",
            (0, 23): ""初始串口波特率"",
            (0, 24): ""协商串口波特率"",
            (0, 25): ""当前串口波特率"",
            (0, 26): ""当前通信参数"",
            (0, 27): ""信道使能类型"",
            (0, 28): ""模块组网类型"",
            (0, 29): ""日志串口波特率"",
            (0, 30): ""继电器控制及反馈"",

            # === Class 1: 版本信息 ===
            (1, 0): ""本分类ID所有数据ID"",
            (1, 1): ""编译时间"",
            (1, 2): ""程序总版本"",
            (1, 3): ""总工程版本"",
            (1, 4): ""boot程序版本"",
            (1, 5): ""芯片程序版本"",
            (1, 6): ""驱动层版本"",
            (1, 7): ""载波接口层版本"",
            (1, 8): ""无线PHY层版本"",
            (1, 9): ""载波MAC层版本"",
            (1, 10): ""无线MAC层版本"",
            (1, 11): ""网络层版本"",
            (1, 12): ""应用APS层版本"",
            (1, 13): ""应用APP层版本"",
            (1, 14): ""应用接口层版本"",
            (1, 15): ""以太网驱动版本"",
            (1, 16): ""USB驱动版本"",
            (1, 17): ""USB芯片版本"",
            (1, 20): ""加密程序库版本"",
            (1, 21): ""时钟管理库版本"",
            (1, 22): ""虚拟扇区VSS库版本"",
            (1, 23): ""台区识别库版本"",
            (1, 24): ""通用数据采集库版本"",
            (1, 30): ""深化应用库版本"",

            # === Class 2: 硬件信息 ===
            (2, 0): ""本分类ID所有数据ID"",
            (2, 1): ""芯片ID"",
            (2, 2): ""模块ID"",
            (2, 3): ""硬件型号"",
            (2, 4): ""芯片型号"",
            (2, 5): ""Flash型号及容量"",
            (2, 6): ""电容容量"",
            (2, 7): ""过零电路类型"",
            (2, 8): ""天线类型"",
            (2, 9): ""载波PA功放型号"",
            (2, 10): ""特征电流拓朴类型"",
            (2, 11): ""无线射频开关类型"",
            (2, 12): ""(ECU、SCU)功能模块设备ID"",
            (2, 15): ""模块时钟信息"",
            (2, 16): ""模块MAC地址"",
            (2, 17): ""模块资产编码"",
            (2, 18): ""模块备案信息"",
            (2, 20): ""过零检测信息"",
            (2, 21): ""NTB采样信息"",
            (2, 22): ""载波接收信息"",
            (2, 23): ""无线接收信息"",
            (2, 24): ""USB频偏信息"",
            (2, 25): ""无线校准信息"",
            (2, 26): ""温度校准信息"",

            # === Class 3: 网络信息 ===
            (3, 1): ""节点网络信息"",
            (3, 2): ""节点工作频段"",
            (3, 3): ""已选代理节点信息"",
            (3, 4): ""低电压统计参数"",
            (3, 5): ""代理组1信息"",
            (3, 6): ""代理组2信息"",
            (3, 7): ""代理组3信息"",
            (3, 8): ""代理组4信息"",
            (3, 9): ""代理组5信息"",
            (3, 10): ""代理组6信息"",
            (3, 11): ""代理组7信息"",
            (3, 12): ""代理组8信息"",
            (3, 13): ""代理组9信息"",
            (3, 14): ""代理组10信息"",
            (3, 15): ""当前加密模式和加密算法"",
            (3, 16): ""关联请求信息列表组1-4"",
            (3, 17): ""关联请求信息列表组5-8"",
            (3, 18): ""代理变更信息列表"",

            # === Class 4: 运行信息 ===
            (4, 1): ""复位计数"",
            (4, 2): ""停电计数"",
            (4, 3): ""复电计数"",
            (4, 4): ""过零计数"",
            (4, 5): ""主串口发送次数"",
            (4, 6): ""主串口接收次数"",
            (4, 7): ""广播校时次数"",
            (4, 8): ""精准校时次数"",
            (4, 9): ""MAC层接收HPLC帧总次数"",
            (4, 10): ""MAC层接收RF帧总次数"",
            (4, 11): ""MAC层接收HPLC信标帧次数"",
            (4, 12): ""MAC层接收RF信标帧次数"",
            (4, 13): ""MAC层接收网络帧次数"",
            (4, 14): ""MAC层接收应用帧次数"",
            (4, 15): ""接收本地广播帧次数"",
            (4, 16): ""接收代理广播帧次数"",
            (4, 17): ""作为目标接收单播帧次数"",
            (4, 18): ""作为代理处理转发次数"",
            (4, 19): ""节点离线次数"",
            (4, 20): ""代理变更次数"",
            (4, 21): ""节点发送帧总次数"",
            (4, 22): ""节点发送成功次数"",
            (4, 23): ""节点发送失败次数"",
            (4, 24): ""节点发送失败原因1次数"",
            (4, 25): ""节点发送失败原因2次数"",
            (4, 26): ""节点发送失败原因3次数"",
            (4, 27): ""节点发送失败原因4次数"",
            (4, 28): ""节点发送失败原因5次数"",
            (4, 29): ""节点发送失败原因6次数"",
            (4, 30): ""节点发送失败原因7次数"",
            (4, 31): ""节点发送失败原因8次数"",
            (4, 32): ""节点发送失败原因9次数"",
            (4, 33): ""节点发送失败原因10次数"",
            (4, 34): ""复位原因1次数"",
            (4, 35): ""复位原因6次数"",
            (4, 36): ""最近一次复位原因"",
            (4, 37): ""无线接收报文次数"",
            (4, 38): ""载波接收报文次数"",
            (4, 39): ""电表接口交互发送报文次数"",
            (4, 40): ""电表接口交互接受报文次数"",

            # === Class 5: CCO运行信息 ===
            (5, 1): ""开关信息"",
            (5, 2): ""本地串口当前通信参数"",
            (5, 3): ""以太网参数"",
            
... [truncated]",""
"Variable:_generated_mapping.py:names","names","_generated_mapping.py",3,147,"    def _get_f0_32_entry_name(classified_id: int, data_id: int) -> str:
        """"""获取 F0 32 条目的名称""""""
        names = {
            # === Class 0: 基本信息 ===
            (0, 0): ""本分类ID所有数据ID"",
            (0, 1): ""外部厂商代码"",
            (0, 2): ""外部芯片代码"",
            (0, 3): ""外部版本日期"",
            (0, 4): ""外部版本号"",
            (0, 5): ""内部厂商代码"",
            (0, 6): ""内部芯片代码"",
            (0, 7): ""应用省份"",
            (0, 8): ""应用方案"",
            (0, 9): ""模块功能开关"",
            (0, 11): ""模块类型"",
            (0, 12): ""模块生产信息"",
            (0, 13): ""最后升级时间"",
            (0, 14): ""程序CRC32校验"",
            (0, 15): ""本地接口默认信息 （CCO：生产设置波特率）"",
            (0, 16): ""默认HPLC频段信息"",
            (0, 17): ""默认HPLC参数信息"",
            (0, 18): ""默认HRF信道信息"",
            (0, 19): ""默认HRF参数信息"",
            (0, 20): ""以太网参数"",
            (0, 21): ""双模身份证书有效性"",
            (0, 22): ""波特率协商使能"",
            (0, 23): ""初始串口波特率"",
            (0, 24): ""协商串口波特率"",
            (0, 25): ""当前串口波特率"",
            (0, 26): ""当前通信参数"",
            (0, 27): ""信道使能类型"",
            (0, 28): ""模块组网类型"",
            (0, 29): ""日志串口波特率"",
            (0, 30): ""继电器控制及反馈"",

            # === Class 1: 版本信息 ===
            (1, 0): ""本分类ID所有数据ID"",
            (1, 1): ""编译时间"",
            (1, 2): ""程序总版本"",
            (1, 3): ""总工程版本"",
            (1, 4): ""boot程序版本"",
            (1, 5): ""芯片程序版本"",
            (1, 6): ""驱动层版本"",
            (1, 7): ""载波接口层版本"",
            (1, 8): ""无线PHY层版本"",
            (1, 9): ""载波MAC层版本"",
            (1, 10): ""无线MAC层版本"",
            (1, 11): ""网络层版本"",
            (1, 12): ""应用APS层版本"",
            (1, 13): ""应用APP层版本"",
            (1, 14): ""应用接口层版本"",
            (1, 15): ""以太网驱动版本"",
            (1, 16): ""USB驱动版本"",
            (1, 17): ""USB芯片版本"",
            (1, 20): ""加密程序库版本"",
            (1, 21): ""时钟管理库版本"",
            (1, 22): ""虚拟扇区VSS库版本"",
            (1, 23): ""台区识别库版本"",
            (1, 24): ""通用数据采集库版本"",
            (1, 30): ""深化应用库版本"",

            # === Class 2: 硬件信息 ===
            (2, 0): ""本分类ID所有数据ID"",
            (2, 1): ""芯片ID"",
            (2, 2): ""模块ID"",
            (2, 3): ""硬件型号"",
            (2, 4): ""芯片型号"",
            (2, 5): ""Flash型号及容量"",
            (2, 6): ""电容容量"",
            (2, 7): ""过零电路类型"",
            (2, 8): ""天线类型"",
            (2, 9): ""载波PA功放型号"",
            (2, 10): ""特征电流拓朴类型"",
            (2, 11): ""无线射频开关类型"",
            (2, 12): ""(ECU、SCU)功能模块设备ID"",
            (2, 15): ""模块时钟信息"",
            (2, 16): ""模块MAC地址"",
            (2, 17): ""模块资产编码"",
            (2, 18): ""模块备案信息"",
            (2, 20): ""过零检测信息"",
            (2, 21): ""NTB采样信息"",
            (2, 22): ""载波接收信息"",
            (2, 23): ""无线接收信息"",
            (2, 24): ""USB频偏信息"",
            (2, 25): ""无线校准信息"",
            (2, 26): ""温度校准信息"",

            # === Class 3: 网络信息 ===
            (3, 1): ""节点网络信息"",
            (3, 2): ""节点工作频段"",
            (3, 3): ""已选代理节点信息"",
            (3, 4): ""低电压统计参数"",
            (3, 5): ""代理组1信息"",
            (3, 6): ""..."",
            (3, 14): ""代理组10信息"",
            (3, 15): ""当前加密模式和加密算法"",
            (3, 16): ""关联请求信息列表组1-4"",
            (3, 17): ""关联请求信息列表组5-8"",
            (3, 18): ""代理变更信息列表"",

            # === Class 4: 运行信息 ===
            (4, 1): ""复位计数"",
            (4, 2): ""停电计数"",
            (4, 3): ""复电计数"",
            (4, 4): ""过零计数"",
            (4, 5): ""主串口发送次数"",
            (4, 6): ""主串口接收次数"",
            (4, 7): ""广播校时次数"",
            (4, 8): ""精准校时次数"",
            (4, 9): ""MAC层接收HPLC帧总次数"",
            (4, 10): ""MAC层接收RF帧总次数"",
            (4, 11): ""MAC层接收HPLC信标帧次数"",
            (4, 12): ""MAC层接收RF信标帧次数"",
            (4, 13): ""MAC层接收网络帧次数"",
            (4, 14): ""MAC层接收应用帧次数"",
            (4, 15): ""接收本地广播帧次数"",
            (4, 16): ""接收代理广播帧次数"",
            (4, 17): ""作为目标接收单播帧次数"",
            (4, 18): ""作为代理处理转发次数"",
            (4, 19): ""节点离线次数"",
            (4, 20): ""代理变更次数"",
            (4, 21): ""节点发送帧总次数"",
            (4, 22): ""节点发送成功次数"",
            (4, 23): ""节点发送失败次数"",
            (4, 24): ""节点发送失败原因1次数"",
            (4, 33): ""节点发送失败原因10次数"",
            (4, 34): ""复位原因1次数"",
            (4, 35): ""复位原因6次数"",
            (4, 36): ""最近一次复位原因"",
            (4, 37): ""无线接收报文次数"",
            (4, 38): ""载波接收报文次数"",
            (4, 39): ""电表接口交互发送报文次数"",
            (4, 40): ""电表接口交互接受报文次数"",

            # === Class 5: CCO运行信息 ===
            (5, 1): ""开关信息"",
            (5, 2): ""本地串口当前通信参数"",
            (5, 3): ""以太网参数"",
            (5, 4): ""复位信息"",
            (5, 5): ""电压跌落信息"",
            (5, 6): ""组网完成标识"",

            # === Class 7: 组合信息 ===
            (7, 0): ""本分类ID所有数据ID"",
            (7, 1): ""硬件信息组"",
            (7, 2): ""软件信息组"",
        }
        return names.get((classified_id, data_id), f""未知条目(类{classified_id}, ID{data_id})"")",""
"Variable:test_special_frame.py:parser","parser","test_special_frame.py",8,8,"def test_special_frame():
    """"""测试特殊格式的HDLC帧""""""
    parser = HDLCParser()
    
    # 用户提供的报文",""
"Variable:test_special_frame.py:frame_hex","frame_hex","test_special_frame.py",11,11,"    
    # 用户提供的报文
    frame_hex = ""7E 10 2B 00 01 00 11 00 01 00 1F 61 01 A1 09 06 07 60 85 74 05 08 01 01 BE 10 04 0E 01 00 00 00 06 5F 1F 04 00 00 7E 1F 00 00 9C 8F 7E""
    frame_bytes = bytes.fromhex(frame_hex.replace(' ', ''))
    ",""
"Variable:test_special_frame.py:frame_bytes","frame_bytes","test_special_frame.py",12,12,"    # 用户提供的报文
    frame_hex = ""7E 10 2B 00 01 00 11 00 01 00 1F 61 01 A1 09 06 07 60 85 74 05 08 01 01 BE 10 04 0E 01 00 00 00 06 5F 1F 04 00 00 7E 1F 00 00 9C 8F 7E""
    frame_bytes = bytes.fromhex(frame_hex.replace(' ', ''))
    
    print(""="" * 120)",""
"Variable:test_special_frame.py:flag_positions","flag_positions","test_special_frame.py",26,26,"    
    # 查找所有7E标志
    flag_positions = [i for i, b in enumerate(frame_bytes) if b == 0x7E]
    print(f""7E标志位置: {flag_positions}"")
    ",""
"Variable:test_special_frame.py:first_frame_end","first_frame_end","test_special_frame.py",38,38,"        # 尝试解析第一个完整帧（从第一个7E到第二个7E）
        if len(flag_positions) >= 2:
            first_frame_end = flag_positions[1] + 1
            first_frame = frame_bytes[:first_frame_end]
            print(f""尝试解析第一个帧（索引0-{first_frame_end-1}）:"")",""
"Variable:test_special_frame.py:first_frame","first_frame","test_special_frame.py",39,39,"        if len(flag_positions) >= 2:
            first_frame_end = flag_positions[1] + 1
            first_frame = frame_bytes[:first_frame_end]
            print(f""尝试解析第一个帧（索引0-{first_frame_end-1}）:"")
            print(f""帧数据: {' '.join(f'{b:02X}' for b in first_frame)}"")",""
"Variable:test_special_frame.py:table","table","test_special_frame.py",44,44,"            print()
            
            table = parser.parse_to_table(first_frame)
            print(f""{'字段':<30s} | {'原始值':<50s} | {'解析值':<35s} | 说明"")
            print(""-"" * 150)",""
"Variable:test_special_frame.py:info_start","info_start","test_special_frame.py",58,58,"    # 信息域（假设从HCS之后开始）
    # HCS在索引10-11，信息域从索引12开始
    info_start = 12
    info_data = frame_bytes[info_start:]
    ",""
"Variable:test_special_frame.py:info_data","info_data","test_special_frame.py",59,59,"    # HCS在索引10-11，信息域从索引12开始
    info_start = 12
    info_data = frame_bytes[info_start:]
    
    print(f""信息域起始位置: 索引{info_start}"")",""
"Variable:test_special_frame.py:offset","offset","test_special_frame.py",69,69,"    print(""-"" * 120)
    
    offset = 0
    while offset < len(info_data) - 1:
        tag = info_data[offset]",""
"Variable:test_special_frame.py:tag","tag","test_special_frame.py",71,71,"    offset = 0
    while offset < len(info_data) - 1:
        tag = info_data[offset]
        
        # 解析标签",""
"Variable:test_special_frame.py:tag_desc","tag_desc","test_special_frame.py",74,74,"        
        # 解析标签
        tag_desc = """"
        if tag == 0x1F:
            tag_desc = ""高标签号（后续字节为标签扩展）""",""
"Variable:test_special_frame.py:app_num","app_num","test_special_frame.py",80,80,"                tag_desc += f"" → 0x{info_data[offset+1]:02X}""
        elif 0x60 <= tag <= 0x7F:
            app_num = tag - 0x60
            app_names = {1: ""AARQ (关联请求)"", 2: ""AARE (关联响应)"", 3: ""RLRQ (释放请求)"", 4: ""RLRE (释放响应)""}
            tag_desc = f""APPLICATION {app_num} {app_names.get(app_num, '')}""",""
"Variable:test_special_frame.py:app_names","app_names","test_special_frame.py",81,81,"        elif 0x60 <= tag <= 0x7F:
            app_num = tag - 0x60
            app_names = {1: ""AARQ (关联请求)"", 2: ""AARE (关联响应)"", 3: ""RLRQ (释放请求)"", 4: ""RLRE (释放响应)""}
            tag_desc = f""APPLICATION {app_num} {app_names.get(app_num, '')}""
        elif 0xA0 <= tag <= 0xBF:",""
"Variable:test_special_frame.py:ctx_num","ctx_num","test_special_frame.py",84,84,"            tag_desc = f""APPLICATION {app_num} {app_names.get(app_num, '')}""
        elif 0xA0 <= tag <= 0xBF:
            ctx_num = tag - 0xA0
            tag_desc = f""Context-Specific [{ctx_num}]""
        elif tag == 0x09:",""
"Variable:test_special_frame.py:length_byte","length_byte","test_special_frame.py",102,102,"        # 如果还有数据，尝试解析长度
        if offset < len(info_data):
            length_byte = info_data[offset]
            if length_byte < 0x80:
                print(f""       长度: {length_byte} 字节"")",""
"Variable:test_special_frame.py:str_data","str_data","test_special_frame.py",107,107,"                # 如果是Visible-String或Octet-String，尝试显示内容
                if tag == 0x09 and length_byte > 0 and offset + 1 + length_byte <= len(info_data):
                    str_data = info_data[offset + 1:offset + 1 + length_byte]
                    try:
                        str_val = str_data.decode('ascii', errors='replace')",""
"Variable:test_special_frame.py:str_val","str_val","test_special_frame.py",109,109,"                    str_data = info_data[offset + 1:offset + 1 + length_byte]
                    try:
                        str_val = str_data.decode('ascii', errors='replace')
                        print(f""       内容: \""{str_val}\"""")
                    except:",""
"Variable:test_special_frame.py:year","year","test_special_frame.py",121,121,"                        try:
                            import struct
                            year = struct.unpack('>H', str_data[0:2])[0]
                            month = str_data[2]
                            day = str_data[3]",""
"Variable:test_special_frame.py:month","month","test_special_frame.py",122,122,"                            import struct
                            year = struct.unpack('>H', str_data[0:2])[0]
                            month = str_data[2]
                            day = str_data[3]
                            hour = str_data[4]",""
"Variable:test_special_frame.py:day","day","test_special_frame.py",123,123,"                            year = struct.unpack('>H', str_data[0:2])[0]
                            month = str_data[2]
                            day = str_data[3]
                            hour = str_data[4]
                            minute = str_data[5]",""
"Variable:test_special_frame.py:hour","hour","test_special_frame.py",124,124,"                            month = str_data[2]
                            day = str_data[3]
                            hour = str_data[4]
                            minute = str_data[5]
                            second = str_data[6]",""
"Variable:test_special_frame.py:minute","minute","test_special_frame.py",125,125,"                            day = str_data[3]
                            hour = str_data[4]
                            minute = str_data[5]
                            second = str_data[6]
                            print(f""       → DateTime: {year}-{month:02d}-{day:02d} {hour:02d}:{minute:02d}:{second:02d}"")",""
"Variable:test_special_frame.py:second","second","test_special_frame.py",126,126,"                            hour = str_data[4]
                            minute = str_data[5]
                            second = str_data[6]
                            print(f""       → DateTime: {year}-{month:02d}-{day:02d} {hour:02d}:{minute:02d}:{second:02d}"")
                        except:",""
"Variable:test_snrm_frame.py:parser","parser","test_snrm_frame.py",8,8,"def test_snrm_frame():
    """"""测试 SNRM 帧""""""
    parser = HDLCParser()
    
    # 用户提供的 SNRM 帧",""
"Variable:test_snrm_frame.py:frame_hex","frame_hex","test_snrm_frame.py",11,11,"    
    # 用户提供的 SNRM 帧
    frame_hex = ""7E A0 20 03 21 93 7D D9 81 80 14 05 02 04 00 06 02 04 00 07 04 00 00 00 01 08 04 00 00 00 07 44 86 7E""
    frame_bytes = bytes.fromhex(frame_hex.replace(' ', ''))
    ",""
"Variable:test_snrm_frame.py:frame_bytes","frame_bytes","test_snrm_frame.py",12,12,"    # 用户提供的 SNRM 帧
    frame_hex = ""7E A0 20 03 21 93 7D D9 81 80 14 05 02 04 00 06 02 04 00 07 04 00 00 00 01 08 04 00 00 00 07 44 86 7E""
    frame_bytes = bytes.fromhex(frame_hex.replace(' ', ''))
    
    print(""="" * 120)",""
"Variable:test_snrm_frame.py:table","table","test_snrm_frame.py",22,22,"    
    # 表格格式解析
    table = parser.parse_to_table(frame_bytes)
    
    print(f""{'字段':<30s} | {'原始值':<50s} | {'解析值':<35s} | 说明"")",""
"Variable:test_snrm_frame.py:info_start","info_start","test_snrm_frame.py",35,35,"    # 信息域从 HCS 之后开始
    # HCS 在索引 8-9，信息域从索引 10 开始
    info_start = 10
    info_data = frame_bytes[info_start:]
    ",""
"Variable:test_snrm_frame.py:info_data","info_data","test_snrm_frame.py",36,36,"    # HCS 在索引 8-9，信息域从索引 10 开始
    info_start = 10
    info_data = frame_bytes[info_start:]
    
    print(f""信息域内容: {' '.join(f'{b:02X}' for b in info_data)}"")",""
"Variable:test_snrm_frame.py:offset","offset","test_snrm_frame.py",45,45,"    print(""-"" * 120)
    
    offset = 0
    indent = 0
    while offset < len(info_data):",""
"Variable:test_snrm_frame.py:indent","indent","test_snrm_frame.py",46,46,"    
    offset = 0
    indent = 0
    while offset < len(info_data):
        tag = info_data[offset]",""
"Variable:test_snrm_frame.py:tag","tag","test_snrm_frame.py",48,48,"    indent = 0
    while offset < len(info_data):
        tag = info_data[offset]
        prefix = ""  "" * indent
        ",""
"Variable:test_snrm_frame.py:prefix","prefix","test_snrm_frame.py",49,49,"    while offset < len(info_data):
        tag = info_data[offset]
        prefix = ""  "" * indent
        
        # 解析标签",""
"Variable:test_snrm_frame.py:tag_desc","tag_desc","test_snrm_frame.py",52,52,"        
        # 解析标签
        tag_desc = """"
        if 0x80 <= tag <= 0x9F:
            ctx_num = tag - 0x80",""
"Variable:test_snrm_frame.py:ctx_num","ctx_num","test_snrm_frame.py",54,54,"        tag_desc = """"
        if 0x80 <= tag <= 0x9F:
            ctx_num = tag - 0x80
            tag_desc = f""Context-Specific [{ctx_num}]""
        elif 0x60 <= tag <= 0x7F:",""
"Variable:test_snrm_frame.py:app_num","app_num","test_snrm_frame.py",57,57,"            tag_desc = f""Context-Specific [{ctx_num}]""
        elif 0x60 <= tag <= 0x7F:
            app_num = tag - 0x60
            tag_desc = f""APPLICATION {app_num}""
        elif tag == 0x1F:",""
"Variable:test_snrm_frame.py:length_byte","length_byte","test_snrm_frame.py",69,69,"        # 解析长度
        if offset < len(info_data):
            length_byte = info_data[offset]
            if length_byte < 0x80:
                tlv_length = length_byte",""
"Variable:test_snrm_frame.py:tlv_length","tlv_length","test_snrm_frame.py",71,71,"            length_byte = info_data[offset]
            if length_byte < 0x80:
                tlv_length = length_byte
                print(f""{prefix}       长度: {tlv_length} 字节"")
                offset += 1",""
"Variable:test_snrm_frame.py:value_data","value_data","test_snrm_frame.py",77,77,"                # 显示值
                if offset + tlv_length <= len(info_data):
                    value_data = info_data[offset:offset + tlv_length]
                    print(f""{prefix}       值: {' '.join(f'{b:02X}' for b in value_data[:15])}{'...' if len(value_data) > 15 else ''}"")
                    ",""
"Variable:test_snrm_frame.py:saved_offset","saved_offset","test_snrm_frame.py",84,84,"                        print(f""{prefix}       [嵌套结构开始]"")
                        # 保存当前状态
                        saved_offset = offset
                        saved_indent = indent
                        offset = saved_offset",""
"Variable:test_snrm_frame.py:saved_indent","saved_indent","test_snrm_frame.py",85,85,"                        # 保存当前状态
                        saved_offset = offset
                        saved_indent = indent
                        offset = saved_offset
                        indent += 1",""
"Variable:test_snrm_frame.py:end_marker","end_marker","test_snrm_frame.py",100,100,"                # 不定长通常以 00 00 结束
                # 这里简化处理，尝试找到结束标记
                end_marker = info_data.find(b'\x00\x00', offset)
                if end_marker != -1:
                    print(f""{prefix}       值: {' '.join(f'{b:02X}' for b in info_data[offset:end_marker][:15])}..."")",""
"Variable:test_snrm_frame.py:num_bytes","num_bytes","test_snrm_frame.py",108,108,"                    break
            else:
                num_bytes = length_byte & 0x7F
                print(f""{prefix}       长度: 长格式 ({num_bytes} 字节)"")
                offset += 1 + num_bytes",""
"Variable:test_run_params.py:parser","parser","test_run_params.py",4,4,"
def test_run_params_table():
    parser = ProtocolFrameParser()
    
    # 测试帧：返回查询运行参数信息
",""
"Variable:test_run_params.py:frame_hex","frame_hex","test_run_params.py",7,7,"    
    # 测试帧：返回查询运行参数信息
    frame_hex = '68 17 00 88 03 06 74 03 04 E8 01 10 04 26 90 09 01 03 02 1E 00 EC 16'
    frame_bytes = bytes.fromhex(frame_hex.replace(' ', ''))
    
",""
"Variable:test_run_params.py:frame_bytes","frame_bytes","test_run_params.py",8,8,"    # 测试帧：返回查询运行参数信息
    frame_hex = '68 17 00 88 03 06 74 03 04 E8 01 10 04 26 90 09 01 03 02 1E 00 EC 16'
    frame_bytes = bytes.fromhex(frame_hex.replace(' ', ''))
    
    print(""测试帧:"", frame_hex)
",""
"Variable:test_run_params.py:table_data","table_data","test_run_params.py",14,14,"    
    # 获取表格数据
    table_data = parser.parse_to_table(frame_bytes)
    
    # 打印表格
",""
"Variable:test_push_frame.py:parser","parser","test_push_frame.py",9,9,"def test_push_frame():
    """"""测试数据推送帧解析""""""
    parser = PLCRFProtocolParser()
    
    # 构建推送帧示例（根据截图）",""
"Variable:test_push_frame.py:ipv6_addr_str","ipv6_addr_str","test_push_frame.py",21,21,"    # 构建IPv6地址部分（46字节）
    # 示例: [fe80:0:0:781d:ff:fe00:0]:61616
    ipv6_addr_str = ""[fe80:0:0:781d:ff:fe00:0]:61616""
    ipv6_addr_bytes = ipv6_addr_str.encode('ascii')
    # 填充到46字节",""
"Variable:test_push_frame.py:ipv6_addr_bytes","ipv6_addr_bytes","test_push_frame.py",22,22,"    # 示例: [fe80:0:0:781d:ff:fe00:0]:61616
    ipv6_addr_str = ""[fe80:0:0:781d:ff:fe00:0]:61616""
    ipv6_addr_bytes = ipv6_addr_str.encode('ascii')
    # 填充到46字节
    ipv6_addr_padded = ipv6_addr_bytes + b'\x00' * (46 - len(ipv6_addr_bytes))",""
"Variable:test_push_frame.py:ipv6_addr_padded","ipv6_addr_padded","test_push_frame.py",24,24,"    ipv6_addr_bytes = ipv6_addr_str.encode('ascii')
    # 填充到46字节
    ipv6_addr_padded = ipv6_addr_bytes + b'\x00' * (46 - len(ipv6_addr_bytes))
    
    # DLMS数据内容（示例）",""
"Variable:test_push_frame.py:dlms_data","dlms_data","test_push_frame.py",27,27,"    
    # DLMS数据内容（示例）
    dlms_data = bytes.fromhex(""00 01 00 01 00 66 00 3A DB 08 57 53 47 66 71 34 66 13 2F 30 00 00 00 01 F6 B4 63 01 54 32 6C 02 53 D4 4D B1 70 20 D3 A4 C5 2F D6 69 E3 E3 9C 8B 0E E8 36 B4 F1 9A 3A DF 7E 11 B4 FD 7B 92 21 1C 84 2E"")
    
    # 构建用户数据区",""
"Variable:test_push_frame.py:user_data","user_data","test_push_frame.py",30,30,"    
    # 构建用户数据区
    user_data = bytearray()
    user_data.append(0x01)  # 地址类型: IPv6
    user_data.extend(ipv6_addr_padded)  # 目标地址",""
"Variable:test_push_frame.py:length","length","test_push_frame.py",37,37,"    
    # 构建完整帧
    length = 1 + 2 + len(user_data) + 2  # Control + Command + UserData + CRC16
    frame = bytearray()
    frame.append(0x02)  # Start",""
"Variable:test_push_frame.py:frame","frame","test_push_frame.py",38,38,"    # 构建完整帧
    length = 1 + 2 + len(user_data) + 2  # Control + Command + UserData + CRC16
    frame = bytearray()
    frame.append(0x02)  # Start
    frame.extend(struct.pack('>H', length))  # Length",""
"Variable:test_push_frame.py:crc_data","crc_data","test_push_frame.py",46,46,"    
    # 计算CRC16
    crc_data = frame[1:]
    crc = parser.calculate_crc16(crc_data)
    frame.extend(struct.pack('<H', crc))",""
"Variable:test_push_frame.py:crc","crc","test_push_frame.py",47,47,"    # 计算CRC16
    crc_data = frame[1:]
    crc = parser.calculate_crc16(crc_data)
    frame.extend(struct.pack('<H', crc))
    ",""
"Variable:test_push_frame.py:result","result","test_push_frame.py",59,59,"    
    # 解析
    result = parser.parse(frame)
    
    print(f""解析状态: {result['解析状态']}"")",""
"Variable:test_push_frame.py:user_data_result","user_data_result","test_push_frame.py",79,79,"    if result.get('用户数据区'):
        print(""\n用户数据区解析:"")
        user_data_result = result['用户数据区']
        for key, value in user_data_result.items():
            if key != ""原始数据"":",""
"Variable:test_push_frame.py:table_data","table_data","test_push_frame.py",92,92,"    print(""表格解析结果:"")
    print(""="" * 80)
    table_data = parser.parse_to_table(frame)
    for row in table_data:
        field, raw, parsed, comment, start, end = row",""
"Variable:test_push_frame.py:indent","indent","test_push_frame.py",95,95,"    for row in table_data:
        field, raw, parsed, comment, start, end = row
        indent = ""  "" if field.startswith(""  "") else """"
        field_name = field.strip()
        print(f""{indent}{field_name:25s} | {raw:40s} | {parsed:30s} | {comment}"")",""
"Variable:test_push_frame.py:field_name","field_name","test_push_frame.py",96,96,"        field, raw, parsed, comment, start, end = row
        indent = ""  "" if field.startswith(""  "") else """"
        field_name = field.strip()
        print(f""{indent}{field_name:25s} | {raw:40s} | {parsed:30s} | {comment}"")
",""
"Variable:test_plc_rf_fix.py:parser","parser","test_plc_rf_fix.py",3,3,"from plc_rf_parser import PLCRFProtocolParser

parser = PLCRFProtocolParser()

# 测试1: 模块向电表发送数据推送确认帧（下行，C0）",""
"Variable:test_plc_rf_fix.py:test_frame_down","test_frame_down","test_plc_rf_fix.py",8,8,"# 根据4.md文档：02 00 06 C0 12 01 [状态] CRC16
# 状态字：01=推送成功，00=推送失败
test_frame_down = bytes.fromhex(""02 00 06 C0 12 01 01 00 00"")

print(""="" * 80)",""
"Variable:test_plc_rf_fix.py:result","result","test_plc_rf_fix.py",14,14,"print(""输入报文:"", test_frame_down.hex(' ').upper())
print(""="" * 80)
result = parser.parse(test_frame_down)
print(""解析状态:"", result.get(""解析状态""))
print(""控制域:"", result.get(""控制域"", {}).get(""说明""))",""
"Variable:test_plc_rf_fix.py:table","table","test_plc_rf_fix.py",22,22,"
# 表格解析
table = parser.parse_to_table(test_frame_down)
print(""表格解析结果:"")
for row in table:",""
"Variable:test_plc_rf_fix.py:test_frame_up","test_frame_up","test_plc_rf_fix.py",30,30,"# 测试2: 电表向模块推送数据帧（上行，C4）
# 完整的数据推送结构：目标地址类型(1) + 目标地址(48) + 推送延时(2) + DLMS数据(N)
test_frame_up = bytes.fromhex(""02 00 7A C4 12 01 01 5B 66 65 38 30 3A 30 3A 30 3A 30 3A 37 38 31 64 3A 66 66 3A 66 65 30 30 3A 30 5D 3A 36 31 36 31 36 00 00 00 00 00 00 00 00 00 00 00 00 01 00 01 00 66 00 3A DB 08 57 53 47 66 71 34 66 13 2F 30 00 00 00 01 F6 B4 63 01 54 32 6C 02 53 D4 4D B1 70 20 D3 A4 C5 2F D6 69 E3 E3 9C 8B 0E E8 36 B4 F1 9A 3A DF 7E 11 B4 FD 7B 92 21 1C 84 2E 5E CA"")

print(""="" * 80)",""
"Variable:test_plc_rf_fix.py:result2","result2","test_plc_rf_fix.py",36,36,"print(""输入报文:"", test_frame_up.hex(' ')[:120].upper() + ""..."")
print(""="" * 80)
result2 = parser.parse(test_frame_up)
print(""解析状态:"", result2.get(""解析状态""))
print(""控制域:"", result2.get(""控制域"", {}).get(""说明""))",""
"Variable:test_plc_rf.py:clean","clean","test_plc_rf.py",13,13,"    
    # 清理输入
    clean = hex_str.replace("" "", """").replace(""\n"", """")
    frame_bytes = bytes.fromhex(clean)
    ",""
"Variable:test_plc_rf.py:frame_bytes","frame_bytes","test_plc_rf.py",14,14,"    # 清理输入
    clean = hex_str.replace("" "", """").replace(""\n"", """")
    frame_bytes = bytes.fromhex(clean)
    
    # 解析",""
"Variable:test_plc_rf.py:parser","parser","test_plc_rf.py",17,17,"    
    # 解析
    parser = PLCRFProtocolParser()
    result = parser.parse(frame_bytes)
    ",""
"Variable:test_plc_rf.py:result","result","test_plc_rf.py",18,18,"    # 解析
    parser = PLCRFProtocolParser()
    result = parser.parse(frame_bytes)
    
    # 打印结果",""
"Variable:test_plc_rf.py:table_data","table_data","test_plc_rf.py",45,45,"    # 表格解析
    print(f""\n表格解析结果:"")
    table_data = parser.parse_to_table(frame_bytes)
    for row in table_data:
        field, raw, parsed, comment, start, end = row",""
"Variable:test_plc_rf.py:indent","indent","test_plc_rf.py",48,48,"    for row in table_data:
        field, raw, parsed, comment, start, end = row
        indent = ""  "" if field.startswith(""  "") else """"
        field_name = field.strip()
        print(f""  {indent}{field_name:20s} | {raw:25s} | {parsed:20s} | {comment}"")",""
"Variable:test_plc_rf.py:field_name","field_name","test_plc_rf.py",49,49,"        field, raw, parsed, comment, start, end = row
        indent = ""  "" if field.startswith(""  "") else """"
        field_name = field.strip()
        print(f""  {indent}{field_name:20s} | {raw:25s} | {parsed:20s} | {comment}"")
",""
"Variable:test_plan_widget.py:TEST_PLAN_PATH","TEST_PLAN_PATH","test_plan_widget.py",30,30,"
# 自动持久化文件路径
TEST_PLAN_PATH = Path(__file__).parent / ""test_plan.json""

# ------------------------------------------------------------------------------
",""
"Variable:test_plan_widget.py:_CRC16_TABLE","_CRC16_TABLE","test_plan_widget.py",42,75,"
# CRC16-CCITT 查表（与 plc_rf_parser.py 一致）
_CRC16_TABLE = [
    0x0000, 0x1189, 0x2312, 0x329b, 0x4624, 0x57ad, 0x6536, 0x74bf,
    0x8c48, 0x9dc1, 0xaf5a, 0xbed3, 0xca6c, 0xdbe5, 0xe97e, 0xf8f7,
    0x1081, 0x0108, 0x3393, 0x221a, 0x56a5, 0x472c, 0x75b7, 0x643e,
    0x9cc9, 0x8d40, 0xbfdb, 0xae52, 0xdaed, 0xcb64, 0xf9ff, 0xe876,
    0x2102, 0x308b, 0x0210, 0x1399, 0x6726, 0x76af, 0x4434, 0x55bd,
    0xad4a, 0xbcc3, 0x8e58, 0x9fd1, 0xeb6e, 0xfae7, 0xc87c, 0xd9f5,
    0x3183, 0x200a, 0x1291, 0x0318, 0x77a7, 0x662e, 0x54b5, 0x453c,
    0xbdcb, 0xac42, 0x9ed9, 0x8f50, 0xfbef, 0xea66, 0xd8fd, 0xc974,
    0x4204, 0x538d, 0x6116, 0x709f, 0x0420, 0x15a9, 0x2732, 0x36bb,
    0xce4c, 0xdfc5, 0xed5e, 0xfcd7, 0x8868, 0x99e1, 0xab7a, 0xbaf3,
    0x5285, 0x430c, 0x7197, 0x601e, 0x14a1, 0x0528, 0x37b3, 0x263a,
    0xdecd, 0xcf44, 0xfddf, 0xec56, 0x98e9, 0x8960, 0xbbfb, 0xaa72,
    0x6306, 0x728f, 0x4014, 0x519d, 0x2522, 0x34ab, 0x0630, 0x17b9,
    0xef4e, 0xfec7, 0xcc5c, 0xddd5, 0xa96a, 0xb8e3, 0x8a78, 0x9bf1,
    0x7387, 0x620e, 0x5095, 0x411c, 0x35a3, 0x242a, 0x16b1, 0x0738,
    0xffcf, 0xee46, 0xdcdd, 0xcd54, 0xb9eb, 0xa862, 0x9af9, 0x8b70,
    0x8408, 0x9581, 0xa71a, 0xb693, 0xc22c, 0xd3a5, 0xe13e, 0xf0b7,
    0x0840, 0x19c9, 0x2b52, 0x3adb, 0x4e64, 0x5fed, 0x6d76, 0x7cff,
    0x9489, 0x8500, 0xb79b, 0xa612, 0xd2ad, 0xc324, 0xf1bf, 0xe036,
    0x18c1, 0x0948, 0x3bd3, 0x2a5a, 0x5ee5, 0x4f6c, 0x7df7, 0x6c7e,
    0xa50a, 0xb483, 0x8618, 0x9791, 0xe32e, 0xf2a7, 0xc03c, 0xd1b5,
    0x2942, 0x38cb, 0x0a50, 0x1bd9, 0x6f66, 0x7eef, 0x4c74, 0x5dfd,
    0xb58b, 0xa402, 0x9699, 0x8710, 0xf3af, 0xe226, 0xd0bd, 0xc134,
    0x39c3, 0x284a, 0x1ad1, 0x0b58, 0x7fe7, 0x6e6e, 0x5cf5, 0x4d7c,
    0xc60c, 0xd785, 0xe51e, 0xf497, 0x8028, 0x91a1, 0xa33a, 0xb2b3,
    0x4a44, 0x5bcd, 0x6956, 0x78df, 0x0c60, 0x1de9, 0x2f72, 0x3efb,
    0xd68d, 0xc704, 0xf59f, 0xe416, 0x90a9, 0x8120, 0xb3bb, 0xa232,
    0x5ac5, 0x4b4c, 0x79d7, 0x685e, 0x1ce1, 0x0d68, 0x3ff3, 0x2e7a,
    0xe70e, 0xf687, 0xc41c, 0xd595, 0xa12a, 0xb0a3, 0x8238, 0x93b1,
    0x6b46, 0x7acf, 0x4854, 0x59dd, 0x2d62, 0x3ceb, 0x0e70, 0x1ff9,
    0xf78f, 0xe606, 0xd49d, 0xc514, 0xb1ab, 0xa022, 0x92b9, 0x8330,
    0x7bc7, 0x6a4e, 0x58d5, 0x495c, 0x3de3, 0x2c6a, 0x1ef1, 0x0f78
]


",""
"Variable:test_plan_widget.py:fcs","fcs","test_plan_widget.py",80,80,"def _calc_crc16(data: bytes) -> int:
    """"""CRC16-CCITT (0xFFFF初始, 0xFFFF最终异或)""""""
    fcs = 0xFFFF
    for byte in data:
        fcs = ((fcs >> 8) ^ _CRC16_TABLE[(fcs ^ byte) & 0xFF]) & 0xFFFF
",""
"Variable:test_plan_widget.py:parts","parts","test_plan_widget.py",88,88,"def _split_bracket_params(content: str) -> List[str]:
    """"""按逗号分割标记参数，支持引号包裹""""""
    parts: List[str] = []
    current = """"
    in_quote = False
",""
"Variable:test_plan_widget.py:current","current","test_plan_widget.py",89,89,"    """"""按逗号分割标记参数，支持引号包裹""""""
    parts: List[str] = []
    current = """"
    in_quote = False
    quote_char = None
",""
"Variable:test_plan_widget.py:in_quote","in_quote","test_plan_widget.py",90,90,"    parts: List[str] = []
    current = """"
    in_quote = False
    quote_char = None
    for ch in content:
",""
"Variable:test_plan_widget.py:quote_char","quote_char","test_plan_widget.py",91,91,"    current = """"
    in_quote = False
    quote_char = None
    for ch in content:
        if ch in ('""', ""'""):
",""
"Variable:test_plan_widget.py:start","start","test_plan_widget.py",116,116,"    if "":"" in range_str:
        start_str, end_str = range_str.split("":"", 1)
        start = int(start_str) - 1 if start_str else 0
        end = int(end_str) if end_str else total
        if end < 0:
",""
"Variable:test_plan_widget.py:end","end","test_plan_widget.py",117,117,"        start_str, end_str = range_str.split("":"", 1)
        start = int(start_str) - 1 if start_str else 0
        end = int(end_str) if end_str else total
        if end < 0:
            end = total + end
",""
"Variable:test_plan_widget.py:byte_count","byte_count","test_plan_widget.py",128,128,"def _fill_time(params: List[str]) -> str:
    """"""填充系统时间（BCD码）""""""
    byte_count = int(params[1])
    fmt = params[2].strip('""\'')
    endian = params[3].strip('""\'').lower() if len(params) > 3 else ""big""
",""
"Variable:test_plan_widget.py:fmt","fmt","test_plan_widget.py",129,129,"    """"""填充系统时间（BCD码）""""""
    byte_count = int(params[1])
    fmt = params[2].strip('""\'')
    endian = params[3].strip('""\'').lower() if len(params) > 3 else ""big""

",""
"Variable:test_plan_widget.py:endian","endian","test_plan_widget.py",130,130,"    byte_count = int(params[1])
    fmt = params[2].strip('""\'')
    endian = params[3].strip('""\'').lower() if len(params) > 3 else ""big""

    now = datetime.now()
",""
"Variable:test_plan_widget.py:now","now","test_plan_widget.py",132,132,"    endian = params[3].strip('""\'').lower() if len(params) > 3 else ""big""

    now = datetime.now()
    mapping = {
        ""Y"": now.year % 100,
",""
"Variable:test_plan_widget.py:mapping","mapping","test_plan_widget.py",133,140,"
    now = datetime.now()
    mapping = {
        ""Y"": now.year % 100,
        ""M"": now.month,
        ""D"": now.day,
        ""h"": now.hour,
        ""m"": now.minute,
        ""s"": now.second,
    }

    parts = fmt.split(""-"")
",""
"Variable:test_plan_widget.py:bcd_bytes","bcd_bytes","test_plan_widget.py",143,143,"
    parts = fmt.split(""-"")
    bcd_bytes = []
    for p in parts:
        val = mapping.get(p, 0)
",""
"Variable:test_plan_widget.py:val","val","test_plan_widget.py",145,145,"    bcd_bytes = []
    for p in parts:
        val = mapping.get(p, 0)
        # 十进制直接映射为 BCD 字节：26 -> 0x26
        bcd_bytes.append(int(f""{val:02d}"", 16))
",""
"Variable:test_plan_widget.py:result","result","test_plan_widget.py",152,152,"        bcd_bytes = bcd_bytes[::-1]

    result = """".join(f""{b:02X}"" for b in bcd_bytes)
    # 如果生成的长度超过需求，截断；不足则补 00
    if len(result) // 2 > byte_count:
",""
"Variable:test_plan_widget.py:algo","algo","test_plan_widget.py",161,161,"def _calc_checksum(frame_hex: str, match_start: int, match_end: int, params: List[str]) -> str:
    """"""计算校验并返回 HEX 字符串""""""
    algo = params[0].strip('""\'')
    size = int(params[1])
    range_str = params[2].strip('""\'')
",""
"Variable:test_plan_widget.py:size","size","test_plan_widget.py",162,162,"    """"""计算校验并返回 HEX 字符串""""""
    algo = params[0].strip('""\'')
    size = int(params[1])
    range_str = params[2].strip('""\'')

",""
"Variable:test_plan_widget.py:range_str","range_str","test_plan_widget.py",163,163,"    algo = params[0].strip('""\'')
    size = int(params[1])
    range_str = params[2].strip('""\'')

    # 将帧中所有 【】 标记（包括当前正在计算的）临时替换为等长占位符，
",""
"Variable:test_plan_widget.py:placeholder_pattern","placeholder_pattern","test_plan_widget.py",167,167,"    # 将帧中所有 【】 标记（包括当前正在计算的）临时替换为等长占位符，
    # 保证总字节数正确，便于范围计算。
    placeholder_pattern = re.compile(r""【([^】]+)】"")

    def _ph_repl(m: Any) -> str:
",""
"Variable:test_plan_widget.py:p","p","test_plan_widget.py",170,170,"
    def _ph_repl(m: Any) -> str:
        p = _split_bracket_params(m.group(1))
        a = p[0].strip('""\'')
        if a in (""CS"", ""CRC16""):
",""
"Variable:test_plan_widget.py:a","a","test_plan_widget.py",171,171,"    def _ph_repl(m: Any) -> str:
        p = _split_bracket_params(m.group(1))
        a = p[0].strip('""\'')
        if a in (""CS"", ""CRC16""):
            s = int(p[1]) if len(p) > 1 else 0
",""
"Variable:test_plan_widget.py:s","s","test_plan_widget.py",173,173,"        a = p[0].strip('""\'')
        if a in (""CS"", ""CRC16""):
            s = int(p[1]) if len(p) > 1 else 0
        elif a == ""time"":
            s = int(p[1]) if len(p) > 1 else 0
",""
"Variable:test_plan_widget.py:clean_hex","clean_hex","test_plan_widget.py",180,180,"        return ""00"" * s

    clean_hex = placeholder_pattern.sub(_ph_repl, frame_hex)
    clean_hex = clean_hex.replace("" "", """")

",""
"Variable:test_plan_widget.py:data","data","test_plan_widget.py",184,184,"
    try:
        data = bytes.fromhex(clean_hex)
    except ValueError:
        return ""00"" * size
",""
"Variable:test_plan_widget.py:total","total","test_plan_widget.py",188,188,"        return ""00"" * size

    total = len(data)
    start, end = _parse_byte_range(range_str, total)
    calc_bytes = data[start:end]
",""
"Variable:test_plan_widget.py:calc_bytes","calc_bytes","test_plan_widget.py",190,190,"    total = len(data)
    start, end = _parse_byte_range(range_str, total)
    calc_bytes = data[start:end]

    if algo == ""CS"":
",""
"Variable:test_plan_widget.py:time_pattern","time_pattern","test_plan_widget.py",207,207,"
    # 1) 先替换所有时间标记
    time_pattern = re.compile(r""【([^】]+)】"")

    def _repl_time(m: Any) -> str:
",""
"Variable:test_plan_widget.py:content","content","test_plan_widget.py",210,210,"
    def _repl_time(m: Any) -> str:
        content = m.group(1)
        params = _split_bracket_params(content)
        if params and params[0].strip('""\'') == ""time"":
",""
"Variable:test_plan_widget.py:params","params","test_plan_widget.py",211,211,"    def _repl_time(m: Any) -> str:
        content = m.group(1)
        params = _split_bracket_params(content)
        if params and params[0].strip('""\'') == ""time"":
            return _fill_time(params)
",""
"Variable:test_plan_widget.py:m","m","test_plan_widget.py",220,220,"    # 2) 再替换所有校验标记（逐个，支持多标记互相独立）
    for _ in range(20):  # 安全上限
        m = time_pattern.search(result)
        if not m:
            break
",""
"Variable:test_plan_widget.py:replacement","replacement","test_plan_widget.py",227,227,"        algo = params[0].strip('""\'') if params else """"
        if algo in (""CS"", ""CRC16""):
            replacement = _calc_checksum(result, m.start(), m.end(), params)
            result = result[: m.start()] + replacement + result[m.end() :]
        else:
",""
"Variable:test_plan_widget.py:nature","nature","test_plan_widget.py",259,259,"    def _apply_nature(self):
        """"""根据性质下拉同步各控件状态""""""
        nature = self.nature_combo.currentText()
        if nature == ""发送帧"":
            self._set_nature_state(send=True, match=True, persistent=False)
",""
"Variable:test_plan_widget.py:layout","layout","test_plan_widget.py",283,283,"    def _init_ui(self, data: Dict[str, Any]):
        nature = self._derive_nature(data)
        layout = QVBoxLayout(self)
        layout.setSpacing(8)

",""
"Variable:test_plan_widget.py:row","row","test_plan_widget.py",287,287,"
        # ---- 性质 ----
        row = QHBoxLayout()
        row.addWidget(QLabel(""性质:""))
        self.nature_combo = QComboBox()
",""
"Variable:test_plan_widget.py:nature_help","nature_help","test_plan_widget.py",293,293,"        self.nature_combo.setCurrentText(nature)
        self.nature_combo.currentTextChanged.connect(self._apply_nature)
        nature_help = QLabel(""发送帧→发后匹配置  后台→全时监听匹配回复  纯等待→忽略帧仅等超时"")
        nature_help.setStyleSheet(""color: #888; font-size: 11px;"")
        row.addWidget(self.nature_combo)
",""
"Variable:test_plan_widget.py:btn_layout","btn_layout","test_plan_widget.py",345,345,"        layout.addWidget(self.response_input)

        btn_layout = QHBoxLayout()
        btn_layout.addStretch()
        ok_btn = QPushButton(""确定"")
",""
"Variable:test_plan_widget.py:ok_btn","ok_btn","test_plan_widget.py",347,347,"        btn_layout = QHBoxLayout()
        btn_layout.addStretch()
        ok_btn = QPushButton(""确定"")
        ok_btn.setStyleSheet(
            ""QPushButton { background-color: #4CAF50; color: white; border-radius: 4px; padding: 4px 16px; font-weight: bold; }""
",""
"Variable:test_plan_widget.py:cancel_btn","cancel_btn","test_plan_widget.py",353,353,"        ok_btn.clicked.connect(self._on_ok)
        btn_layout.addWidget(ok_btn)
        cancel_btn = QPushButton(""取消"")
        cancel_btn.clicked.connect(self.reject)
        btn_layout.addWidget(cancel_btn)
",""
"Variable:test_plan_widget.py:send","send","test_plan_widget.py",360,360,"    def _on_manual_toggle(self):
        """"""用户手动切换发送/匹配复选框时，同步性质下拉为「自定义」""""""
        send = self.send_enabled.isChecked()
        match = self.match_enabled.isChecked()
        if send and match:
",""
"Variable:test_plan_widget.py:match","match","test_plan_widget.py",361,361,"        """"""用户手动切换发送/匹配复选框时，同步性质下拉为「自定义」""""""
        send = self.send_enabled.isChecked()
        match = self.match_enabled.isChecked()
        if send and match:
            current = self.nature_combo.currentText()
",""
"Variable:test_plan_widget.py:name","name","test_plan_widget.py",376,376,"
    def _on_ok(self):
        name = self.name_input.text().strip()
        frame = self.frame_input.text().strip()
        nature = self.nature_combo.currentText()
",""
"Variable:test_plan_widget.py:frame","frame","test_plan_widget.py",377,377,"    def _on_ok(self):
        name = self.name_input.text().strip()
        frame = self.frame_input.text().strip()
        nature = self.nature_combo.currentText()
        send_enabled = self.send_enabled.isChecked()
",""
"Variable:test_plan_widget.py:send_enabled","send_enabled","test_plan_widget.py",379,379,"        frame = self.frame_input.text().strip()
        nature = self.nature_combo.currentText()
        send_enabled = self.send_enabled.isChecked()
        match_enabled = self.match_enabled.isChecked()
        if not name:
",""
"Variable:test_plan_widget.py:match_enabled","match_enabled","test_plan_widget.py",380,380,"        nature = self.nature_combo.currentText()
        send_enabled = self.send_enabled.isChecked()
        match_enabled = self.match_enabled.isChecked()
        if not name:
            QMessageBox.warning(self, ""输入错误"", ""名称不能为空"")
",""
"Variable:test_plan_widget.py:item_added","item_added","test_plan_widget.py",408,408,"
    # 当帧被添加到测试方案时发出（供外部日志或联动）
    item_added = Signal(str, str)  # name, frame_hex

    def __init__(self, parent=None, file_path: Optional[Path] = None):
",""
"Variable:test_plan_widget.py:main_layout","main_layout","test_plan_widget.py",429,429,"    # ------------------------------------------------------------------
    def setup_ui(self):
        main_layout = QVBoxLayout(self)
        main_layout.setSpacing(6)
        main_layout.setContentsMargins(6, 6, 6, 6)
",""
"Variable:test_plan_widget.py:toolbar","toolbar","test_plan_widget.py",434,434,"
        # ---- 顶部按钮工具栏 ----
        toolbar = QHBoxLayout()
        toolbar.setSpacing(6)

",""
"Variable:test_plan_widget.py:hint_label","hint_label","test_plan_widget.py",537,537,"
        # ---- 提示说明 ----
        hint_label = QLabel(""提示：匹配规则中的 <b>XX</b> 表示通配符（不判断该字节），可直接双击编辑规则修改需要匹配的报文内容"")
        hint_label.setStyleSheet(""color: #666666; font-size: 12px; padding: 2px 4px;"")
        main_layout.addWidget(hint_label)
",""
"Variable:test_plan_widget.py:header","header","test_plan_widget.py",555,555,"            ""QCheckBox::indicator:unchecked { background-color: #FFFFFF; border: 2px solid #B0BEC5; }""
        )
        header = self.table.horizontalHeader()
        header.setSectionResizeMode(QHeaderView.ResizeMode.Interactive)
        header.setStretchLastSection(False)
",""
"Variable:test_plan_widget.py:table_font","table_font","test_plan_widget.py",575,575,"        self.table.verticalHeader().hide()
        self.table.setEditTriggers(QTableWidget.DoubleClicked | QTableWidget.EditKeyPressed)
        table_font = QFont()
        table_font.setPointSize(8)
        self.table.setFont(table_font)
",""
"Variable:test_plan_widget.py:log_group","log_group","test_plan_widget.py",583,583,"
        # ---- 日志输出区 ----
        log_group = QGroupBox(""测试日志"")
        log_layout = QVBoxLayout(log_group)
        log_layout.setContentsMargins(4, 4, 4, 4)
",""
"Variable:test_plan_widget.py:log_layout","log_layout","test_plan_widget.py",584,584,"        # ---- 日志输出区 ----
        log_group = QGroupBox(""测试日志"")
        log_layout = QVBoxLayout(log_group)
        log_layout.setContentsMargins(4, 4, 4, 4)
        from PySide6.QtWidgets import QPlainTextEdit
",""
"Variable:test_plan_widget.py:log_font","log_font","test_plan_widget.py",592,592,"        self.log_edit.setContextMenuPolicy(Qt.ContextMenuPolicy.CustomContextMenu)
        self.log_edit.customContextMenuRequested.connect(self._on_log_context_menu)
        log_font = QFont(""Consolas"", 9)
        self.log_edit.setFont(log_font)
        log_layout.addWidget(self.log_edit)
",""
"Variable:test_plan_widget.py:item","item","test_plan_widget.py",619,632,"    def add_item(self, name: str, frame_hex: str):
        """"""从外部添加测试项（如协议组帧页面）""""""
        item = {
            ""name"": name or ""未命名"",
            ""frame_hex"": frame_hex,
            ""match_rule"": frame_hex,
            ""match_mode"": ""HEX"",
            ""timeout_ms"": 2000,
            ""send_enabled"": True,
            ""match_enabled"": True,
            ""response_frame"": """",
            ""persistent"": False,
            ""match_count"": 0,
            ""test_result"": ""未测"",
            ""status"": ""待测"",
        }
        self._items.append(item)
        self._refresh_table()
",""
"Variable:test_plan_widget.py:no_item","no_item","test_plan_widget.py",655,655,"        for row, item in enumerate(self._items):
            # 序号（不可编辑）
            no_item = QTableWidgetItem(str(row + 1))
            no_item.setFlags(no_item.flags() & ~Qt.ItemFlag.ItemIsEditable)
            self.table.setItem(row, 0, no_item)
",""
"Variable:test_plan_widget.py:persistent","persistent","test_plan_widget.py",662,662,"            # 帧内容
            self.table.setItem(row, 2, QTableWidgetItem(self._fmt_hex(item[""frame_hex""])))
            persistent = item.get(""persistent"", False)
            # 操作按钮
            if persistent:
",""
"Variable:test_plan_widget.py:send_btn","send_btn","test_plan_widget.py",665,665,"            # 操作按钮
            if persistent:
                send_btn = QPushButton(""后台"")
                send_btn.setStyleSheet(
                    ""QPushButton { background-color: #4CAF50; color: white; border-radius: 2px; padding: 1px 4px; font-size: 11px; }""
",""
"Variable:test_plan_widget.py:send_chk","send_chk","test_plan_widget.py",677,677,"            self.table.setCellWidget(row, 3, send_btn)
            # 发送（使用复选框项）
            send_chk = QTableWidgetItem()
            if persistent:
                send_chk.setFlags(send_chk.flags() & ~Qt.ItemFlag.ItemIsUserCheckable)
",""
"Variable:test_plan_widget.py:mc","mc","test_plan_widget.py",689,689,"            # 状态（不可编辑）
            if persistent:
                mc = item.get(""match_count"", 0)
                status_text = f""监听中({mc})"" if mc else ""监听中""
            else:
",""
"Variable:test_plan_widget.py:status_text","status_text","test_plan_widget.py",690,690,"            if persistent:
                mc = item.get(""match_count"", 0)
                status_text = f""监听中({mc})"" if mc else ""监听中""
            else:
                status_text = item.get(""status"", ""待测"")
",""
"Variable:test_plan_widget.py:status_item","status_item","test_plan_widget.py",693,693,"            else:
                status_text = item.get(""status"", ""待测"")
            status_item = QTableWidgetItem(status_text)
            status_item.setFlags(status_item.flags() & ~Qt.ItemFlag.ItemIsEditable)
            self._set_status_style(status_item, status_text)
",""
"Variable:test_plan_widget.py:chk_item","chk_item","test_plan_widget.py",698,698,"            self.table.setItem(row, 5, status_item)
            # 启用匹配（使用复选框项）
            chk_item = QTableWidgetItem()
            if persistent:
                chk_item.setFlags(chk_item.flags() & ~Qt.ItemFlag.ItemIsUserCheckable)
",""
"Variable:test_plan_widget.py:rule_item","rule_item","test_plan_widget.py",709,709,"            self.table.setItem(row, 6, chk_item)
            # 匹配规则（可编辑，显示带空格的 hex）
            rule_item = QTableWidgetItem(self._fmt_hex(item.get(""match_rule"", """")))
            rule_item.setFlags(rule_item.flags() | Qt.ItemFlag.ItemIsEditable)
            self.table.setItem(row, 7, rule_item)
",""
"Variable:test_plan_widget.py:mode_combo","mode_combo","test_plan_widget.py",713,713,"            self.table.setItem(row, 7, rule_item)
            # 匹配模式
            mode_combo = QComboBox()
            mode_combo.addItems([""HEX"", ""ASCII""])
            mode_combo.setCurrentText(item.get(""match_mode"", ""HEX""))
",""
"Variable:test_plan_widget.py:result_text","result_text","test_plan_widget.py",721,721,"            if persistent:
                mc = item.get(""match_count"", 0)
                result_text = f""匹配: {mc}"" if mc > 0 else ""监听中""
            else:
                result_text = item.get(""test_result"", ""未测"")
",""
"Variable:test_plan_widget.py:result_item","result_item","test_plan_widget.py",724,724,"            else:
                result_text = item.get(""test_result"", ""未测"")
            result_item = QTableWidgetItem(result_text)
            result_item.setFlags(result_item.flags() & ~Qt.ItemFlag.ItemIsEditable)
            self._set_result_style(result_item, result_text)
",""
"Variable:test_plan_widget.py:spin","spin","test_plan_widget.py",729,729,"            self.table.setItem(row, 9, result_item)
            # 超时
            spin = QSpinBox()
            spin.setRange(100, 600000)
            spin.setValue(item.get(""timeout_ms"", 2000))
",""
"Variable:test_plan_widget.py:resp_item","resp_item","test_plan_widget.py",738,738,"            self.table.setCellWidget(row, 10, spin)
            # 响应帧（保留原始内容，方便查看标记）
            resp_item = QTableWidgetItem(item.get(""response_frame"", """"))
            resp_item.setFlags(resp_item.flags() | Qt.ItemFlag.ItemIsEditable)
            self.table.setItem(row, 11, resp_item)
",""
"Variable:test_plan_widget.py:color_map","color_map","test_plan_widget.py",757,764,"    def _set_result_style(self, item: QTableWidgetItem, result: str):
        """"""设置测试结果文字颜色""""""
        color_map = {
            ""通过"": ""#008800"",   # 绿色
            ""失败"": ""#CC0000"",   # 红色
            ""超时"": ""#FF6600"",   # 橙色
            ""延时到"": ""#4CAF50"", # 绿色
            ""未测"": ""#999999"",   # 灰色
            ""监听中"": ""#2E7D32"",
        }
        if ""匹配:"" in result:
            item.setForeground(QColor(""#2E7D32""))
",""
"Variable:test_plan_widget.py:col","col","test_plan_widget.py",775,775,"    def _on_table_item_changed(self, item: QTableWidgetItem):
        row = item.row()
        col = item.column()
        if row < 0 or row >= len(self._items):
            return
",""
"Variable:test_plan_widget.py:dlg","dlg","test_plan_widget.py",810,810,"    # ------------------------------------------------------------------
    def _on_add_item(self):
        dlg = AddTestItemDialog(parent=self)
        if dlg.exec() == QDialog.DialogCode.Accepted:
            result = dlg.get_result()
",""
"Variable:test_plan_widget.py:count","count","test_plan_widget.py",843,843,"    def _on_clear_background(self):
        """"""清空所有后台监听项的匹配计数和状态""""""
        count = 0
        for p in self._items:
            if p.get(""persistent""):
",""
"Variable:test_plan_widget.py:rows","rows","test_plan_widget.py",857,857,"
    def _on_delete_item(self):
        rows = sorted({index.row() for index in self.table.selectedIndexes()}, reverse=True)
        if not rows:
            QMessageBox.information(self, ""提示"", ""请先选中要删除的行"")
",""
"Variable:test_plan_widget.py:export_data","export_data","test_plan_widget.py",908,920,"            return
        try:
            export_data = [
                {
                    ""name"": item[""name""],
                    ""frame_hex"": item[""frame_hex""],
                    ""match_rule"": item[""match_rule""],
                    ""match_mode"": item[""match_mode""],
                    ""timeout_ms"": item[""timeout_ms""],
                    ""send_enabled"": item.get(""send_enabled"", True),
                    ""match_enabled"": item[""match_enabled""],
                    ""response_frame"": item.get(""response_frame"", """"),
                }
                for item in self._items
            ]
            with open(path, ""w"", encoding=""utf-8"") as f:
                json.dump(export_data, f, ensure_ascii=False, indent=2)
",""
"Variable:test_plan_widget.py:imported","imported","test_plan_widget.py",939,939,"                QMessageBox.warning(self, ""导入失败"", ""文件格式错误：应为 JSON 数组"")
                return
            imported = 0
            for entry in data:
                if not isinstance(entry, dict):
",""
"Variable:test_plan_widget.py:reporter","reporter","test_plan_widget.py",980,980,"        try:
            from report.excel_reporter import ExcelReporter
            reporter = ExcelReporter()

            # 获取测试日志
",""
"Variable:test_plan_widget.py:log_text","log_text","test_plan_widget.py",983,983,"
            # 获取测试日志
            log_text = self.log_edit.toPlainText() if hasattr(self, 'log_edit') else """"

            # 计算测试时间
",""
"Variable:test_plan_widget.py:start_time","start_time","test_plan_widget.py",986,986,"
            # 计算测试时间
            start_time = getattr(self, '_test_start_time', None)
            end_time = getattr(self, '_test_end_time', None)

",""
"Variable:test_plan_widget.py:end_time","end_time","test_plan_widget.py",987,987,"            # 计算测试时间
            start_time = getattr(self, '_test_start_time', None)
            end_time = getattr(self, '_test_end_time', None)

            reporter.export(
",""
"Variable:test_plan_widget.py:bg_items","bg_items","test_plan_widget.py",1050,1050,"        self._update_bg_status()
        # 列出后台监听项
        bg_items = [f""#{i+1} {p['name']}"" for i, p in enumerate(self._items) if p.get(""persistent"")]
        if bg_items:
            self._log(f""[后台监听] 已激活: {', '.join(bg_items)}"")
",""
"Variable:test_plan_widget.py:bg_no_match","bg_no_match","test_plan_widget.py",1053,1053,"        if bg_items:
            self._log(f""[后台监听] 已激活: {', '.join(bg_items)}"")
        bg_no_match = [f""#{i+1} {p['name']}"" for i, p in enumerate(self._items) if p.get(""persistent"") and not p.get(""match_enabled"", True)]
        if bg_no_match:
            self._log(f""[后台监听] 警告: 已强制启用匹配: {', '.join(bg_no_match)}"")
",""
"Variable:test_plan_widget.py:timeout","timeout","test_plan_widget.py",1113,1113,"        send_enabled = item.get(""send_enabled"", True)
        frame = item[""frame_hex""].replace("" "", """")
        timeout = item.get(""timeout_ms"", 2000)
        if send_enabled:
            self._log(f""[{row + 1}] 发送 -> {item['name']}: {self._fmt_hex(frame)} (超时 {timeout}ms)"")
",""
"Variable:test_plan_widget.py:is_pure_wait","is_pure_wait","test_plan_widget.py",1132,1132,"            item = self._items[row]
            item[""status""] = ""已测试""
            is_pure_wait = not item.get(""send_enabled"", True) and not item.get(""match_enabled"", True)
            if is_pure_wait:
                item[""test_result""] = ""延时到""
",""
"Variable:test_plan_widget.py:check_count","check_count","test_plan_widget.py",1159,1159,"    def _check_persistent_items(self, received_hex: str):
        """"""检查所有后台监听项，匹配则自动响应""""""
        check_count = 0
        match_count = 0
        for pi_idx, pi in enumerate(self._items):
",""
"Variable:test_plan_widget.py:match_count","match_count","test_plan_widget.py",1160,1160,"        """"""检查所有后台监听项，匹配则自动响应""""""
        check_count = 0
        match_count = 0
        for pi_idx, pi in enumerate(self._items):
            if not pi.get(""persistent"", False):
",""
"Variable:test_plan_widget.py:rule","rule","test_plan_widget.py",1167,1167,"                self._log(f""[后台 {pi_idx + 1}] 跳过 -> {pi['name']}: 未启用匹配"")
                continue
            rule = pi.get(""match_rule"", """")
            if not rule:
                self._log(f""[后台 {pi_idx + 1}] 跳过 -> {pi['name']}: 匹配规则为空"")
",""
"Variable:test_plan_widget.py:mode","mode","test_plan_widget.py",1172,1172,"                continue
            check_count += 1
            mode = pi.get(""match_mode"", ""HEX"")
            if self._match_frame(rule, received_hex, mode):
                match_count += 1
",""
"Variable:test_plan_widget.py:resp_raw","resp_raw","test_plan_widget.py",1176,1176,"                match_count += 1
                self._log(f""[后台 {pi_idx + 1}] 匹配 -> {pi['name']}: {self._fmt_hex(received_hex)}"")
                resp_raw = pi.get(""response_frame"", """")
                resp_frame = process_response_frame(resp_raw)
                if resp_frame and self._serial_worker and self._serial_worker.is_open():
",""
"Variable:test_plan_widget.py:resp_frame","resp_frame","test_plan_widget.py",1177,1177,"                self._log(f""[后台 {pi_idx + 1}] 匹配 -> {pi['name']}: {self._fmt_hex(received_hex)}"")
                resp_raw = pi.get(""response_frame"", """")
                resp_frame = process_response_frame(resp_raw)
                if resp_frame and self._serial_worker and self._serial_worker.is_open():
                    self._log(f""[后台 {pi_idx + 1}] 响应 -> {self._fmt_hex(resp_frame)}"")
",""
"Variable:test_plan_widget.py:received_hex","received_hex","test_plan_widget.py",1192,1192,"
    def _on_frame_received(self, frame: bytes):
        received_hex = frame.hex().upper()

        # ---- 当前步骤匹配 ----
",""
"Variable:test_plan_widget.py:expected","expected","test_plan_widget.py",1273,1273,"        """"""
        if mode == ""HEX"":
            expected = rule.replace("" "", """").upper()
            actual_clean = actual.replace("" "", """").upper()
        else:
",""
"Variable:test_plan_widget.py:actual_clean","actual_clean","test_plan_widget.py",1274,1274,"        if mode == ""HEX"":
            expected = rule.replace("" "", """").upper()
            actual_clean = actual.replace("" "", """").upper()
        else:
            expected = rule
",""
"Variable:test_plan_widget.py:i","i","test_plan_widget.py",1282,1282,"            return False

        i = 0
        while i < len(expected):
            if i + 1 < len(expected) and expected[i] == ""X"" and expected[i + 1] == ""X"":
",""
"Variable:test_plan_widget.py:ts","ts","test_plan_widget.py",1342,1342,"
    def _log(self, msg: str):
        ts = datetime.now().strftime(""%H:%M:%S"")
        self.log_edit.appendPlainText(f""[{ts}] {msg}"")

",""
"Variable:test_plan_widget.py:total_matches","total_matches","test_plan_widget.py",1348,1348,"        """"""更新后台状态标签""""""
        bg_items = [p for p in self._items if p.get(""persistent"")]
        total_matches = sum(p.get(""match_count"", 0) for p in bg_items)
        count = len(bg_items)
        if count:
",""
"Variable:test_plan_widget.py:menu","menu","test_plan_widget.py",1365,1365,"    def _on_log_context_menu(self, pos):
        """"""日志区域右键菜单""""""
        menu = QMenu(self)
        clear_action = menu.addAction(""清空日志"")
        copy_action = menu.addAction(""复制"")
",""
"Variable:test_plan_widget.py:clear_action","clear_action","test_plan_widget.py",1366,1366,"        """"""日志区域右键菜单""""""
        menu = QMenu(self)
        clear_action = menu.addAction(""清空日志"")
        copy_action = menu.addAction(""复制"")
        select_all_action = menu.addAction(""全选"")
",""
"Variable:test_plan_widget.py:copy_action","copy_action","test_plan_widget.py",1367,1367,"        menu = QMenu(self)
        clear_action = menu.addAction(""清空日志"")
        copy_action = menu.addAction(""复制"")
        select_all_action = menu.addAction(""全选"")
        action = menu.exec(self.log_edit.mapToGlobal(pos))
",""
"Variable:test_plan_widget.py:select_all_action","select_all_action","test_plan_widget.py",1368,1368,"        clear_action = menu.addAction(""清空日志"")
        copy_action = menu.addAction(""复制"")
        select_all_action = menu.addAction(""全选"")
        action = menu.exec(self.log_edit.mapToGlobal(pos))
        if action == clear_action:
",""
"Variable:test_plan_widget.py:action","action","test_plan_widget.py",1369,1369,"        copy_action = menu.addAction(""复制"")
        select_all_action = menu.addAction(""全选"")
        action = menu.exec(self.log_edit.mapToGlobal(pos))
        if action == clear_action:
            self.log_edit.clear()
",""
"Variable:test_meter_id.py:parser","parser","test_meter_id.py",9,9,"# 02 00 19 C4 20 01 09 12 31 32 33 34 35 36 37 38 39 39 38 37 36 35 34 33 32 31 8D F9

parser = PLCRFProtocolParser()

# 用户数据区: 09 12 31 32 33 34 35 36 37 38 39 39 38 37 36 35 34 33 32 31",""
"Variable:test_meter_id.py:frame_hex","frame_hex","test_meter_id.py",18,18,"#             +-------- 类型: 0x09

frame_hex = ""02 00 19 C4 20 01 09 12 31 32 33 34 35 36 37 38 39 39 38 37 36 35 34 33 32 31 8D F9""
frame_bytes = bytes.fromhex(frame_hex.replace("" "", """"))
",""
"Variable:test_meter_id.py:frame_bytes","frame_bytes","test_meter_id.py",19,19,"
frame_hex = ""02 00 19 C4 20 01 09 12 31 32 33 34 35 36 37 38 39 39 38 37 36 35 34 33 32 31 8D F9""
frame_bytes = bytes.fromhex(frame_hex.replace("" "", """"))

print(""="" * 100)",""
"Variable:test_meter_id.py:table_data","table_data","test_meter_id.py",51,51,"print(""="" * 100)

table_data = parser.parse_to_table(frame_bytes)
for field, raw, parsed, comment, start, end in table_data:
    indent = ""  "" if field.startswith(""  "") else """"",""
"Variable:test_meter_id.py:indent","indent","test_meter_id.py",53,53,"table_data = parser.parse_to_table(frame_bytes)
for field, raw, parsed, comment, start, end in table_data:
    indent = ""  "" if field.startswith(""  "") else """"
    field_name = field.strip()
    raw_display = raw[:30] + ""..."" if len(raw) > 30 else raw",""
"Variable:test_meter_id.py:field_name","field_name","test_meter_id.py",54,54,"for field, raw, parsed, comment, start, end in table_data:
    indent = ""  "" if field.startswith(""  "") else """"
    field_name = field.strip()
    raw_display = raw[:30] + ""..."" if len(raw) > 30 else raw
    parsed_display = parsed[:20] + ""..."" if len(parsed) > 20 else parsed",""
"Variable:test_meter_id.py:raw_display","raw_display","test_meter_id.py",55,55,"    indent = ""  "" if field.startswith(""  "") else """"
    field_name = field.strip()
    raw_display = raw[:30] + ""..."" if len(raw) > 30 else raw
    parsed_display = parsed[:20] + ""..."" if len(parsed) > 20 else parsed
    pos_str = f""[{start}-{end}]"" if start is not None and end is not None else ""-""",""
"Variable:test_meter_id.py:parsed_display","parsed_display","test_meter_id.py",56,56,"    field_name = field.strip()
    raw_display = raw[:30] + ""..."" if len(raw) > 30 else raw
    parsed_display = parsed[:20] + ""..."" if len(parsed) > 20 else parsed
    pos_str = f""[{start}-{end}]"" if start is not None and end is not None else ""-""
    print(f""{indent}{field_name:20s} | {raw_display:35s} | {parsed_display:25s} | {pos_str:12s} | {comment}"")",""
"Variable:test_meter_id.py:pos_str","pos_str","test_meter_id.py",57,57,"    raw_display = raw[:30] + ""..."" if len(raw) > 30 else raw
    parsed_display = parsed[:20] + ""..."" if len(parsed) > 20 else parsed
    pos_str = f""[{start}-{end}]"" if start is not None and end is not None else ""-""
    print(f""{indent}{field_name:20s} | {raw_display:35s} | {parsed_display:25s} | {pos_str:12s} | {comment}"")
",""
"Variable:test_hdlc.py:parser","parser","test_hdlc.py",15,15,"    print()
    
    parser = HDLCParser()
    table = parser.parse_to_table(frame_bytes)
    ",""
"Variable:test_hdlc.py:table","table","test_hdlc.py",16,16,"    
    parser = HDLCParser()
    table = parser.parse_to_table(frame_bytes)
    
    print(f""{'字段':<25s} | {'原始值':<15s} | {'解析值':<35s} | 说明"")",""
"Variable:test_full_push.py:frame_hex","frame_hex","test_full_push.py",7,7,"
# 用户提供的完整推送帧
frame_hex = ""02 00 7A C4 12 01 01 5B 66 65 38 30 3A 30 3A 30 3A 30 3A 37 38 31 64 3A 66 66 3A 66 65 30 30 3A 30 5D 3A 36 31 36 31 36 00 00 00 00 00 00 00 00 00 00 00 00 00 00 00 00 00 00 01 00 01 00 66 00 3A DB 08 57 53 47 66 71 34 66 13 2F 30 00 00 00 01 F6 B4 63 01 54 32 6C 02 53 D4 4D B1 70 20 D3 A4 C5 2F D6 69 E3 E3 9C 8B 0E E8 36 B4 F1 9A 3A DF 7E 11 B4 FD 7B 92 21 1C 84 2E 5E CA""

parser = PLCRFProtocolParser()",""
"Variable:test_full_push.py:parser","parser","test_full_push.py",9,9,"frame_hex = ""02 00 7A C4 12 01 01 5B 66 65 38 30 3A 30 3A 30 3A 30 3A 37 38 31 64 3A 66 66 3A 66 65 30 30 3A 30 5D 3A 36 31 36 31 36 00 00 00 00 00 00 00 00 00 00 00 00 00 00 00 00 00 00 01 00 01 00 66 00 3A DB 08 57 53 47 66 71 34 66 13 2F 30 00 00 00 01 F6 B4 63 01 54 32 6C 02 53 D4 4D B1 70 20 D3 A4 C5 2F D6 69 E3 E3 9C 8B 0E E8 36 B4 F1 9A 3A DF 7E 11 B4 FD 7B 92 21 1C 84 2E 5E CA""

parser = PLCRFProtocolParser()
frame_bytes = bytes.fromhex(frame_hex.replace("" "", """"))
",""
"Variable:test_full_push.py:frame_bytes","frame_bytes","test_full_push.py",10,10,"
parser = PLCRFProtocolParser()
frame_bytes = bytes.fromhex(frame_hex.replace("" "", """"))

print(""="" * 100)",""
"Variable:test_full_push.py:result","result","test_full_push.py",19,19,"
# 解析
result = parser.parse(frame_bytes)
print(f""解析状态: {result['解析状态']}"")
if result.get('错误信息'):",""
"Variable:test_full_push.py:table_data","table_data","test_full_push.py",34,34,"print(""="" * 100)

table_data = parser.parse_to_table(frame_bytes)
for field, raw, parsed, comment, start, end in table_data:
    indent = ""  "" if field.startswith(""  "") else """"",""
"Variable:test_full_push.py:indent","indent","test_full_push.py",36,36,"table_data = parser.parse_to_table(frame_bytes)
for field, raw, parsed, comment, start, end in table_data:
    indent = ""  "" if field.startswith(""  "") else """"
    indent2 = ""    "" if field.startswith(""    "") else """"
    indent3 = ""      "" if field.startswith(""      "") else """"",""
"Variable:test_full_push.py:indent2","indent2","test_full_push.py",37,37,"for field, raw, parsed, comment, start, end in table_data:
    indent = ""  "" if field.startswith(""  "") else """"
    indent2 = ""    "" if field.startswith(""    "") else """"
    indent3 = ""      "" if field.startswith(""      "") else """"
    field_name = field.strip()",""
"Variable:test_full_push.py:indent3","indent3","test_full_push.py",38,38,"    indent = ""  "" if field.startswith(""  "") else """"
    indent2 = ""    "" if field.startswith(""    "") else """"
    indent3 = ""      "" if field.startswith(""      "") else """"
    field_name = field.strip()
    raw_display = raw[:40] + ""..."" if len(raw) > 40 else raw",""
"Variable:test_full_push.py:field_name","field_name","test_full_push.py",39,39,"    indent2 = ""    "" if field.startswith(""    "") else """"
    indent3 = ""      "" if field.startswith(""      "") else """"
    field_name = field.strip()
    raw_display = raw[:40] + ""..."" if len(raw) > 40 else raw
    parsed_display = parsed[:30] + ""..."" if len(parsed) > 30 else parsed",""
"Variable:test_full_push.py:raw_display","raw_display","test_full_push.py",40,40,"    indent3 = ""      "" if field.startswith(""      "") else """"
    field_name = field.strip()
    raw_display = raw[:40] + ""..."" if len(raw) > 40 else raw
    parsed_display = parsed[:30] + ""..."" if len(parsed) > 30 else parsed
    print(f""{indent}{indent2}{indent3}{field_name:25s} | {raw_display:45s} | {parsed_display:35s} | {comment}"")",""
"Variable:test_full_push.py:parsed_display","parsed_display","test_full_push.py",41,41,"    field_name = field.strip()
    raw_display = raw[:40] + ""..."" if len(raw) > 40 else raw
    parsed_display = parsed[:30] + ""..."" if len(parsed) > 30 else parsed
    print(f""{indent}{indent2}{indent3}{field_name:25s} | {raw_display:45s} | {parsed_display:35s} | {comment}"")
",""
"Variable:test_dlms.py:dlms_hex","dlms_hex","test_dlms.py",6,6,"
# 用户提供的DLMS数据
dlms_hex = ""00 01 00 01 00 66 00 3A DB 08 57 53 47 66 71 34 66 13 2F 30 00 00 00 01 F6 B4 63 01 54 32 6C 02 53 D4 4D B1 70 20 D3 A4 C5 2F D6 69 E3 E3 9C 8B 0E E8 36 B4 F1 9A 3A DF 7E 11 B4 FD 7B 92 21 1C 84 2E""

dlms_bytes = bytes.fromhex(dlms_hex.replace("" "", """"))",""
"Variable:test_dlms.py:dlms_bytes","dlms_bytes","test_dlms.py",8,8,"dlms_hex = ""00 01 00 01 00 66 00 3A DB 08 57 53 47 66 71 34 66 13 2F 30 00 00 00 01 F6 B4 63 01 54 32 6C 02 53 D4 4D B1 70 20 D3 A4 C5 2F D6 69 E3 E3 9C 8B 0E E8 36 B4 F1 9A 3A DF 7E 11 B4 FD 7B 92 21 1C 84 2E""

dlms_bytes = bytes.fromhex(dlms_hex.replace("" "", """"))

parser = DLMSParser()",""
"Variable:test_dlms.py:parser","parser","test_dlms.py",10,10,"dlms_bytes = bytes.fromhex(dlms_hex.replace("" "", """"))

parser = DLMSParser()
table = parser.parse_to_table(dlms_bytes)
",""
"Variable:test_dlms.py:table","table","test_dlms.py",11,11,"
parser = DLMSParser()
table = parser.parse_to_table(dlms_bytes)

print(""="" * 80)",""
"Variable:test_dlms.py:indent","indent","test_dlms.py",17,17,"print(""="" * 80)
for field, raw, parsed, comment, start, end in table:
    indent = ""  "" if field.startswith(""  "") else """"
    indent2 = ""    "" if field.startswith(""    "") else """"
    field_name = field.strip()",""
"Variable:test_dlms.py:indent2","indent2","test_dlms.py",18,18,"for field, raw, parsed, comment, start, end in table:
    indent = ""  "" if field.startswith(""  "") else """"
    indent2 = ""    "" if field.startswith(""    "") else """"
    field_name = field.strip()
    print(f""{indent}{indent2}{field_name:25s} | {raw:40s} | {parsed:30s} | {comment}"")",""
"Variable:test_dlms.py:field_name","field_name","test_dlms.py",19,19,"    indent = ""  "" if field.startswith(""  "") else """"
    indent2 = ""    "" if field.startswith(""    "") else """"
    field_name = field.strip()
    print(f""{indent}{indent2}{field_name:25s} | {raw:40s} | {parsed:30s} | {comment}"")
",""
"Variable:test_config_run_params.py:parser","parser","test_config_run_params.py",4,4,"
def test_config_run_params_table():
    parser = ProtocolFrameParser()
    
    # 测试帧：配置运行参数（AFN=04H, DI=E8020474）
",""
"Variable:test_config_run_params.py:frame_hex","frame_hex","test_config_run_params.py",8,8,"    # 测试帧：配置运行参数（AFN=04H, DI=E8020474）
    # 参数ID=0x03（异常离网锁定时间），参数值=0x001F（31分钟）
    frame_hex = '68 17 00 40 04 07 74 04 02 E8 01 10 04 26 90 09 01 03 02 1F 00 A6 16'
    frame_bytes = bytes.fromhex(frame_hex.replace(' ', ''))
    
",""
"Variable:test_config_run_params.py:frame_bytes","frame_bytes","test_config_run_params.py",9,9,"    # 参数ID=0x03（异常离网锁定时间），参数值=0x001F（31分钟）
    frame_hex = '68 17 00 40 04 07 74 04 02 E8 01 10 04 26 90 09 01 03 02 1F 00 A6 16'
    frame_bytes = bytes.fromhex(frame_hex.replace(' ', ''))
    
    print(""测试帧:"", frame_hex)
",""
"Variable:test_config_run_params.py:table_data","table_data","test_config_run_params.py",15,15,"    
    # 获取表格数据
    table_data = parser.parse_to_table(frame_bytes)
    
    # 打印表格
",""
"Variable:test_ber_tlv.py:parser","parser","test_ber_tlv.py",8,8,"def test_ber_tlv_frame():
    """"""测试BER-TLV格式的HDLC帧""""""
    parser = HDLCParser()
    
    # 用户提供的报文",""
"Variable:test_ber_tlv.py:frame_hex","frame_hex","test_ber_tlv.py",11,11,"    
    # 用户提供的报文
    frame_hex = ""7E 10 2B 00 01 00 11 00 01 00 1F 61 01 A1 09 06 07 60 85 74 05 08 01 01 BE 10 04 0E 01 00 00 00 06 5F 1F 04 00 00 7E 1F 00 00 9C 8F 7E""
    frame_bytes = bytes.fromhex(frame_hex.replace(' ', ''))
    ",""
"Variable:test_ber_tlv.py:frame_bytes","frame_bytes","test_ber_tlv.py",12,12,"    # 用户提供的报文
    frame_hex = ""7E 10 2B 00 01 00 11 00 01 00 1F 61 01 A1 09 06 07 60 85 74 05 08 01 01 BE 10 04 0E 01 00 00 00 06 5F 1F 04 00 00 7E 1F 00 00 9C 8F 7E""
    frame_bytes = bytes.fromhex(frame_hex.replace(' ', ''))
    
    print(""="" * 120)",""
"Variable:test_ber_tlv.py:table","table","test_ber_tlv.py",22,22,"    
    # 表格格式解析
    table = parser.parse_to_table(frame_bytes)
    
    print(f""{'字段':<30s} | {'原始值':<50s} | {'解析值':<35s} | 说明"")",""
"Variable:test_actual_hdlc.py:parser","parser","test_actual_hdlc.py",8,8,"def test_actual_frame():
    """"""测试实际报文""""""
    parser = HDLCParser()
    
    # 实际报文",""
"Variable:test_actual_hdlc.py:frame_hex","frame_hex","test_actual_hdlc.py",11,11,"    
    # 实际报文
    frame_hex = ""7E A0 2B 03 03 13 E3 8D E6 E7 00 C2 00 00 07 00 00 63 62 02 FF 02 01 01 02 02 09 0C 07 E8 0A 1D 02 14 17 0F FF FE D4 00 11 01 E6 B3 7E""
    frame_bytes = bytes.fromhex(frame_hex.replace(' ', ''))
    ",""
"Variable:test_actual_hdlc.py:frame_bytes","frame_bytes","test_actual_hdlc.py",12,12,"    # 实际报文
    frame_hex = ""7E A0 2B 03 03 13 E3 8D E6 E7 00 C2 00 00 07 00 00 63 62 02 FF 02 01 01 02 02 09 0C 07 E8 0A 1D 02 14 17 0F FF FE D4 00 11 01 E6 B3 7E""
    frame_bytes = bytes.fromhex(frame_hex.replace(' ', ''))
    
    print(""="" * 100)",""
"Variable:test_actual_hdlc.py:table","table","test_actual_hdlc.py",22,22,"    
    # 表格格式解析
    table = parser.parse_to_table(frame_bytes)
    
    print(f""{'字段':<25s} | {'原始值':<45s} | {'解析值':<35s} | 说明"")",""
"Variable:test_actual_hdlc.py:result","result","test_actual_hdlc.py",33,33,"    print(""="" * 100)
    
    result = parser.parse(frame_bytes)
    for key, value in result.items():
        if isinstance(value, dict):",""
"Variable:streamlit_app.py:frame_input","frame_input","streamlit_app.py",139,145,"
# 文本输入框
frame_input = st.text_area(
    ""请输入十六进制报文（支持带空格或不带空格）："",
    value=st.session_state.frame_input,
    height=100,
    placeholder=""例如：68 0E 00 00 00 00 01 00 01 E8 00 05 EF 16"",
    key=""frame_textarea""
)

# 更新session_state",""
"Variable:streamlit_app.py:parse_button","parse_button","streamlit_app.py",155,155,"
with col1:
    parse_button = st.button("" 解析报文"", type=""primary"", use_container_width=True)

with col2:",""
"Variable:streamlit_app.py:clear_button","clear_button","streamlit_app.py",158,158,"
with col2:
    clear_button = st.button(""️ 清空输入"", use_container_width=True)

# 处理清空按钮",""
"Variable:streamlit_app.py:user_data_start","user_data_start","streamlit_app.py",182,182,"    # 根据用户数据区长度计算
    if ""用户数据区"" in result:
        user_data_start = 4
        user_data_len = result[""用户数据区""].get(""长度"", 0)
        ",""
"Variable:streamlit_app.py:user_data_len","user_data_len","streamlit_app.py",183,183,"    if ""用户数据区"" in result:
        user_data_start = 4
        user_data_len = result[""用户数据区""].get(""长度"", 0)
        
        if user_data_start <= offset < user_data_start + user_data_len:",""
"Variable:streamlit_app.py:rel_offset","rel_offset","streamlit_app.py",186,186,"        
        if user_data_start <= offset < user_data_start + user_data_len:
            rel_offset = offset - user_data_start
            
            # 地址域 (12字节)",""
"Variable:streamlit_app.py:di_pos","di_pos","streamlit_app.py",207,207,"            # DI (4字节)
            if 2 <= rel_offset < 6:
                di_pos = [""DI0"", ""DI1"", ""DI2"", ""DI3""][rel_offset - 2]
                return f""数据标识({di_pos})""
            ",""
"Variable:streamlit_app.py:cs_offset","cs_offset","streamlit_app.py",215,215,"        
        # 校验和
        cs_offset = user_data_start + user_data_len
        if offset == cs_offset:
            return ""校验和(CS)""",""
"Variable:streamlit_app.py:clean_input","clean_input","streamlit_app.py",229,229,"if parse_button and frame_input.strip():
    # 去除空格和非法字符
    clean_input = frame_input.replace("" "", """").replace(""\n"", """").replace(""\t"", """").strip()
    
    # 验证输入",""
"Variable:streamlit_app.py:frame_bytes","frame_bytes","streamlit_app.py",239,239,"        try:
            # 转换为字节
            frame_bytes = bytes.fromhex(clean_input)
            
            # 创建解析器并解析",""
"Variable:streamlit_app.py:parser","parser","streamlit_app.py",242,242,"            
            # 创建解析器并解析
            parser = ProtocolFrameParser()
            result = parser.parse(frame_bytes)
            ",""
"Variable:streamlit_app.py:result","result","streamlit_app.py",243,243,"            # 创建解析器并解析
            parser = ProtocolFrameParser()
            result = parser.parse(frame_bytes)
            
            # 显示解析结果",""
"Variable:streamlit_app.py:status","status","streamlit_app.py",253,253,"                st.metric(""报文长度"", f""{len(frame_bytes)} 字节"")
            with col_info2:
                status = ""✅ 成功"" if result[""解析状态""] == ""成功"" else ""❌ 失败""
                st.metric(""解析状态"", status)
            with col_info3:",""
"Variable:streamlit_app.py:json_str","json_str","streamlit_app.py",267,267,"            with tab1:
                # 完整JSON，带语法高亮
                json_str = json.dumps(result, ensure_ascii=False, indent=2)
                st.code(json_str, language=""json"", height=600)
                ",""
"Variable:streamlit_app.py:user_data","user_data","streamlit_app.py",303,303,"                # 用户数据区
                if ""用户数据区"" in result:
                    user_data = result[""用户数据区""]
                    
                    if ""地址域"" in user_data:",""
"Variable:streamlit_app.py:data_content","data_content","streamlit_app.py",324,324,"                # 数据标识内容（详细解析）
                if ""用户数据区"" in result and ""数据标识内容"" in result[""用户数据区""]:
                    data_content = result[""用户数据区""][""数据标识内容""]
                    
                    # 显示业务说明",""
"Variable:streamlit_app.py:di_info","di_info","streamlit_app.py",328,328,"                    # 显示业务说明
                    if ""用户数据区"" in result and ""数据标识(DI)"" in result[""用户数据区""]:
                        di_info = result[""用户数据区""][""数据标识(DI)""]
                        if ""业务说明"" in di_info:
                            st.info(f"" **业务类型：** {di_info['业务说明']}"")",""
"Variable:streamlit_app.py:bytes_data","bytes_data","streamlit_app.py",346,346,"            # 显示原始字节分析
            with st.expander("" 原始字节分析""):
                bytes_data = []
                for i, b in enumerate(frame_bytes):
                    bytes_data.append({",""
"Variable:serial_worker.py:frame_received","frame_received","serial_worker.py",22,22,"
    # 信号定义
    frame_received = Signal(bytes)       # 收到一帧完整数据
    log_message = Signal(str)            # 日志消息（供文本框显示）
    connection_changed = Signal(bool)    # 连接状态变化
",""
"Variable:serial_worker.py:log_message","log_message","serial_worker.py",23,23,"    # 信号定义
    frame_received = Signal(bytes)       # 收到一帧完整数据
    log_message = Signal(str)            # 日志消息（供文本框显示）
    connection_changed = Signal(bool)    # 连接状态变化
    error_occurred = Signal(str)         # 错误信息
",""
"Variable:serial_worker.py:connection_changed","connection_changed","serial_worker.py",24,24,"    frame_received = Signal(bytes)       # 收到一帧完整数据
    log_message = Signal(str)            # 日志消息（供文本框显示）
    connection_changed = Signal(bool)    # 连接状态变化
    error_occurred = Signal(str)         # 错误信息

",""
"Variable:serial_worker.py:error_occurred","error_occurred","serial_worker.py",25,25,"    log_message = Signal(str)            # 日志消息（供文本框显示）
    connection_changed = Signal(bool)    # 连接状态变化
    error_occurred = Signal(str)         # 错误信息

    def __init__(self, parent=None):
",""
"Variable:serial_worker.py:parity_map","parity_map","serial_worker.py",52,52,"            return True
        try:
            parity_map = {""无"": ""N"", ""偶"": ""E"", ""奇"": ""O""}
            parity_val = parity_map.get(self._parity, self._parity)
            self._ser = serial.Serial(
",""
"Variable:serial_worker.py:parity_val","parity_val","serial_worker.py",53,53,"        try:
            parity_map = {""无"": ""N"", ""偶"": ""E"", ""奇"": ""O""}
            parity_val = parity_map.get(self._parity, self._parity)
            self._ser = serial.Serial(
                port=self._port,
",""
"Variable:serial_worker.py:hex_str","hex_str","serial_worker.py",94,94,"        try:
            self._ser.write(frame_bytes)
            hex_str = frame_bytes.hex().upper()
            formatted = "" "".join(hex_str[i:i+2] for i in range(0, len(hex_str), 2))
            self.log_message.emit(f""[发送] {formatted}"")
",""
"Variable:serial_worker.py:formatted","formatted","serial_worker.py",95,95,"            self._ser.write(frame_bytes)
            hex_str = frame_bytes.hex().upper()
            formatted = "" "".join(hex_str[i:i+2] for i in range(0, len(hex_str), 2))
            self.log_message.emit(f""[发送] {formatted}"")
            return True
",""
"Variable:serial_worker.py:clean","clean","serial_worker.py",104,104,"    def send_hex_string(self, hex_str: str) -> bool:
        """"""发送十六进制字符串（自动去除空格）""""""
        clean = hex_str.replace("" "", """").strip()
        if not clean:
            return False
",""
"Variable:serial_worker.py:data","data","serial_worker.py",108,108,"            return False
        try:
            data = bytes.fromhex(clean)
            return self.send_frame(data)
        except ValueError as e:
",""
"Variable:serial_worker.py:raw","raw","serial_worker.py",119,119,"            try:
                if self._ser.in_waiting:
                    raw = self._ser.read(self._ser.in_waiting)
                    self._buffer.extend(raw)
                    self._process_buffer()
",""
"Variable:serial_worker.py:buf","buf","serial_worker.py",139,139,"    def _process_buffer(self):
        """"""从缓冲区提取完整 FT1.2 帧（支持长度域容错）""""""
        buf = self._buffer
        i = 0
        while i < len(buf) - 7:
",""
"Variable:serial_worker.py:i","i","serial_worker.py",140,140,"        """"""从缓冲区提取完整 FT1.2 帧（支持长度域容错）""""""
        buf = self._buffer
        i = 0
        while i < len(buf) - 7:
            # 寻找 68 起始
",""
"Variable:serial_worker.py:pos","pos","serial_worker.py",143,143,"        while i < len(buf) - 7:
            # 寻找 68 起始
            pos = buf.find(b'\x68', i)
            if pos == -1:
                break
",""
"Variable:serial_worker.py:length","length","serial_worker.py",149,149,"                break
            # 解析长度域（小端）
            length = buf[pos + 1] | (buf[pos + 2] << 8)
            if length < 8 or length > 2048:
                i = pos + 1
",""
"Variable:serial_worker.py:end_pos","end_pos","serial_worker.py",153,153,"                i = pos + 1
                continue
            end_pos = pos + length
            if end_pos > len(buf):
                break
",""
"Variable:serial_worker.py:frame","frame","serial_worker.py",159,159,"            if buf[end_pos - 1] == 0x16:
                # 标准 FT1.2 帧
                frame = bytes(buf[pos:end_pos])
                self.frame_received.emit(frame)
                hex_str = frame.hex().upper()
",""
"Variable:serial_worker.py:alt_end","alt_end","serial_worker.py",169,169,"                continue
            # 长度域对应的结束符不是 0x16，尝试查找下一个 0x16 作为备选边界
            alt_end = buf.find(b'\x16', pos + 3)
            if alt_end != -1 and 7 <= alt_end - pos <= 2048:
                # 找到一个可能的帧边界（从 0x68 到 0x16）
",""
"Variable:send_frame_lib.py:di","di","send_frame_lib.py",23,23,"                     data: bytes = b'',
                     dir_flag: int = 0, prm: int = 1, add_flag: int = 0) -> bytes:
        di = (di3 << 24) | (di2 << 16) | (di1 << 8) | di0
        control = ControlField(dir=dir_flag, prm=prm, add=add_flag, ver=0, reserved=0)
        frame = Frame(control=control, src_addr=src_addr, dst_addr=dst_addr,",""
"Variable:send_frame_lib.py:control","control","send_frame_lib.py",24,24,"                     dir_flag: int = 0, prm: int = 1, add_flag: int = 0) -> bytes:
        di = (di3 << 24) | (di2 << 16) | (di1 << 8) | di0
        control = ControlField(dir=dir_flag, prm=prm, add=add_flag, ver=0, reserved=0)
        frame = Frame(control=control, src_addr=src_addr, dst_addr=dst_addr,
                     afn=di1, seq=0, di=di, data=data)",""
"Variable:send_frame_lib.py:frame","frame","send_frame_lib.py",25,26,"        di = (di3 << 24) | (di2 << 16) | (di1 << 8) | di0
        control = ControlField(dir=dir_flag, prm=prm, add=add_flag, ver=0, reserved=0)
        frame = Frame(control=control, src_addr=src_addr, dst_addr=dst_addr,
                     afn=di1, seq=0, di=di, data=data)
        return frame.frame_pack()
",""
"Variable:send_frame_lib.py:wait_time","wait_time","send_frame_lib.py",31,31,"    def create_afn00_di00(self, sub_code: int, **kwargs) -> bytes:
        if sub_code == 0x01:
            wait_time = kwargs.get('wait_time', 0)
            data = struct.pack('>H', wait_time)
            return self._build_frame(0xE8, 0x01, 0x00, 0x01, data=data, dir_flag=0, prm=0)",""
"Variable:send_frame_lib.py:data","data","send_frame_lib.py",32,32,"        if sub_code == 0x01:
            wait_time = kwargs.get('wait_time', 0)
            data = struct.pack('>H', wait_time)
            return self._build_frame(0xE8, 0x01, 0x00, 0x01, data=data, dir_flag=0, prm=0)
        elif sub_code == 0x02:",""
"Variable:send_frame_lib.py:error_code","error_code","send_frame_lib.py",35,35,"            return self._build_frame(0xE8, 0x01, 0x00, 0x01, data=data, dir_flag=0, prm=0)
        elif sub_code == 0x02:
            error_code = kwargs.get('error_code', 0)
            data = struct.pack('B', error_code)
            return self._build_frame(0xE8, 0x01, 0x00, 0x02, data=data, dir_flag=0, prm=0)",""
"Variable:send_frame_lib.py:task_info","task_info","send_frame_lib.py",51,51,"    def create_afn02_di02(self, sub_code: int, **kwargs) -> bytes:
        if sub_code == 0x01:
            task_info = kwargs.get('task_info', b'')
            return self._build_frame(0xE8, 0x02, 0x02, 0x01, data=task_info, add_flag=1,
                                    src_addr=kwargs.get('src_addr', b'\x00'*6),",""
"Variable:send_frame_lib.py:task_id","task_id","send_frame_lib.py",56,56,"                                    dst_addr=kwargs.get('dst_addr', b'\x00'*6))
        elif sub_code == 0x02:
            task_id = kwargs.get('task_id', 0)
            data = struct.pack('>H', task_id)
            return self._build_frame(0xE8, 0x02, 0x02, 0x02, data=data)",""
"Variable:send_frame_lib.py:task_count","task_count","send_frame_lib.py",62,62,"            return self._build_frame(0xE8, 0x00, 0x02, 0x03)
        elif sub_code == 0x04:
            task_count = kwargs.get('task_count', 0)
            data = struct.pack('>H', task_count)
            return self._build_frame(0xE8, 0x03, 0x02, 0x04, data=data)",""
"Variable:send_frame_lib.py:dst_addr","dst_addr","send_frame_lib.py",88,88,"            return self._build_frame(0xE8, 0x00, 0x03, 0x03)
        elif sub_code == 0x04:
            dst_addr = kwargs.get('dst_addr', b'\x00'*6)
            data = dst_addr
            return self._build_frame(0xE8, 0x03, 0x03, 0x04, data=data)",""
"Variable:send_frame_lib.py:node_id","node_id","send_frame_lib.py",94,94,"            return self._build_frame(0xE8, 0x00, 0x03, 0x05)
        elif sub_code == 0x06:
            node_id = kwargs.get('node_id', 0)
            data = struct.pack('>H', node_id)
            return self._build_frame(0xE8, 0x03, 0x03, 0x06, data=data)",""
"Variable:send_frame_lib.py:start_index","start_index","send_frame_lib.py",106,106,"            return self._build_frame(0xE8, 0x00, 0x03, 0x09)
        elif sub_code == 0x0A:
            start_index = kwargs.get('start_index', 0)
            query_count = kwargs.get('query_count', 1)
            data = struct.pack('>H', start_index) + struct.pack('B', query_count)",""
"Variable:send_frame_lib.py:query_count","query_count","send_frame_lib.py",107,107,"        elif sub_code == 0x0A:
            start_index = kwargs.get('start_index', 0)
            query_count = kwargs.get('query_count', 1)
            data = struct.pack('>H', start_index) + struct.pack('B', query_count)
            return self._build_frame(0xE8, 0x03, 0x03, 0x0A, data=data)",""
"Variable:send_frame_lib.py:node_count","node_count","send_frame_lib.py",113,113,"            return self._build_frame(0xE8, 0x00, 0x03, 0x0B)
        elif sub_code == 0x0C:
            node_count = kwargs.get('node_count', 1)
            node_addrs = kwargs.get('node_addrs', [])
            data = struct.pack('B', node_count)",""
"Variable:send_frame_lib.py:node_addrs","node_addrs","send_frame_lib.py",114,114,"        elif sub_code == 0x0C:
            node_count = kwargs.get('node_count', 1)
            node_addrs = kwargs.get('node_addrs', [])
            data = struct.pack('B', node_count)
            for addr in node_addrs:",""
"Variable:send_frame_lib.py:control_data","control_data","send_frame_lib.py",156,156,"            return self._build_frame(0xE8, 0x02, 0x04, 0x03, data=data)
        elif sub_code == 0x04:
            control_data = kwargs.get('control_data', b'')
            return self._build_frame(0xE8, 0x02, 0x04, 0x04, data=control_data)
        elif sub_code == 0x05:",""
"Variable:send_frame_lib.py:task_data","task_data","send_frame_lib.py",176,176,"    def create_afn05_di05(self, sub_code: int, **kwargs) -> bytes:
        if sub_code == 0x01:
            task_data = kwargs.get('task_data', b'')
            return self._build_frame(0xE8, 0x05, 0x05, 0x01, data=task_data, dir_flag=0, prm=0)
        elif sub_code == 0x02:",""
"Variable:send_frame_lib.py:event_data","event_data","send_frame_lib.py",179,179,"            return self._build_frame(0xE8, 0x05, 0x05, 0x01, data=task_data, dir_flag=0, prm=0)
        elif sub_code == 0x02:
            event_data = kwargs.get('event_data', b'')
            return self._build_frame(0xE8, 0x05, 0x05, 0x02, data=event_data, dir_flag=0, prm=0)
        raise ValueError(f""不支持的子功能码: {sub_code}"")",""
"Variable:send_frame_lib.py:file_type","file_type","send_frame_lib.py",190,190,"    def create_afn07_di07(self, sub_code: int, **kwargs) -> bytes:
        if sub_code == 0x01:
            file_type = kwargs.get('file_type', 0)
            file_id = kwargs.get('file_id', 0)
            dst_addr = kwargs.get('dst_addr', b'\x99\x99\x99\x99\x99\x99')",""
"Variable:send_frame_lib.py:file_id","file_id","send_frame_lib.py",191,191,"        if sub_code == 0x01:
            file_type = kwargs.get('file_type', 0)
            file_id = kwargs.get('file_id', 0)
            dst_addr = kwargs.get('dst_addr', b'\x99\x99\x99\x99\x99\x99')
            total_segments = kwargs.get('total_segments', 0)",""
"Variable:send_frame_lib.py:total_segments","total_segments","send_frame_lib.py",193,193,"            file_id = kwargs.get('file_id', 0)
            dst_addr = kwargs.get('dst_addr', b'\x99\x99\x99\x99\x99\x99')
            total_segments = kwargs.get('total_segments', 0)
            file_size = kwargs.get('file_size', 0)
            file_checksum = kwargs.get('file_checksum', 0)",""
"Variable:send_frame_lib.py:file_size","file_size","send_frame_lib.py",194,194,"            dst_addr = kwargs.get('dst_addr', b'\x99\x99\x99\x99\x99\x99')
            total_segments = kwargs.get('total_segments', 0)
            file_size = kwargs.get('file_size', 0)
            file_checksum = kwargs.get('file_checksum', 0)
            timeout = kwargs.get('timeout', 0)",""
"Variable:send_frame_lib.py:file_checksum","file_checksum","send_frame_lib.py",195,195,"            total_segments = kwargs.get('total_segments', 0)
            file_size = kwargs.get('file_size', 0)
            file_checksum = kwargs.get('file_checksum', 0)
            timeout = kwargs.get('timeout', 0)
            data = struct.pack('B', file_type)",""
"Variable:send_frame_lib.py:timeout","timeout","send_frame_lib.py",196,196,"            file_size = kwargs.get('file_size', 0)
            file_checksum = kwargs.get('file_checksum', 0)
            timeout = kwargs.get('timeout', 0)
            data = struct.pack('B', file_type)
            data += struct.pack('B', file_id)",""
"Variable:send_frame_lib.py:segment_no","segment_no","send_frame_lib.py",206,206,"            return self._build_frame(0xE8, 0x02, 0x07, 0x01, data=data)
        elif sub_code == 0x02:
            segment_no = kwargs.get('segment_no', 0)
            segment_len = kwargs.get('segment_len', 0)
            segment_data = kwargs.get('segment_data', b'')",""
"Variable:send_frame_lib.py:segment_len","segment_len","send_frame_lib.py",207,207,"        elif sub_code == 0x02:
            segment_no = kwargs.get('segment_no', 0)
            segment_len = kwargs.get('segment_len', 0)
            segment_data = kwargs.get('segment_data', b'')
            segment_checksum = kwargs.get('segment_checksum', 0)",""
"Variable:send_frame_lib.py:segment_data","segment_data","send_frame_lib.py",208,208,"            segment_no = kwargs.get('segment_no', 0)
            segment_len = kwargs.get('segment_len', 0)
            segment_data = kwargs.get('segment_data', b'')
            segment_checksum = kwargs.get('segment_checksum', 0)
            data = struct.pack('>H', segment_no)",""
"Variable:send_frame_lib.py:segment_checksum","segment_checksum","send_frame_lib.py",209,209,"            segment_len = kwargs.get('segment_len', 0)
            segment_data = kwargs.get('segment_data', b'')
            segment_checksum = kwargs.get('segment_checksum', 0)
            data = struct.pack('>H', segment_no)
            data += struct.pack('>H', segment_len)",""
"Variable:send_frame_lib.py:handler","handler","send_frame_lib.py",227,227,"
    def create_frame(self, afn: str, di: str, sub_code: int, **kwargs) -> bytes:
        handler = self.afn_handlers.get((afn, di))
        if handler:
            return handler(sub_code, **kwargs)",""
"Variable:send_frame_lib.py:schema","schema","send_frame_lib.py",252,252,"            打包后的用户数据区字节
        """"""
        schema = DI_FIELD_SCHEMA.get(di_key)
        if not schema:
            raise ValueError(f""不支持的DI组合: {di_key}"")",""
"Variable:send_frame_lib.py:fields","fields","send_frame_lib.py",256,256,"            raise ValueError(f""不支持的DI组合: {di_key}"")

        fields = schema[""fields""]
        values: Dict[str, Any] = {}
",""
"Variable:send_frame_lib.py:values","values","send_frame_lib.py",257,257,"
        fields = schema[""fields""]
        values: Dict[str, Any] = {}

        # 第一遍：收集所有字段值（含默认值）",""
"Variable:send_frame_lib.py:name","name","send_frame_lib.py",261,261,"        # 第一遍：收集所有字段值（含默认值）
        for field in fields:
            name = field[""name""]
            val = field_values.get(name, field.get(""default""))
            if val is None:",""
"Variable:send_frame_lib.py:val","val","send_frame_lib.py",262,262,"        for field in fields:
            name = field[""name""]
            val = field_values.get(name, field.get(""default""))
            if val is None:
                if field.get(""required"", False):",""
"Variable:send_frame_lib.py:sub_name","sub_name","send_frame_lib.py",270,270,"            # 同时收集子字段值（用于sub_fields合并计算）
            for sub in field.get(""sub_fields"", []):
                sub_name = sub[""name""]
                if sub_name in field_values:
                    values[sub_name] = field_values[sub_name]",""
"Variable:send_frame_lib.py:ref_name","ref_name","send_frame_lib.py",278,278,"            name = field[""name""]
            if field.get(""type"") == ""list"" and ""count_field"" in field:
                ref_name = field[""count_field""]
                items = values.get(name, [])
                values[ref_name] = len(items) if isinstance(items, list) else 0",""
"Variable:send_frame_lib.py:items","items","send_frame_lib.py",279,279,"            if field.get(""type"") == ""list"" and ""count_field"" in field:
                ref_name = field[""count_field""]
                items = values.get(name, [])
                values[ref_name] = len(items) if isinstance(items, list) else 0
",""
"Variable:send_frame_lib.py:parent_type","parent_type","send_frame_lib.py",286,286,"            name = field[""name""]
            if ""sub_fields"" in field:
                parent_type = field[""type""]
                if parent_type in (""uint8"", ""enum"", ""uint16"", ""uint32""):
                    parent_val = 0",""
"Variable:send_frame_lib.py:parent_val","parent_val","send_frame_lib.py",288,288,"                parent_type = field[""type""]
                if parent_type in (""uint8"", ""enum"", ""uint16"", ""uint32""):
                    parent_val = 0
                    for sub in field[""sub_fields""]:
                        if not self._check_condition(sub, values):",""
"Variable:send_frame_lib.py:sub_val","sub_val","send_frame_lib.py",293,293,"                            continue
                        sub_name = sub[""name""]
                        sub_val = values.get(sub_name, sub.get(""default"", 0))
                        bit_width = sub.get(""bit_width"", 1)
                        bit_offset = sub.get(""bit_offset"", 0)",""
"Variable:send_frame_lib.py:bit_width","bit_width","send_frame_lib.py",294,294,"                        sub_name = sub[""name""]
                        sub_val = values.get(sub_name, sub.get(""default"", 0))
                        bit_width = sub.get(""bit_width"", 1)
                        bit_offset = sub.get(""bit_offset"", 0)
                        mask = (1 << bit_width) - 1",""
"Variable:send_frame_lib.py:bit_offset","bit_offset","send_frame_lib.py",295,295,"                        sub_val = values.get(sub_name, sub.get(""default"", 0))
                        bit_width = sub.get(""bit_width"", 1)
                        bit_offset = sub.get(""bit_offset"", 0)
                        mask = (1 << bit_width) - 1
                        parent_val |= (int(sub_val) & mask) << bit_offset",""
"Variable:send_frame_lib.py:mask","mask","send_frame_lib.py",296,296,"                        bit_width = sub.get(""bit_width"", 1)
                        bit_offset = sub.get(""bit_offset"", 0)
                        mask = (1 << bit_width) - 1
                        parent_val |= (int(sub_val) & mask) << bit_offset
                    values[name] = parent_val",""
"Variable:send_frame_lib.py:sub_type","sub_type","send_frame_lib.py",306,306,"                        sub_name = sub[""name""]
                        sub_val = values.get(sub_name, sub.get(""default"", """"))
                        sub_type = sub.get(""type"", ""bytes"")
                        if sub_type in (""uint8"", ""enum""):
                            parent_val += f""{int(sub_val):02X}""",""
"Variable:send_frame_lib.py:endian","endian","send_frame_lib.py",312,312,"                            parent_val += str(sub_val)
                        elif sub_type in (""uint16"", ""uint32""):
                            endian = sub.get(""endian"", ""big"")
                            fmt = "">H"" if endian == ""big"" else ""<H""
                            if sub_type == ""uint32"":",""
"Variable:send_frame_lib.py:fmt","fmt","send_frame_lib.py",313,313,"                        elif sub_type in (""uint16"", ""uint32""):
                            endian = sub.get(""endian"", ""big"")
                            fmt = "">H"" if endian == ""big"" else ""<H""
                            if sub_type == ""uint32"":
                                fmt = "">I"" if endian == ""big"" else ""<I""",""
"Variable:send_frame_lib.py:raw_len","raw_len","send_frame_lib.py",326,326,"                val = values.get(name)
                if val is not None:
                    raw_len = len(self._to_raw_bytes(field, val))
                    offset = field.get(""length_offset"", 0)
                    values[ref_name] = raw_len + offset",""
"Variable:send_frame_lib.py:offset","offset","send_frame_lib.py",327,327,"                if val is not None:
                    raw_len = len(self._to_raw_bytes(field, val))
                    offset = field.get(""length_offset"", 0)
                    values[ref_name] = raw_len + offset
",""
"Variable:send_frame_lib.py:result","result","send_frame_lib.py",331,331,"
        # 第五遍：按顺序打包所有字段
        result = b""""
        for field in fields:
            name = field[""name""]",""
"Variable:send_frame_lib.py:cond","cond","send_frame_lib.py",369,369,"    def _check_condition(self, field: Dict[str, Any], values: Dict[str, Any]) -> bool:
        """"""检查字段条件是否满足（用于条件显示/打包的字段）""""""
        cond = field.get(""condition"")
        if not cond:
            return True",""
"Variable:send_frame_lib.py:ref_val","ref_val","send_frame_lib.py",373,373,"            return True
        ref_name = cond.get(""field"")
        ref_val = values.get(ref_name)
        target_val = cond.get(""value"")
        op = cond.get(""eval"", ""eq"")",""
"Variable:send_frame_lib.py:target_val","target_val","send_frame_lib.py",374,374,"        ref_name = cond.get(""field"")
        ref_val = values.get(ref_name)
        target_val = cond.get(""value"")
        op = cond.get(""eval"", ""eq"")
        if op == ""eq"":",""
"Variable:send_frame_lib.py:op","op","send_frame_lib.py",375,375,"        ref_val = values.get(ref_name)
        target_val = cond.get(""value"")
        op = cond.get(""eval"", ""eq"")
        if op == ""eq"":
            return ref_val == target_val",""
"Variable:send_frame_lib.py:ftype","ftype","send_frame_lib.py",387,387,"            return b""""

        ftype = field[""type""]

        if ftype in (""uint8"", ""enum""):",""
"Variable:send_frame_lib.py:value","value","send_frame_lib.py",404,404,"        elif ftype == ""bytes"":
            if isinstance(value, str):
                value = bytes.fromhex(value.replace("" "", """"))
            if field.get(""reverse""):
                value = value[::-1]",""
"Variable:send_frame_lib.py:length","length","send_frame_lib.py",408,408,"                value = value[::-1]
            if ""length"" in field:
                length = field[""length""]
                if len(value) < length:
                    value = value + b""\x00"" * (length - len(value))",""
"Variable:send_frame_lib.py:item_fields","item_fields","send_frame_lib.py",436,436,"
        elif ftype == ""list"":
            item_fields = field[""item_fields""]
            items = value if isinstance(value, list) else []
",""
"Variable:send_frame_lib.py:count_type","count_type","send_frame_lib.py",441,441,"            # 打包数量前缀（仅当使用 count_type 时；count_field 由外部字段负责）
            if ""count_type"" in field:
                count_type = field[""count_type""]
                if count_type == ""uint8"":
                    data = struct.pack(""B"", len(items))",""
"Variable:send_frame_lib.py:item_name","item_name","send_frame_lib.py",454,454,"            for item in items:
                for item_field in item_fields:
                    item_name = item_field[""name""]
                    item_val = item.get(item_name, item_field.get(""default""))
                    data += self._pack_field(item_field, item_val)",""
"Variable:send_frame_lib.py:item_val","item_val","send_frame_lib.py",455,455,"                for item_field in item_fields:
                    item_name = item_field[""name""]
                    item_val = item.get(item_name, item_field.get(""default""))
                    data += self._pack_field(item_field, item_val)
            return data",""
"Variable:send_frame_lib.py:generator","generator","send_frame_lib.py",489,489,"
if __name__ == ""__main__"":
    generator = ProtocolFrameGenerator()
    frame = generator.create_frame(""00"", ""00"", 0x01, wait_time=5)
    print(f""确认帧: {frame.hex()}"")",""
"Variable:search_di.py:lines","lines","search_di.py",5,5,"# 读取提取的文本
with open('pdf_extract 内容.txt', 'r', encoding='utf-8') as f:
    lines = f.readlines()

print(f""总行数：{len(lines)}"")
",""
"Variable:search_di.py:start","start","search_di.py",17,17,"        print(""-"" * 80)
        # 显示上下文
        start = max(0, i-3)
        end = min(len(lines), i+8)
        for j in range(start, end):
",""
"Variable:search_di.py:end","end","search_di.py",18,18,"        # 显示上下文
        start = max(0, i-3)
        end = min(len(lines), i+8)
        for j in range(start, end):
            marker = "">>> "" if j == i else ""    ""
",""
"Variable:search_di.py:marker","marker","search_di.py",20,20,"        end = min(len(lines), i+8)
        for j in range(start, end):
            marker = "">>> "" if j == i else ""    ""
            print(f""{marker}{lines[j]}"", end='')

",""
"Variable:protocol_tool.py:_fields_","_fields_","protocol_tool.py",4,10,"
class ControlField(ctypes.BigEndianStructure):
    _fields_ = [
        (""dir"", ctypes.c_uint8, 1),   # 传输方向(D7)
        (""prm"", ctypes.c_uint8, 1),   # 启动标志(D6)
        (""add"", ctypes.c_uint8, 1),   # 地址域标识(D5)
        (""ver"", ctypes.c_uint8, 2),   # 协议版本(D4~D3)
        (""reserved"", ctypes.c_uint8, 3) # 保留(D2~D0)
    ]
    def __init__(self, dir=0, prm=0, add=0, ver=0, reserved=0) -> None:
        '''
",""
"Variable:protocol_tool.py:start_char","start_char","protocol_tool.py",27,27,"@dataclass
class Frame:
    start_char: int = 0x68
    length: int = 0
    control: ControlField = ControlField()
",""
"Variable:protocol_tool.py:length","length","protocol_tool.py",28,28,"class Frame:
    start_char: int = 0x68
    length: int = 0
    control: ControlField = ControlField()
    address: bytes = b''
",""
"Variable:protocol_tool.py:control","control","protocol_tool.py",29,29,"    start_char: int = 0x68
    length: int = 0
    control: ControlField = ControlField()
    address: bytes = b''
    afn: int = 0
",""
"Variable:protocol_tool.py:address","address","protocol_tool.py",30,30,"    length: int = 0
    control: ControlField = ControlField()
    address: bytes = b''
    afn: int = 0
    seq: int = 0
",""
"Variable:protocol_tool.py:afn","afn","protocol_tool.py",31,31,"    control: ControlField = ControlField()
    address: bytes = b''
    afn: int = 0
    seq: int = 0
    di: int = 0
",""
"Variable:protocol_tool.py:seq","seq","protocol_tool.py",32,32,"    address: bytes = b''
    afn: int = 0
    seq: int = 0
    di: int = 0
    data: bytes = b''
",""
"Variable:protocol_tool.py:di","di","protocol_tool.py",33,33,"    afn: int = 0
    seq: int = 0
    di: int = 0
    data: bytes = b''
    cs: int = 0
",""
"Variable:protocol_tool.py:data","data","protocol_tool.py",34,34,"    seq: int = 0
    di: int = 0
    data: bytes = b''
    cs: int = 0
    end_char: int = 0x16
",""
"Variable:protocol_tool.py:cs","cs","protocol_tool.py",35,35,"    di: int = 0
    data: bytes = b''
    cs: int = 0
    end_char: int = 0x16
    def __init__(self, control: ControlField = ControlField(), src_addr: bytes = b'', dst_addr: bytes = b'', afn: int = 0, seq: int = 0, di: int = 0, data: bytes = b''):
",""
"Variable:protocol_tool.py:end_char","end_char","protocol_tool.py",36,36,"    data: bytes = b''
    cs: int = 0
    end_char: int = 0x16
    def __init__(self, control: ControlField = ControlField(), src_addr: bytes = b'', dst_addr: bytes = b'', afn: int = 0, seq: int = 0, di: int = 0, data: bytes = b''):
        self.control = control
",""
"Variable:protocol_tool.py:user_data","user_data","protocol_tool.py",51,51,"        """"""组帧功能实现""""""
        # 构建用户数据区
        user_data = bytearray()
        if self.control.add:
            user_data.extend(self.address)
",""
"Variable:protocol_tool.py:packed_frame","packed_frame","protocol_tool.py",63,63,"
        # 构建完整帧
        packed_frame = bytearray()
        packed_frame.append(self.start_char)
        packed_frame.extend(self.length.to_bytes(2, 'little'))  # 长度L为2字节，小端序
",""
"Variable:protocol_tool.py:control_byte","control_byte","protocol_tool.py",67,67,"        packed_frame.extend(self.length.to_bytes(2, 'little'))  # 长度L为2字节，小端序
        # 提取ControlField结构的字节值
        control_byte = ctypes.cast(ctypes.addressof(self.control), ctypes.POINTER(ctypes.c_uint8)).contents.value
        packed_frame.append(control_byte)
        packed_frame.extend(user_data)
",""
"Variable:protocol_parser.py:AFN_MAP","AFN_MAP","protocol_parser.py",10,27,"
    # AFN 定义（集中器 + 采集器 + 无线维护）
    AFN_MAP = {
        0x00: ""确认/否认"",
        0x01: ""初始化模块"",
        0x02: ""管理任务"",
        0x03: ""读参数"",
        0x04: ""写参数"",
        0x05: ""上报信息"",
        0x06: ""请求信息"",
        0x07: ""传输文件"",
        0x10: ""维护命令（无线维护）"",
        0x21: ""管理电表（采集器）"",
        0x22: ""转发数据（采集器）"",
        0x23: ""读参数（采集器）"",
        0x24: ""传输文件（采集器）"",
        0x25: ""请求信息（采集器）"",
        0x31: ""管理映射表表计（采集器）"",
        0xF0: ""维护模块（厂家自定义）"",
    }

    # DI3 映射
",""
"Variable:protocol_parser.py:DI3_MAP","DI3_MAP","protocol_parser.py",30,33,"
    # DI3 映射
    DI3_MAP = {
        0xE8: ""集中器与本地模块通信"",
        0xEA: ""采集器与本地模块通信""
    }

    # DI2 映射
",""
"Variable:protocol_parser.py:DI2_MAP","DI2_MAP","protocol_parser.py",36,44,"
    # DI2 映射
    DI2_MAP = {
        0x00: ""上下行均用，下行无数据内容"",
        0x01: ""上下行均用，数据内容格式一致"",
        0x02: ""仅下行用，上行为确认/否认报文"",
        0x03: ""仅下行用，带数据内容"",
        0x04: ""仅上行用，带数据内容"",
        0x05: ""仅上行用，下行为确认/否认报文"",
        0x06: ""上下行均用，上行无数据内容""
    }

    def parse_to_table(self, frame_bytes: bytes) -> list:
",""
"Variable:protocol_parser.py:table_data","table_data","protocol_parser.py",51,51,"        返回：[(字段名，原始值，解析值，说明, byte_start, byte_end), ...]
        """"""
        table_data = []

        # 解析帧
",""
"Variable:protocol_parser.py:result","result","protocol_parser.py",54,54,"
        # 解析帧
        result = self.parse(frame_bytes)
        frame_len = len(frame_bytes)

",""
"Variable:protocol_parser.py:frame_len","frame_len","protocol_parser.py",55,55,"        # 解析帧
        result = self.parse(frame_bytes)
        frame_len = len(frame_bytes)

        # 检查解析是否失败，如果失败则返回错误信息
",""
"Variable:protocol_parser.py:error_msg","error_msg","protocol_parser.py",59,59,"        # 检查解析是否失败，如果失败则返回错误信息
        if result.get(""解析状态"") == ""失败"":
            error_msg = result.get(""错误信息"", ""未知错误"")
            self._add_field(table_data, ""❌ 解析失败"", ""-"", ""-"", error_msg, None, None)
            # 同时显示原始数据
",""
"Variable:protocol_parser.py:length_val","length_val","protocol_parser.py",70,70,"            return table_data

        length_val = int.from_bytes(frame_bytes[1:3], 'little')
        user_data_len = length_val - 6
        cs_pos = 4 + user_data_len  # 校验和位置
",""
"Variable:protocol_parser.py:user_data_len","user_data_len","protocol_parser.py",71,71,"
        length_val = int.from_bytes(frame_bytes[1:3], 'little')
        user_data_len = length_val - 6
        cs_pos = 4 + user_data_len  # 校验和位置

",""
"Variable:protocol_parser.py:cs_pos","cs_pos","protocol_parser.py",72,72,"        length_val = int.from_bytes(frame_bytes[1:3], 'little')
        user_data_len = length_val - 6
        cs_pos = 4 + user_data_len  # 校验和位置

        # 获取地址域标识
",""
"Variable:protocol_parser.py:add_flag","add_flag","protocol_parser.py",75,75,"
        # 获取地址域标识
        add_flag = 0
        if ""控制域"" in result:
            ctrl = result[""控制域""]
",""
"Variable:protocol_parser.py:ctrl","ctrl","protocol_parser.py",77,77,"        add_flag = 0
        if ""控制域"" in result:
            ctrl = result[""控制域""]
            if ""D5 地址域标识(ADD)"" in ctrl:
                add_flag = ctrl[""D5 地址域标识(ADD)""][""值""]
",""
"Variable:protocol_parser.py:raw","raw","protocol_parser.py",92,92,"
                elif key == ""长度域"":
                    raw = value.get(""原始字节"", f""0x{value.get('长度值', 0):04X}"" if value.get(""长度值"", 0) > 255 else f""0x{value.get('长度值', 0):02X}"")
                    parsed = str(value.get(""长度值"", ""-""))
                    comment = f""{value.get('说明', '')}, {value.get('字节序', '')}，{value.get('字节长度', '')}字节""
",""
"Variable:protocol_parser.py:parsed","parsed","protocol_parser.py",93,93,"                elif key == ""长度域"":
                    raw = value.get(""原始字节"", f""0x{value.get('长度值', 0):04X}"" if value.get(""长度值"", 0) > 255 else f""0x{value.get('长度值', 0):02X}"")
                    parsed = str(value.get(""长度值"", ""-""))
                    comment = f""{value.get('说明', '')}, {value.get('字节序', '')}，{value.get('字节长度', '')}字节""
                    self._add_field(table_data, ""长度域"", raw, parsed, comment, 1, 2)
",""
"Variable:protocol_parser.py:comment","comment","protocol_parser.py",94,94,"                    raw = value.get(""原始字节"", f""0x{value.get('长度值', 0):04X}"" if value.get(""长度值"", 0) > 255 else f""0x{value.get('长度值', 0):02X}"")
                    parsed = str(value.get(""长度值"", ""-""))
                    comment = f""{value.get('说明', '')}, {value.get('字节序', '')}，{value.get('字节长度', '')}字节""
                    self._add_field(table_data, ""长度域"", raw, parsed, comment, 1, 2)

",""
"Variable:protocol_parser.py:bit_val","bit_val","protocol_parser.py",104,104,"                            continue
                        if isinstance(subvalue, dict):
                            bit_val = subvalue.get(""位"", ""-"")
                            val = subvalue.get(""值"", ""-"")
                            desc = subvalue.get(""说明"", """")
",""
"Variable:protocol_parser.py:val","val","protocol_parser.py",105,105,"                        if isinstance(subvalue, dict):
                            bit_val = subvalue.get(""位"", ""-"")
                            val = subvalue.get(""值"", ""-"")
                            desc = subvalue.get(""说明"", """")
                            # 子字段原始值显示对应二进制位值
",""
"Variable:protocol_parser.py:desc","desc","protocol_parser.py",106,106,"                            bit_val = subvalue.get(""位"", ""-"")
                            val = subvalue.get(""值"", ""-"")
                            desc = subvalue.get(""说明"", """")
                            # 子字段原始值显示对应二进制位值
                            self._add_field(table_data, f""  {subkey}"", str(bit_val), str(val), desc, 3, 3, is_child=True)
",""
"Variable:protocol_parser.py:result_val","result_val","protocol_parser.py",116,116,"                    raw = value.get(""校验值"", ""-"")
                    parsed = value.get(""计算值"", ""-"")
                    result_val = value.get(""校验结果"", ""-"")
                    self._add_field(table_data, ""校验和"", raw, parsed, result_val, cs_pos, cs_pos)

",""
"Variable:protocol_parser.py:prefix","prefix","protocol_parser.py",131,131,"        byte_start/byte_end: 该字段在原始帧中的字节范围（包含两端），None 表示无对应字节
        """"""
        prefix = ""  "" if is_child else """"
        full_name = f""{prefix}{field_name}""
        table_data.append((full_name, raw_value, parsed_value, comment, byte_start, byte_end))
",""
"Variable:protocol_parser.py:full_name","full_name","protocol_parser.py",132,132,"        """"""
        prefix = ""  "" if is_child else """"
        full_name = f""{prefix}{field_name}""
        table_data.append((full_name, raw_value, parsed_value, comment, byte_start, byte_end))
    
",""
"Variable:protocol_parser.py:clean","clean","protocol_parser.py",141,141,"        if not isinstance(raw, str):
            return 0
        clean = raw.replace(""0x"", """").replace(""0X"", """").replace("" "", """").replace(""-"", """")
        if clean and all(c in '0123456789abcdefABCDEF' for c in clean):
            return len(clean) // 2
",""
"Variable:protocol_parser.py:offset","offset","protocol_parser.py",149,149,"                                  add_flag: int, cs_pos: int, frame_len: int):
        """"""解析用户数据区到表格（最多 2 级），含字节偏移""""""
        offset = 4  # 用户数据区在帧中的起始位置

        # 地址域
",""
"Variable:protocol_parser.py:addr","addr","protocol_parser.py",153,153,"        # 地址域
        if ""地址域"" in user_data:
            addr = user_data[""地址域""]
            self._add_field(table_data, ""地址域"", """", """", """", offset, offset + 11)
            self._add_field(table_data, ""  源地址"", addr.get(""源地址"", ""-""), """", """", offset, offset + 5, is_child=True)
",""
"Variable:protocol_parser.py:afn_keys","afn_keys","protocol_parser.py",160,160,"
        # 应用功能码 AFN
        afn_keys = [k for k in user_data.keys() if ""AFN"" in k]
        if afn_keys:
            afn_key = afn_keys[0]
",""
"Variable:protocol_parser.py:afn_key","afn_key","protocol_parser.py",162,162,"        afn_keys = [k for k in user_data.keys() if ""AFN"" in k]
        if afn_keys:
            afn_key = afn_keys[0]
            afn = user_data[afn_key]
            raw = str(afn.get(""原始值"", ""-""))
",""
"Variable:protocol_parser.py:afn","afn","protocol_parser.py",163,163,"        if afn_keys:
            afn_key = afn_keys[0]
            afn = user_data[afn_key]
            raw = str(afn.get(""原始值"", ""-""))
            # parsed_value 使用十进制值，comment 使用名称
",""
"Variable:protocol_parser.py:seq_keys","seq_keys","protocol_parser.py",172,172,"
        # 帧序列号 SEQ
        seq_keys = [k for k in user_data.keys() if ""SEQ"" in k]
        if seq_keys:
            seq_key = seq_keys[0]
",""
"Variable:protocol_parser.py:seq_key","seq_key","protocol_parser.py",174,174,"        seq_keys = [k for k in user_data.keys() if ""SEQ"" in k]
        if seq_keys:
            seq_key = seq_keys[0]
            seq = user_data[seq_key]
            raw = str(seq.get(""原始值"", ""-""))
",""
"Variable:protocol_parser.py:seq","seq","protocol_parser.py",175,175,"        if seq_keys:
            seq_key = seq_keys[0]
            seq = user_data[seq_key]
            raw = str(seq.get(""原始值"", ""-""))
            val = str(seq.get(""十进制"", ""-""))
",""
"Variable:protocol_parser.py:di_keys","di_keys","protocol_parser.py",182,182,"
        # 数据标识 DI
        di_keys = [k for k in user_data.keys() if ""(DI)"" in k]
        if di_keys:
            di_key = di_keys[0]
",""
"Variable:protocol_parser.py:di_key","di_key","protocol_parser.py",184,184,"        di_keys = [k for k in user_data.keys() if ""(DI)"" in k]
        if di_keys:
            di_key = di_keys[0]
            di = user_data[di_key]
            raw = str(di.get(""原始值"", ""-""))
",""
"Variable:protocol_parser.py:di","di","protocol_parser.py",185,185,"        if di_keys:
            di_key = di_keys[0]
            di = user_data[di_key]
            raw = str(di.get(""原始值"", ""-""))
            val = str(di.get(""整数值"", ""-""))
",""
"Variable:protocol_parser.py:data_end","data_end","protocol_parser.py",193,193,"
        # 数据标识内容 — 字节范围: offset 到 cs_pos-1
        data_end = cs_pos - 1
        has_bytes = offset <= data_end

",""
"Variable:protocol_parser.py:has_bytes","has_bytes","protocol_parser.py",194,194,"        # 数据标识内容 — 字节范围: offset 到 cs_pos-1
        data_end = cs_pos - 1
        has_bytes = offset <= data_end

        if ""数据标识内容"" in user_data:
",""
"Variable:protocol_parser.py:content","content","protocol_parser.py",197,197,"
        if ""数据标识内容"" in user_data:
            content = user_data[""数据标识内容""]
            if isinstance(content, dict):
                rng = (offset, data_end) if has_bytes else (None, None)
",""
"Variable:protocol_parser.py:rng","rng","protocol_parser.py",199,199,"            content = user_data[""数据标识内容""]
            if isinstance(content, dict):
                rng = (offset, data_end) if has_bytes else (None, None)
                self._add_field(table_data, ""数据标识内容"", """", """", """", rng[0], rng[1])

",""
"Variable:protocol_parser.py:sub_offset","sub_offset","protocol_parser.py",202,202,"                self._add_field(table_data, ""数据标识内容"", """", """", """", rng[0], rng[1])

                sub_offset = offset  # 子字段偏移跟踪
                _skip_keys = {""原始值"", ""十进制"", ""说明"", ""描述"", ""值"", ""整数值"", ""业务说明"", ""单位"", ""原始字节"", ""原始数据"", ""校验结果"", ""解析状态"", ""错误信息"", ""解析值""}

",""
"Variable:protocol_parser.py:_skip_keys","_skip_keys","protocol_parser.py",203,203,"
                sub_offset = offset  # 子字段偏移跟踪
                _skip_keys = {""原始值"", ""十进制"", ""说明"", ""描述"", ""值"", ""整数值"", ""业务说明"", ""单位"", ""原始字节"", ""原始数据"", ""校验结果"", ""解析状态"", ""错误信息"", ""解析值""}

                for key, value in content.items():
",""
"Variable:protocol_parser.py:byte_size","byte_size","protocol_parser.py",212,212,"
                        # 尝试从原始值推算字节长度，实现精准高亮
                        byte_size = self._estimate_byte_size(value)
                        if byte_size > 0 and sub_offset + byte_size - 1 <= data_end:
                            f_start, f_end = sub_offset, sub_offset + byte_size - 1
",""
"Variable:protocol_parser.py:sv_raw","sv_raw","protocol_parser.py",231,231,"                                if '原始值' in sub_value or '解析值' in sub_value:
                                    # 这是标准的结构化字段，直接显示
                                    sv_raw = str(sub_value.get(""原始值"", ""-""))
                                    sv_val = str(sub_value.get(""解析值"", sub_value.get(""十进制"", sub_value.get(""说明"", ""-""))))
                                    sv_desc = str(sub_value.get(""说明"", """"))
",""
"Variable:protocol_parser.py:sv_val","sv_val","protocol_parser.py",232,232,"                                    # 这是标准的结构化字段，直接显示
                                    sv_raw = str(sub_value.get(""原始值"", ""-""))
                                    sv_val = str(sub_value.get(""解析值"", sub_value.get(""十进制"", sub_value.get(""说明"", ""-""))))
                                    sv_desc = str(sub_value.get(""说明"", """"))
                                    self._add_field(table_data, f""    {sub_key}"", sv_raw, sv_val, sv_desc, f_start, f_end, is_child=True)
",""
"Variable:protocol_parser.py:sv_desc","sv_desc","protocol_parser.py",233,233,"                                    sv_raw = str(sub_value.get(""原始值"", ""-""))
                                    sv_val = str(sub_value.get(""解析值"", sub_value.get(""十进制"", sub_value.get(""说明"", ""-""))))
                                    sv_desc = str(sub_value.get(""说明"", """"))
                                    self._add_field(table_data, f""    {sub_key}"", sv_raw, sv_val, sv_desc, f_start, f_end, is_child=True)
                                else:
",""
"Variable:protocol_parser.py:sv","sv","protocol_parser.py",237,237,"                                else:
                                    # 这是容器dict，显示其子字段
                                    sv = sub_value.get(""说明"", sub_value.get(""值"", str(sub_value)))
                                    sd = sub_value.get(""说明"", """")
                                    self._add_field(table_data, f""    {sub_key}"", ""-"", str(sv), str(sd) if sd != sv else """", f_start, f_end, is_child=True)
",""
"Variable:protocol_parser.py:sd","sd","protocol_parser.py",238,238,"                                    # 这是容器dict，显示其子字段
                                    sv = sub_value.get(""说明"", sub_value.get(""值"", str(sub_value)))
                                    sd = sub_value.get(""说明"", """")
                                    self._add_field(table_data, f""    {sub_key}"", ""-"", str(sv), str(sd) if sd != sv else """", f_start, f_end, is_child=True)

",""
"Variable:protocol_parser.py:is_struct","is_struct","protocol_parser.py",247,247,"                            if isinstance(item, dict):
                                # 判断列表项是否为结构化数据（有原始值/说明等键）
                                is_struct = self._is_structured(item)
                                if is_struct:
                                    # 结构化列表项：作为单行渲染
",""
"Variable:protocol_parser.py:iraw","iraw","protocol_parser.py",250,250,"                                if is_struct:
                                    # 结构化列表项：作为单行渲染
                                    iraw = str(item.get(""原始值"", item.get(""原始字节"", ""-"")))
                                    ival = str(item.get(""十进制"", item.get(""解析值"", item.get(""说明"", ""-""))))
                                    idesc = str(item.get(""说明"", """")) if isinstance(item.get(""说明"", """"), str) else """"
",""
"Variable:protocol_parser.py:ival","ival","protocol_parser.py",251,251,"                                    # 结构化列表项：作为单行渲染
                                    iraw = str(item.get(""原始值"", item.get(""原始字节"", ""-"")))
                                    ival = str(item.get(""十进制"", item.get(""解析值"", item.get(""说明"", ""-""))))
                                    idesc = str(item.get(""说明"", """")) if isinstance(item.get(""说明"", """"), str) else """"
                                    # 提取非结构化键作为额外说明
",""
"Variable:protocol_parser.py:idesc","idesc","protocol_parser.py",252,252,"                                    iraw = str(item.get(""原始值"", item.get(""原始字节"", ""-"")))
                                    ival = str(item.get(""十进制"", item.get(""解析值"", item.get(""说明"", ""-""))))
                                    idesc = str(item.get(""说明"", """")) if isinstance(item.get(""说明"", """"), str) else """"
                                    # 提取非结构化键作为额外说明
                                    extra_parts = []
",""
"Variable:protocol_parser.py:extra_parts","extra_parts","protocol_parser.py",254,254,"                                    idesc = str(item.get(""说明"", """")) if isinstance(item.get(""说明"", """"), str) else """"
                                    # 提取非结构化键作为额外说明
                                    extra_parts = []
                                    for ik, iv in item.items():
                                        if ik not in _skip_keys and not isinstance(iv, dict):
",""
"Variable:protocol_parser.py:item_name","item_name","protocol_parser.py",261,261,"                                        idesc = (idesc + ""；"" + ""，"".join(extra_parts)).strip(""；"")
                                    # 使用条目名称作为字段名，如果没有则显示“项”
                                    item_name = item.get(""条目名称"", ""项"")
                                    self._add_field(table_data, f""    {item_name}"", iraw, ival, idesc, rng[0], rng[1], is_child=True)
                                    # 显示dict值的子字段（如地址）
",""
"Variable:protocol_parser.py:siraw","siraw","protocol_parser.py",268,268,"                                            continue
                                        if isinstance(iv, dict) and self._is_structured(iv):
                                            siraw = str(iv.get(""原始值"", iv.get(""原始字节"", ""-"")))
                                            sival = str(iv.get(""十进制"", iv.get(""解析值"", iv.get(""说明"", ""-""))))
                                            sidesc = str(iv.get(""说明"", """")) if isinstance(iv.get(""说明"", """"), str) else """"
",""
"Variable:protocol_parser.py:sival","sival","protocol_parser.py",269,269,"                                        if isinstance(iv, dict) and self._is_structured(iv):
                                            siraw = str(iv.get(""原始值"", iv.get(""原始字节"", ""-"")))
                                            sival = str(iv.get(""十进制"", iv.get(""解析值"", iv.get(""说明"", ""-""))))
                                            sidesc = str(iv.get(""说明"", """")) if isinstance(iv.get(""说明"", """"), str) else """"
                                            self._add_field(table_data, f""      {ik}"", siraw, sival, sidesc, rng[0], rng[1], is_child=True)
",""
"Variable:protocol_parser.py:sidesc","sidesc","protocol_parser.py",270,270,"                                            siraw = str(iv.get(""原始值"", iv.get(""原始字节"", ""-"")))
                                            sival = str(iv.get(""十进制"", iv.get(""解析值"", iv.get(""说明"", ""-""))))
                                            sidesc = str(iv.get(""说明"", """")) if isinstance(iv.get(""说明"", """"), str) else """"
                                            self._add_field(table_data, f""      {ik}"", siraw, sival, sidesc, rng[0], rng[1], is_child=True)
                                else:
",""
"Variable:protocol_parser.py:ssv","ssv","protocol_parser.py",289,289,"                                                    self._add_field(table_data, f""      {sik}"", ""-"", siv, """", rng[0], rng[1], is_child=True)
                                                elif isinstance(siv, dict):
                                                    ssv = siv.get(""说明"", siv.get(""值"", str(siv)))
                                                    self._add_field(table_data, f""      {sik}"", ""-"", str(ssv), """", rng[0], rng[1], is_child=True)
                                        else:
",""
"Variable:protocol_parser.py:str_val","str_val","protocol_parser.py",295,295,"                    else:
                        # 纯字符串/数值：尝试从hex字符串推算字节长度
                        str_val = str(value)
                        byte_size = 0
                        clean = str_val.replace("" "", """").replace(""0x"", """").replace(""0X"", """").replace(""-"", """")
",""
"Variable:protocol_parser.py:di_int","di_int","protocol_parser.py",316,316,"        di = user_data[""数据标识 (DI)""]
        if ""整数值"" in di:
            di_int = int(di[""整数值""], 16) if isinstance(di[""整数值""], str) else di[""整数值""]
            # 从 DI 组合映射中找到对应的键
            di3 = (di_int >> 24) & 0xFF
",""
"Variable:protocol_parser.py:di3","di3","protocol_parser.py",318,318,"            di_int = int(di[""整数值""], 16) if isinstance(di[""整数值""], str) else di[""整数值""]
            # 从 DI 组合映射中找到对应的键
            di3 = (di_int >> 24) & 0xFF
            di2 = (di_int >> 16) & 0xFF
            di1 = (di_int >> 8) & 0xFF
",""
"Variable:protocol_parser.py:di2","di2","protocol_parser.py",319,319,"            # 从 DI 组合映射中找到对应的键
            di3 = (di_int >> 24) & 0xFF
            di2 = (di_int >> 16) & 0xFF
            di1 = (di_int >> 8) & 0xFF
            di0 = di_int & 0xFF
",""
"Variable:protocol_parser.py:di1","di1","protocol_parser.py",320,320,"            di3 = (di_int >> 24) & 0xFF
            di2 = (di_int >> 16) & 0xFF
            di1 = (di_int >> 8) & 0xFF
            di0 = di_int & 0xFF
            return (di3, di2, di1, di0)
",""
"Variable:protocol_parser.py:di0","di0","protocol_parser.py",321,321,"            di2 = (di_int >> 16) & 0xFF
            di1 = (di_int >> 8) & 0xFF
            di0 = di_int & 0xFF
            return (di3, di2, di1, di0)
        return None
",""
"Variable:protocol_parser.py:field_name","field_name","protocol_parser.py",359,359,"                else:
                    # 父节点 - 但对于某些特定字段，需要提取汇总信息
                    field_name = f""{prefix}{key}""
                    
                    # 特殊处理：长度域、控制域、校验和、结束符等
",""
"Variable:protocol_parser.py:raw_value","raw_value","protocol_parser.py",384,384,"    def _get_summary_for_parent(self, data: dict) -> tuple:
        """"""为特定父节点提取汇总信息""""""
        raw_value = ""-""
        parsed_value = ""-""
        comment = """"
",""
"Variable:protocol_parser.py:parsed_value","parsed_value","protocol_parser.py",385,385,"        """"""为特定父节点提取汇总信息""""""
        raw_value = ""-""
        parsed_value = ""-""
        comment = """"
        
",""
"Variable:protocol_parser.py:comments","comments","protocol_parser.py",413,413,"        
        # 提取说明 - 组合多个子字段的说明
        comments = []
        if ""说明"" in data:
            comments.append(data[""说明""])
",""
"Variable:protocol_parser.py:structured_keys","structured_keys","protocol_parser.py",429,429,"    def _is_structured(self, value: dict) -> bool:
        """"""判断是否是结构化数据""""""
        structured_keys = [""原始值"", ""值"", ""原始字节"", ""十进制"", ""名称"", ""解析值"", ""整数值"", ""业务说明""]
        return any(k in value for k in structured_keys)
    
",""
"Variable:protocol_parser.py:DI_COMBINATION_MAP","DI_COMBINATION_MAP","protocol_parser.py",469,672,"
    # DI组合详细映射 (DI3:DI2:DI1:DI0 -> 业务说明)
    DI_COMBINATION_MAP = {
        # AFN=00H 确认/否认
        (0xE8, 0x01, 0x00, 0x01): ""确认"",
        (0xE8, 0x01, 0x00, 0x02): ""否认"",

        # AFN=01H 初始化模块
        (0xE8, 0x02, 0x01, 0x01): ""复位硬件"",
        (0xE8, 0x02, 0x01, 0x02): ""初始化档案"",
        (0xE8, 0x02, 0x01, 0x03): ""初始化任务"",

        # AFN=02H 管理任务
        (0xE8, 0x02, 0x02, 0x01): ""添加任务"",
        (0xE8, 0x02, 0x02, 0x02): ""删除任务"",
        (0xE8, 0x00, 0x02, 0x03): ""查询未完成任务数"",
        (0xE8, 0x03, 0x02, 0x04): ""查询未完成任务列表"",
        (0xE8, 0x04, 0x02, 0x04): ""返回查询未完成任务列表"",
        (0xE8, 0x03, 0x02, 0x05): ""查询未完成任务详细信息"",
        (0xE8, 0x04, 0x02, 0x05): ""返回查询未完成任务详细信息"",
        (0xE8, 0x00, 0x02, 0x06): ""查询剩余可分配任务数"",
        (0xE8, 0x02, 0x02, 0x07): ""添加多播任务"",
        (0xE8, 0x02, 0x02, 0x08): ""启动任务"",
        (0xE8, 0x02, 0x02, 0x09): ""暂停任务"",

        # AFN=03H 读参数
        (0xE8, 0x00, 0x03, 0x01): ""查询厂商代码和版本信息"",
        (0xE8, 0x00, 0x03, 0x02): ""查询本地通信模块运行模式信息"",
        (0xE8, 0x00, 0x03, 0x03): ""查询主节点地址"",
        (0xE8, 0x03, 0x03, 0x04): ""查询通信延时时长"",
        (0xE8, 0x04, 0x03, 0x04): ""返回查询通信延时时长"",
        (0xE8, 0x00, 0x03, 0x05): ""查询从节点数量"",
        (0xE8, 0x03, 0x03, 0x06): ""查询从节点信息"",
        (0xE8, 0x04, 0x03, 0x06): ""返回查询从节点信息"",
        (0xE8, 0x00, 0x03, 0x07): ""查询从节点主动注册进度"",
        (0xE8, 0x03, 0x03, 0x08): ""查询从节点的父节点"",
        (0xE8, 0x04, 0x03, 0x08): ""返回查询从节点的父节点"",
        (0xE8, 0x00, 0x03, 0x09): ""查询映射表从节点数量"",
        (0xE8, 0x03, 0x03, 0x0A): ""查询从节点通信地址映射表"",
        (0xE8, 0x04, 0x03, 0x0A): ""返回查询从节点通信地址映射表"",
        (0xE8, 0x00, 0x03, 0x0B): ""查询任务建议超时时间"",
        (0xE8, 0x03, 0x03, 0x0C): ""查询从节点相位信息"",
        (0xE8, 0x03, 0x03, 0x0D): ""批量查询从节点相位信息"",
        (0xE8, 0x03, 0x03, 0x0E): ""查询表档案的台区识别结果"",
        (0xE8, 0x03, 0x03, 0x0F): ""查询多余节点的台区识别结果"",

        # AFN=04H 写参数
        (0xE8, 0x02, 0x04, 0x01): ""设置主节点地址"",
        (0xE8, 0x02, 0x04, 0x02): ""添加从节点"",
        (0xE8, 0x02, 0x04, 0x03): ""删除从节点"",
        (0xE8, 0x02, 0x04, 0x04): ""允许/禁止从节点上报"",
        (0xE8, 0x02, 0x04, 0x05): ""激活从节点主动注册"",
        (0xE8, 0x02, 0x04, 0x06): ""终止从节点主动注册"",
        (0xE8, 0x02, 0x04, 0x07): ""添加从节点通信地址映射表"",

        # AFN=05H 上报信息
        (0xE8, 0x05, 0x05, 0x01): ""上报任务数据"",
        (0xE8, 0x05, 0x05, 0x02): ""上报从节点"",
        (0xE8, 0x05, 0x05, 0x03): ""上报从节点"",
        (0xE8, 0x05, 0x05, 0x04): ""上报从节点主动注册结束"",
        (0xE8, 0x05, 0x05, 0x05): ""上报任务状态"",
        (0xE8, 0x05, 0x05, 0x06): ""上报电能表数据"",

        # AFN=06H 请求信息
        (0xE8, 0x06, 0x06, 0x01): ""请求集中器时间"",

        # AFN=07H 传输文件
        (0xE8, 0x02, 0x07, 0x01): ""启动文件传输"",
        (0xE8, 0x02, 0x07, 0x02): ""传输文件内容"",
        (0xE8, 0x00, 0x07, 0x03): ""查询文件信息"",
        (0xE8, 0x00, 0x07, 0x04): ""查询文件处理进度"",
        (0xE8, 0x03, 0x07, 0x05): ""查询文件传输失败节点"",
        (0xE8, 0x04, 0x07, 0x05): ""返回查询文件传输失败节点"",

        # 厂商扩展 - 节点运行时长
        (0xE8, 0x03, 0x03, 0x66): ""查询节点运行时长"",
        (0xE8, 0x04, 0x03, 0x66): ""返回查询节点运行时长"",

        # 厂商扩展 - 多网络信息
        (0xE8, 0x00, 0x03, 0x91): ""查询多网络信息"",

        # 厂商扩展 - 白名单
        (0xE8, 0x00, 0x03, 0x93): ""查询白名单生效信息"",

        # 深化应用 - 模块资产信息（1-1.md）
        (0xE8, 0x03, 0x03, 0x13): ""查询模块资产信息"",
        (0xE8, 0x04, 0x03, 0x13): ""返回查询模块资产信息"",
        (0xE8, 0x03, 0x03, 0x14): ""批量查询模块资产信息"",
        (0xE8, 0x04, 0x03, 0x14): ""批量返回查询模块资产信息"",

        # 厂商扩展 - 宽带应用省份
        (0xE8, 0x00, 0xF0, 0x32): ""厂商详细版本信息"",
        (0xE8, 0x00, 0xF0, 0xDF): ""查询宽带应用省份"",

        # 深化应用 - 台区识别（1-1.md）
        (0xE8, 0x03, 0x03, 0x10): ""查询台区识别状态"",
        (0xE8, 0x04, 0x03, 0x10): ""返回查询台区识别状态"",
        (0xE8, 0x04, 0x03, 0x0C): ""返回查询从节点相位信息"",
        (0xE8, 0x04, 0x03, 0x0D): ""返回批量查询从节点相位信息"",

        # 深化应用 - 台区识别写参数（1-1.md）
        (0xE8, 0x02, 0x04, 0x80): ""启动台区识别"",
        (0xE8, 0x02, 0x04, 0x81): ""停止台区识别"",

        # 深化应用 - 上报非本台区从节点信息（1-1.md）
        (0xE8, 0x05, 0x05, 0x80): ""上报非本台区从节点信息"",

        # 深化应用 - 交采数据（1-1.md）
        (0xE8, 0x03, 0x06, 0x02): ""请求交采数据"",
        (0xE8, 0x04, 0x06, 0x02): ""返回请求交采数据"",

        # 深化应用 - 批量查询厂商代码和版本信息（1-1.md）
        (0xE8, 0x03, 0x03, 0x12): ""批量查询厂商代码和版本信息"",
        (0xE8, 0x04, 0x03, 0x12): ""批量返回查询厂商代码和版本信息"",

        # ==================== 无线维护接口（AFN=10H）====================
        (0xE8, 0x03, 0x10, 0x10): ""查询从节点邻居表"",
        (0xE8, 0x04, 0x10, 0x10): ""返回查询从节点邻居表"",
        (0xE8, 0x03, 0x10, 0x11): ""查询主节点状态"",
        (0xE8, 0x04, 0x10, 0x11): ""返回查询主节点状态"",
        (0xE8, 0x03, 0x10, 0x12): ""读取入网节点信息"",
        (0xE8, 0x04, 0x10, 0x12): ""返回入网节点信息"",
        (0xE8, 0x03, 0x10, 0x13): ""读取未入网节点信息"",
        (0xE8, 0x04, 0x10, 0x13): ""返回未入网节点信息"",
        (0xE8, 0x02, 0x10, 0x14): ""触发指定节点网络维护"",
        (0xE8, 0x03, 0x10, 0x15): ""请求切换通信速率和信道"",
        (0xE8, 0x04, 0x10, 0x15): ""响应切换通信速率和信道"",
        (0xE8, 0x02, 0x10, 0x16): ""恢复通信速率和信道"",

        # ==================== 采集器接口（EA前缀）====================
        # 确认/否认（AFN=00H）
        (0xEA, 0x01, 0x00, 0x01): ""确认（采集器）"",
    
... [truncated]",""
"Variable:protocol_parser.py:ERROR_STATUS","ERROR_STATUS","protocol_parser.py",675,695,"
    # 错误状态字定义
    ERROR_STATUS = {
        0x00: ""通信超时"",
        0x01: ""无效数据标识内容"",
        0x02: ""长度错误"",
        0x03: ""校验错误"",
        0x04: ""数据标识编码不存在"",
        0x05: ""格式错误"",
        0x06: ""表号重复"",
        0x07: ""表号不存在"",
        0x08: ""电表应用层无应答"",
        0x09: ""主节点忙"",
        0x0A: ""主节点不支持此命令"",
        0x0B: ""从节点不应答"",
        0x0C: ""从节点不在网内"",
        0x0D: ""添加任务时剩余可分配任务数不足"",
        0x0E: ""上报任务数据时任务不存在"",
        0x0F: ""任务ID重复"",
        0x10: ""查询任务时模块没有此任务"",
        0x11: ""任务ID不存在"",
        0xFF: ""其他错误""
    }

    # 模块资产信息元素 ID（表 70）
",""
"Variable:protocol_parser.py:ASSET_INFO_ELEMENT","ASSET_INFO_ELEMENT","protocol_parser.py",698,713,"
    # 模块资产信息元素 ID（表 70）
    ASSET_INFO_ELEMENT = {
        0x00: {""名称"": ""厂商代码"", ""字节数"": 2, ""格式"": ""ASCII""},
        0x01: {""名称"": ""软件版本号（模块）"", ""字节数"": 2, ""格式"": ""BCD""},
        0x02: {""名称"": ""Bootloader 版本号"", ""字节数"": 1, ""格式"": ""BIN""},
        0x05: {""名称"": ""芯片厂商代码"", ""字节数"": 2, ""格式"": ""ASCII""},
        0x06: {""名称"": ""软件发布日期（模块）"", ""字节数"": 3, ""格式"": ""YYMMDD""},
        0x08: {""名称"": ""模块出厂通信地址"", ""字节数"": 6, ""格式"": ""BIN""},
        0x09: {""名称"": ""硬件版本号（模块）"", ""字节数"": 2, ""格式"": ""BCD""},
        0x0A: {""名称"": ""硬件发布日期（模块）"", ""字节数"": 3, ""格式"": ""YYMMDD""},
        0x0B: {""名称"": ""软件版本号（芯片）"", ""字节数"": 2, ""格式"": ""BCD""},
        0x0C: {""名称"": ""软件发布日期（芯片）"", ""字节数"": 3, ""格式"": ""YYMMDD""},
        0x0D: {""名称"": ""硬件版本号（芯片）"", ""字节数"": 2, ""格式"": ""BCD""},
        0x0E: {""名称"": ""硬件发布日期（芯片）"", ""字节数"": 3, ""格式"": ""YYMMDD""},
        0x0F: {""名称"": ""应用程序版本号"", ""字节数"": 2, ""格式"": ""BCD""},
        0x10: {""名称"": ""通信模块资产编码"", ""字节数"": 24, ""格式"": ""ASCII""},
    }

    # 自定义DI配置文件路径
",""
"Variable:protocol_parser.py:CUSTOM_DI_FILE","CUSTOM_DI_FILE","protocol_parser.py",716,716,"
    # 自定义DI配置文件路径
    CUSTOM_DI_FILE = ""custom_di.json""

    def __init__(self):
",""
"Variable:protocol_parser.py:custom_file","custom_file","protocol_parser.py",725,725,"        import json
        from pathlib import Path
        custom_file = Path(self.CUSTOM_DI_FILE)
        if custom_file.exists():
            try:
",""
"Variable:protocol_parser.py:entries","entries","protocol_parser.py",729,729,"            try:
                with open(custom_file, 'r', encoding='utf-8') as f:
                    entries = json.load(f)
                for entry in entries:
                    key = (entry[""di3""], entry[""di2""], entry[""di1""], entry[""di0""])
",""
"Variable:protocol_parser.py:key","key","protocol_parser.py",731,731,"                    entries = json.load(f)
                for entry in entries:
                    key = (entry[""di3""], entry[""di2""], entry[""di1""], entry[""di0""])
                    if key not in self.DI_COMBINATION_MAP:
                        self.DI_COMBINATION_MAP[key] = entry[""desc""]
",""
"Variable:protocol_parser.py:pos","pos","protocol_parser.py",781,781,"
            # 解析帧头
            pos = 0
            start_char = frame_bytes[pos]
            result[""帧头""] = {
",""
"Variable:protocol_parser.py:start_char","start_char","protocol_parser.py",782,782,"            # 解析帧头
            pos = 0
            start_char = frame_bytes[pos]
            result[""帧头""] = {
                ""起始字符"": f""0x{start_char:02X}"",
",""
"Variable:protocol_parser.py:length","length","protocol_parser.py",794,794,"
            # 解析长度
            length = int.from_bytes(frame_bytes[pos:pos+2], 'little')
            result[""长度域""] = {
                ""长度值"": length,
",""
"Variable:protocol_parser.py:control_byte","control_byte","protocol_parser.py",804,804,"
            # 解析控制域
            control_byte = frame_bytes[pos]
            control = self._parse_control_field(control_byte)
            result[""控制域""] = control
",""
"Variable:protocol_parser.py:control","control","protocol_parser.py",805,805,"            # 解析控制域
            control_byte = frame_bytes[pos]
            control = self._parse_control_field(control_byte)
            result[""控制域""] = control
            pos += 1
",""
"Variable:protocol_parser.py:user_data","user_data","protocol_parser.py",816,816,"
            # 解析用户数据区
            user_data = frame_bytes[pos:pos+user_data_len]
            result[""用户数据区""] = self._parse_user_data(user_data, control)
            pos += user_data_len
",""
"Variable:protocol_parser.py:cs","cs","protocol_parser.py",821,821,"
            # 解析校验和
            cs = frame_bytes[pos]
            calculated_cs = self._calculate_checksum(frame_bytes[3:pos])
            result[""校验和""] = {
",""
"Variable:protocol_parser.py:calculated_cs","calculated_cs","protocol_parser.py",822,822,"            # 解析校验和
            cs = frame_bytes[pos]
            calculated_cs = self._calculate_checksum(frame_bytes[3:pos])
            result[""校验和""] = {
                ""校验值"": f""0x{cs:02X}"",
",""
"Variable:protocol_parser.py:end_char","end_char","protocol_parser.py",831,831,"
            # 解析结束符
            end_char = frame_bytes[pos]
            result[""结束符""] = {
                ""结束字符"": f""0x{end_char:02X}"",
",""
"Variable:protocol_parser.py:dir_flag","dir_flag","protocol_parser.py",847,847,"        位布局: D7=DIR, D6=PRM, D5=ADD, D4~D3=VER, D2~D0=保留
        """"""
        dir_flag = (control_byte >> 7) & 0x01
        prm = (control_byte >> 6) & 0x01
        add = (control_byte >> 5) & 0x01
",""
"Variable:protocol_parser.py:prm","prm","protocol_parser.py",848,848,"        """"""
        dir_flag = (control_byte >> 7) & 0x01
        prm = (control_byte >> 6) & 0x01
        add = (control_byte >> 5) & 0x01
        ver = (control_byte >> 3) & 0x03  # D4~D3, 2 bits
",""
"Variable:protocol_parser.py:add","add","protocol_parser.py",849,849,"        dir_flag = (control_byte >> 7) & 0x01
        prm = (control_byte >> 6) & 0x01
        add = (control_byte >> 5) & 0x01
        ver = (control_byte >> 3) & 0x03  # D4~D3, 2 bits
        reserved = control_byte & 0x07    # D2~D0, 3 bits
",""
"Variable:protocol_parser.py:ver","ver","protocol_parser.py",850,850,"        prm = (control_byte >> 6) & 0x01
        add = (control_byte >> 5) & 0x01
        ver = (control_byte >> 3) & 0x03  # D4~D3, 2 bits
        reserved = control_byte & 0x07    # D2~D0, 3 bits

",""
"Variable:protocol_parser.py:reserved","reserved","protocol_parser.py",851,851,"        add = (control_byte >> 5) & 0x01
        ver = (control_byte >> 3) & 0x03  # D4~D3, 2 bits
        reserved = control_byte & 0x07    # D2~D0, 3 bits

        # 二进制字符串
",""
"Variable:protocol_parser.py:full_bits","full_bits","protocol_parser.py",854,854,"
        # 二进制字符串
        full_bits = f""{control_byte:08b}""

        return {
",""
"Variable:protocol_parser.py:src_addr","src_addr","protocol_parser.py",901,901,"        add = control[""D5 地址域标识(ADD)""][""值""]
        if add == 1 and len(user_data) >= 12:
            src_addr = user_data[pos:pos+6][::-1]
            dst_addr = user_data[pos+6:pos+12][::-1]
            result[""地址域""] = {
",""
"Variable:protocol_parser.py:dst_addr","dst_addr","protocol_parser.py",902,902,"        if add == 1 and len(user_data) >= 12:
            src_addr = user_data[pos:pos+6][::-1]
            dst_addr = user_data[pos+6:pos+12][::-1]
            result[""地址域""] = {
                ""源地址"": src_addr.hex().upper(),
",""
"Variable:protocol_parser.py:afn_name","afn_name","protocol_parser.py",912,912,"        if len(user_data) > pos:
            afn = user_data[pos]
            afn_name = self.AFN_MAP.get(afn, f""未知AFN({afn:02X})"")
            result[""应用功能码(AFN)""] = {
                ""原始值"": f""0x{afn:02X}"",
",""
"Variable:protocol_parser.py:di_combination","di_combination","protocol_parser.py",930,930,"
        # 解析DI
        di_combination = None
        if len(user_data) >= pos + 4:
            di_bytes = user_data[pos:pos+4]
",""
"Variable:protocol_parser.py:di_bytes","di_bytes","protocol_parser.py",932,932,"        di_combination = None
        if len(user_data) >= pos + 4:
            di_bytes = user_data[pos:pos+4]
            di_value = int.from_bytes(di_bytes, 'little')
            # DI字段按小端序存储：di_bytes[0]是最低字节(DI0)，di_bytes[3]是最高字节(DI3)
",""
"Variable:protocol_parser.py:di_value","di_value","protocol_parser.py",933,933,"        if len(user_data) >= pos + 4:
            di_bytes = user_data[pos:pos+4]
            di_value = int.from_bytes(di_bytes, 'little')
            # DI字段按小端序存储：di_bytes[0]是最低字节(DI0)，di_bytes[3]是最高字节(DI3)
            di3, di2, di1, di0 = di_bytes[3], di_bytes[2], di_bytes[1], di_bytes[0]
",""
"Variable:protocol_parser.py:di_description","di_description","protocol_parser.py",939,939,"            # 查找DI组合说明
            di_combination = (di3, di2, di1, di0)
            di_description = self.DI_COMBINATION_MAP.get(di_combination, None)

            result[""数据标识(DI)""] = {
",""
"Variable:protocol_parser.py:data_content","data_content","protocol_parser.py",960,960,"        # 剩余数据作为数据标识内容
        if len(user_data) > pos and di_combination is not None:
            data_content = user_data[pos:]
            # 根据DI组合解析数据内容
            parsed_content = self._parse_di_data_content(di_combination, data_content)
",""
"Variable:protocol_parser.py:parsed_content","parsed_content","protocol_parser.py",962,962,"            data_content = user_data[pos:]
            # 根据DI组合解析数据内容
            parsed_content = self._parse_di_data_content(di_combination, data_content)
            result[""数据标识内容""] = parsed_content

",""
"Variable:protocol_parser.py:parser","parser","protocol_parser.py",971,971,"    def _parse_di_data_content(self, di_combination: Tuple[int, int, int, int], data_content: bytes) -> Dict[str, Any]:
        """"""根据DI组合解析数据内容""""""
        parser = self._get_data_content_parser(di_combination)
        if parser:
            try:
",""
"Variable:protocol_parser.py:parsers","parsers","protocol_parser.py",989,1139,"    def _get_data_content_parser(self, di_combination: Tuple[int, int, int, int]):
        """"""获取DI组合对应的数据内容解析方法""""""
        parsers = {
            # AFN=00H 确认/否认
            (0xE8, 0x01, 0x00, 0x01): self._parse_confirm_data,          # 确认
            (0xE8, 0x01, 0x00, 0x02): self._parse_deny_data,             # 否认

            # AFN=01H 初始化模块
            (0xE8, 0x02, 0x01, 0x01): self._parse_reset_hardware_data,   # 复位硬件
            (0xE8, 0x02, 0x01, 0x02): self._parse_init_archive_data,     # 初始化档案
            (0xE8, 0x02, 0x01, 0x03): self._parse_init_task_data,        # 初始化任务

            # AFN=02H 管理任务
            (0xE8, 0x02, 0x02, 0x01): self._parse_add_task_data,         # 添加任务
            (0xE8, 0x02, 0x02, 0x02): self._parse_delete_task_data,      # 删除任务
            (0xE8, 0x00, 0x02, 0x03): self._parse_query_incomplete_task_count_data,  # 查询未完成任务数
            (0xE8, 0x03, 0x02, 0x04): self._parse_query_incomplete_task_list_data,   # 查询未完成任务列表
            (0xE8, 0x04, 0x02, 0x04): self._parse_return_incomplete_task_list_data,  # 返回查询未完成任务列表
            (0xE8, 0x03, 0x02, 0x05): self._parse_query_task_detail_data,           # 查询未完成任务详细信息
            (0xE8, 0x04, 0x02, 0x05): self._parse_return_task_detail_data,          # 返回查询未完成任务详细信息
            (0xE8, 0x00, 0x02, 0x06): self._parse_query_remain_task_count_data,     # 查询剩余可分配任务数
            (0xE8, 0x02, 0x02, 0x07): self._parse_add_multicast_task_data,          # 添加多播任务
            (0xE8, 0x02, 0x02, 0x08): self._parse_start_task_data,       # 启动任务
            (0xE8, 0x02, 0x02, 0x09): self._parse_pause_task_data,       # 暂停任务

            # AFN=03H 读参数
            (0xE8, 0x00, 0x03, 0x01): self._parse_query_vendor_info_data,           # 查询厂商代码和版本信息
            (0xE8, 0x00, 0x03, 0x02): self._parse_query_run_mode_data,              # 查询本地通信模块运行模式信息
            (0xE8, 0x00, 0x03, 0x03): self._parse_query_master_node_addr_data,      # 查询主节点地址
            (0xE8, 0x03, 0x03, 0x04): self._parse_query_comm_delay_data,            # 查询通信延时时长
            (0xE8, 0x04, 0x03, 0x04): self._parse_return_comm_delay_data,           # 返回查询通信延时时长
            (0xE8, 0x00, 0x03, 0x05): self._parse_query_slave_node_count_data,      # 查询从节点数量
            (0xE8, 0x03, 0x03, 0x06): self._parse_query_slave_node_info_data,       # 查询从节点信息
            (0xE8, 0x04, 0x03, 0x06): self._parse_return_slave_node_info_data,      # 返回查询从节点信息
            (0xE8, 0x00, 0x03, 0x07): self._parse_query_reg_progress_data,          # 查询从节点主动注册进度
            (0xE8, 0x03, 0x03, 0x08): self._parse_query_slave_parent_data,          # 查询从节点的父节点
            (0xE8, 0x04, 0x03, 0x08): self._parse_return_slave_parent_data,         # 返回查询从节点的父节点
            (0xE8, 0x00, 0x03, 0x09): self._parse_query_mapping_node_count_data,    # 查询映射表从节点数量
            (0xE8, 0x03, 0x03, 0x0A): self._parse_query_mapping_table_data,         # 查询从节点通信地址映射表
            (0xE8, 0x04, 0x03, 0x0A): self._parse_return_mapping_table_data,        # 返回查询从节点通信地址映射表
            (0xE8, 0x00, 0x03, 0x0B): self._parse_query_task_timeout_data,          # 查询任务建议超时时间
            (0xE8, 0x03, 0x03, 0x0C): self._parse_query_slave_phase_data,           # 查询从节点相位信息
            (0xE8, 0x03, 0x03, 0x0D): self._parse_batch_query_phase_data,           # 批量查询从节点相位信息
            (0xE8, 0x03, 0x03, 0x0E): self._parse_query_region_identify_data,       # 查询表档案的台区识别结果
            (0xE8, 0x03, 0x03, 0x0F): self._parse_query_extra_node_region_data,     # 查询多余节点的台区识别结果

            # AFN=04H 写参数
            (0xE8, 0x02, 0x04, 0x01): self._parse_set_master_node_addr_data,       # 设置主节点地址
            (0xE8, 0x02, 0x04, 0x02): self._parse_add_slave_node_data,              # 添加从节点
            (0xE8, 0x02, 0x04, 0x03): self._parse_delete_slave_node_data,           # 删除从节点
            (0xE8, 0x02, 0x04, 0x04): self._parse_set_event_report_data,            # 允许/禁止从节点上报
            (0xE8, 0x02, 0x04, 0x05): self._parse_activate_slave_reg_data,          # 激活从节点主动注册
            (0xE8, 0x02, 0x04, 0x06): self._parse_terminate_slave_reg_data,         # 终止从节点主动注册
            (0xE8, 0x02, 0x04, 0x07): self._parse_add_mapping_table_data,           # 添加从节点通信地址映射表

            # AFN=05H 上报信息
            (0xE8, 0x05, 0x05, 0x01): self._parse_report_task_data,                 # 上报任务数据
            (0xE8, 0x05, 0x05, 0x02): self._parse_report_event_data,                # 上报从节点事件
            (0xE8, 0x05, 0x05, 0x03): self._parse_report_slave_node_info_data,      # 上报从节点信息
            (0xE8, 0x05, 0x05, 0x04): self._parse_report_reg_end_data,              # 上报从节点主动注册结束
            (0xE8, 0x05, 0x05, 0x05): self._parse_report_task_status_data,          # 上报任务状态
            (0xE8, 0x05, 0x05, 0x06): self._parse_report_meter_data,                 # 上报电能表数据

            # AFN=06H 请求信息
            (0xE8, 0x06, 0x06, 0x01): self._parse_request_time_data,                # 请求集中器时间

            # AFN=07H 传输文件
   
... [truncated]",""
"Variable:protocol_parser.py:wait_time","wait_time","protocol_parser.py",1148,1148,"        if len(data) < 2:
            return {""原始数据"": data.hex().upper(), ""说明"": ""数据长度不足""}
        wait_time = int.from_bytes(data[0:2], 'little')
        return {
            ""等待时间"": {
",""
"Variable:protocol_parser.py:error_code","error_code","protocol_parser.py",1161,1161,"        if len(data) < 1:
            return {""原始数据"": data.hex().upper(), ""说明"": ""数据长度不足""}
        error_code = data[0]
        return {
            ""错误状态字"": {
",""
"Variable:protocol_parser.py:task_id","task_id","protocol_parser.py",1196,1196,"            return {""原始数据"": data.hex().upper(), ""说明"": ""数据长度不足""}

        task_id = int.from_bytes(data[0:2], 'little')
        mode = data[2]
        timeout = int.from_bytes(data[3:5], 'little')
",""
"Variable:protocol_parser.py:mode","mode","protocol_parser.py",1197,1197,"
        task_id = int.from_bytes(data[0:2], 'little')
        mode = data[2]
        timeout = int.from_bytes(data[3:5], 'little')

",""
"Variable:protocol_parser.py:timeout","timeout","protocol_parser.py",1198,1198,"        task_id = int.from_bytes(data[0:2], 'little')
        mode = data[2]
        timeout = int.from_bytes(data[3:5], 'little')

        resp_flag = (mode >> 7) & 0x01
",""
"Variable:protocol_parser.py:resp_flag","resp_flag","protocol_parser.py",1200,1200,"        timeout = int.from_bytes(data[3:5], 'little')

        resp_flag = (mode >> 7) & 0x01
        fwd_flag = (mode >> 6) & 0x01
        priority = mode & 0x07
",""
"Variable:protocol_parser.py:fwd_flag","fwd_flag","protocol_parser.py",1201,1201,"
        resp_flag = (mode >> 7) & 0x01
        fwd_flag = (mode >> 6) & 0x01
        priority = mode & 0x07

",""
"Variable:protocol_parser.py:priority","priority","protocol_parser.py",1202,1202,"        resp_flag = (mode >> 7) & 0x01
        fwd_flag = (mode >> 6) & 0x01
        priority = mode & 0x07

        # 自动检测报文长度字段：南网1字节 vs PLUZ 2字节
",""
"Variable:protocol_parser.py:use_2byte_len","use_2byte_len","protocol_parser.py",1206,1206,"        # 自动检测报文长度字段：南网1字节 vs PLUZ 2字节
        # 优先尝试PLUZ 2字节格式（如果数据足够且长度吻合）
        use_2byte_len = False
        if len(data) >= 7:
            msg_len_2b = int.from_bytes(data[5:7], 'little')
",""
"Variable:protocol_parser.py:msg_len_2b","msg_len_2b","protocol_parser.py",1208,1208,"        use_2byte_len = False
        if len(data) >= 7:
            msg_len_2b = int.from_bytes(data[5:7], 'little')
            if msg_len_2b + 7 == len(data):
                # PLUZ 2字节长度格式吻合
",""
"Variable:protocol_parser.py:msg_len","msg_len","protocol_parser.py",1217,1217,"
        if use_2byte_len:
            msg_len = int.from_bytes(data[5:7], 'little')
            content_start = 7
        else:
",""
"Variable:protocol_parser.py:content_start","content_start","protocol_parser.py",1218,1218,"        if use_2byte_len:
            msg_len = int.from_bytes(data[5:7], 'little')
            content_start = 7
        else:
            msg_len = data[5]
",""
"Variable:protocol_parser.py:mode_desc","mode_desc","protocol_parser.py",1223,1227,"            content_start = 6

        mode_desc = {
            ""原始值"": f""0x{mode:02X}"",
            ""任务响应标识"": ""需要数据返回"" if resp_flag == 1 else ""不需要数据返回"",
            ""任务优先级"": f""{priority}（{'最高' if priority == 0 else '最低' if priority == 3 else str(priority)}）""
        }
        if fwd_flag:
            mode_desc[""转发标识""] = ""需要转发给通信模块""
",""
"Variable:protocol_parser.py:content_data","content_data","protocol_parser.py",1238,1238,"        }

        content_data = data[content_start:]
        if len(data) >= content_start + msg_len:
            content_data = data[content_start:content_start + msg_len]
",""
"Variable:protocol_parser.py:biz_code","biz_code","protocol_parser.py",1245,1245,"
        if fwd_flag and len(content_data) > 0:
            biz_code = content_data[0]
            biz_code_map = {0x00: ""透传报文"", 0x01: ""精准对时"", 0x02: ""DLMS报文""}
            result[""业务代码""] = {
",""
"Variable:protocol_parser.py:biz_code_map","biz_code_map","protocol_parser.py",1246,1246,"        if fwd_flag and len(content_data) > 0:
            biz_code = content_data[0]
            biz_code_map = {0x00: ""透传报文"", 0x01: ""精准对时"", 0x02: ""DLMS报文""}
            result[""业务代码""] = {
                ""原始值"": f""0x{biz_code:02X}"",
",""
"Variable:protocol_parser.py:count","count","protocol_parser.py",1277,1277,"        if len(data) < 2:
            return {""说明"": ""查询命令，无数据内容""}
        count = int.from_bytes(data[0:2], 'little')
        return {
            ""未完成任务数"": {""原始值"": data[0:2].hex().upper(), ""十进制"": count}
",""
"Variable:protocol_parser.py:total_count","total_count","protocol_parser.py",1295,1295,"        if len(data) < 4:
            return {""原始数据"": data.hex().upper(), ""说明"": ""数据长度不足""}
        total_count = int.from_bytes(data[0:2], 'little')
        return_count = data[2]
        result = {
",""
"Variable:protocol_parser.py:return_count","return_count","protocol_parser.py",1296,1296,"            return {""原始数据"": data.hex().upper(), ""说明"": ""数据长度不足""}
        total_count = int.from_bytes(data[0:2], 'little')
        return_count = data[2]
        result = {
            ""总任务数"": {""原始值"": data[0:2].hex().upper(), ""十进制"": total_count},
",""
"Variable:protocol_parser.py:addr_count","addr_count","protocol_parser.py",1334,1334,"        task_id = int.from_bytes(data[0:2], 'little')
        mode = data[2]
        addr_count = int.from_bytes(data[3:5], 'little')

        resp_flag = (mode >> 7) & 0x01
",""
"Variable:protocol_parser.py:addrs","addrs","protocol_parser.py",1350,1350,"
        pos = 5
        addrs = []
        for i in range(addr_count):
            if pos + 6 > len(data):
",""
"Variable:protocol_parser.py:end","end","protocol_parser.py",1363,1363,"            pos += 1
            if pos < len(data):
                end = min(pos + msg_len, len(data))
                result[""报文内容""] = data[pos:end].hex().upper()

",""
"Variable:protocol_parser.py:node_count","node_count","protocol_parser.py",1391,1391,"        task_id = int.from_bytes(data[0:2], 'little')
        mode = data[2]
        node_count = int.from_bytes(data[3:5], 'little')

        resp_flag = (mode >> 7) & 0x01
",""
"Variable:protocol_parser.py:nodes","nodes","protocol_parser.py",1412,1412,"        pos = 5
        if node_count != 0xFFFF:
            nodes = []
            for i in range(node_count):
                if pos + 6 > len(data):
",""
"Variable:protocol_parser.py:task_types","task_types","protocol_parser.py",1457,1463,"    def _get_task_type_desc(self, task_type: int) -> str:
        """"""获取任务类型说明""""""
        task_types = {
            0x01: ""抄读电表数据"",
            0x02: ""抄读集中器数据"",
            0x03: ""控制命令"",
            0x04: ""参数设置"",
            0x05: ""其他任务""
        }
        return task_types.get(task_type, f""未知类型({task_type:02X})"")

",""
"Variable:protocol_parser.py:cycles","cycles","protocol_parser.py",1468,1475,"    def _get_task_cycle_desc(self, cycle: int) -> str:
        """"""获取任务周期说明""""""
        cycles = {
            0x00: ""单次执行"",
            0x01: ""每分钟执行"",
            0x02: ""每小时执行"",
            0x03: ""每天执行"",
            0x04: ""每周执行"",
            0x05: ""每月执行""
        }
        return cycles.get(cycle, f""未知周期({cycle:02X})"")

",""
"Variable:protocol_parser.py:vdate","vdate","protocol_parser.py",1492,1492,"            result[""芯片代码""] = data[2:4][::-1].decode('ascii')
            # 版本时间 3B BCD, 小端序: [YY, MM, DD] 传输为低字节在前
            vdate = data[4:7][::-1]
            result[""版本时间""] = f""{self._bcd_to_str(vdate[0])}-{self._bcd_to_str(vdate[1])}-{self._bcd_to_str(vdate[2])}""
            # 版本号 2B BCD, 小端序
",""
"Variable:protocol_parser.py:mode_byte","mode_byte","protocol_parser.py",1525,1525,"        
        # 本地通信模式字
        mode_byte = data[pos]
        comm_way = (mode_byte >> 1) & 0x07
        ways = {1: ""窄带电力线载波"", 2: ""宽带电力线载波"", 3: ""微功率无线"", 
",""
"Variable:protocol_parser.py:comm_way","comm_way","protocol_parser.py",1526,1526,"        # 本地通信模式字
        mode_byte = data[pos]
        comm_way = (mode_byte >> 1) & 0x07
        ways = {1: ""窄带电力线载波"", 2: ""宽带电力线载波"", 3: ""微功率无线"", 
                4: ""窄带+微功率无线"", 5: ""宽带+微功率无线""}
",""
"Variable:protocol_parser.py:ways","ways","protocol_parser.py",1527,1528,"        mode_byte = data[pos]
        comm_way = (mode_byte >> 1) & 0x07
        ways = {1: ""窄带电力线载波"", 2: ""宽带电力线载波"", 3: ""微功率无线"", 
                4: ""窄带+微功率无线"", 5: ""宽带+微功率无线""}
        result = {
            ""本地通信模式字"": {
",""
"Variable:protocol_parser.py:max_len","max_len","protocol_parser.py",1538,1538,"        
        # 最大支持的协议报文长度
        max_len = int.from_bytes(data[pos:pos+2], 'little')
        result[""最大支持的协议报文长度""] = {
            ""原始值"": data[pos:pos+2].hex().upper(),
",""
"Variable:protocol_parser.py:file_max_len","file_max_len","protocol_parser.py",1547,1547,"        
        # 文件传输支持的最大单包长度
        file_max_len = int.from_bytes(data[pos:pos+2], 'little')
        result[""文件传输支持的最大单包长度""] = {
            ""原始值"": data[pos:pos+2].hex().upper(),
",""
"Variable:protocol_parser.py:master_addr","master_addr","protocol_parser.py",1565,1565,"        
        # 主节点地址
        master_addr = data[pos:pos+6]
        result[""主节点地址""] = {
            ""原始值"": master_addr.hex().upper()
",""
"Variable:protocol_parser.py:max_nodes","max_nodes","protocol_parser.py",1572,1572,"        
        # 支持的最大从节点数量
        max_nodes = int.from_bytes(data[pos:pos+2], 'little')
        result[""支持的最大从节点数量""] = {
            ""原始值"": data[pos:pos+2].hex().upper(),
",""
"Variable:protocol_parser.py:curr_nodes","curr_nodes","protocol_parser.py",1580,1580,"        
        # 当前从节点数量
        curr_nodes = int.from_bytes(data[pos:pos+2], 'little')
        result[""当前从节点数量""] = {
            ""原始值"": data[pos:pos+2].hex().upper(),
",""
"Variable:protocol_parser.py:max_read_nodes","max_read_nodes","protocol_parser.py",1588,1588,"        
        # 支持单次读写从节点信息的最大数量
        max_read_nodes = int.from_bytes(data[pos:pos+2], 'little')
        result[""支持单次读写从节点信息的最大数量""] = {
            ""原始值"": data[pos:pos+2].hex().upper(),
",""
"Variable:protocol_parser.py:date_bytes","date_bytes","protocol_parser.py",1596,1596,"        
        # 通信模块接口协议发布日期 (3B BCD, YYMMDD)
        date_bytes = data[pos:pos+3]
        result[""通信模块接口协议发布日期""] = {
            ""原始值"": data[pos:pos+3].hex().upper(),
",""
"Variable:protocol_parser.py:vendor_info","vendor_info","protocol_parser.py",1604,1604,"        
        # 厂商代码和版本信息 (9字节)
        vendor_info = data[pos:pos+9]
        vendor_result = {""原始值"": vendor_info.hex().upper()}
        if len(vendor_info) >= 9:
",""
"Variable:protocol_parser.py:vendor_result","vendor_result","protocol_parser.py",1605,1605,"        # 厂商代码和版本信息 (9字节)
        vendor_info = data[pos:pos+9]
        vendor_result = {""原始值"": vendor_info.hex().upper()}
        if len(vendor_info) >= 9:
            try:
",""
"Variable:protocol_parser.py:vendor_code","vendor_code","protocol_parser.py",1609,1609,"            try:
                # ASCII字段按小端序解析：低字节在前，解析时反转；BCD日期字段按自然序YYMMDD解析
                vendor_code = vendor_info[0:2][::-1].decode('ascii')
                chip_code = vendor_info[2:4][::-1].decode('ascii')
                vendor_result[""厂商代码""] = vendor_code
",""
"Variable:protocol_parser.py:chip_code","chip_code","protocol_parser.py",1610,1610,"                # ASCII字段按小端序解析：低字节在前，解析时反转；BCD日期字段按自然序YYMMDD解析
                vendor_code = vendor_info[0:2][::-1].decode('ascii')
                chip_code = vendor_info[2:4][::-1].decode('ascii')
                vendor_result[""厂商代码""] = vendor_code
                vendor_result[""芯片代码""] = chip_code
",""
"Variable:protocol_parser.py:flag","flag","protocol_parser.py",1714,1714,"        if len(data) < 1:
            return {""说明"": ""查询命令，无数据内容""}
        flag = data[0]
        desc = ""正在主动注册"" if flag == 1 else ""停止主动注册""
        return {
",""
"Variable:protocol_parser.py:types","types","protocol_parser.py",1852,1858,"    def _get_slave_node_type_desc(self, node_type: int) -> str:
        """"""获取从节点类型说明""""""
        types = {
            0x01: ""电能表"",
            0x02: ""采集器"",
            0x03: ""集中器"",
            0x04: ""中继器"",
            0xFF: ""未知类型""
        }
        return types.get(node_type, f""未知类型({node_type:02X})"")

",""
"Variable:protocol_parser.py:statuses","statuses","protocol_parser.py",1863,1868,"    def _get_slave_node_status_desc(self, status: int) -> str:
        """"""获取从节点状态说明""""""
        statuses = {
            0x00: ""离线"",
            0x01: ""在线"",
            0x02: ""通信异常"",
            0x03: ""未注册""
        }
        return statuses.get(status, f""未知状态({status:02X})"")

",""
"Variable:protocol_parser.py:records","records","protocol_parser.py",1948,1948,"        }
        pos = 1
        records = []
        for i in range(node_count):
            if pos + 18 > len(data):
",""
"Variable:protocol_parser.py:event_type","event_type","protocol_parser.py",2033,2033,"            return result

        event_type = content[0]
        type_val = content[1]

",""
"Variable:protocol_parser.py:type_val","type_val","protocol_parser.py",2034,2034,"
        event_type = content[0]
        type_val = content[1]

        result[""事件类型""] = {
",""
"Variable:protocol_parser.py:node_list","node_list","protocol_parser.py",2047,2047,"        # 解析 A0~A5 (电表地址)，支持多个从节点
        pos = 2
        node_list = []
        while pos + 6 <= len(content):
            addr = content[pos:pos + 6]
",""
"Variable:protocol_parser.py:events","events","protocol_parser.py",2063,2067,"    def _get_event_type_desc(self, event_type: int) -> str:
        """"""获取事件类型说明""""""
        events = {
            0x81: ""停电事件"",
            0x82: ""上电事件"",
            0xA1: ""拒绝从节点信息上报事件"",
        }
        return events.get(event_type, f""未知事件 ({event_type:02X})"")

",""
"Variable:protocol_parser.py:node_addr","node_addr","protocol_parser.py",2115,2115,"            
        task_id = int.from_bytes(data[0:2], 'little')  # 任务 ID: 2 字节 (小端序)
        node_addr = data[2:8]  # 6 字节，从第 3 个字节开始
        task_status = data[8]
            
",""
"Variable:protocol_parser.py:task_status","task_status","protocol_parser.py",2116,2116,"        task_id = int.from_bytes(data[0:2], 'little')  # 任务 ID: 2 字节 (小端序)
        node_addr = data[2:8]  # 6 字节，从第 3 个字节开始
        task_status = data[8]
            
        # 任务状态说明
",""
"Variable:protocol_parser.py:status_desc","status_desc","protocol_parser.py",2119,2125,"            
        # 任务状态说明
        status_desc = {
            0x00: ""成功"",
            0x01: ""从节点无响应"",
            0x02: ""数据不合法"",
            0X82: ""从节点未入网"",
            0xFF: ""其他错误""
        }
            
        result = {
",""
"Variable:protocol_parser.py:sec","sec","protocol_parser.py",2184,2184,"            return {""说明"": ""请求时间命令，无数据内容""}

        sec = self._bcd_to_str(data[0])
        minute = self._bcd_to_str(data[1])
        hour = self._bcd_to_str(data[2])
",""
"Variable:protocol_parser.py:minute","minute","protocol_parser.py",2185,2185,"
        sec = self._bcd_to_str(data[0])
        minute = self._bcd_to_str(data[1])
        hour = self._bcd_to_str(data[2])
        day = self._bcd_to_str(data[3])
",""
"Variable:protocol_parser.py:hour","hour","protocol_parser.py",2186,2186,"        sec = self._bcd_to_str(data[0])
        minute = self._bcd_to_str(data[1])
        hour = self._bcd_to_str(data[2])
        day = self._bcd_to_str(data[3])
        month = self._bcd_to_str(data[4])
",""
"Variable:protocol_parser.py:day","day","protocol_parser.py",2187,2187,"        minute = self._bcd_to_str(data[1])
        hour = self._bcd_to_str(data[2])
        day = self._bcd_to_str(data[3])
        month = self._bcd_to_str(data[4])
        year = self._bcd_to_str(data[5])
",""
"Variable:protocol_parser.py:month","month","protocol_parser.py",2188,2188,"        hour = self._bcd_to_str(data[2])
        day = self._bcd_to_str(data[3])
        month = self._bcd_to_str(data[4])
        year = self._bcd_to_str(data[5])
        return {
",""
"Variable:protocol_parser.py:year","year","protocol_parser.py",2189,2189,"        day = self._bcd_to_str(data[3])
        month = self._bcd_to_str(data[4])
        year = self._bcd_to_str(data[5])
        return {
            ""当前时间-秒"": {""原始值"": f""0x{data[0]:02X}"", ""BCD"": sec},
",""
"Variable:protocol_parser.py:segment_no","segment_no","protocol_parser.py",2220,2220,"        if len(data) < 6:
            return {""原始数据"": data.hex().upper(), ""说明"": ""数据长度不足""}
        segment_no = int.from_bytes(data[0:2], 'little')
        segment_len = int.from_bytes(data[2:4], 'little')
        result = {
",""
"Variable:protocol_parser.py:segment_len","segment_len","protocol_parser.py",2221,2221,"            return {""原始数据"": data.hex().upper(), ""说明"": ""数据长度不足""}
        segment_no = int.from_bytes(data[0:2], 'little')
        segment_len = int.from_bytes(data[2:4], 'little')
        result = {
            ""段序号"": {""原始值"": data[0:2].hex().upper(), ""十进制"": segment_no},
",""
"Variable:protocol_parser.py:descs","descs","protocol_parser.py",2251,2251,"    def _get_file_nature_desc(nature: int) -> str:
        """"""获取文件性质说明""""""
        descs = {0: ""清除下装文件"", 1: ""本地通信模块文件"", 2: ""从节点模块文件"", 3: ""采集器文件""}
        return descs.get(nature, f""未知({nature})"")

",""
"Variable:protocol_parser.py:progress","progress","protocol_parser.py",2260,2260,"        if len(data) < 1:
            return {""说明"": ""查询命令，无数据内容""}
        progress = data[0]
        progress_map = {0: ""全部成功，可接收新文件"", 1: ""正在处理"", 2: ""未全部成功，存在失败节点""}
        result = {
",""
"Variable:protocol_parser.py:progress_map","progress_map","protocol_parser.py",2261,2261,"            return {""说明"": ""查询命令，无数据内容""}
        progress = data[0]
        progress_map = {0: ""全部成功，可接收新文件"", 1: ""正在处理"", 2: ""未全部成功，存在失败节点""}
        result = {
            ""文件处理进度"": {""原始值"": f""0x{progress:02X}"", ""说明"": progress_map.get(progress, f""未知({progress})"")}
",""
"Variable:protocol_parser.py:reasons","reasons","protocol_parser.py",2315,2323,"    def _get_file_fail_reason_desc(self, reason: int) -> str:
        """"""获取文件传输失败原因说明""""""
        reasons = {
            0x01: ""存储空间不足"",
            0x02: ""校验错误"",
            0x03: ""写入失败"",
            0x04: ""超时"",
            0x05: ""不支持此文件类型"",
            0x06: ""文件过大"",
            0x07: ""正在处理其他文件""
        }
        return reasons.get(reason, f""未知原因({reason:02X})"")

",""
"Variable:protocol_parser.py:runtime","runtime","protocol_parser.py",2344,2344,"        }
        if len(data) > 6:
            runtime = int.from_bytes(data[6:10], 'little') if len(data) >= 10 else int.from_bytes(data[6:], 'little')
            result[""运行时长""] = {""原始值"": data[6:min(10, len(data))].hex().upper(), ""十进制"": runtime, ""单位"": ""秒""}
        return result
",""
"Variable:protocol_parser.py:n","n","protocol_parser.py",2357,2357,"            }

        n = data[0]
        local_nid = data[1]
        local_master = data[2:8]
",""
"Variable:protocol_parser.py:local_nid","local_nid","protocol_parser.py",2358,2358,"
        n = data[0]
        local_nid = data[1]
        local_master = data[2:8]

",""
"Variable:protocol_parser.py:local_master","local_master","protocol_parser.py",2359,2359,"        n = data[0]
        local_nid = data[1]
        local_master = data[2:8]

        result = {
",""
"Variable:protocol_parser.py:nid","nid","protocol_parser.py",2372,2372,"                result[f""邻居网络{i+1}""] = {""说明"": ""数据不足，无法解析""}
                break
            nid = data[offset]
            master = data[offset+1:offset+7]
            snr = data[offset+7]
",""
"Variable:protocol_parser.py:master","master","protocol_parser.py",2373,2373,"                break
            nid = data[offset]
            master = data[offset+1:offset+7]
            snr = data[offset+7]
            # SNR is signed: range -20~80 dB
",""
"Variable:protocol_parser.py:snr","snr","protocol_parser.py",2374,2374,"            nid = data[offset]
            master = data[offset+1:offset+7]
            snr = data[offset+7]
            # SNR is signed: range -20~80 dB
            snr_val = snr if snr <= 127 else snr - 256
",""
"Variable:protocol_parser.py:snr_val","snr_val","protocol_parser.py",2376,2376,"            snr = data[offset+7]
            # SNR is signed: range -20~80 dB
            snr_val = snr if snr <= 127 else snr - 256
            result[f""邻居网络{i+1}标识号""] = {""原始值"": f""0x{nid:02X}"", ""十进制"": nid, ""说明"": """"}
            result[f""邻居网络{i+1}主节点地址""] = {""原始值"": master.hex().upper(), ""说明"": ""6字节BIN格式""}
",""
"Variable:protocol_parser.py:switch_map","switch_map","protocol_parser.py",2392,2392,"                ""说明"": f""返回白名单生效信息，数据长度不足（期望2字节，实际{len(data)}字节）""
            }
        switch_map = {0: ""关闭"", 1: ""打开""}
        range_map = {0: ""表档案"", 1: ""厂家自定义"", 2: ""表档案和厂家自定义的合集""}
        return {
",""
"Variable:protocol_parser.py:range_map","range_map","protocol_parser.py",2393,2393,"            }
        switch_map = {0: ""关闭"", 1: ""打开""}
        range_map = {0: ""表档案"", 1: ""厂家自定义"", 2: ""表档案和厂家自定义的合集""}
        return {
            ""白名单开关"": {""原始值"": f""0x{data[0]:02X}"", ""十进制"": data[0], ""说明"": switch_map.get(data[0], ""保留"")},
",""
"Variable:protocol_parser.py:info_flag","info_flag","protocol_parser.py",2416,2416,"        
        result = {""原始值"": data.hex().upper()}
        info_flag = data[0]
        entry_count = data[1]
        result[""信息条目信息""] = info_flag
",""
"Variable:protocol_parser.py:entry_count","entry_count","protocol_parser.py",2417,2417,"        result = {""原始值"": data.hex().upper()}
        info_flag = data[0]
        entry_count = data[1]
        result[""信息条目信息""] = info_flag
        result[""信息条目数""] = entry_count
",""
"Variable:protocol_parser.py:data_id","data_id","protocol_parser.py",2429,2429,"            # 解析 EntryHeader (2 bytes, little-endian packed bitfield)
            raw = int.from_bytes(data[pos:pos+2], 'little')
            data_id = raw & 0x3F              # 6 bits
            classified_id = (raw >> 6) & 0x07  # 3 bits
            coding = (raw >> 9) & 0x03        # 2 bits
",""
"Variable:protocol_parser.py:classified_id","classified_id","protocol_parser.py",2430,2430,"            raw = int.from_bytes(data[pos:pos+2], 'little')
            data_id = raw & 0x3F              # 6 bits
            classified_id = (raw >> 6) & 0x07  # 3 bits
            coding = (raw >> 9) & 0x03        # 2 bits
            data_length = (raw >> 11) & 0x1F  # 5 bits
",""
"Variable:protocol_parser.py:coding","coding","protocol_parser.py",2431,2431,"            data_id = raw & 0x3F              # 6 bits
            classified_id = (raw >> 6) & 0x07  # 3 bits
            coding = (raw >> 9) & 0x03        # 2 bits
            data_length = (raw >> 11) & 0x1F  # 5 bits
            
",""
"Variable:protocol_parser.py:data_length","data_length","protocol_parser.py",2432,2432,"            classified_id = (raw >> 6) & 0x07  # 3 bits
            coding = (raw >> 9) & 0x03        # 2 bits
            data_length = (raw >> 11) & 0x1F  # 5 bits
            
            header_hex = data[pos:pos+2].hex().upper()
",""
"Variable:protocol_parser.py:header_hex","header_hex","protocol_parser.py",2434,2434,"            data_length = (raw >> 11) & 0x1F  # 5 bits
            
            header_hex = data[pos:pos+2].hex().upper()
            pos += 2
            
",""
"Variable:protocol_parser.py:coding_map","coding_map","protocol_parser.py",2444,2444,"            
            # 根据 Coding 解析数据内容
            coding_map = {1: ""ASCII"", 2: ""BIN"", 3: ""BCD""}
            coding_str = coding_map.get(coding, f""未知({coding})"")
            
",""
"Variable:protocol_parser.py:coding_str","coding_str","protocol_parser.py",2445,2445,"            # 根据 Coding 解析数据内容
            coding_map = {1: ""ASCII"", 2: ""BIN"", 3: ""BCD""}
            coding_str = coding_map.get(coding, f""未知({coding})"")
            
            # 根据 (Classified_ID, Data_ID, Coding) 做详细解析
",""
"Variable:protocol_parser.py:entry_name","entry_name","protocol_parser.py",2448,2448,"            
            # 根据 (Classified_ID, Data_ID, Coding) 做详细解析
            entry_name = self._get_f0_32_entry_name(classified_id, data_id)
            
            entry_result = {
",""
"Variable:protocol_parser.py:entry_result","entry_result","protocol_parser.py",2450,2460,"            entry_name = self._get_f0_32_entry_name(classified_id, data_id)
            
            entry_result = {
                ""原始值"": content.hex().upper(),
                ""说明"": f""条目{i+1}: {entry_name} (类{classified_id}, ID{data_id}, {coding_str})"",
                ""条目序号"": i + 1,
                ""条目头原始值"": header_hex,
                ""类ID(Classified_ID)"": classified_id,
                ""数据ID(Data_ID)"": data_id,
                ""编码(Coding)"": coding_str,
                ""数据长度"": data_length,
                ""条目名称"": entry_name,
            }
            
            if coding == 1 and data_length > 0:  # ASCII
",""
"Variable:protocol_parser.py:bcd_rev","bcd_rev","protocol_parser.py",2472,2472,"            elif coding == 3 and data_length > 0:  # BCD
                if classified_id == 0 and data_id == 3 and data_length >= 3:
                    bcd_rev = content[::-1]
                    entry_result[""解析值""] = f""20{bcd_rev[0]:02X}-{bcd_rev[1]:02X}-{bcd_rev[2]:02X}""
                elif classified_id == 0 and data_id == 4:
",""
"Variable:protocol_parser.py:bcd_data","bcd_data","protocol_parser.py",2486,2486,"                    entry_result[""解析值""] = content[::-1].hex().upper()
                elif classified_id == 2 and data_id == 15 and data_length >= 26:
                    bcd_data = content
                    clock_source = bcd_data[0]
                    clock_map = {0: ""未同步"", 1: ""设备时间"", 2: ""网络万年历""}
",""
"Variable:protocol_parser.py:clock_source","clock_source","protocol_parser.py",2487,2487,"                elif classified_id == 2 and data_id == 15 and data_length >= 26:
                    bcd_data = content
                    clock_source = bcd_data[0]
                    clock_map = {0: ""未同步"", 1: ""设备时间"", 2: ""网络万年历""}
                    def _bcd_time(b):
",""
"Variable:protocol_parser.py:clock_map","clock_map","protocol_parser.py",2488,2488,"                    bcd_data = content
                    clock_source = bcd_data[0]
                    clock_map = {0: ""未同步"", 1: ""设备时间"", 2: ""网络万年历""}
                    def _bcd_time(b):
                        if all(x == 0xFF for x in b):
",""
"Variable:protocol_parser.py:switch_byte","switch_byte","protocol_parser.py",2526,2526,"                            entry_result[""说明""] += "" [3960B不支持]""
                    elif data_id == 9 and data_length >= 1:
                        switch_byte = content[0]
                        entry_result[""解析值""] = f""0x{switch_byte:02X} (0b{switch_byte:08b})""
                        entry_result[""B0-即装即采功能开关""] = ""打开"" if (switch_byte & 0x01) else ""关闭""
",""
"Variable:protocol_parser.py:names","names","protocol_parser.py",2680,2839,"    def _get_f0_32_entry_name(classified_id: int, data_id: int) -> str:
        """"""获取 F0 32 条目的名称（基于 LME 产品相关信息生产运维接口手册 V2.4）""""""
        names = {
            # === Class 0: 基本信息 ===
            (0, 0): ""本分类ID所有数据ID"",
            (0, 1): ""外部厂商代码"",
            (0, 2): ""外部芯片代码"",
            (0, 3): ""外部版本日期"",
            (0, 4): ""外部版本号"",
            (0, 5): ""内部厂商代码"",
            (0, 6): ""内部芯片代码"",
            (0, 7): ""应用省份"",
            (0, 8): ""应用方案"",
            (0, 9): ""模块功能开关"",
            (0, 11): ""模块类型"",
            (0, 12): ""模块生产信息"",
            (0, 13): ""最后升级时间"",
            (0, 14): ""程序CRC32校验"",
            (0, 15): ""本地接口默认信息（CCO：生产设置波特率）"",
            (0, 16): ""默认HPLC频段信息"",
            (0, 17): ""默认HPLC参数信息"",
            (0, 18): ""默认HRF信道信息"",
            (0, 19): ""默认HRF参数信息"",
            (0, 20): ""以太网参数"",
            (0, 21): ""双模身份证书有效性"",
            (0, 22): ""波特率协商使能"",
            (0, 23): ""初始串口波特率"",
            (0, 24): ""协商串口波特率"",
            (0, 25): ""当前串口波特率"",
            (0, 26): ""当前通信参数"",
            (0, 27): ""信道使能类型"",
            (0, 28): ""模块组网类型"",
            (0, 29): ""日志串口波特率"",
            (0, 30): ""继电器控制及反馈"",

            # === Class 1: 版本信息 ===
            (1, 0): ""本分类ID所有数据ID"",
            (1, 1): ""编译时间"",
            (1, 2): ""程序总版本"",
            (1, 3): ""总工程版本"",
            (1, 4): ""boot程序版本"",
            (1, 5): ""芯片程序版本"",
            (1, 6): ""驱动层版本"",
            (1, 7): ""载波接口层版本"",
            (1, 8): ""无线PHY层版本"",
            (1, 9): ""载波MAC层版本"",
            (1, 10): ""无线MAC层版本"",
            (1, 11): ""网络层版本"",
            (1, 12): ""应用APS层版本"",
            (1, 13): ""应用APP层版本"",
            (1, 14): ""应用接口层版本"",
            (1, 15): ""以太网驱动版本"",
            (1, 16): ""USB驱动版本"",
            (1, 17): ""USB芯片版本"",
            (1, 20): ""加密程序库版本"",
            (1, 21): ""时钟管理库版本"",
            (1, 22): ""虚拟扇区VSS库版本"",
            (1, 23): ""台区识别库版本"",
            (1, 24): ""通用数据采集库版本"",
            (1, 30): ""深化应用库版本"",

            # === Class 2: 硬件信息 ===
            (2, 0): ""本分类ID所有数据ID"",
            (2, 1): ""芯片ID"",
            (2, 2): ""模块ID"",
            (2, 3): ""硬件型号"",
            (2, 4): ""芯片型号"",
            (2, 5): ""Flash型号及容量"",
            (2, 6): ""电容容量"",
            (2, 7): ""过零电路类型"",
            (2, 8): ""天线类型"",
            (2, 9): ""载波PA功放型号"",
            (2, 10): ""特征电流拓朴类型"",
            (2, 11): ""无线射频开关类型"",
            (2, 12): ""(ECU、SCU)功能模块设备ID"",
            (2, 15): ""模块时钟信息"",
            (2, 16): ""模块MAC地址"",
            (2, 17): ""模块资产编码"",
            (2, 18): ""模块备案信息"",
            (2, 20): ""过零检测信息"",
            (2, 21): ""NTB采样信息"",
            (2, 22): ""载波接收信息"",
            (2, 23): ""无线接收信息"",
            (2, 24): ""USB频偏信息"",
            (2, 25): ""无线校准信息"",
            (2, 26): ""温度校准信息"",

            # === Class 3: 网络信息 ===
            (3, 1): ""节点网络信息"",
            (3, 2): ""节点工作频段"",
            (3, 3): ""已选代理节点信息"",
            (3, 4): ""低电压统计参数"",
            (3, 5): ""代理组1信息"",
            (3, 6): ""代理组2信息"",
            (3, 7): ""代理组3信息"",
            (3, 8): ""代理组4信息"",
            (3, 9): ""代理组5信息"",
            (3, 10): ""代理组6信息"",
            (3, 11): ""代理组7信息"",
            (3, 12): ""代理组8信息"",
            (3, 13): ""代理组9信息"",
            (3, 14): ""代理组10信息"",
            (3, 15): ""当前加密模式和加密算法"",
            (3, 16): ""关联请求信息列表组1-4"",
            (3, 17): ""关联请求信息列表组5-8"",
            (3, 18): ""代理变更信息列表"",

            # === Class 4: 运行信息 ===
            (4, 1): ""复位计数"",
            (4, 2): ""停电计数"",
            (4, 3): ""复电计数"",
            (4, 4): ""过零计数"",
            (4, 5): ""主串口发送次数"",
            (4, 6): ""主串口接收次数"",
            (4, 7): ""广播校时次数"",
            (4, 8): ""精准校时次数"",
            (4, 9): ""MAC层接收HPLC帧总次数"",
            (4, 10): ""MAC层接收RF帧总次数"",
            (4, 11): ""MAC层接收HPLC信标帧次数"",
            (4, 12): ""MAC层接收RF信标帧次数"",
            (4, 13): ""MAC层接收网络帧次数"",
            (4, 14): ""MAC层接收应用帧次数"",
            (4, 15): ""接收本地广播帧次数"",
            (4, 16): ""接收代理广播帧次数"",
            (4, 17): ""作为目标接收单播帧次数"",
            (4, 18): ""作为代理处理转发次数"",
            (4, 19): ""节点离线次数"",
            (4, 20): ""代理变更次数"",
            (4, 21): ""节点发送帧总次数"",
            (4, 22): ""节点发送成功次数"",
            (4, 23): ""节点发送失败次数"",
            (4, 24): ""节点发送失败原因1次数"",
            (4, 25): ""节点发送失败原因2次数"",
            (4, 26): ""节点发送失败原因3次数"",
            (4, 27): ""节点发送失败原因4次数"",
            (4, 28): ""节点发送失败原因5次数"",
            (4, 29): ""节点发送失败原因6次数"",
            (4, 30): ""节点发送失败原因7次数"",
            (4, 31): ""节点发送失败原因8次数"",
            (4, 32): ""节点发送失败原因9次数"",
            (4, 33): ""节点发送失败原因10次数"",
            (4, 34): ""复位原因1次数"",
            (4, 35): ""复位原因6次数"",
            (4, 36): ""最近一次复位原因"",
            (4, 37): ""无线接收报文次数"",
            (4, 38): ""载波接收报文次数"",
            (4, 39): ""电表接口交互发送报文次数"",
            (4, 40): ""电表接口交互接受报文次数"",

            # === Class 5: CCO运行信息 ===
            (5, 1): ""开关信息"",
            (5, 2): ""本地串口当前通信参数"",
            (5,
... [truncated]",""
"Variable:protocol_parser.py:province","province","protocol_parser.py",2850,2850,"                ""说明"": f""返回宽带应用省份，数据长度不足（期望至少1字节，实际{len(data)}字节）""
            }
        province = data[0]
        province_map = {
            0x01: ""北京"", 0x02: ""天津"", 0x03: ""河北"", 0x04: ""山西"", 0x05: ""内蒙古"",
",""
"Variable:protocol_parser.py:province_map","province_map","protocol_parser.py",2851,2859,"            }
        province = data[0]
        province_map = {
            0x01: ""北京"", 0x02: ""天津"", 0x03: ""河北"", 0x04: ""山西"", 0x05: ""内蒙古"",
            0x06: ""辽宁"", 0x07: ""吉林"", 0x08: ""黑龙江"", 0x09: ""上海"", 0x0A: ""江苏"",
            0x0B: ""浙江"", 0x0C: ""安徽"", 0x0D: ""福建"", 0x0E: ""江西"", 0x0F: ""山东"",
            0x10: ""河南"", 0x11: ""湖北"", 0x12: ""湖南"", 0x13: ""广东"", 0x14: ""广西"",
            0x15: ""海南"", 0x16: ""重庆"", 0x17: ""四川"", 0x18: ""贵州"", 0x19: ""云南"",
            0x1A: ""西藏"", 0x1B: ""陕西"", 0x1C: ""甘肃"", 0x1D: ""青海"", 0x1E: ""宁夏"",
            0x1F: ""新疆"", 0x20: ""台湾"", 0x21: ""香港"", 0x22: ""澳门""
        }
        return {
            ""宽带应用省份"": {""原始值"": f""0x{province:02X}"", ""十进制"": province, ""说明"": province_map.get(province, ""保留"")},
",""
"Variable:protocol_parser.py:info","info","protocol_parser.py",2868,2868,"    def _get_asset_element_name(self, element_id: int) -> str:
        """"""获取信息元素名称""""""
        info = self.ASSET_INFO_ELEMENT.get(element_id)
        return info[""名称""] if info else f""未知元素(0x{element_id:02X})""

",""
"Variable:protocol_parser.py:fmt","fmt","protocol_parser.py",2876,2876,"        if not info:
            return raw.hex().upper()
        fmt = info[""格式""]
        if fmt == ""ASCII"":
            try:
",""
"Variable:protocol_parser.py:r","r","protocol_parser.py",2886,2886,"        elif fmt == ""YYMMDD"":
            if len(raw) >= 3:
                r = raw[0:3][::-1]
                return f""{self._bcd_to_str(r[0])}-{self._bcd_to_str(r[1])}-{self._bcd_to_str(r[2])}""
            return raw.hex().upper()
",""
"Variable:protocol_parser.py:elem_count","elem_count","protocol_parser.py",2905,2905,"            ""节点地址"": {""原始值"": data[0:6].hex().upper()}
        }
        elem_count = data[6]
        ids = []
        for i in range(elem_count):
",""
"Variable:protocol_parser.py:ids","ids","protocol_parser.py",2906,2906,"        }
        elem_count = data[6]
        ids = []
        for i in range(elem_count):
            pos = 7 + i
",""
"Variable:protocol_parser.py:eid","eid","protocol_parser.py",2911,2911,"            if pos >= len(data):
                break
            eid = data[pos]
            ids.append({
                ""序号"": i + 1,
",""
"Variable:protocol_parser.py:elements","elements","protocol_parser.py",2931,2931,"            ""节点地址"": {""原始值"": data[0:6].hex().upper()}
        }
        elements = []
        pos = 6
        idx = 0
",""
"Variable:protocol_parser.py:idx","idx","protocol_parser.py",2933,2933,"        elements = []
        pos = 6
        idx = 0
        while pos + 2 <= len(data):
            eid = data[pos]
",""
"Variable:protocol_parser.py:elem_info","elem_info","protocol_parser.py",2980,2980,"        node_count = data[0]
        eid = data[1]
        elem_info = self.ASSET_INFO_ELEMENT.get(eid)
        elem_len = elem_info[""字节数""] if elem_info else 0

",""
"Variable:protocol_parser.py:elem_len","elem_len","protocol_parser.py",2981,2981,"        eid = data[1]
        elem_info = self.ASSET_INFO_ELEMENT.get(eid)
        elem_len = elem_info[""字节数""] if elem_info else 0

        result = {
",""
"Variable:protocol_parser.py:status","status","protocol_parser.py",3022,3022,"        if len(data) < 4:
            return {""原始数据"": data.hex().upper(), ""说明"": ""数据长度不足""}
        status = data[0]
        remain = int.from_bytes(data[1:3], 'little')
        status_desc = ""识别中"" if status == 1 else ""未识别或识别完成或识别停止""
",""
"Variable:protocol_parser.py:remain","remain","protocol_parser.py",3023,3023,"            return {""原始数据"": data.hex().upper(), ""说明"": ""数据长度不足""}
        status = data[0]
        remain = int.from_bytes(data[1:3], 'little')
        status_desc = ""识别中"" if status == 1 else ""未识别或识别完成或识别停止""
        remain_desc = ""无效(0xFF)"" if status == 0 and remain == 0xFFFF else f""{remain}分钟""
",""
"Variable:protocol_parser.py:remain_desc","remain_desc","protocol_parser.py",3025,3025,"        remain = int.from_bytes(data[1:3], 'little')
        status_desc = ""识别中"" if status == 1 else ""未识别或识别完成或识别停止""
        remain_desc = ""无效(0xFF)"" if status == 0 and remain == 0xFFFF else f""{remain}分钟""
        result = {
            ""台区识别状态"": {""原始值"": f""0x{status:02X}"", ""十进制"": status, ""说明"": status_desc},
",""
"Variable:protocol_parser.py:duration","duration","protocol_parser.py",3041,3041,"        if len(data) < 2:
            return {""原始数据"": data.hex().upper(), ""说明"": ""数据长度不足""}
        duration = int.from_bytes(data[0:2], 'little')
        duration_desc = ""1440分钟"" if duration == 0 else f""{duration}分钟""
        result = {
",""
"Variable:protocol_parser.py:duration_desc","duration_desc","protocol_parser.py",3042,3042,"            return {""原始数据"": data.hex().upper(), ""说明"": ""数据长度不足""}
        duration = int.from_bytes(data[0:2], 'little')
        duration_desc = ""1440分钟"" if duration == 0 else f""{duration}分钟""
        result = {
            ""台区特征发送时长"": {""原始值"": data[0:2].hex().upper(), ""十进制"": duration, ""说明"": duration_desc}
",""
"Variable:protocol_parser.py:device_type","device_type","protocol_parser.py",3064,3064,"            return {""原始数据"": data.hex().upper(), ""说明"": ""数据长度不足""}
        node_addr = data[0:6]
        device_type = data[6]
        meter_count = data[7]
        region_addr = data[8:14]
",""
"Variable:protocol_parser.py:meter_count","meter_count","protocol_parser.py",3065,3065,"        node_addr = data[0:6]
        device_type = data[6]
        meter_count = data[7]
        region_addr = data[8:14]
        device_type_desc = ""采集器"" if device_type == 0x00 else ""电表"" if device_type == 0x01 else f""未知(0x{device_type:02X})""
",""
"Variable:protocol_parser.py:region_addr","region_addr","protocol_parser.py",3066,3066,"        device_type = data[6]
        meter_count = data[7]
        region_addr = data[8:14]
        device_type_desc = ""采集器"" if device_type == 0x00 else ""电表"" if device_type == 0x01 else f""未知(0x{device_type:02X})""

",""
"Variable:protocol_parser.py:device_type_desc","device_type_desc","protocol_parser.py",3067,3067,"        meter_count = data[7]
        region_addr = data[8:14]
        device_type_desc = ""采集器"" if device_type == 0x00 else ""电表"" if device_type == 0x01 else f""未知(0x{device_type:02X})""

        result = {
",""
"Variable:protocol_parser.py:meters","meters","protocol_parser.py",3081,3081,"        pos = 16
        if device_type == 0x00 and meter_count > 0:
            meters = []
            for i in range(meter_count):
                if pos + 6 > len(data):
",""
"Variable:protocol_parser.py:data_type","data_type","protocol_parser.py",3105,3105,"        if len(data) < 7:
            return {""原始数据"": data.hex().upper(), ""说明"": ""数据长度不足""}
        data_type = data[0]
        type_desc = ""DL/T645-2007数据项标识"" if data_type == 1 else f""保留({data_type})""
        return {
",""
"Variable:protocol_parser.py:type_desc","type_desc","protocol_parser.py",3106,3106,"            return {""原始数据"": data.hex().upper(), ""说明"": ""数据长度不足""}
        data_type = data[0]
        type_desc = ""DL/T645-2007数据项标识"" if data_type == 1 else f""保留({data_type})""
        return {
            ""数据项类型"": {""原始值"": f""0x{data_type:02X}"", ""说明"": type_desc},
",""
"Variable:protocol_parser.py:b1","b1","protocol_parser.py",3142,3142,"            return {""原始值"": phase_bytes.hex().upper(), ""说明"": ""数据不足""}

        b1 = phase_bytes[0]
        b2 = phase_bytes[1]

",""
"Variable:protocol_parser.py:b2","b2","protocol_parser.py",3143,3143,"
        b1 = phase_bytes[0]
        b2 = phase_bytes[1]

        # 字节1解析
",""
"Variable:protocol_parser.py:phase_seq","phase_seq","protocol_parser.py",3146,3146,"
        # 字节1解析
        phase_seq = (b1 >> 5) & 0x07
        phase_seq_map = {
            0: ""三相表ABC(正常相序)"", 1: ""三相表ACB(逆相序)"",
",""
"Variable:protocol_parser.py:phase_seq_map","phase_seq_map","protocol_parser.py",3147,3152,"        # 字节1解析
        phase_seq = (b1 >> 5) & 0x07
        phase_seq_map = {
            0: ""三相表ABC(正常相序)"", 1: ""三相表ACB(逆相序)"",
            2: ""三相表BAC(逆相序)"", 3: ""三相表BCA(逆相序)"",
            4: ""三相表CAB(逆相序)"", 5: ""三相表CBA(逆相序)"",
            6: ""零火反接"", 7: ""保留""
        }
        line_feature = (b1 >> 3) & 0x03
        line_feature_map = {0: ""支持相线识别"", 1: ""不支持相线识别"", 2: ""相线不确定""}
",""
"Variable:protocol_parser.py:line_feature","line_feature","protocol_parser.py",3153,3153,"            6: ""零火反接"", 7: ""保留""
        }
        line_feature = (b1 >> 3) & 0x03
        line_feature_map = {0: ""支持相线识别"", 1: ""不支持相线识别"", 2: ""相线不确定""}
        line_flag = b1 & 0x07
",""
"Variable:protocol_parser.py:line_feature_map","line_feature_map","protocol_parser.py",3154,3154,"        }
        line_feature = (b1 >> 3) & 0x03
        line_feature_map = {0: ""支持相线识别"", 1: ""不支持相线识别"", 2: ""相线不确定""}
        line_flag = b1 & 0x07
        phases = []
",""
"Variable:protocol_parser.py:line_flag","line_flag","protocol_parser.py",3155,3155,"        line_feature = (b1 >> 3) & 0x03
        line_feature_map = {0: ""支持相线识别"", 1: ""不支持相线识别"", 2: ""相线不确定""}
        line_flag = b1 & 0x07
        phases = []
        if line_flag & 0x01: phases.append(""A相"")
",""
"Variable:protocol_parser.py:phases","phases","protocol_parser.py",3156,3156,"        line_feature_map = {0: ""支持相线识别"", 1: ""不支持相线识别"", 2: ""相线不确定""}
        line_flag = b1 & 0x07
        phases = []
        if line_flag & 0x01: phases.append(""A相"")
        if line_flag & 0x02: phases.append(""B相"")
",""
"Variable:protocol_parser.py:line_flag_desc","line_flag_desc","protocol_parser.py",3160,3160,"        if line_flag & 0x02: phases.append(""B相"")
        if line_flag & 0x04: phases.append(""C相"")
        line_flag_desc = "","".join(phases) if phases else ""无""

        # 字节2解析
",""
"Variable:protocol_parser.py:module_type","module_type","protocol_parser.py",3163,3163,"
        # 字节2解析
        module_type = (b2 >> 6) & 0x03
        module_type_map = {0: ""未知"", 1: ""三相表"", 2: ""单相表""}
        proto_type = b2 & 0x07
",""
"Variable:protocol_parser.py:module_type_map","module_type_map","protocol_parser.py",3164,3164,"        # 字节2解析
        module_type = (b2 >> 6) & 0x03
        module_type_map = {0: ""未知"", 1: ""三相表"", 2: ""单相表""}
        proto_type = b2 & 0x07
        proto_type_map = {0: ""未知规约"", 1: ""DLT/645-1997"", 2: ""DLT/645-2007"", 3: ""CJ/T188""}
",""
"Variable:protocol_parser.py:proto_type","proto_type","protocol_parser.py",3165,3165,"        module_type = (b2 >> 6) & 0x03
        module_type_map = {0: ""未知"", 1: ""三相表"", 2: ""单相表""}
        proto_type = b2 & 0x07
        proto_type_map = {0: ""未知规约"", 1: ""DLT/645-1997"", 2: ""DLT/645-2007"", 3: ""CJ/T188""}

",""
"Variable:protocol_parser.py:proto_type_map","proto_type_map","protocol_parser.py",3166,3166,"        module_type_map = {0: ""未知"", 1: ""三相表"", 2: ""单相表""}
        proto_type = b2 & 0x07
        proto_type_map = {0: ""未知规约"", 1: ""DLT/645-1997"", 2: ""DLT/645-2007"", 3: ""CJ/T188""}

        return {
",""
"Variable:protocol_parser.py:phase","phase","protocol_parser.py",3194,3194,"                break
            addr = data[pos:pos+6].hex().upper()
            phase = self._parse_phase_info(data[pos+6:pos+8])
            result[""从节点列表""].append({
                ""序号"": i + 1,
",""
"Variable:protocol_parser.py:total","total","protocol_parser.py",3211,3211,"        if len(data) < 3:
            return {""原始数据"": data.hex().upper(), ""说明"": ""数据长度不足""}
        total = int.from_bytes(data[0:2], 'little')
        node_count = data[2]
        result = {
",""
"Variable:protocol_parser.py:value","value","protocol_parser.py",3303,3303,"        if len(data) < 2:
            return {""原始数据"": data.hex().upper(), ""说明"": ""数据长度不足""}
        value = int.from_bytes(data[0:2], 'little')
        return {
            ""数据值"": {
",""
"Variable:protocol_parser.py:up_rate","up_rate","protocol_parser.py",3324,3324,"        runtime = int.from_bytes(data[pos:pos+4], 'little')
        pos += 4
        up_rate = data[pos]
        pos += 1
        down_rate = data[pos]
",""
"Variable:protocol_parser.py:down_rate","down_rate","protocol_parser.py",3326,3326,"        up_rate = data[pos]
        pos += 1
        down_rate = data[pos]
        pos += 1
        neighbor_count = data[pos]
",""
"Variable:protocol_parser.py:neighbor_count","neighbor_count","protocol_parser.py",3328,3328,"        down_rate = data[pos]
        pos += 1
        neighbor_count = data[pos]
        pos += 1

",""
"Variable:protocol_parser.py:snid","snid","protocol_parser.py",3342,3342,"            if pos + 8 > len(data):
                break
            snid = data[pos]
            cco_addr = data[pos+1:pos+7][::-1].hex().upper()
            hplc_quality = data[pos+7]
",""
"Variable:protocol_parser.py:cco_addr","cco_addr","protocol_parser.py",3343,3343,"                break
            snid = data[pos]
            cco_addr = data[pos+1:pos+7][::-1].hex().upper()
            hplc_quality = data[pos+7]
            result[""邻居网络列表""].append({
",""
"Variable:protocol_parser.py:hplc_quality","hplc_quality","protocol_parser.py",3344,3344,"            snid = data[pos]
            cco_addr = data[pos+1:pos+7][::-1].hex().upper()
            hplc_quality = data[pos+7]
            result[""邻居网络列表""].append({
                ""序号"": i + 1,
",""
"Variable:protocol_parser.py:start_seq","start_seq","protocol_parser.py",3381,3381,"            return {""原始数据"": data.hex().upper(), ""说明"": ""数据长度不足""}
        total = int.from_bytes(data[0:2], 'little')
        start_seq = int.from_bytes(data[2:4], 'little')
        node_count = data[4]
        result = {
",""
"Variable:protocol_parser.py:topo","topo","protocol_parser.py",3396,3396,"            # 拓扑信息: 节点标识(2B) + 代理节点标识(2B) + 入网时间(4B) + 代理变更次数(2B)
            # + 离线次数(2B) + 节点信息(1B) = 13B
            topo = data[pos+6:pos+19]
            node_id = int.from_bytes(topo[0:2], 'little')
            proxy_id = int.from_bytes(topo[2:4], 'little')
",""
"Variable:protocol_parser.py:node_id","node_id","protocol_parser.py",3397,3397,"            # + 离线次数(2B) + 节点信息(1B) = 13B
            topo = data[pos+6:pos+19]
            node_id = int.from_bytes(topo[0:2], 'little')
            proxy_id = int.from_bytes(topo[2:4], 'little')
            join_time = int.from_bytes(topo[4:8], 'little')
",""
"Variable:protocol_parser.py:proxy_id","proxy_id","protocol_parser.py",3398,3398,"            topo = data[pos+6:pos+19]
            node_id = int.from_bytes(topo[0:2], 'little')
            proxy_id = int.from_bytes(topo[2:4], 'little')
            join_time = int.from_bytes(topo[4:8], 'little')
            proxy_changes = int.from_bytes(topo[8:10], 'little')
",""
"Variable:protocol_parser.py:join_time","join_time","protocol_parser.py",3399,3399,"            node_id = int.from_bytes(topo[0:2], 'little')
            proxy_id = int.from_bytes(topo[2:4], 'little')
            join_time = int.from_bytes(topo[4:8], 'little')
            proxy_changes = int.from_bytes(topo[8:10], 'little')
            offline_count = int.from_bytes(topo[10:12], 'little')
",""
"Variable:protocol_parser.py:proxy_changes","proxy_changes","protocol_parser.py",3400,3400,"            proxy_id = int.from_bytes(topo[2:4], 'little')
            join_time = int.from_bytes(topo[4:8], 'little')
            proxy_changes = int.from_bytes(topo[8:10], 'little')
            offline_count = int.from_bytes(topo[10:12], 'little')
            node_info = topo[12]
",""
"Variable:protocol_parser.py:offline_count","offline_count","protocol_parser.py",3401,3401,"            join_time = int.from_bytes(topo[4:8], 'little')
            proxy_changes = int.from_bytes(topo[8:10], 'little')
            offline_count = int.from_bytes(topo[10:12], 'little')
            node_info = topo[12]
            node_layer = node_info & 0x0F
",""
"Variable:protocol_parser.py:node_info","node_info","protocol_parser.py",3402,3402,"            proxy_changes = int.from_bytes(topo[8:10], 'little')
            offline_count = int.from_bytes(topo[10:12], 'little')
            node_info = topo[12]
            node_layer = node_info & 0x0F
            node_role = (node_info >> 4) & 0x07
",""
"Variable:protocol_parser.py:node_layer","node_layer","protocol_parser.py",3403,3403,"            offline_count = int.from_bytes(topo[10:12], 'little')
            node_info = topo[12]
            node_layer = node_info & 0x0F
            node_role = (node_info >> 4) & 0x07
            node_channel = (node_info >> 7) & 0x01
",""
"Variable:protocol_parser.py:node_role","node_role","protocol_parser.py",3404,3404,"            node_info = topo[12]
            node_layer = node_info & 0x0F
            node_role = (node_info >> 4) & 0x07
            node_channel = (node_info >> 7) & 0x01
            role_map = {0: ""无效"", 1: ""末梢节点(STA)"", 2: ""代理节点(PCO)"", 4: ""主节点(CCO)""}
",""
"Variable:protocol_parser.py:node_channel","node_channel","protocol_parser.py",3405,3405,"            node_layer = node_info & 0x0F
            node_role = (node_info >> 4) & 0x07
            node_channel = (node_info >> 7) & 0x01
            role_map = {0: ""无效"", 1: ""末梢节点(STA)"", 2: ""代理节点(PCO)"", 4: ""主节点(CCO)""}
            channel_map = {0: ""载波"", 1: ""无线""}
",""
"Variable:protocol_parser.py:role_map","role_map","protocol_parser.py",3406,3406,"            node_role = (node_info >> 4) & 0x07
            node_channel = (node_info >> 7) & 0x01
            role_map = {0: ""无效"", 1: ""末梢节点(STA)"", 2: ""代理节点(PCO)"", 4: ""主节点(CCO)""}
            channel_map = {0: ""载波"", 1: ""无线""}
            result[""节点列表""].append({
",""
"Variable:protocol_parser.py:channel_map","channel_map","protocol_parser.py",3407,3407,"            node_channel = (node_info >> 7) & 0x01
            role_map = {0: ""无效"", 1: ""末梢节点(STA)"", 2: ""代理节点(PCO)"", 4: ""主节点(CCO)""}
            channel_map = {0: ""载波"", 1: ""无线""}
            result[""节点列表""].append({
                ""序号"": start_seq + i,
",""
"Variable:protocol_parser.py:network_status","network_status","protocol_parser.py",3435,3435,"            pos += 1
        if pos < len(data):
            network_status = data[pos]
            result[""网络状态""] = {""原始值"": f""0x{network_status:02X}"", ""说明"": ""入网"" if network_status == 1 else ""离网""}
            pos += 1
",""
"Variable:protocol_parser.py:reboot_reason","reboot_reason","protocol_parser.py",3445,3445,"            pos += 1
        if pos < len(data):
            reboot_reason = data[pos]
            reason_map = {0: ""正常启动"", 1: ""断电重启"", 2: ""看门狗复位"", 3: ""程序异常复位""}
            result[""系统启动原因""] = {""原始值"": f""0x{reboot_reason:02X}"", ""说明"": reason_map.get(reboot_reason, f""未知({reboot_reason})"")}
",""
"Variable:protocol_parser.py:reason_map","reason_map","protocol_parser.py",3446,3446,"        if pos < len(data):
            reboot_reason = data[pos]
            reason_map = {0: ""正常启动"", 1: ""断电重启"", 2: ""看门狗复位"", 3: ""程序异常复位""}
            result[""系统启动原因""] = {""原始值"": f""0x{reboot_reason:02X}"", ""说明"": reason_map.get(reboot_reason, f""未知({reboot_reason})"")}
            pos += 1
",""
"Variable:protocol_parser.py:neighbor_list","neighbor_list","protocol_parser.py",3487,3487,"            pos += 1
        # 邻居网络列表
        neighbor_list = []
        while pos + 8 <= len(data):
            snid = data[pos]
",""
"Variable:protocol_parser.py:zero_cross","zero_cross","protocol_parser.py",3512,3512,"        }
        if pos < len(data):
            zero_cross = data[pos]
            zero_map = {0: ""未知"", 1: ""支持过零(单相)/ABC(三相)"", 2: ""三相相序错误""}
            result[""过零自检结果""] = {""原始值"": f""0x{zero_cross:02X}"", ""说明"": zero_map.get(zero_cross, f""保留({zero_cross})"")}
",""
"Variable:protocol_parser.py:zero_map","zero_map","protocol_parser.py",3513,3513,"        if pos < len(data):
            zero_cross = data[pos]
            zero_map = {0: ""未知"", 1: ""支持过零(单相)/ABC(三相)"", 2: ""三相相序错误""}
            result[""过零自检结果""] = {""原始值"": f""0x{zero_cross:02X}"", ""说明"": zero_map.get(zero_cross, f""保留({zero_cross})"")}
            pos += 1
",""
"Variable:protocol_parser.py:offline_reason","offline_reason","protocol_parser.py",3520,3520,"            pos += 1
        if pos < len(data):
            offline_reason = data[pos]
            reason_map = {0: ""未知"", 1: ""组网序列号变化"", 2: ""收不到信标帧"", 3: ""通信成功率为0"", 4: ""层级超限"",
                          5: ""收到离线指示"", 0x80: ""厂家自定义""}
",""
"Variable:protocol_parser.py:reset_reason","reset_reason","protocol_parser.py",3526,3526,"            pos += 1
        if pos < len(data):
            reset_reason = data[pos]
            reset_map = {0: ""掉电复位"", 1: ""复位引脚复位"", 2: ""升级完成复位"", 3: ""CCO控制重启"",
                        0x80: ""厂家自定义""}
",""
"Variable:protocol_parser.py:reset_map","reset_map","protocol_parser.py",3527,3528,"        if pos < len(data):
            reset_reason = data[pos]
            reset_map = {0: ""掉电复位"", 1: ""复位引脚复位"", 2: ""升级完成复位"", 3: ""CCO控制重启"",
                        0x80: ""厂家自定义""}
            result[""复位原因""] = {""原始值"": f""0x{reset_reason:02X}"", ""说明"": reset_map.get(reset_reason, f""保留({reset_reason})"")}
        return result
",""
"Variable:protocol_parser.py:param_count","param_count","protocol_parser.py",3543,3543,"        if pos >= len(data):
            return result
        param_count = data[pos]
        result[""运行参数总数""] = {""原始值"": f""0x{param_count:02X}"", ""十进制"": param_count}
        pos += 1
",""
"Variable:protocol_parser.py:RUN_PARAM_MAP","RUN_PARAM_MAP","protocol_parser.py",3547,3552,"        pos += 1

        RUN_PARAM_MAP = {
            0x01: (""从节点RF发送功率"", 1),
            0x02: (""从节点PLC发送功率"", 1),
            0x03: (""异常离网锁定时间"", 2),
            0x04: (""RF通道控制开关"", 1),
        }
        
        # 参数值说明映射
",""
"Variable:protocol_parser.py:PARAM_VALUE_DESC","PARAM_VALUE_DESC","protocol_parser.py",3555,3560,"        
        # 参数值说明映射
        PARAM_VALUE_DESC = {
            0x01: {0: ""自动"", 1: ""功率等级1"", 2: ""功率等级2"", 3: ""功率等级3"", 4: ""功率等级4""},
            0x02: {0: ""自动"", 1: ""功率等级1"", 2: ""功率等级2"", 3: ""功率等级3"", 4: ""功率等级4""},
            0x03: None,  # 时间值，直接使用数值
            0x04: {0: ""关闭"", 1: ""开启""},
        }
        
        for i in range(param_count):
",""
"Variable:protocol_parser.py:param_id","param_id","protocol_parser.py",3565,3565,"            if pos + 2 > len(data):
                break
            param_id = data[pos]
            pos += 1
            param_info = RUN_PARAM_MAP.get(param_id, (f""未知参数(0x{param_id:02X})"", 1))
",""
"Variable:protocol_parser.py:param_info","param_info","protocol_parser.py",3567,3567,"            param_id = data[pos]
            pos += 1
            param_info = RUN_PARAM_MAP.get(param_id, (f""未知参数(0x{param_id:02X})"", 1))
            param_name, param_len = param_info
            
",""
"Variable:protocol_parser.py:actual_len","actual_len","protocol_parser.py",3573,3573,"            if pos >= len(data):
                break
            actual_len = data[pos]
            pos += 1
            param_data = data[pos:pos+actual_len] if pos + actual_len <= len(data) else data[pos:]
",""
"Variable:protocol_parser.py:param_data","param_data","protocol_parser.py",3575,3575,"            actual_len = data[pos]
            pos += 1
            param_data = data[pos:pos+actual_len] if pos + actual_len <= len(data) else data[pos:]
            
            # 提前计算参数值，用于参数组的汇总信息
",""
"Variable:protocol_parser.py:param_int_val","param_int_val","protocol_parser.py",3578,3578,"            
            # 提前计算参数值，用于参数组的汇总信息
            param_int_val = 0
            if param_data:
                param_int_val = int.from_bytes(param_data, 'little')
",""
"Variable:protocol_parser.py:param_group","param_group","protocol_parser.py",3583,3583,"            
            # 创建参数组，包含参数ID、长度、值三个子字段
            param_group = {}
            
            # 参数组的汇总信息（用于在表格中显示为一行）
",""
"Variable:protocol_parser.py:param_hex","param_hex","protocol_parser.py",3608,3608,"                # 尝试解析数值（小端序）
                param_int_val = int.from_bytes(param_data, 'little')
                param_hex = param_data.hex(' ').upper()
                
                # 获取参数值说明
",""
"Variable:protocol_parser.py:value_desc","value_desc","protocol_parser.py",3611,3611,"                
                # 获取参数值说明
                value_desc = None
                if param_id in PARAM_VALUE_DESC and PARAM_VALUE_DESC[param_id]:
                    value_desc = PARAM_VALUE_DESC[param_id].get(param_int_val, f""未知值({param_int_val})"")
",""
"Variable:protocol_parser.py:param_key","param_key","protocol_parser.py",3632,3632,"            
            # 将参数组添加到结果中（使用带序号的键名）
            param_key = f""参数{i+1}""
            result[param_key] = param_group
            
",""
"Variable:protocol_parser.py:req_type","req_type","protocol_parser.py",3759,3759,"            return {""原始数据"": data.hex().upper(), ""说明"": ""数据长度不足""}
        addr = data[0:6][::-1].hex().upper()
        req_type = data[6]
        type_map = {0: ""所有节点"", 1: ""在线节点"", 2: ""离线节点""}
        return {
",""
"Variable:protocol_parser.py:type_map","type_map","protocol_parser.py",3760,3760,"        addr = data[0:6][::-1].hex().upper()
        req_type = data[6]
        type_map = {0: ""所有节点"", 1: ""在线节点"", 2: ""离线节点""}
        return {
            ""节点地址"": {""原始值"": data[0:6].hex().upper(), ""解析值"": addr},
",""
"Variable:protocol_parser.py:param_ids","param_ids","protocol_parser.py",3811,3811,"            ""运行参数总数"": {""原始值"": f""0x{param_count:02X}"", ""十进制"": param_count}
        }
        param_ids = []
        RUN_PARAM_MAP = {
            0x01: ""从节点RF发送功率"",
",""
"Variable:protocol_parser.py:pid","pid","protocol_parser.py",3823,3823,"            if pos >= len(data):
                break
            pid = data[pos]
            param_name = RUN_PARAM_MAP.get(pid, f""未知参数(0x{pid:02X})"")
            param_ids.append({
",""
"Variable:protocol_parser.py:param_name","param_name","protocol_parser.py",3824,3824,"                break
            pid = data[pos]
            param_name = RUN_PARAM_MAP.get(pid, f""未知参数(0x{pid:02X})"")
            param_ids.append({
                ""条目名称"": ""参数ID"",
",""
"Variable:protocol_parser.py:neighbor_start","neighbor_start","protocol_parser.py",3855,3855,"            return {""原始数据"": data.hex().upper(), ""说明"": ""数据长度不足""}
        addr = data[0:6][::-1].hex().upper()
        neighbor_start = int.from_bytes(data[6:8], 'little')
        neighbor_count = data[8]
        return {
",""
"Variable:protocol_parser.py:dev_type_map","dev_type_map","protocol_parser.py",3895,3895,"            ""节点列表"": []
        }
        dev_type_map = {0x01: ""抄控器"", 0x02: ""集中器通信模块"", 0x03: ""单相电表通信模块"", 0x04: ""中继器"", 0x07: ""三相电表通信模块""}
        pos = 5
        for i in range(node_count):
",""
"Variable:protocol_parser.py:dev_type","dev_type","protocol_parser.py",3901,3901,"                break
            addr = data[pos:pos+6][::-1].hex().upper()
            dev_type = data[pos+6]
            offline_time = int.from_bytes(data[pos+7:pos+11], 'little')
            result[""节点列表""].append({
",""
"Variable:protocol_parser.py:offline_time","offline_time","protocol_parser.py",3902,3902,"            addr = data[pos:pos+6][::-1].hex().upper()
            dev_type = data[pos+6]
            offline_time = int.from_bytes(data[pos+7:pos+11], 'little')
            result[""节点列表""].append({
                ""序号"": start_seq + i,
",""
"Variable:protocol_parser.py:tei","tei","protocol_parser.py",3917,3917,"            return {""原始数据"": data.hex().upper(), ""说明"": ""数据长度不足""}
        addr = data[0:6][::-1].hex().upper()
        tei = int.from_bytes(data[6:8], 'little')
        proxy_tei = int.from_bytes(data[8:10], 'little')
        total_neighbors = int.from_bytes(data[10:12], 'little')
",""
"Variable:protocol_parser.py:proxy_tei","proxy_tei","protocol_parser.py",3918,3918,"        addr = data[0:6][::-1].hex().upper()
        tei = int.from_bytes(data[6:8], 'little')
        proxy_tei = int.from_bytes(data[8:10], 'little')
        total_neighbors = int.from_bytes(data[10:12], 'little')
        node_count = data[12]
",""
"Variable:protocol_parser.py:total_neighbors","total_neighbors","protocol_parser.py",3919,3919,"        tei = int.from_bytes(data[6:8], 'little')
        proxy_tei = int.from_bytes(data[8:10], 'little')
        total_neighbors = int.from_bytes(data[10:12], 'little')
        node_count = data[12]
        result = {
",""
"Variable:protocol_parser.py:neighbor_tei","neighbor_tei","protocol_parser.py",3933,3933,"            if pos + 3 > len(data):
                break
            neighbor_tei = int.from_bytes(data[pos:pos+2], 'little')
            neighbor_lqi = data[pos+2]
            result[""周边节点列表""].append({
",""
"Variable:protocol_parser.py:neighbor_lqi","neighbor_lqi","protocol_parser.py",3934,3934,"                break
            neighbor_tei = int.from_bytes(data[pos:pos+2], 'little')
            neighbor_lqi = data[pos+2]
            result[""周边节点列表""].append({
                ""序号"": i,
",""
"Variable:protocol_parser.py:enable","enable","protocol_parser.py",3950,3950,"            return {""原始数据"": data.hex().upper(), ""说明"": ""数据长度不足""}
        addr = data[0:6][::-1].hex().upper()
        enable = data[6]
        enable_map = {0: ""禁止白名单"", 1: ""允许白名单""}
        return {
",""
"Variable:protocol_parser.py:enable_map","enable_map","protocol_parser.py",3951,3951,"        addr = data[0:6][::-1].hex().upper()
        enable = data[6]
        enable_map = {0: ""禁止白名单"", 1: ""允许白名单""}
        return {
            ""站点MAC地址"": {""原始值"": data[0:6].hex().upper(), ""解析值"": addr},
",""
"Variable:protocol_parser.py:validator","validator","protocol_parser.py",3975,3975,"        """"""验证帧的协议一致性，返回 ValidationResult""""""
        from validator.nw_validator import NWValidator
        validator = NWValidator()
        return validator.verify(frame_bytes)

",""
"Variable:preset_buttons.py:NW_COMMAND_PATH","NW_COMMAND_PATH","preset_buttons.py",26,26,"
# 南网和国网各自独立的预设文件
NW_COMMAND_PATH = Path(__file__).parent / ""NW_command.json""
GW_COMMAND_PATH = Path(__file__).parent / ""GW_command.json""

",""
"Variable:preset_buttons.py:GW_COMMAND_PATH","GW_COMMAND_PATH","preset_buttons.py",27,27,"# 南网和国网各自独立的预设文件
NW_COMMAND_PATH = Path(__file__).parent / ""NW_command.json""
GW_COMMAND_PATH = Path(__file__).parent / ""GW_command.json""


",""
"Variable:preset_buttons.py:path","path","preset_buttons.py",40,40,"    def load_commands(protocol: str, path: Optional[Path] = None) -> List[Dict[str, Any]]:
        if path is None:
            path = _get_path(protocol)
        if not path.exists():
            return []
",""
"Variable:preset_buttons.py:data","data","preset_buttons.py",45,45,"        try:
            with open(path, ""r"", encoding=""utf-8"") as f:
                data = json.load(f)
                return data.get(""commands"", [])
        except (json.JSONDecodeError, OSError) as e:
",""
"Variable:preset_buttons.py:commands","commands","preset_buttons.py",65,65,"    @staticmethod
    def add_command(protocol: str, cmd: Dict[str, Any], path: Optional[Path] = None) -> bool:
        commands = PresetButtonManager.load_commands(protocol, path)
        if ""id"" not in cmd:
            cmd[""id""] = str(uuid.uuid4())[:8]
",""
"Variable:preset_buttons.py:layout","layout","preset_buttons.py",100,100,"
    def setup_ui(self):
        layout = QVBoxLayout(self)
        layout.setSpacing(6)

",""
"Variable:preset_buttons.py:proto_label","proto_label","preset_buttons.py",104,106,"
        # 协议显示
        proto_label = QLabel(
            f""协议: {'南网协议' if self._protocol == 'south' else '国网协议'}""
        )
        proto_label.setStyleSheet(""font-weight: bold; color: #2196F3;"")
        layout.addWidget(proto_label)
",""
"Variable:preset_buttons.py:existing_groups","existing_groups","preset_buttons.py",120,120,"        self.group_combo = QComboBox()
        self.group_combo.setEditable(True)
        existing_groups = self._load_existing_groups()
        self.group_combo.addItem(""常用查询"")
        self.group_combo.addItem(""常用设置"")
",""
"Variable:preset_buttons.py:btn_layout","btn_layout","preset_buttons.py",145,145,"
        # 按钮
        btn_layout = QHBoxLayout()
        btn_layout.addStretch()
        ok_btn = QPushButton(""确定"")
",""
"Variable:preset_buttons.py:ok_btn","ok_btn","preset_buttons.py",147,147,"        btn_layout = QHBoxLayout()
        btn_layout.addStretch()
        ok_btn = QPushButton(""确定"")
        ok_btn.setStyleSheet(
            ""QPushButton { background-color: #4CAF50; color: white; ""
",""
"Variable:preset_buttons.py:cancel_btn","cancel_btn","preset_buttons.py",153,153,"        )
        ok_btn.clicked.connect(self._on_ok)
        cancel_btn = QPushButton(""取消"")
        cancel_btn.clicked.connect(self.reject)
        btn_layout.addWidget(ok_btn)
",""
"Variable:preset_buttons.py:groups","groups","preset_buttons.py",163,163,"    def _load_existing_groups(self) -> List[str]:
        commands = PresetButtonManager.load_commands(self._protocol)
        groups = set()
        for c in commands:
            groups.add(c.get(""group_name"", ""默认分组""))
",""
"Variable:preset_buttons.py:name","name","preset_buttons.py",169,169,"
    def _on_ok(self):
        name = self.name_input.text().strip()
        if not name:
            QMessageBox.warning(self, ""提示"", ""请输入按钮名称！"")
",""
"Variable:preset_buttons.py:group","group","preset_buttons.py",173,173,"            QMessageBox.warning(self, ""提示"", ""请输入按钮名称！"")
            return
        group = self.group_combo.currentText().strip() or ""默认分组""
        desc = self.desc_input.toPlainText().strip()

",""
"Variable:preset_buttons.py:desc","desc","preset_buttons.py",174,174,"            return
        group = self.group_combo.currentText().strip() or ""默认分组""
        desc = self.desc_input.toPlainText().strip()

        self._result = {
",""
"Variable:preset_buttons.py:button_clicked","button_clicked","preset_buttons.py",193,193,"
    # (protocol, frame_hex, config_snapshot)
    button_clicked = Signal(str, str, dict)
    button_deleted = Signal(str)

",""
"Variable:preset_buttons.py:button_deleted","button_deleted","preset_buttons.py",194,194,"    # (protocol, frame_hex, config_snapshot)
    button_clicked = Signal(str, str, dict)
    button_deleted = Signal(str)

    def __init__(self, protocol: str = ""south"", parent=None,
",""
"Variable:preset_buttons.py:main_layout","main_layout","preset_buttons.py",215,215,"
    def setup_ui(self):
        main_layout = QVBoxLayout(self)
        main_layout.setSpacing(6)
        main_layout.setContentsMargins(6, 6, 6, 6)
",""
"Variable:preset_buttons.py:hint","hint","preset_buttons.py",220,222,"
        # 顶部说明
        hint = QLabel(
            ""预设命令：点击按钮可快速发送报文。右键点击按钮可删除。""
        )
        hint.setStyleSheet(""color: #666; font-size: 12px;"")
        hint.setWordWrap(True)
",""
"Variable:preset_buttons.py:search_layout","search_layout","preset_buttons.py",228,228,"
        # 搜索过滤
        search_layout = QHBoxLayout()
        search_layout.addWidget(QLabel(""搜索:""))
        self.search_input = QLineEdit()
",""
"Variable:preset_buttons.py:scroll","scroll","preset_buttons.py",242,242,"
        # 滚动区域（按钮分组）
        scroll = QScrollArea()
        scroll.setWidgetResizable(True)
        self.scroll_content = QWidget()
",""
"Variable:preset_buttons.py:log_group","log_group","preset_buttons.py",252,252,"
        # ---- 底部日志区域 ----
        log_group = QGroupBox(""串口日志"")
        log_layout = QVBoxLayout(log_group)
        log_layout.setContentsMargins(6, 4, 6, 4)
",""
"Variable:preset_buttons.py:log_layout","log_layout","preset_buttons.py",253,253,"        # ---- 底部日志区域 ----
        log_group = QGroupBox(""串口日志"")
        log_layout = QVBoxLayout(log_group)
        log_layout.setContentsMargins(6, 4, 6, 4)
        log_layout.setSpacing(4)
",""
"Variable:preset_buttons.py:item","item","preset_buttons.py",290,290,"        self._buttons.clear()
        while self.scroll_layout.count():
            item = self.scroll_layout.takeAt(0)
            w = item.widget()
            if w:
",""
"Variable:preset_buttons.py:w","w","preset_buttons.py",291,291,"        while self.scroll_layout.count():
            item = self.scroll_layout.takeAt(0)
            w = item.widget()
            if w:
                w.deleteLater()
",""
"Variable:preset_buttons.py:cmds","cmds","preset_buttons.py",303,303,"
        for group_name in sorted(groups.keys()):
            cmds = groups[group_name]
            group_box = QGroupBox(group_name)
            group_box.setStyleSheet(
",""
"Variable:preset_buttons.py:group_box","group_box","preset_buttons.py",304,304,"        for group_name in sorted(groups.keys()):
            cmds = groups[group_name]
            group_box = QGroupBox(group_name)
            group_box.setStyleSheet(
                ""QGroupBox { font-weight: bold; color: #333; }""
",""
"Variable:preset_buttons.py:row_layout","row_layout","preset_buttons.py",308,308,"                ""QGroupBox { font-weight: bold; color: #333; }""
            )
            row_layout = QHBoxLayout(group_box)
            row_layout.setSpacing(6)
            row_layout.setContentsMargins(6, 6, 6, 4)
",""
"Variable:preset_buttons.py:btn","btn","preset_buttons.py",314,314,"
            for cmd in cmds:
                btn = QPushButton(cmd.get(""button_name"", ""未命名""))
                tooltip_lines = [cmd.get(""description"", """")]
                if cmd.get(""frame_hex""):
",""
"Variable:preset_buttons.py:tooltip_lines","tooltip_lines","preset_buttons.py",315,315,"            for cmd in cmds:
                btn = QPushButton(cmd.get(""button_name"", ""未命名""))
                tooltip_lines = [cmd.get(""description"", """")]
                if cmd.get(""frame_hex""):
                    tooltip_lines.append(f""\n报文: {cmd['frame_hex']}"")
",""
"Variable:preset_buttons.py:protocol","protocol","preset_buttons.py",346,346,"    def _on_button_clicked(self, cmd: Dict[str, Any]):
        """"""按钮点击：发出信号，并在日志区记录""""""
        protocol = cmd.get(""protocol"", ""south"")
        frame_hex = cmd.get(""frame_hex"", """")
        btn_name = cmd.get(""button_name"", ""未命名"")
",""
"Variable:preset_buttons.py:frame_hex","frame_hex","preset_buttons.py",347,347,"        """"""按钮点击：发出信号，并在日志区记录""""""
        protocol = cmd.get(""protocol"", ""south"")
        frame_hex = cmd.get(""frame_hex"", """")
        btn_name = cmd.get(""button_name"", ""未命名"")
        group_name = cmd.get(""group_name"", ""默认分组"")
",""
"Variable:preset_buttons.py:btn_name","btn_name","preset_buttons.py",348,348,"        protocol = cmd.get(""protocol"", ""south"")
        frame_hex = cmd.get(""frame_hex"", """")
        btn_name = cmd.get(""button_name"", ""未命名"")
        group_name = cmd.get(""group_name"", ""默认分组"")

",""
"Variable:preset_buttons.py:group_name","group_name","preset_buttons.py",349,349,"        frame_hex = cmd.get(""frame_hex"", """")
        btn_name = cmd.get(""button_name"", ""未命名"")
        group_name = cmd.get(""group_name"", ""默认分组"")

        self.button_clicked.emit(
",""
"Variable:preset_buttons.py:proto_display","proto_display","preset_buttons.py",356,356,"
        # 日志输出
        proto_display = ""南网"" if protocol == ""south"" else ""国网""
        log_line = (
            f""[{self._current_time()}] [{proto_display}] [{group_name}] ""
",""
"Variable:preset_buttons.py:log_line","log_line","preset_buttons.py",357,360,"        # 日志输出
        proto_display = ""南网"" if protocol == ""south"" else ""国网""
        log_line = (
            f""[{self._current_time()}] [{proto_display}] [{group_name}] ""
            f""{btn_name}  ->  {frame_hex}""
        )
        self.log_text.append(log_line)
        self._trim_log(self.log_text)
",""
"Variable:preset_buttons.py:scrollbar","scrollbar","preset_buttons.py",363,363,"        self.log_text.append(log_line)
        self._trim_log(self.log_text)
        scrollbar = self.log_text.verticalScrollBar()
        scrollbar.setValue(scrollbar.maximum())

",""
"Variable:preset_buttons.py:ts","ts","preset_buttons.py",375,375,"    def _on_serial_log(self, msg: str):
        """"""串口日志（发送/接收原始字节）""""""
        ts = datetime.now().strftime(""%H:%M:%S"")
        self.log_text.append(f""[{ts}] {msg}"")
        self._trim_log(self.log_text)
",""
"Variable:preset_buttons.py:parser","parser","preset_buttons.py",387,387,"        try:
            if self._protocol == ""south"":
                parser = ProtocolFrameParser()
                table_data = parser.parse_to_table(frame)
                key_fields = (""应用功能码 (AFN)"", ""数据标识 (DI)"", ""传输方向"")
",""
"Variable:preset_buttons.py:table_data","table_data","preset_buttons.py",388,388,"            if self._protocol == ""south"":
                parser = ProtocolFrameParser()
                table_data = parser.parse_to_table(frame)
                key_fields = (""应用功能码 (AFN)"", ""数据标识 (DI)"", ""传输方向"")
            else:
",""
"Variable:preset_buttons.py:key_fields","key_fields","preset_buttons.py",389,389,"                parser = ProtocolFrameParser()
                table_data = parser.parse_to_table(frame)
                key_fields = (""应用功能码 (AFN)"", ""数据标识 (DI)"", ""传输方向"")
            else:
                parser = GDW10376Parser()
",""
"Variable:preset_buttons.py:summary_parts","summary_parts","preset_buttons.py",394,394,"                table_data = parser.parse_to_table(frame)
                key_fields = (""应用功能码(AFN)"", ""数据单元标识(DT)"", ""传输方向"")
            summary_parts = []
            for item in table_data:
                field_name = item[0].strip()
",""
"Variable:preset_buttons.py:field_name","field_name","preset_buttons.py",396,396,"            summary_parts = []
            for item in table_data:
                field_name = item[0].strip()
                if field_name in key_fields:
                    parsed = str(item[2]) if item[2] else str(item[3])
",""
"Variable:preset_buttons.py:parsed","parsed","preset_buttons.py",398,398,"                field_name = item[0].strip()
                if field_name in key_fields:
                    parsed = str(item[2]) if item[2] else str(item[3])
                    summary_parts.append(f""{field_name}: {parsed}"")
            if summary_parts:
",""
"Variable:preset_buttons.py:menu","menu","preset_buttons.py",418,418,"    def _on_log_context_menu(self, pos):
        """"""日志区域右键菜单""""""
        menu = QMenu(self)
        clear_action = menu.addAction(""清空日志"")
        copy_action = menu.addAction(""复制选中内容"")
",""
"Variable:preset_buttons.py:clear_action","clear_action","preset_buttons.py",419,419,"        """"""日志区域右键菜单""""""
        menu = QMenu(self)
        clear_action = menu.addAction(""清空日志"")
        copy_action = menu.addAction(""复制选中内容"")
        select_all_action = menu.addAction(""全选"")
",""
"Variable:preset_buttons.py:copy_action","copy_action","preset_buttons.py",420,420,"        menu = QMenu(self)
        clear_action = menu.addAction(""清空日志"")
        copy_action = menu.addAction(""复制选中内容"")
        select_all_action = menu.addAction(""全选"")
        action = menu.exec(self.log_text.mapToGlobal(pos))
",""
"Variable:preset_buttons.py:select_all_action","select_all_action","preset_buttons.py",421,421,"        clear_action = menu.addAction(""清空日志"")
        copy_action = menu.addAction(""复制选中内容"")
        select_all_action = menu.addAction(""全选"")
        action = menu.exec(self.log_text.mapToGlobal(pos))
        if action == clear_action:
",""
"Variable:preset_buttons.py:action","action","preset_buttons.py",422,422,"        copy_action = menu.addAction(""复制选中内容"")
        select_all_action = menu.addAction(""全选"")
        action = menu.exec(self.log_text.mapToGlobal(pos))
        if action == clear_action:
            self.log_text.clear()
",""
"Variable:preset_buttons.py:doc","doc","preset_buttons.py",433,433,"    def _trim_log(log_widget: QTextEdit, max_lines: int = 500):
        """"""当日志超过max_lines行时，自动删除最早的行""""""
        doc = log_widget.document()
        if doc.blockCount() > max_lines:
            cursor = log_widget.textCursor()
",""
"Variable:preset_buttons.py:cursor","cursor","preset_buttons.py",435,435,"        doc = log_widget.document()
        if doc.blockCount() > max_lines:
            cursor = log_widget.textCursor()
            cursor.movePosition(cursor.MoveOperation.Start)
            cursor.movePosition(cursor.MoveOperation.Down, cursor.MoveMode.KeepAnchor, doc.blockCount() - max_lines)
",""
"Variable:preset_buttons.py:delete_action","delete_action","preset_buttons.py",443,443,"        """"""右键菜单：删除预设""""""
        menu = QMenu(self)
        delete_action = menu.addAction(""删除此预设"")
        action = menu.exec(btn.mapToGlobal(btn.rect().center()))
        if action == delete_action:
",""
"Variable:preset_buttons.py:reply","reply","preset_buttons.py",446,451,"        action = menu.exec(btn.mapToGlobal(btn.rect().center()))
        if action == delete_action:
            reply = QMessageBox.question(
                self,
                ""确认删除"",
                f""确定删除预设按钮 '{cmd.get('button_name')}' 吗？"",
                QMessageBox.Yes | QMessageBox.No,
            )
            if reply == QMessageBox.Yes:
                PresetButtonManager.remove_command(self._protocol, cmd.get(""id""), self._get_path())
",""
"Variable:preset_buttons.py:keyword","keyword","preset_buttons.py",459,459,"    def _filter_buttons(self, text: str):
        """"""根据输入文本过滤按钮和分组可见性""""""
        keyword = text.strip().lower()
        total_visible = 0

",""
"Variable:preset_buttons.py:total_visible","total_visible","preset_buttons.py",460,460,"        """"""根据输入文本过滤按钮和分组可见性""""""
        keyword = text.strip().lower()
        total_visible = 0

        for group_name, group_box in self._group_boxes.items():
",""
"Variable:preset_buttons.py:group_match","group_match","preset_buttons.py",463,463,"
        for group_name, group_box in self._group_boxes.items():
            group_match = keyword in group_name.lower()
            hbox = group_box.layout()
            group_has_visible = False
",""
"Variable:preset_buttons.py:hbox","hbox","preset_buttons.py",464,464,"        for group_name, group_box in self._group_boxes.items():
            group_match = keyword in group_name.lower()
            hbox = group_box.layout()
            group_has_visible = False

",""
"Variable:preset_buttons.py:group_has_visible","group_has_visible","preset_buttons.py",465,465,"            group_match = keyword in group_name.lower()
            hbox = group_box.layout()
            group_has_visible = False

            for i in range(hbox.count()):
",""
"Variable:preset_buttons.py:btn_match","btn_match","preset_buttons.py",474,474,"                if not isinstance(btn, QPushButton):
                    continue
                btn_match = keyword in btn.text().lower()
                visible = not keyword or group_match or btn_match
                btn.setVisible(visible)
",""
"Variable:preset_buttons.py:visible","visible","preset_buttons.py",475,475,"                    continue
                btn_match = keyword in btn.text().lower()
                visible = not keyword or group_match or btn_match
                btn.setVisible(visible)
                if visible:
",""
"Variable:plc_rf_parser.py:FRAME_START","FRAME_START","plc_rf_parser.py",15,15,"
    # 帧起始符
    FRAME_START = 0x02

    # 控制域定义
",""
"Variable:plc_rf_parser.py:CONTROL_MAP","CONTROL_MAP","plc_rf_parser.py",18,21,"
    # 控制域定义
    CONTROL_MAP = {
        0xC0: ""模块→电表（下行）"",
        0xC4: ""电表→模块（上行）"",
    }

    # 命令字映射 (Command Code -> 中文含义)
",""
"Variable:plc_rf_parser.py:COMMAND_MAP","COMMAND_MAP","plc_rf_parser.py",24,38,"
    # 命令字映射 (Command Code -> 中文含义)
    COMMAND_MAP = {
        0x1001: ""模块通用信息"",
        0x1101: ""启动升级命令（初始化）"",
        0x1102: ""发送升级包数据"",
        0x1103: ""激活模块固件"",
        0x1201: ""数据推送（DataNotification）"",
        0x1202: ""事件推送（EventNotification）"",
        0x1301: ""DLMS数据帧封装"",
        0x2001: ""模块获取电表表号"",
        0x2002: ""心跳机制"",
        0x2003: ""模块将自身信息传输至电表"",
        0x2004: ""获取电表信息"",
        0x2101: ""从电表获取G3-PLC信息"",
        0x2102: ""模块将G3-PLC信息传输至电表"",
    }

    # 模块厂家代码
",""
"Variable:plc_rf_parser.py:MANUFACTURER_MAP","MANUFACTURER_MAP","plc_rf_parser.py",41,50,"
    # 模块厂家代码
    MANUFACTURER_MAP = {
        0x00: ""无"",
        0x01: ""东软"",
        0x02: ""矩泉"",
        0x03: ""有方"",
        0x04: ""华为"",
        0x05: ""中兴"",
        0x06: ""瑞瀛"",
        0x07: ""智微宽载"",
    }

    # 模块类型
",""
"Variable:plc_rf_parser.py:MODULE_TYPE_MAP","MODULE_TYPE_MAP","plc_rf_parser.py",53,70,"
    # 模块类型
    MODULE_TYPE_MAP = {
        0x00: ""无"",
        0x01: ""2G(GPRS)"",
        0x02: ""3G(EDGE)"",
        0x03: ""3G(UMTS)"",
        0x04: ""3G(HSDPA)"",
        0x05: ""3G(CDMA)"",
        0x06: ""4G(LTE)"",
        0x07: ""4G(LTE-M)"",
        0x08: ""4G(LTE-NB1)"",
        0x09: ""4G(LTE-NB2)"",
        0x0A: ""WIFI 4"",
        0x0B: ""WIFI 6"",
        0x0C: ""以太网"",
        0x0D: ""HPLC"",
        0x0E: ""G3-PLC"",
        0x0F: ""RF"",
    }

    # HPLC频段定义
",""
"Variable:plc_rf_parser.py:HPLC_BAND_MAP","HPLC_BAND_MAP","plc_rf_parser.py",73,78,"
    # HPLC频段定义
    HPLC_BAND_MAP = {
        0: {""范围"": ""1.953~11.96 MHz"", ""载波编号"": ""80~490""},
        1: {""范围"": ""2.441~5.615 MHz"", ""载波编号"": ""100~230""},
        2: {""范围"": ""0.781~2.930 MHz"", ""载波编号"": ""32~120""},
        3: {""范围"": ""1.758~2.930 MHz"", ""载波编号"": ""72~120""},
    }

    # 状态字定义
",""
"Variable:plc_rf_parser.py:STATUS_MAP","STATUS_MAP","plc_rf_parser.py",81,84,"
    # 状态字定义
    STATUS_MAP = {
        0x00: ""失败/离线"",
        0x01: ""成功/在线"",
    }

    def __init__(self):
",""
"Variable:plc_rf_parser.py:CRC16_TABLE","CRC16_TABLE","plc_rf_parser.py",90,123,"
    # CRC16查找表（与4.md文档中的C代码一致）
    CRC16_TABLE = [
        0x0000, 0x1189, 0x2312, 0x329b, 0x4624, 0x57ad, 0x6536, 0x74bf,
        0x8c48, 0x9dc1, 0xaf5a, 0xbed3, 0xca6c, 0xdbe5, 0xe97e, 0xf8f7,
        0x1081, 0x0108, 0x3393, 0x221a, 0x56a5, 0x472c, 0x75b7, 0x643e,
        0x9cc9, 0x8d40, 0xbfdb, 0xae52, 0xdaed, 0xcb64, 0xf9ff, 0xe876,
        0x2102, 0x308b, 0x0210, 0x1399, 0x6726, 0x76af, 0x4434, 0x55bd,
        0xad4a, 0xbcc3, 0x8e58, 0x9fd1, 0xeb6e, 0xfae7, 0xc87c, 0xd9f5,
        0x3183, 0x200a, 0x1291, 0x0318, 0x77a7, 0x662e, 0x54b5, 0x453c,
        0xbdcb, 0xac42, 0x9ed9, 0x8f50, 0xfbef, 0xea66, 0xd8fd, 0xc974,
        0x4204, 0x538d, 0x6116, 0x709f, 0x0420, 0x15a9, 0x2732, 0x36bb,
        0xce4c, 0xdfc5, 0xed5e, 0xfcd7, 0x8868, 0x99e1, 0xab7a, 0xbaf3,
        0x5285, 0x430c, 0x7197, 0x601e, 0x14a1, 0x0528, 0x37b3, 0x263a,
        0xdecd, 0xcf44, 0xfddf, 0xec56, 0x98e9, 0x8960, 0xbbfb, 0xaa72,
        0x6306, 0x728f, 0x4014, 0x519d, 0x2522, 0x34ab, 0x0630, 0x17b9,
        0xef4e, 0xfec7, 0xcc5c, 0xddd5, 0xa96a, 0xb8e3, 0x8a78, 0x9bf1,
        0x7387, 0x620e, 0x5095, 0x411c, 0x35a3, 0x242a, 0x16b1, 0x0738,
        0xffcf, 0xee46, 0xdcdd, 0xcd54, 0xb9eb, 0xa862, 0x9af9, 0x8b70,
        0x8408, 0x9581, 0xa71a, 0xb693, 0xc22c, 0xd3a5, 0xe13e, 0xf0b7,
        0x0840, 0x19c9, 0x2b52, 0x3adb, 0x4e64, 0x5fed, 0x6d76, 0x7cff,
        0x9489, 0x8500, 0xb79b, 0xa612, 0xd2ad, 0xc324, 0xf1bf, 0xe036,
        0x18c1, 0x0948, 0x3bd3, 0x2a5a, 0x5ee5, 0x4f6c, 0x7df7, 0x6c7e,
        0xa50a, 0xb483, 0x8618, 0x9791, 0xe32e, 0xf2a7, 0xc03c, 0xd1b5,
        0x2942, 0x38cb, 0x0a50, 0x1bd9, 0x6f66, 0x7eef, 0x4c74, 0x5dfd,
        0xb58b, 0xa402, 0x9699, 0x8710, 0xf3af, 0xe226, 0xd0bd, 0xc134,
        0x39c3, 0x284a, 0x1ad1, 0x0b58, 0x7fe7, 0x6e6e, 0x5cf5, 0x4d7c,
        0xc60c, 0xd785, 0xe51e, 0xf497, 0x8028, 0x91a1, 0xa33a, 0xb2b3,
        0x4a44, 0x5bcd, 0x6956, 0x78df, 0x0c60, 0x1de9, 0x2f72, 0x3efb,
        0xd68d, 0xc704, 0xf59f, 0xe416, 0x90a9, 0x8120, 0xb3bb, 0xa232,
        0x5ac5, 0x4b4c, 0x79d7, 0x685e, 0x1ce1, 0x0d68, 0x3ff3, 0x2e7a,
        0xe70e, 0xf687, 0xc41c, 0xd595, 0xa12a, 0xb0a3, 0x8238, 0x93b1,
        0x6b46, 0x7acf, 0x4854, 0x59dd, 0x2d62, 0x3ceb, 0x0e70, 0x1ff9,
        0xf78f, 0xe606, 0xd49d, 0xc514, 0xb1ab, 0xa022, 0x92b9, 0x8330,
        0x7bc7, 0x6a4e, 0x58d5, 0x495c, 0x3de3, 0x2c6a, 0x1ef1, 0x0f78
    ]

    def calculate_crc16(self, data: bytes) -> int:
",""
"Variable:plc_rf_parser.py:fcs","fcs","plc_rf_parser.py",135,135,"        - 多项式：CRC-CCITT (0x1021) 查表实现
        """"""
        fcs = 0xFFFF
        for byte in data:
            fcs = ((fcs >> 8) ^ self.CRC16_TABLE[(fcs ^ byte) & 0xFF]) & 0xFFFF
",""
"Variable:plc_rf_parser.py:length_val","length_val","plc_rf_parser.py",152,152,"        
        # 解析长度域（大端序）
        length_val = struct.unpack('>H', frame_bytes[1:3])[0]
        
        # CRC16位置：Start(1) + Length(2) + length_val - CRC16自身(2)
",""
"Variable:plc_rf_parser.py:crc_pos","crc_pos","plc_rf_parser.py",155,155,"        
        # CRC16位置：Start(1) + Length(2) + length_val - CRC16自身(2)
        crc_pos = 3 + length_val - 2
        
        if crc_pos + 2 > len(frame_bytes):
",""
"Variable:plc_rf_parser.py:crc_received","crc_received","plc_rf_parser.py",161,161,"        
        # 读取CRC16（小端序）
        crc_received = struct.unpack('<H', frame_bytes[crc_pos:crc_pos + 2])[0]
        
        # 计算CRC16：从Length（索引1）到UserData结束（索引crc_pos）
",""
"Variable:plc_rf_parser.py:crc_data","crc_data","plc_rf_parser.py",164,164,"        
        # 计算CRC16：从Length（索引1）到UserData结束（索引crc_pos）
        crc_data = frame_bytes[1:crc_pos]
        crc_calculated = self.calculate_crc16(crc_data)
        
",""
"Variable:plc_rf_parser.py:crc_calculated","crc_calculated","plc_rf_parser.py",165,165,"        # 计算CRC16：从Length（索引1）到UserData结束（索引crc_pos）
        crc_data = frame_bytes[1:crc_pos]
        crc_calculated = self.calculate_crc16(crc_data)
        
        return crc_received, crc_calculated, crc_received == crc_calculated
",""
"Variable:plc_rf_parser.py:table_data","table_data","plc_rf_parser.py",174,174,"        返回：[(字段名，原始值，解析值，说明, byte_start, byte_end), ...]
        """"""
        table_data = []

        try:
",""
"Variable:plc_rf_parser.py:result","result","plc_rf_parser.py",177,177,"
        try:
            result = self.parse(frame_bytes)
            if result.get(""解析状态"") != ""成功"":
                table_data.append((""错误"", ""-"", ""-"", result.get(""错误信息"", ""未知错误""), None, None))
",""
"Variable:plc_rf_parser.py:length_raw","length_raw","plc_rf_parser.py",186,186,"
            # 长度域
            length_raw = result[""长度域""][""原始值""]
            length_val = result[""长度域""][""长度值""]
            self._add_field(table_data, ""长度域"", length_raw, str(length_val), ""大端序，从Control到CRC16的字节数"", 1, 2)
",""
"Variable:plc_rf_parser.py:ctrl_raw","ctrl_raw","plc_rf_parser.py",191,191,"
            # 控制域
            ctrl_raw = result[""控制域""][""原始值""]
            ctrl_desc = result[""控制域""][""说明""]
            self._add_field(table_data, ""控制域"", ctrl_raw, """", ctrl_desc, 3, 3)
",""
"Variable:plc_rf_parser.py:ctrl_desc","ctrl_desc","plc_rf_parser.py",192,192,"            # 控制域
            ctrl_raw = result[""控制域""][""原始值""]
            ctrl_desc = result[""控制域""][""说明""]
            self._add_field(table_data, ""控制域"", ctrl_raw, """", ctrl_desc, 3, 3)
            # 提取控制域字节值
",""
"Variable:plc_rf_parser.py:control_byte","control_byte","plc_rf_parser.py",195,195,"            self._add_field(table_data, ""控制域"", ctrl_raw, """", ctrl_desc, 3, 3)
            # 提取控制域字节值
            control_byte = int(ctrl_raw, 16)

            # 命令字
",""
"Variable:plc_rf_parser.py:cmd_raw","cmd_raw","plc_rf_parser.py",198,198,"
            # 命令字
            cmd_raw = result[""命令字""][""原始值""]
            cmd_name = result[""命令字""][""名称""]
            self._add_field(table_data, ""命令字"", cmd_raw, f""0x{result['命令字']['命令值']:04X}"", cmd_name, 4, 5)
",""
"Variable:plc_rf_parser.py:cmd_name","cmd_name","plc_rf_parser.py",199,199,"            # 命令字
            cmd_raw = result[""命令字""][""原始值""]
            cmd_name = result[""命令字""][""名称""]
            self._add_field(table_data, ""命令字"", cmd_raw, f""0x{result['命令字']['命令值']:04X}"", cmd_name, 4, 5)

",""
"Variable:plc_rf_parser.py:user_data_offset","user_data_offset","plc_rf_parser.py",203,203,"
            # 用户数据区
            user_data_offset = 6
            user_data = result.get(""用户数据区"", {})
            if user_data:
",""
"Variable:plc_rf_parser.py:user_data","user_data","plc_rf_parser.py",204,204,"            # 用户数据区
            user_data_offset = 6
            user_data = result.get(""用户数据区"", {})
            if user_data:
                # 计算用户数据区范围: 从Command(4,5)之后到CRC16之前
",""
"Variable:plc_rf_parser.py:user_data_end","user_data_end","plc_rf_parser.py",209,209,"                # CRC16位置 = 3 + length - 2
                crc_pos = 3 + result[""长度域""][""长度值""] - 2
                user_data_end = crc_pos - 1
                self._add_field(table_data, ""用户数据区"", """", """", """", user_data_offset, user_data_end)

",""
"Variable:plc_rf_parser.py:crc_raw","crc_raw","plc_rf_parser.py",219,219,"            crc_pos = 3 + result[""长度域""][""长度值""] - 2
            if ""校验和"" in result:
                crc_raw = result[""校验和""][""校验值""]
                crc_calc = result[""校验和""][""计算值""]
                crc_result = result[""校验和""][""校验结果""]
",""
"Variable:plc_rf_parser.py:crc_calc","crc_calc","plc_rf_parser.py",220,220,"            if ""校验和"" in result:
                crc_raw = result[""校验和""][""校验值""]
                crc_calc = result[""校验和""][""计算值""]
                crc_result = result[""校验和""][""校验结果""]
                self._add_field(table_data, ""CRC16"", crc_raw, crc_calc, crc_result, crc_pos, crc_pos + 1)
",""
"Variable:plc_rf_parser.py:crc_result","crc_result","plc_rf_parser.py",221,221,"                crc_raw = result[""校验和""][""校验值""]
                crc_calc = result[""校验和""][""计算值""]
                crc_result = result[""校验和""][""校验结果""]
                self._add_field(table_data, ""CRC16"", crc_raw, crc_calc, crc_result, crc_pos, crc_pos + 1)
            else:
",""
"Variable:plc_rf_parser.py:prefix","prefix","plc_rf_parser.py",235,235,"                   is_child: bool = False):
        """"""添加字段到表格""""""
        prefix = ""  "" if is_child else """"
        full_name = f""{prefix}{field_name}""
        table_data.append((full_name, raw_value, parsed_value, comment, byte_start, byte_end))
",""
"Variable:plc_rf_parser.py:full_name","full_name","plc_rf_parser.py",236,236,"        """"""添加字段到表格""""""
        prefix = ""  "" if is_child else """"
        full_name = f""{prefix}{field_name}""
        table_data.append((full_name, raw_value, parsed_value, comment, byte_start, byte_end))

",""
"Variable:plc_rf_parser.py:null_pos","null_pos","plc_rf_parser.py",243,243,"        try:
            # 找到第一个0x00的位置
            null_pos = data.find(b'\x00')
            if null_pos >= 0:
                return data[:null_pos].decode('ascii', errors='replace')
",""
"Variable:plc_rf_parser.py:ipv6_str","ipv6_str","plc_rf_parser.py",261,261,"            if null_pos > 0:
                # 前null_pos字节是IPv6地址字符串
                ipv6_str = data[:null_pos].decode('ascii', errors='replace')
                return ipv6_str
            
",""
"Variable:plc_rf_parser.py:sub_offset","sub_offset","plc_rf_parser.py",279,279,"            control_byte: 控制域字节（0xC0=模块→电表，0xC4=电表→模块）
        """"""
        sub_offset = offset

        if command == 0x1001:
",""
"Variable:plc_rf_parser.py:val","val","plc_rf_parser.py",284,284,"            # 模块通用信息
            if ""模块厂家代码"" in user_data:
                val = user_data[""模块厂家代码""]
                self._add_field(table_data, ""  模块厂家代码"", val[""原始值""], val[""名称""], """", sub_offset, sub_offset, is_child=True)
                sub_offset += 1
",""
"Variable:plc_rf_parser.py:raw_len","raw_len","plc_rf_parser.py",327,327,"                sub_offset += 2  # 0x09类型字节 + 长度字节
                if ""原始值"" in val:
                    raw_len = len(val[""原始值""].replace("" "", """")) // 2
                    self._add_field(table_data, ""  表号内容"", val[""原始值""], val.get(""解析值"", """"), """", sub_offset, sub_offset + raw_len - 1, is_child=True)
                    sub_offset += raw_len
",""
"Variable:plc_rf_parser.py:band_info","band_info","plc_rf_parser.py",344,344,"            if ""HPLC_band"" in user_data:
                val = user_data[""HPLC_band""]
                band_info = self.HPLC_BAND_MAP.get(val.get(""值"", 0), {})
                desc = f""频段{val.get('值', '-')}""
                if band_info:
",""
"Variable:plc_rf_parser.py:desc","desc","plc_rf_parser.py",345,345,"                val = user_data[""HPLC_band""]
                band_info = self.HPLC_BAND_MAP.get(val.get(""值"", 0), {})
                desc = f""频段{val.get('值', '-')}""
                if band_info:
                    desc += f"" ({band_info.get('范围', '')})""
",""
"Variable:plc_rf_parser.py:func_val","func_val","plc_rf_parser.py",375,375,"            if ""功能控制字"" in user_data:
                val = user_data[""功能控制字""]
                func_val = val.get(""值"", 0)
                dlms_enabled = ""使能（封装）"" if (func_val & 0x8000) else ""禁止（透传）""
                self._add_field(table_data, ""  功能控制字"", val[""原始值""], f""0x{func_val:04X}"", f""BIT15: DLMS封装={dlms_enabled}"", sub_offset, sub_offset + 1, is_child=True)
",""
"Variable:plc_rf_parser.py:dlms_enabled","dlms_enabled","plc_rf_parser.py",376,376,"                val = user_data[""功能控制字""]
                func_val = val.get(""值"", 0)
                dlms_enabled = ""使能（封装）"" if (func_val & 0x8000) else ""禁止（透传）""
                self._add_field(table_data, ""  功能控制字"", val[""原始值""], f""0x{func_val:04X}"", f""BIT15: DLMS封装={dlms_enabled}"", sub_offset, sub_offset + 1, is_child=True)
                sub_offset += 2
",""
"Variable:plc_rf_parser.py:dlms_bytes","dlms_bytes","plc_rf_parser.py",412,412,"
                    # 解析DLMS帧内容
                    dlms_bytes = bytes.fromhex(val[""原始值""].replace("" "", """"))
                    dlms_table = self.dlms_parser.parse_to_table(dlms_bytes)
                    for dlms_field, dlms_raw, dlms_parsed, dlms_comment, dlms_start, dlms_end in dlms_table:
",""
"Variable:plc_rf_parser.py:dlms_table","dlms_table","plc_rf_parser.py",413,413,"                    # 解析DLMS帧内容
                    dlms_bytes = bytes.fromhex(val[""原始值""].replace("" "", """"))
                    dlms_table = self.dlms_parser.parse_to_table(dlms_bytes)
                    for dlms_field, dlms_raw, dlms_parsed, dlms_comment, dlms_start, dlms_end in dlms_table:
                        self._add_field(table_data, f""    {dlms_field}"", dlms_raw, dlms_parsed, dlms_comment, sub_offset + dlms_start if dlms_start is not None else None, sub_offset + dlms_end if dlms_end is not None else None, is_child=True)
",""
"Variable:plc_rf_parser.py:raw_data","raw_data","plc_rf_parser.py",427,427,"            # 通用解析（未知命令）
            if ""原始数据"" in user_data:
                raw_data = user_data[""原始数据""]
                self._add_field(table_data, ""  原始数据"", raw_data, """", """", sub_offset, sub_offset + len(bytes.fromhex(raw_data.replace("" "", """"))) - 1, is_child=True)

",""
"Variable:plc_rf_parser.py:expected_len","expected_len","plc_rf_parser.py",460,460,"
        # 验证帧长度
        expected_len = 3 + length_val  # Start(1) + Length(2) + Data(length_val)
        if len(frame_bytes) < expected_len:
            result[""解析状态""] = ""失败""
",""
"Variable:plc_rf_parser.py:control_desc","control_desc","plc_rf_parser.py",468,468,"        # 解析控制域
        control_byte = frame_bytes[3]
        control_desc = self.CONTROL_MAP.get(control_byte, f""未知(0x{control_byte:02X})"")
        result[""控制域""] = {
            ""原始值"": f""0x{control_byte:02X}"",
",""
"Variable:plc_rf_parser.py:command_val","command_val","plc_rf_parser.py",475,475,"
        # 解析命令字（大端序）
        command_val = struct.unpack('>H', frame_bytes[4:6])[0]
        command_name = self.COMMAND_MAP.get(command_val, f""未知命令(0x{command_val:04X})"")
        result[""命令字""] = {
",""
"Variable:plc_rf_parser.py:command_name","command_name","plc_rf_parser.py",476,476,"        # 解析命令字（大端序）
        command_val = struct.unpack('>H', frame_bytes[4:6])[0]
        command_name = self.COMMAND_MAP.get(command_val, f""未知命令(0x{command_val:04X})"")
        result[""命令字""] = {
            ""原始值"": f""0x{frame_bytes[4]:02X} {frame_bytes[5]:02X}"",
",""
"Variable:plc_rf_parser.py:user_data_len","user_data_len","plc_rf_parser.py",485,485,"        # 用户数据区（从Command之后到CRC16之前）
        # Length = Control(1) + Command(2) + UserData(N) + CRC16(2)
        user_data_len = length_val - 5  # Control(1) + Command(2) + CRC16(2) = 5
        if user_data_len > 0:
            user_data_bytes = frame_bytes[6:6 + user_data_len]
",""
"Variable:plc_rf_parser.py:user_data_bytes","user_data_bytes","plc_rf_parser.py",487,487,"        user_data_len = length_val - 5  # Control(1) + Command(2) + CRC16(2) = 5
        if user_data_len > 0:
            user_data_bytes = frame_bytes[6:6 + user_data_len]
            result[""用户数据区""] = self._parse_data_content(command_val, user_data_bytes, control_byte)
        else:
",""
"Variable:plc_rf_parser.py:content","content","plc_rf_parser.py",526,526,"            control_byte: 控制域字节（0xC0=模块→电表，0xC4=电表→模块）
        """"""
        content = {""原始数据"": data.hex(' ').upper()}

        if command == 0x1001:
",""
"Variable:plc_rf_parser.py:manufacturer","manufacturer","plc_rf_parser.py",531,531,"            # 模块通用信息
            if len(data) >= 1:
                manufacturer = data[0]
                content[""模块厂家代码""] = {
                    ""原始值"": f""0x{manufacturer:02X}"",
",""
"Variable:plc_rf_parser.py:module_type","module_type","plc_rf_parser.py",538,538,"
            if len(data) >= 2:
                module_type = data[1]
                content[""模块类型""] = {
                    ""原始值"": f""0x{module_type:02X}"",
",""
"Variable:plc_rf_parser.py:hw_version","hw_version","plc_rf_parser.py",545,545,"
            if len(data) >= 10:
                hw_version = data[2:10]
                content[""硬件版本号""] = {
                    ""原始值"": hw_version.hex(' ').upper(),
",""
"Variable:plc_rf_parser.py:hw_detail","hw_detail","plc_rf_parser.py",552,552,"
            if len(data) >= 30:
                hw_detail = data[10:30]
                content[""硬件详细版本信息""] = {
                    ""原始值"": hw_detail.hex(' ').upper(),
",""
"Variable:plc_rf_parser.py:sw_version","sw_version","plc_rf_parser.py",559,559,"
            if len(data) >= 38:
                sw_version = data[30:38]
                content[""软件版本号""] = {
                    ""原始值"": sw_version.hex(' ').upper(),
",""
"Variable:plc_rf_parser.py:sw_detail","sw_detail","plc_rf_parser.py",566,566,"
            if len(data) >= 58:
                sw_detail = data[38:58]
                content[""软件详细版本号""] = {
                    ""原始值"": sw_detail.hex(' ').upper(),
",""
"Variable:plc_rf_parser.py:serial","serial","plc_rf_parser.py",573,573,"
            if len(data) >= 74:
                serial = data[58:74]
                content[""模块序列号""] = {
                    ""原始值"": serial.hex(' ').upper(),
",""
"Variable:plc_rf_parser.py:str_len","str_len","plc_rf_parser.py",583,583,"            if len(data) >= 2:
                if data[0] == 0x09:  # 固定值，代表数据类型
                    str_len = data[1]
                    meter_id = data[2:2 + str_len]
                    content[""表号""] = {
",""
"Variable:plc_rf_parser.py:meter_id","meter_id","plc_rf_parser.py",584,584,"                if data[0] == 0x09:  # 固定值，代表数据类型
                    str_len = data[1]
                    meter_id = data[2:2 + str_len]
                    content[""表号""] = {
                        ""长度"": str_len,
",""
"Variable:plc_rf_parser.py:online_status","online_status","plc_rf_parser.py",594,594,"            # 模块信息传输
            if len(data) >= 1:
                online_status = data[0]
                content[""模块在线状态""] = {
                    ""原始值"": f""0x{online_status:02X}"",
",""
"Variable:plc_rf_parser.py:hplc_band","hplc_band","plc_rf_parser.py",602,602,"
            if len(data) >= 2:
                hplc_band = data[1]
                content[""HPLC_band""] = {
                    ""原始值"": f""0x{hplc_band:02X}"",
",""
"Variable:plc_rf_parser.py:cco_mac","cco_mac","plc_rf_parser.py",609,609,"
            if len(data) >= 18:
                cco_mac = data[2:18]
                content[""HPLC_CCO_MAC_ADDR""] = {
                    ""原始值"": cco_mac.hex(' ').upper(),
",""
"Variable:plc_rf_parser.py:offset","offset","plc_rf_parser.py",617,617,"        elif command == 0x2004:
            # 获取电表信息
            offset = 0
            if len(data) >= offset + 1:
                retry_count = data[offset]
",""
"Variable:plc_rf_parser.py:retry_count","retry_count","plc_rf_parser.py",619,619,"            offset = 0
            if len(data) >= offset + 1:
                retry_count = data[offset]
                content[""事件推送重试次数""] = {
                    ""原始值"": f""0x{retry_count:02X}"",
",""
"Variable:plc_rf_parser.py:retry_delay","retry_delay","plc_rf_parser.py",627,627,"
            if len(data) >= offset + 2:
                retry_delay = struct.unpack('>H', data[offset:offset + 2])[0]
                content[""事件推送重试延迟""] = {
                    ""原始值"": f""0x{data[offset]:02X} {data[offset + 1]:02X}"",
",""
"Variable:plc_rf_parser.py:heartbeat_period","heartbeat_period","plc_rf_parser.py",635,635,"
            if len(data) >= offset + 2:
                heartbeat_period = struct.unpack('>H', data[offset:offset + 2])[0]
                content[""心跳周期""] = {
                    ""原始值"": f""0x{data[offset]:02X} {data[offset + 1]:02X}"",
",""
"Variable:plc_rf_parser.py:func_ctrl","func_ctrl","plc_rf_parser.py",643,643,"
            if len(data) >= offset + 2:
                func_ctrl = struct.unpack('>H', data[offset:offset + 2])[0]
                content[""功能控制字""] = {
                    ""原始值"": f""0x{data[offset]:02X} {data[offset + 1]:02X}"",
",""
"Variable:plc_rf_parser.py:status","status","plc_rf_parser.py",656,656,"                # 根据4.md文档：02 00 06 C0 12 01 [状态] CRC16
                if len(data) >= 1:
                    status = data[0]
                    content[""状态""] = {
                        ""原始值"": f""0x{status:02X}"",
",""
"Variable:plc_rf_parser.py:addr_type","addr_type","plc_rf_parser.py",671,671,"                    # 推送的目标地址类型（1字节）
                    if len(data) >= offset + 1:
                        addr_type = data[offset]
                        # 根据4.md文档：0=IPv4, 1=IPv6, 2=SMS
                        type_map = {0x00: ""IPv4"", 0x01: ""IPv6"", 0x02: ""SMS""}
",""
"Variable:plc_rf_parser.py:type_map","type_map","plc_rf_parser.py",673,673,"                        addr_type = data[offset]
                        # 根据4.md文档：0=IPv4, 1=IPv6, 2=SMS
                        type_map = {0x00: ""IPv4"", 0x01: ""IPv6"", 0x02: ""SMS""}
                        content[""推送的目标地址类型""] = {
                            ""原始值"": f""0x{addr_type:02X}"",
",""
"Variable:plc_rf_parser.py:addr_bytes","addr_bytes","plc_rf_parser.py",683,683,"                    # 推送的目标地址（最大48字节）
                    if len(data) >= offset + 48:
                        addr_bytes = data[offset:offset + 48]
                        # 解析地址（去掉填充的0x00）
                        null_pos = addr_bytes.find(b'\x00')
",""
"Variable:plc_rf_parser.py:addr_str","addr_str","plc_rf_parser.py",687,687,"                        null_pos = addr_bytes.find(b'\x00')
                        if null_pos > 0:
                            addr_str = addr_bytes[:null_pos].decode('ascii', errors='replace')
                        else:
                            addr_str = addr_bytes.decode('ascii', errors='replace')
",""
"Variable:plc_rf_parser.py:delay","delay","plc_rf_parser.py",699,699,"                    # 推送延时时间（2字节，大端序）
                    if len(data) >= offset + 2:
                        delay = struct.unpack('>H', data[offset:offset + 2])[0]
                        content[""推送延时时间""] = {
                            ""原始值"": f""0x{data[offset]:02X} {data[offset+1]:02X}"",
",""
"Variable:plc_rf_parser.py:dlms_data","dlms_data","plc_rf_parser.py",709,709,"                    # 透传的数据内容（剩余字节）
                    if len(data) > offset:
                        dlms_data = data[offset:]
                        content[""透传的数据内容""] = {
                            ""原始值"": dlms_data.hex(' ').upper(),
",""
"Variable:plc_rf_parser.py:validator","validator","plc_rf_parser.py",748,748,"        """"""验证帧的协议一致性，返回 ValidationResult""""""
        from validator.plc_rf_validator import PLCRFValidator
        validator = PLCRFValidator()
        return validator.verify(frame_bytes)
",""
"Variable:obis_lookup.py:STANDARD_OBIS","STANDARD_OBIS","obis_lookup.py",14,92,"
    # 标准 OBIS 码定义 (A.B.C.D.E.F -> 名称, 说明)
    STANDARD_OBIS = {
        # 通用对象 (0.x.x.x.x.255)
        (0, 0, 96, 1, 0, 255): (""设备逻辑名称"", ""设备的逻辑名称标识""),
        (0, 0, 96, 1, 1, 255): (""制造商"", ""设备制造商名称""),
        (0, 0, 96, 1, 2, 255): (""产品名称"", ""产品型号或名称""),
        (0, 0, 96, 1, 3, 255): (""固件版本"", ""当前固件版本号""),
        (0, 0, 96, 1, 4, 255): (""硬件版本"", ""当前硬件版本号""),

        # 电能相关对象 (1.x.x.x.x.255)
        (1, 0, 1, 8, 0, 255): (""正向有功总电能"", ""累计正向有功总电能""),
        (1, 0, 2, 8, 0, 255): (""反向有功总电能"", ""累计反向有功总电能""),
        (1, 0, 3, 8, 0, 255): (""正向无功总电能"", ""累计正向无功总电能""),
        (1, 0, 4, 8, 0, 255): (""反向无功总电能"", ""累计反向无功总电能""),
        (1, 0, 15, 8, 0, 255): (""绝对值有功总电能"", ""累计绝对值有功总电能""),

        # 需量相关对象 (1.x.x.x.x.255)
        (1, 0, 1, 6, 0, 255): (""正向有功最大需量"", ""正向有功最大需量及发生时间""),
        (1, 0, 2, 6, 0, 255): (""反向有功最大需量"", ""反向有功最大需量及发生时间""),

        # 时钟相关 (0.x.x.x.x.255)
        (0, 0, 1, 0, 0, 255): (""时钟"", ""当前日期和时间""),
        (0, 0, 1, 1, 0, 255): (""时区"", ""本地时区偏移""),
        (0, 0, 1, 2, 0, 255): (""夏令时"", ""夏令时状态""),

        # 关联对象 (0.x.x.x.x.255)
        (0, 0, 41, 0, 0, 255): (""当前关联"", ""当前活动关联""),
        (0, 0, 41, 0, 1, 255): (""关联状态"", ""当前关联状态""),

        # 安全对象 (0.x.x.x.x.255)
        (0, 0, 43, 1, 0, 255): (""当前用户"", ""当前活动用户""),
        (0, 0, 43, 1, 1, 255): (""用户列表"", ""已配置用户列表""),
        (0, 0, 43, 2, 0, 255): (""当前角色"", ""当前活动角色""),

        # 活动日历 (0.x.x.x.x.255)
        (0, 0, 13, 0, 0, 255): (""活动日历"", ""当前活动日历""),
        (0, 0, 13, 1, 0, 255): (""日表"", ""活动日表""),
        (0, 0, 13, 2, 0, 255): (""周表"", ""活动周表""),
        (0, 0, 13, 3, 0, 255): (""年表"", ""活动年表""),

        # 寄存器对象 (1.x.x.x.x.255)
        (1, 0, 1, 0, 0, 255): (""正向有功瞬时功率"", ""当前正向有功瞬时功率""),
        (1, 0, 2, 0, 0, 255): (""反向有功瞬时功率"", ""当前反向有功瞬时功率""),
        (1, 0, 3, 0, 0, 255): (""正向无功瞬时功率"", ""当前正向无功瞬时功率""),
        (1, 0, 4, 0, 0, 255): (""反向无功瞬时功率"", ""当前反向无功瞬时功率""),
        (1, 0, 15, 0, 0, 255): (""总功率因数"", ""当前总功率因数""),

        # 电压电流 (1.x.x.x.x.255)
        (1, 0, 32, 7, 0, 255): (""L1电压"", ""A相电压""),
        (1, 0, 52, 7, 0, 255): (""L2电压"", ""B相电压""),
        (1, 0, 72, 7, 0, 255): (""L3电压"", ""C相电压""),
        (1, 0, 31, 7, 0, 255): (""L1电流"", ""A相电流""),
        (1, 0, 51, 7, 0, 255): (""L2电流"", ""B相电流""),
        (1, 0, 71, 7, 0, 255): (""L3电流"", ""C相电流""),

        # 谐波 (1.x.x.x.x.255)
        (1, 0, 32, 127, 0, 255): (""L1电压THD"", ""A相电压总谐波失真""),
        (1, 0, 31, 127, 0, 255): (""L1电流THD"", ""A相电流总谐波失真""),

        # 需量寄存器 (1.x.x.x.x.255)
        (1, 0, 1, 4, 0, 255): (""正向有功需量"", ""当前正向有功需量""),
        (1, 0, 2, 4, 0, 255): (""反向有功需量"", ""当前反向有功需量""),

        # 质量指标 (1.x.x.x.x.255)
        (1, 0, 32, 24, 0, 255): (""L1电压中断次数"", ""A相电压中断次数""),
        (1, 0, 32, 26, 0, 255): (""L1电压中断累计时间"", ""A相电压中断累计时间""),

        # 错误寄存器对象 (0.x.x.x.x.255)
        (0, 0, 97, 97, 0, 255): (""错误寄存器"", ""通用错误寄存器""),
        (0, 0, 97, 97, 1, 255): (""报警寄存器1"", ""报警寄存器1""),
        (0, 0, 97, 97, 2, 255): (""报警寄存器2"", ""报警寄存器2""),
        (0, 0, 97, 97, 3, 255): (""报警寄存器3"", ""报警寄存器3""),

        # 断开控制对象 (0.x.x.x.x.255)
        (0, 0, 96, 3, 10, 255): (""断开控制状态"", ""断开控制状态""),
        (0, 0, 96, 3, 11, 255): (""断开控制模式"", ""断开控制模式""),

        # 限电阈值对象 (1.x.x.x.x.255)
        (1, 0, 94, 96, 19, 255): (""限电阈值"", ""限电阈值""),
    }

    def __init__(self, custom_obis_file: Optional[str] = None):",""
"Variable:obis_lookup.py:default_path","default_path","obis_lookup.py",109,109,"        else:
            # 默认保存位置
            default_path = Path(__file__).parent / ""custom_obis.json""
            if default_path.exists():
                self._load_custom_obis(str(default_path))",""
"Variable:obis_lookup.py:data","data","obis_lookup.py",120,120,"        try:
            with open(filepath, 'r', encoding='utf-8') as f:
                data = json.load(f)
            for item in data:
                obis = tuple(item['obis'])",""
"Variable:obis_lookup.py:obis","obis","obis_lookup.py",122,122,"                data = json.load(f)
            for item in data:
                obis = tuple(item['obis'])
                self.custom_obis[obis] = (item['name'], item['desc'])
        except Exception as e:",""
"Variable:obis_lookup.py:filepath","filepath","obis_lookup.py",130,130,"        """"""保存自定义 OBIS 到 JSON 文件""""""
        if filepath is None:
            filepath = str(Path(__file__).parent / ""custom_obis.json"")

        data = []",""
"Variable:obis_lookup.py:found","found","obis_lookup.py",159,159,"        for obis, (name, desc) in self.custom_obis.items():
            # 检查是否已存在
            found = False
            for i, (o, n, d, is_custom) in enumerate(self._data):
                if o == obis:",""
"Variable:obis_lookup.py:keyword","keyword","obis_lookup.py",184,184,"            return self._data

        keyword = keyword.strip().upper()
        results = []
",""
"Variable:obis_lookup.py:results","results","obis_lookup.py",185,185,"
        keyword = keyword.strip().upper()
        results = []

        for obis, name, desc, is_custom in self._data:",""
"Variable:obis_lookup.py:obis_str","obis_str","obis_lookup.py",189,189,"        for obis, name, desc, is_custom in self._data:
            # 构建 OBIS 字符串表示
            obis_str = f""{obis[0]}.{obis[1]}.{obis[2]}.{obis[3]}.{obis[4]}.{obis[5]}""

            # 匹配 OBIS 码或名称",""
"Variable:obis_lookup.py:lookup","lookup","obis_lookup.py",230,230,"if __name__ == ""__main__"":
    # 测试
    lookup = get_obis_lookup()
    print(f""总计 OBIS 数量: {len(lookup._data)}"")
",""
"Variable:main_gui.py:APP_VERSION","APP_VERSION","main_gui.py",37,37,"

APP_VERSION = ""1.6.7""

CHANGELOG = [
",""
"Variable:main_gui.py:CHANGELOG","CHANGELOG","main_gui.py",39,124,"APP_VERSION = ""1.6.7""

CHANGELOG = [
    (""1.6.7"", ""2026-04-30"", [
        ""修复南网协议DI字节序解析（恢复小端序，修复DI查找匹配）"",
        ""修复查询运行参数信息(E8 03 03 74)数据内容解析器IndexError"",
        ""修复国网验证器长度域校验逻辑（长度域值即帧总长度）"",
        ""南网/国网控制域位域显示二进制位值（D7~D0）"",
        ""国网信息域位域显示二进制位值（D0~D7）"",
    ]),
    (""1.6.6"", ""2026-04-30"", [
        ""修复DI解析字节序问题，恢复小端序正确匹配DI_COMBINATION_MAP"",
    ]),
    (""1.6.5"", ""2026-04-22"", [
        ""系统性修复字节序解析：所有多字节字段按小端序（低字节在前）解析"",
        ""修复ASCII字段反转：厂商代码/芯片代码等2字节ASCII正确反转显示"",
        ""修复BCD字段反转：版本时间/版本日期/版本号等按传输顺序反转后解析"",
        ""修复所有int.from_bytes大端序为小端序，符合协议低字节在前规范"",
        ""修复组帧引擎默认字节序为小端序，确保发送帧字节序正确"",
        ""修复_bcd_to_str支持非标准BCD十六进制（如0xC0显示为C0）"",
    ]),
    (""1.6.4"", ""2026-04-22"", [
        ""修复BCD日期解析：版本时间/版本日期/协议发布日期按BCD码原值显示"",
        ""修复BCD版本号解析：多字节BCD字段按小端序反转后显示"",
        ""修复批量查询厂商信息中的BCD日期和版本号解析"",
    ]),
    (""1.6.3"", ""2026-04-22"", [
        ""添加任务字段优化：任务模式字拆分为响应标识/转发标识/优先级下拉选择"",
        ""添加任务字段优化：报文内容拆分为业务代码（下拉）+报文有效内容（输入）"",
        ""添加任务支持条件字段：业务代码仅在转发标识=1时自动打包进报文"",
        ""引擎支持sub_fields位域合并和条件子字段打包"",
        ""添加多播任务同样支持任务模式字位域拆分"",
    ]),
    (""1.6.2"", ""2026-04-22"", [
        ""修正字段定义：移除多余字段（启动/暂停任务、查询白名单生效信息）"",
        ""修正字段定义：补充缺失字段（重启节点等待时长、台区识别保留字节等）"",
        ""修正字段定义：修复字段名与文档不匹配问题（无线参数、台区识别等）"",
        ""修正字段定义：为15个查询命令补充下行参数字段"",
        ""修正字段定义：统一多字节数值字段为小端序"",
    ]),
    (""1.6.1"", ""2026-04-22"", [
        ""协议组帧功能完善：支持88个下行DI命令"",
        ""命令说明弹窗支持非模态显示，可同时编辑主窗口"",
        ""字段模板表格和按钮布局优化，纵向空间更紧凑"",
        ""命令说明内容来源于PLUZ计量自动化系统技术规范文档"",
        ""串口通信支持配置、发送、日志和接收帧解析"",
    ]),
    (""1.6.0"", ""2026-04-21"", [
        ""新增国网协议(Q/GDW 10376.2-2024)解析支持"",
        ""支持国网协议AFN+Fn组合查询功能"",
        ""国网协议支持单帧解析、批量解析、字节高亮"",
        ""支持国网协议控制域、信息域、地址域、应用数据域完整解析"",
    ]),
    (""1.5.0"", ""2026-04-17"", [
        ""重构主界面代码，精简655行GUI代码，优化协议解析工具结构"",
        ""增强南网协议解析器，扩展控制域与用户数据区解析能力"",
        ""优化PyInstaller构建配置，提升打包稳定性与兼容性"",
    ]),
    (""1.4.0"", ""2026-04-16"", [
        ""修复表格交替行颜色失效的问题（stylesheet优化）"",
        ""新增AGENTS.md项目指南文件，便于AI辅助开发"",
        ""PyInstaller打包配置修复：添加custom_di.json和dlt645_di.json到datas"",
    ]),
    (""1.3.0"", ""2026-04-16"", [
        ""修复查询页面切换时按钮残留问题（递归清理layout）"",
        ""修复命令字查询页缺失的4个方法（_load_command_map_data等）"",
        ""修复命令字表格\""十六进制\""列显示十进制的bug，简化为2列"",
        ""新增菜单栏与\""关于\""对话框"",
    ]),
    (""1.2.0"", ""2026-04-16"", [
        ""优化HDLC解析器，修复APDU数据解析中的索引错误"",
        ""新增Wrapper帧提取功能"",
    ]),
    (""1.1.0"", ""2026-04-15"", [
        ""优化HDLC解析器，增强对返回数据和未知响应类型的处理"",
        ""更新主界面，改善协议选择和输入提示"",
    ]),
    (""1.0.1"", ""2026-04-15"", [
        ""新增README文档"",
        ""更新编译后的二进制文件"",
    ]),
    (""1.0.0"", ""2026-04-14"", [
        ""初始版本发布"",
        ""支持南网协议/PLC RF/HDLC/DLMS多协议解析"",
        ""单帧解析与批量解析功能"",
        ""DI/命令字/OBIS查询功能"",
    ]),
]


",""
"Variable:main_gui.py:result","result","main_gui.py",130,134,"    """"""从git日志获取变更记录，用于动态追加到CHANGELOG""""""
    try:
        result = subprocess.run(
            [""git"", ""log"", ""--format=%ai | %s"", ""-30""],
            capture_output=True, timeout=5,
            cwd=str(Path(__file__).parent),
        )
        if result.returncode != 0:
            return []
",""
"Variable:main_gui.py:output","output","main_gui.py",139,139,"        for enc in (""utf-8"", ""gbk"", ""latin-1""):
            try:
                output = result.stdout.decode(enc)
                break
            except (UnicodeDecodeError, UnicodeError):
",""
"Variable:main_gui.py:entries","entries","main_gui.py",145,145,"        else:
            output = result.stdout.decode(""utf-8"", errors=""replace"")
        entries = []
        for line in output.strip().splitlines():
            if "" | "" in line:
",""
"Variable:main_gui.py:date_msg","date_msg","main_gui.py",148,148,"        for line in output.strip().splitlines():
            if "" | "" in line:
                date_msg = line.split("" | "", 1)
                date = date_msg[0][:10]
                msg = date_msg[1]
",""
"Variable:main_gui.py:date","date","main_gui.py",149,149,"            if "" | "" in line:
                date_msg = line.split("" | "", 1)
                date = date_msg[0][:10]
                msg = date_msg[1]
                entries.append((date, msg))
",""
"Variable:main_gui.py:msg","msg","main_gui.py",150,150,"                date_msg = line.split("" | "", 1)
                date = date_msg[0][:10]
                msg = date_msg[1]
                entries.append((date, msg))
        return entries
",""
"Variable:main_gui.py:FILE_PATH_LABELS","FILE_PATH_LABELS","main_gui.py",158,166,"
# 配置文件路径标签映射
FILE_PATH_LABELS = {
    ""nw_command"": ""南网预设命令"",
    ""gw_command"": ""国网预设命令"",
    ""test_plan"": ""测试方案"",
    ""custom_di"": ""南网自定义DI"",
    ""dlt645_di"": ""DLT645 DI映射"",
    ""gdw_custom_afn"": ""国网自定义AFN"",
    ""command"": ""PLC RF命令字"",
}


",""
"Variable:main_gui.py:layout","layout","main_gui.py",180,180,"
    def _setup_ui(self):
        layout = QVBoxLayout(self)
        layout.setSpacing(10)
        layout.setContentsMargins(16, 16, 16, 16)
",""
"Variable:main_gui.py:desc","desc","main_gui.py",184,184,"        layout.setContentsMargins(16, 16, 16, 16)

        desc = QLabel(""管理各配置文件的存储路径。支持相对路径（相对于程序目录）或绝对路径。"")
        desc.setWordWrap(True)
        desc.setStyleSheet(""color: #666;"")
",""
"Variable:main_gui.py:row","row","main_gui.py",192,192,"        self._inputs: Dict[str, QLineEdit] = {}
        for key, label in FILE_PATH_LABELS.items():
            row = QHBoxLayout()
            row.setSpacing(8)

",""
"Variable:main_gui.py:lbl","lbl","main_gui.py",195,195,"            row.setSpacing(8)

            lbl = QLabel(f""{label}:"")
            lbl.setFixedWidth(110)
            lbl.setAlignment(Qt.AlignmentFlag.AlignRight | Qt.AlignmentFlag.AlignVCenter)
",""
"Variable:main_gui.py:edit","edit","main_gui.py",200,200,"            row.addWidget(lbl)

            edit = QLineEdit()
            edit.setText(self._file_paths.get(key, """"))
            edit.setPlaceholderText(f""默认: {key}.json"")
",""
"Variable:main_gui.py:btn","btn","main_gui.py",206,206,"            row.addWidget(edit, 1)

            btn = QPushButton(""浏览..."")
            btn.setFixedWidth(70)
            btn.clicked.connect(lambda checked=False, k=key, e=edit: self._browse_file(k, e))
",""
"Variable:main_gui.py:btn_layout","btn_layout","main_gui.py",216,216,"
        # 底部按钮
        btn_layout = QHBoxLayout()
        btn_layout.addStretch()

",""
"Variable:main_gui.py:save_btn","save_btn","main_gui.py",219,219,"        btn_layout.addStretch()

        save_btn = QPushButton(""保存"")
        save_btn.setStyleSheet(
            ""QPushButton { background-color: #4CAF50; color: white; ""
",""
"Variable:main_gui.py:cancel_btn","cancel_btn","main_gui.py",227,227,"        btn_layout.addWidget(save_btn)

        cancel_btn = QPushButton(""取消"")
        cancel_btn.clicked.connect(self.reject)
        btn_layout.addWidget(cancel_btn)
",""
"Variable:main_gui.py:current","current","main_gui.py",235,235,"    def _browse_file(self, key: str, edit: QLineEdit):
        """"""弹出文件选择对话框""""""
        current = edit.text().strip()
        start_dir = str(Path(__file__).parent)
        if current:
",""
"Variable:main_gui.py:start_dir","start_dir","main_gui.py",236,236,"        """"""弹出文件选择对话框""""""
        current = edit.text().strip()
        start_dir = str(Path(__file__).parent)
        if current:
            p = Path(current)
",""
"Variable:main_gui.py:p","p","main_gui.py",238,238,"        start_dir = str(Path(__file__).parent)
        if current:
            p = Path(current)
            if not p.is_absolute():
                p = Path(__file__).parent / p
",""
"Variable:main_gui.py:rel","rel","main_gui.py",250,250,"            # 尽量保存为相对路径
            try:
                rel = Path(path).relative_to(Path(__file__).parent)
                edit.setText(str(rel))
            except ValueError:
",""
"Variable:main_gui.py:val","val","main_gui.py",258,258,"        """"""保存按钮点击""""""
        for key, edit in self._inputs.items():
            val = edit.text().strip()
            if val:
                self._file_paths[key] = val
",""
"Variable:main_gui.py:central_widget","central_widget","main_gui.py",308,308,"    def setup_ui(self):
        """"""设置UI布局""""""
        central_widget = QWidget()
        self.setCentralWidget(central_widget)

",""
"Variable:main_gui.py:main_layout","main_layout","main_gui.py",311,311,"        self.setCentralWidget(central_widget)

        main_layout = QVBoxLayout(central_widget)
        main_layout.setContentsMargins(10, 10, 10, 10)
        main_layout.setSpacing(8)
",""
"Variable:main_gui.py:top_bar","top_bar","main_gui.py",316,316,"
        # ========== 顶部栏：协议选择 + 串口配置 ==========
        top_bar = QHBoxLayout()
        top_bar.setSpacing(6)

",""
"Variable:main_gui.py:proto_group","proto_group","main_gui.py",320,320,"
        # ---- 协议选择分组 ----
        proto_group = QGroupBox(""协议选择"")
        proto_layout = QHBoxLayout(proto_group)
        proto_layout.setContentsMargins(8, 4, 8, 4)
",""
"Variable:main_gui.py:proto_layout","proto_layout","main_gui.py",321,321,"        # ---- 协议选择分组 ----
        proto_group = QGroupBox(""协议选择"")
        proto_layout = QHBoxLayout(proto_group)
        proto_layout.setContentsMargins(8, 4, 8, 4)
        proto_layout.setSpacing(6)
",""
"Variable:main_gui.py:proto_label","proto_label","main_gui.py",325,325,"        proto_layout.setSpacing(6)

        proto_label = QLabel(""当前协议："")
        proto_label.setFont(QFont("""", 10, QFont.Bold))
        proto_label.setFixedWidth(65)
",""
"Variable:main_gui.py:serial_group","serial_group","main_gui.py",349,349,"
        # ---- 串口配置分组 ----
        serial_group = QGroupBox(""串口配置"")
        serial_layout = QHBoxLayout(serial_group)
        serial_layout.setContentsMargins(8, 4, 8, 4)
",""
"Variable:main_gui.py:serial_layout","serial_layout","main_gui.py",350,350,"        # ---- 串口配置分组 ----
        serial_group = QGroupBox(""串口配置"")
        serial_layout = QHBoxLayout(serial_group)
        serial_layout.setContentsMargins(8, 4, 8, 4)
        serial_layout.setSpacing(6)
",""
"Variable:main_gui.py:tab","tab","main_gui.py",435,435,"    def create_single_parse_tab(self) -> QWidget:
        """"""创建单帧解析标签页 - 上下布局""""""
        tab = QWidget()
        layout = QVBoxLayout(tab)
        layout.setSpacing(10)
",""
"Variable:main_gui.py:input_group","input_group","main_gui.py",440,440,"
        # === 上方：输入区 ===
        input_group = QGroupBox(""输入报文"")
        input_layout = QVBoxLayout(input_group)

",""
"Variable:main_gui.py:input_layout","input_layout","main_gui.py",441,441,"        # === 上方：输入区 ===
        input_group = QGroupBox(""输入报文"")
        input_layout = QVBoxLayout(input_group)

        self.single_input = QTextEdit()
",""
"Variable:main_gui.py:clear_btn","clear_btn","main_gui.py",471,471,"        btn_layout.addWidget(self.add_to_test_btn)

        clear_btn = QPushButton(""清空"")
        clear_btn.setMinimumHeight(32)
        clear_btn.clicked.connect(self.clear_single)
",""
"Variable:main_gui.py:result_group","result_group","main_gui.py",482,482,"
        # === 下方：解析结果表格 ===
        result_group = QGroupBox(""解析结果"")
        result_layout = QVBoxLayout(result_group)

",""
"Variable:main_gui.py:result_layout","result_layout","main_gui.py",483,483,"        # === 下方：解析结果表格 ===
        result_group = QGroupBox(""解析结果"")
        result_layout = QVBoxLayout(result_group)

        self.result_table_widget = QTableWidget()
",""
"Variable:main_gui.py:header","header","main_gui.py",489,489,"        self.result_table_widget.setHorizontalHeaderLabels([""字段"", ""原始值"", ""解析值"", ""说明""])
        # 允许用户拖拽调整列宽
        header = self.result_table_widget.horizontalHeader()
        header.setSectionResizeMode(QHeaderView.ResizeMode.Interactive)
        header.setStretchLastSection(True)
",""
"Variable:main_gui.py:table_font","table_font","main_gui.py",501,501,"        self.result_table_widget.verticalHeader().hide()
        self.result_table_widget.verticalHeader().setDefaultSectionSize(13)
        table_font = QFont()
        table_font.setPointSize(7)
        self.result_table_widget.setFont(table_font)
",""
"Variable:main_gui.py:verify_layout","verify_layout","main_gui.py",519,519,"        # === 校验结果区域 ===
        self.verify_group = QGroupBox(""校验结果"")
        verify_layout = QVBoxLayout(self.verify_group)
        self.verify_label = QLabel(""点击「校验报文」按钮进行协议一致性校验"")
        self.verify_label.setWordWrap(True)
",""
"Variable:main_gui.py:search_layout","search_layout","main_gui.py",537,537,"
        # 搜索栏
        search_layout = QHBoxLayout()
        search_label = QLabel(""搜索："")
        search_label.setFixedWidth(45)
",""
"Variable:main_gui.py:search_label","search_label","main_gui.py",538,538,"        # 搜索栏
        search_layout = QHBoxLayout()
        search_label = QLabel(""搜索："")
        search_label.setFixedWidth(45)
        self.di_search_input = QLineEdit()
",""
"Variable:main_gui.py:add_di_btn","add_di_btn","main_gui.py",577,577,"        # 按钮栏
        btn_layout = QHBoxLayout()
        add_di_btn = QPushButton(""添加自定义DI"")
        add_di_btn.clicked.connect(self._add_custom_di)
        btn_layout.addWidget(add_di_btn)
",""
"Variable:main_gui.py:del_di_btn","del_di_btn","main_gui.py",581,581,"        btn_layout.addWidget(add_di_btn)

        del_di_btn = QPushButton(""删除选中自定义DI"")
        del_di_btn.clicked.connect(self._del_custom_di)
        btn_layout.addWidget(del_di_btn)
",""
"Variable:main_gui.py:di_map","di_map","main_gui.py",596,596,"        """"""从解析器加载DI组合MAP数据到表格（含自定义标记）""""""
        self._di_data = []
        di_map = self.parser.DI_COMBINATION_MAP
        afn_map = self.parser.AFN_MAP
        custom_list = ProtocolFrameParser.load_custom_di_list()
",""
"Variable:main_gui.py:afn_map","afn_map","main_gui.py",597,597,"        self._di_data = []
        di_map = self.parser.DI_COMBINATION_MAP
        afn_map = self.parser.AFN_MAP
        custom_list = ProtocolFrameParser.load_custom_di_list()
        custom_keys = {(e[""di3""], e[""di2""], e[""di1""], e[""di0""]) for e in custom_list}
",""
"Variable:main_gui.py:custom_list","custom_list","main_gui.py",598,598,"        di_map = self.parser.DI_COMBINATION_MAP
        afn_map = self.parser.AFN_MAP
        custom_list = ProtocolFrameParser.load_custom_di_list()
        custom_keys = {(e[""di3""], e[""di2""], e[""di1""], e[""di0""]) for e in custom_list}

",""
"Variable:main_gui.py:custom_keys","custom_keys","main_gui.py",599,599,"        afn_map = self.parser.AFN_MAP
        custom_list = ProtocolFrameParser.load_custom_di_list()
        custom_keys = {(e[""di3""], e[""di2""], e[""di1""], e[""di0""]) for e in custom_list}

        for (di3, di2, di1, di0), desc in di_map.items():
",""
"Variable:main_gui.py:afn_val","afn_val","main_gui.py",602,602,"
        for (di3, di2, di1, di0), desc in di_map.items():
            afn_val = di1
            afn_name = afn_map.get(afn_val, f""未知({afn_val:02X})"")
            is_custom = (di3, di2, di1, di0) in custom_keys
",""
"Variable:main_gui.py:afn_name","afn_name","main_gui.py",603,603,"        for (di3, di2, di1, di0), desc in di_map.items():
            afn_val = di1
            afn_name = afn_map.get(afn_val, f""未知({afn_val:02X})"")
            is_custom = (di3, di2, di1, di0) in custom_keys
            self._di_data.append((di3, di2, di1, di0, afn_val, afn_name, desc, is_custom))
",""
"Variable:main_gui.py:is_custom","is_custom","main_gui.py",604,604,"            afn_val = di1
            afn_name = afn_map.get(afn_val, f""未知({afn_val:02X})"")
            is_custom = (di3, di2, di1, di0) in custom_keys
            self._di_data.append((di3, di2, di1, di0, afn_val, afn_name, desc, is_custom))

",""
"Variable:main_gui.py:desc_item","desc_item","main_gui.py",614,614,"            self.di_table.setItem(row, 3, QTableWidgetItem(f""{di0:02X}""))
            self.di_table.setItem(row, 4, QTableWidgetItem(f""{afn_val:02X}H {afn_name}""))
            desc_item = QTableWidgetItem((""★ "" if is_custom else """") + desc)
            if is_custom:
                desc_item.setForeground(QColor(""#1976D2""))
",""
"Variable:main_gui.py:keyword","keyword","main_gui.py",623,623,"    def _filter_di_table(self, text: str):
        """"""根据搜索文本过滤DI表格""""""
        keyword = text.strip().upper()
        match_count = 0

",""
"Variable:main_gui.py:match_count","match_count","main_gui.py",624,624,"        """"""根据搜索文本过滤DI表格""""""
        keyword = text.strip().upper()
        match_count = 0

        for row in range(self.di_table.rowCount()):
",""
"Variable:main_gui.py:di3","di3","main_gui.py",633,633,"
            # 构建该行的搜索文本：DI拼接 + AFN + 中文含义
            di3 = self.di_table.item(row, 0).text()
            di2 = self.di_table.item(row, 1).text()
            di1 = self.di_table.item(row, 2).text()
",""
"Variable:main_gui.py:di2","di2","main_gui.py",634,634,"            # 构建该行的搜索文本：DI拼接 + AFN + 中文含义
            di3 = self.di_table.item(row, 0).text()
            di2 = self.di_table.item(row, 1).text()
            di1 = self.di_table.item(row, 2).text()
            di0 = self.di_table.item(row, 3).text()
",""
"Variable:main_gui.py:di1","di1","main_gui.py",635,635,"            di3 = self.di_table.item(row, 0).text()
            di2 = self.di_table.item(row, 1).text()
            di1 = self.di_table.item(row, 2).text()
            di0 = self.di_table.item(row, 3).text()
            afn_text = self.di_table.item(row, 4).text()
",""
"Variable:main_gui.py:di0","di0","main_gui.py",636,636,"            di2 = self.di_table.item(row, 1).text()
            di1 = self.di_table.item(row, 2).text()
            di0 = self.di_table.item(row, 3).text()
            afn_text = self.di_table.item(row, 4).text()
            desc_text = self.di_table.item(row, 5).text()
",""
"Variable:main_gui.py:afn_text","afn_text","main_gui.py",637,637,"            di1 = self.di_table.item(row, 2).text()
            di0 = self.di_table.item(row, 3).text()
            afn_text = self.di_table.item(row, 4).text()
            desc_text = self.di_table.item(row, 5).text()

",""
"Variable:main_gui.py:desc_text","desc_text","main_gui.py",638,638,"            di0 = self.di_table.item(row, 3).text()
            afn_text = self.di_table.item(row, 4).text()
            desc_text = self.di_table.item(row, 5).text()

            di_str = f""{di3}{di2}{di1}{di0}""
",""
"Variable:main_gui.py:di_str","di_str","main_gui.py",640,640,"            desc_text = self.di_table.item(row, 5).text()

            di_str = f""{di3}{di2}{di1}{di0}""
            di_spaced = f""{di3} {di2} {di1} {di0}""
            search_text = f""{di_str} {di_spaced} {afn_text} {desc_text}"".upper()
",""
"Variable:main_gui.py:di_spaced","di_spaced","main_gui.py",641,641,"
            di_str = f""{di3}{di2}{di1}{di0}""
            di_spaced = f""{di3} {di2} {di1} {di0}""
            search_text = f""{di_str} {di_spaced} {afn_text} {desc_text}"".upper()

",""
"Variable:main_gui.py:search_text","search_text","main_gui.py",642,642,"            di_str = f""{di3}{di2}{di1}{di0}""
            di_spaced = f""{di3} {di2} {di1} {di0}""
            search_text = f""{di_str} {di_spaced} {afn_text} {desc_text}"".upper()

            if keyword in search_text:
",""
"Variable:main_gui.py:dialog","dialog","main_gui.py",657,657,"    def _add_custom_di(self):
        """"""添加自定义DI对话框""""""
        dialog = QDialog(self)
        dialog.setWindowTitle(""添加自定义DI"")
        dialog.setMinimumWidth(360)
",""
"Variable:main_gui.py:h1","h1","main_gui.py",663,663,"
        # DI3
        h1 = QHBoxLayout()
        h1.addWidget(QLabel(""DI3:""))
        di3_input = QLineEdit()
",""
"Variable:main_gui.py:di3_input","di3_input","main_gui.py",665,665,"        h1 = QHBoxLayout()
        h1.addWidget(QLabel(""DI3:""))
        di3_input = QLineEdit()
        di3_input.setPlaceholderText(""如 E8 或 EA"")
        di3_input.setMaxLength(2)
",""
"Variable:main_gui.py:h2","h2","main_gui.py",672,672,"
        # DI2 DI1 DI0 同一行
        h2 = QHBoxLayout()
        h2.addWidget(QLabel(""DI2:""))
        di2_input = QLineEdit()
",""
"Variable:main_gui.py:di2_input","di2_input","main_gui.py",674,674,"        h2 = QHBoxLayout()
        h2.addWidget(QLabel(""DI2:""))
        di2_input = QLineEdit()
        di2_input.setMaxLength(2)
        h2.addWidget(di2_input)
",""
"Variable:main_gui.py:di1_input","di1_input","main_gui.py",678,678,"        h2.addWidget(di2_input)
        h2.addWidget(QLabel(""DI1:""))
        di1_input = QLineEdit()
        di1_input.setMaxLength(2)
        h2.addWidget(di1_input)
",""
"Variable:main_gui.py:di0_input","di0_input","main_gui.py",682,682,"        h2.addWidget(di1_input)
        h2.addWidget(QLabel(""DI0:""))
        di0_input = QLineEdit()
        di0_input.setMaxLength(2)
        h2.addWidget(di0_input)
",""
"Variable:main_gui.py:h3","h3","main_gui.py",688,688,"
        # 中文含义
        h3 = QHBoxLayout()
        h3.addWidget(QLabel(""含义:""))
        desc_input = QLineEdit()
",""
"Variable:main_gui.py:desc_input","desc_input","main_gui.py",690,690,"        h3 = QHBoxLayout()
        h3.addWidget(QLabel(""含义:""))
        desc_input = QLineEdit()
        desc_input.setPlaceholderText(""如：查询XX信息"")
        h3.addWidget(desc_input)
",""
"Variable:main_gui.py:ok_btn","ok_btn","main_gui.py",697,697,"        # 按钮
        btn_layout = QHBoxLayout()
        ok_btn = QPushButton(""添加"")
        cancel_btn = QPushButton(""取消"")
        btn_layout.addStretch()
",""
"Variable:main_gui.py:key","key","main_gui.py",729,729,"        # 检查重复
        custom_list = ProtocolFrameParser.load_custom_di_list()
        key = (di3, di2, di1, di0)
        for e in custom_list:
            if (e[""di3""], e[""di2""], e[""di1""], e[""di0""]) == key:
",""
"Variable:main_gui.py:reply","reply","main_gui.py",760,764,"            return

        reply = QMessageBox.question(
            self, ""确认删除"",
            f""确定删除自定义DI：{di3:02X} {di2:02X} {di1:02X} {di0:02X} ({desc})？"",
            QMessageBox.Yes | QMessageBox.No, QMessageBox.No
        )
        if reply != QMessageBox.Yes:
            return
",""
"Variable:main_gui.py:toolbar","toolbar","main_gui.py",789,789,"
        # 工具栏
        toolbar = QHBoxLayout()

        self.load_file_btn = QPushButton(""从文件加载"")
",""
"Variable:main_gui.py:export_batch_btn","export_batch_btn","main_gui.py",854,854,"
        # 批量导出按钮
        export_batch_btn = QPushButton(""导出全部结果(JSON)"")
        export_batch_btn.clicked.connect(self.export_batch)
        result_layout.addWidget(export_batch_btn)
",""
"Variable:main_gui.py:ports","ports","main_gui.py",1187,1187,"        """"""刷新可用串口列表""""""
        self.serial_port_combo.clear()
        ports = SerialWorker.list_ports()
        if not ports:
            self.serial_port_combo.addItem(""无可用串口"")
",""
"Variable:main_gui.py:port","port","main_gui.py",1208,1208,"            self.serial_parity_combo.setEnabled(True)
        else:
            port = self.serial_port_combo.currentText()
            if not port or port == ""无可用串口"":
                QMessageBox.warning(self, ""警告"", ""请选择一个有效的串口"")
",""
"Variable:main_gui.py:baud","baud","main_gui.py",1212,1212,"                QMessageBox.warning(self, ""警告"", ""请选择一个有效的串口"")
                return
            baud = int(self.serial_baud_combo.currentText())
            parity = self.serial_parity_combo.currentText()
            self.serial_worker.configure(port, baudrate=baud, parity=parity)
",""
"Variable:main_gui.py:parity","parity","main_gui.py",1213,1213,"                return
            baud = int(self.serial_baud_combo.currentText())
            parity = self.serial_parity_combo.currentText()
            self.serial_worker.configure(port, baudrate=baud, parity=parity)
            if self.serial_worker.open_port():
",""
"Variable:main_gui.py:show_frame_gen","show_frame_gen","main_gui.py",1294,1294,"        # 协议组帧页面和预设命令页面在南网和国网协议下显示
        if hasattr(self, '_frame_gen_tab_index'):
            show_frame_gen = index in (0, 6)
            self.tab_widget.setTabVisible(self._frame_gen_tab_index, show_frame_gen)
            if show_frame_gen:
",""
"Variable:main_gui.py:mode","mode","main_gui.py",1297,1297,"            self.tab_widget.setTabVisible(self._frame_gen_tab_index, show_frame_gen)
            if show_frame_gen:
                mode = ""south"" if index == 0 else ""gdw""
                self.frame_gen_tab.set_protocol_mode(mode)
            else:
",""
"Variable:main_gui.py:lookup_tab_index","lookup_tab_index","main_gui.py",1316,1316,"
        # 更新选项卡标签
        lookup_tab_index = self.tab_widget.indexOf(self.protocol_lookup_tab)

        if self.current_protocol == 0:
",""
"Variable:main_gui.py:add_btn","add_btn","main_gui.py",1357,1357,"
        # 添加自定义按钮
        add_btn = QPushButton(""添加自定义"")
        add_btn.setToolTip(""添加自定义AFN+Fn组合"")
        add_btn.clicked.connect(self._add_custom_gdw_fn)
",""
"Variable:main_gui.py:del_btn","del_btn","main_gui.py",1363,1363,"
        # 删除自定义按钮
        del_btn = QPushButton(""删除自定义"")
        del_btn.setToolTip(""删除选中的自定义AFN+Fn组合"")
        del_btn.clicked.connect(self._delete_custom_gdw_fn)
",""
"Variable:main_gui.py:data","data","main_gui.py",1400,1400,"    def _load_gdw_map_data(self):
        """"""从国网解析器加载AFN+Fn数据到表格（包含自定义条目）""""""
        data = self.gdw_parser.get_afn_fn_list()
        self._gdw_data = data
        self.gdw_table.setRowCount(len(data))
",""
"Variable:main_gui.py:item_afn","item_afn","main_gui.py",1404,1404,"        self.gdw_table.setRowCount(len(data))
        for row, (afn, afn_name, fn, fn_name) in enumerate(data):
            item_afn = QTableWidgetItem(f""{afn:02X}H"")
            item_afn_name = QTableWidgetItem(afn_name)
            item_fn = QTableWidgetItem(f""F{fn}"")
",""
"Variable:main_gui.py:item_afn_name","item_afn_name","main_gui.py",1405,1405,"        for row, (afn, afn_name, fn, fn_name) in enumerate(data):
            item_afn = QTableWidgetItem(f""{afn:02X}H"")
            item_afn_name = QTableWidgetItem(afn_name)
            item_fn = QTableWidgetItem(f""F{fn}"")
            item_fn_name = QTableWidgetItem(fn_name)
",""
"Variable:main_gui.py:item_fn","item_fn","main_gui.py",1406,1406,"            item_afn = QTableWidgetItem(f""{afn:02X}H"")
            item_afn_name = QTableWidgetItem(afn_name)
            item_fn = QTableWidgetItem(f""F{fn}"")
            item_fn_name = QTableWidgetItem(fn_name)
            # 自定义条目用蓝色标记
",""
"Variable:main_gui.py:item_fn_name","item_fn_name","main_gui.py",1407,1407,"            item_afn_name = QTableWidgetItem(afn_name)
            item_fn = QTableWidgetItem(f""F{fn}"")
            item_fn_name = QTableWidgetItem(fn_name)
            # 自定义条目用蓝色标记
            is_custom = (afn in self.gdw_parser._custom_fn_map and fn in self.gdw_parser._custom_fn_map.get(afn, {}))
",""
"Variable:main_gui.py:blue_brush","blue_brush","main_gui.py",1411,1411,"            is_custom = (afn in self.gdw_parser._custom_fn_map and fn in self.gdw_parser._custom_fn_map.get(afn, {}))
            if is_custom:
                blue_brush = QColor(""#E3F2FD"")
                for item in (item_afn, item_afn_name, item_fn, item_fn_name):
                    item.setBackground(blue_brush)
",""
"Variable:main_gui.py:results","results","main_gui.py",1426,1426,"            self._load_gdw_map_data()
            return
        results = self.gdw_parser.search_afn_fn(keyword)
        self.gdw_table.setRowCount(len(results))
        for row, (afn, afn_name, fn, fn_name) in enumerate(results):
",""
"Variable:main_gui.py:afn_input","afn_input","main_gui.py",1452,1452,"        layout = QFormLayout(dialog)

        afn_input = QSpinBox()
        afn_input.setRange(0, 255)
        afn_input.setPrefix(""0x"")
",""
"Variable:main_gui.py:fn_input","fn_input","main_gui.py",1458,1458,"        layout.addRow(""AFN (十六进制):"", afn_input)

        fn_input = QSpinBox()
        fn_input.setRange(1, 248)
        layout.addRow(""Fn:"", fn_input)
",""
"Variable:main_gui.py:name_input","name_input","main_gui.py",1462,1462,"        layout.addRow(""Fn:"", fn_input)

        name_input = QLE()
        name_input.setPlaceholderText(""输入功能名称"")
        layout.addRow(""功能名称:"", name_input)
",""
"Variable:main_gui.py:afn_name_input","afn_name_input","main_gui.py",1466,1466,"        layout.addRow(""功能名称:"", name_input)

        afn_name_input = QLE()
        afn_name_input.setPlaceholderText(""可选：自定义AFN类别名称"")
        layout.addRow(""AFN类别名称(可选):"", afn_name_input)
",""
"Variable:main_gui.py:buttons","buttons","main_gui.py",1470,1470,"        layout.addRow(""AFN类别名称(可选):"", afn_name_input)

        buttons = QDialogButtonBox(QDialogButtonBox.StandardButton.Ok | QDialogButtonBox.StandardButton.Cancel)
        buttons.accepted.connect(dialog.accept)
        buttons.rejected.connect(dialog.reject)
",""
"Variable:main_gui.py:afn","afn","main_gui.py",1476,1476,"
        if dialog.exec() == QDialog.DialogCode.Accepted:
            afn = afn_input.value()
            fn = fn_input.value()
            name = name_input.text().strip()
",""
"Variable:main_gui.py:fn","fn","main_gui.py",1477,1477,"        if dialog.exec() == QDialog.DialogCode.Accepted:
            afn = afn_input.value()
            fn = fn_input.value()
            name = name_input.text().strip()
            afn_name = afn_name_input.text().strip()
",""
"Variable:main_gui.py:name","name","main_gui.py",1478,1478,"            afn = afn_input.value()
            fn = fn_input.value()
            name = name_input.text().strip()
            afn_name = afn_name_input.text().strip()
            if not name:
",""
"Variable:main_gui.py:fn_text","fn_text","main_gui.py",1503,1503,"            return
        afn_text = self.gdw_table.item(row, 0).text().replace(""H"", """")
        fn_text = self.gdw_table.item(row, 2).text()
        try:
            afn = int(afn_text, 16)
",""
"Variable:main_gui.py:add_dlt645_di_btn","add_dlt645_di_btn","main_gui.py",1666,1666,"        # 按钮栏
        btn_layout = QHBoxLayout()
        add_dlt645_di_btn = QPushButton(""添加自定义DI"")
        add_dlt645_di_btn.clicked.connect(self._add_dlt645_custom_di)
        btn_layout.addWidget(add_dlt645_di_btn)
",""
"Variable:main_gui.py:del_dlt645_di_btn","del_dlt645_di_btn","main_gui.py",1670,1670,"        btn_layout.addWidget(add_dlt645_di_btn)

        del_dlt645_di_btn = QPushButton(""删除选中自定义DI"")
        del_dlt645_di_btn.clicked.connect(self._del_dlt645_custom_di)
        btn_layout.addWidget(del_dlt645_di_btn)
",""
"Variable:main_gui.py:name_item","name_item","main_gui.py",1687,1687,"        for row, (di_code, di_name, unit, data_type, desc, is_custom) in enumerate(data):
            self.dlt645_di_table.setItem(row, 0, QTableWidgetItem(di_code))
            name_item = QTableWidgetItem((""★ "" if is_custom else """") + di_name)
            if is_custom:
                name_item.setForeground(QColor(""#1976D2""))
",""
"Variable:main_gui.py:custom_count","custom_count","main_gui.py",1694,1694,"            self.dlt645_di_table.setItem(row, 3, QTableWidgetItem(data_type))
            self.dlt645_di_table.setItem(row, 4, QTableWidgetItem(desc))
        custom_count = sum(1 for item in data if item[5])
        self.dlt645_di_stats_label.setText(f""共 {len(data)} 条记录（其中自定义 {custom_count} 条）"")

",""
"Variable:main_gui.py:di_code_input","di_code_input","main_gui.py",1727,1727,"        h1 = QHBoxLayout()
        h1.addWidget(QLabel(""DI编码:""))
        di_code_input = QLineEdit()
        di_code_input.setPlaceholderText(""如 04000101"")
        di_code_input.setMaxLength(8)
",""
"Variable:main_gui.py:unit_input","unit_input","main_gui.py",1744,1744,"        h3 = QHBoxLayout()
        h3.addWidget(QLabel(""单位:""))
        unit_input = QLineEdit()
        unit_input.setPlaceholderText(""如：kWh（可留空）"")
        h3.addWidget(unit_input)
",""
"Variable:main_gui.py:h4","h4","main_gui.py",1750,1750,"
        # 数据类型
        h4 = QHBoxLayout()
        h4.addWidget(QLabel(""数据类型:""))
        data_type_input = QLineEdit()
",""
"Variable:main_gui.py:data_type_input","data_type_input","main_gui.py",1752,1752,"        h4 = QHBoxLayout()
        h4.addWidget(QLabel(""数据类型:""))
        data_type_input = QLineEdit()
        data_type_input.setPlaceholderText(""如：XX（可留空）"")
        h4.addWidget(data_type_input)
",""
"Variable:main_gui.py:di_code","di_code","main_gui.py",1772,1772,"            return

        di_code = di_code_input.text().strip().upper()
        name = name_input.text().strip()
        unit = unit_input.text().strip()
",""
"Variable:main_gui.py:unit","unit","main_gui.py",1774,1774,"        di_code = di_code_input.text().strip().upper()
        name = name_input.text().strip()
        unit = unit_input.text().strip()
        data_type = data_type_input.text().strip()

",""
"Variable:main_gui.py:data_type","data_type","main_gui.py",1775,1775,"        name = name_input.text().strip()
        unit = unit_input.text().strip()
        data_type = data_type_input.text().strip()

        if not di_code or not name:
",""
"Variable:main_gui.py:success","success","main_gui.py",1781,1781,"            return

        success = self.dlt645_di_lookup.add_custom_di(di_code, name, unit, data_type)
        if success:
            self._load_dlt645_di_map_data()
",""
"Variable:main_gui.py:obis_str","obis_str","main_gui.py",1889,1889,"        self.obis_table.setRowCount(len(data))
        for row, (obis, name, desc, is_custom) in enumerate(data):
            obis_str = f""{obis[0]}.{obis[1]}.{obis[2]}.{obis[3]}.{obis[4]}.{obis[5]}""
            self.obis_table.setItem(row, 0, QTableWidgetItem(obis_str))
            name_item = QTableWidgetItem((""★ "" if is_custom else """") + name)
",""
"Variable:main_gui.py:a","a","main_gui.py",1896,1896,"            self.obis_table.setItem(row, 1, name_item)
            # 根据OBIS A值推断对象类型
            a = obis[0]
            type_map = {
                0: ""General"", 1: ""Register"", 2: ""ExtendedRegister"",
",""
"Variable:main_gui.py:type_map","type_map","main_gui.py",1897,1902,"            # 根据OBIS A值推断对象类型
            a = obis[0]
            type_map = {
                0: ""General"", 1: ""Register"", 2: ""ExtendedRegister"",
                3: ""DemandRegister"", 5: ""ProfileGeneric"", 7: ""ScriptTable"",
                10: ""Association LN"", 17: ""ActivityCalendar"",
                20: ""DisconnectControl"",
            }
            self.obis_table.setItem(row, 2, QTableWidgetItem(type_map.get(a, f""Type_{a}"")))
            self.obis_table.setItem(row, 3, QTableWidgetItem(""Read/Write"" if is_custom else ""Read""))
",""
"Variable:main_gui.py:table","table","main_gui.py",1963,1963,"                def parse_to_table(self, data):
                    result = self.parser.parse(data)
                    table = []
                    # DLT645 帧结构计算字节范围
                    data_len = result.get('data_length', 0)
",""
"Variable:main_gui.py:data_len","data_len","main_gui.py",1965,1965,"                    table = []
                    # DLT645 帧结构计算字节范围
                    data_len = result.get('data_length', 0)
                    total_len = 10 + data_len + 2

",""
"Variable:main_gui.py:total_len","total_len","main_gui.py",1966,1966,"                    # DLT645 帧结构计算字节范围
                    data_len = result.get('data_length', 0)
                    total_len = 10 + data_len + 2

                    for field, raw, desc in result['fields']:
",""
"Variable:main_gui.py:byte_start","byte_start","main_gui.py",1969,1969,"
                    for field, raw, desc in result['fields']:
                        byte_start = 0
                        byte_end = 0
                        parsed_value = ''
",""
"Variable:main_gui.py:byte_end","byte_end","main_gui.py",1970,1970,"                    for field, raw, desc in result['fields']:
                        byte_start = 0
                        byte_end = 0
                        parsed_value = ''

",""
"Variable:main_gui.py:parsed_value","parsed_value","main_gui.py",1971,1971,"                        byte_start = 0
                        byte_end = 0
                        parsed_value = ''

                        if '帧起始符 1' in field:
",""
"Variable:main_gui.py:di_desc","di_desc","main_gui.py",1987,1987,"                            byte_start, byte_end = 10, 13
                            di_code = result.get('di_code', '')
                            di_desc = result.get('di_desc', '')
                            parsed_value = f""{di_code} ({di_desc})"" if di_code and di_desc else di_code
                        elif '数据内容' in field:
",""
"Variable:main_gui.py:input_text","input_text","main_gui.py",2011,2011,"    def parse_single(self):
        """"""解析单帧报文""""""
        input_text = self.single_input.toPlainText().strip()
        if not input_text:
            QMessageBox.warning(self, ""警告"", ""请输入报文内容！"")
",""
"Variable:main_gui.py:clean_input","clean_input","main_gui.py",2017,2017,"
        # 清理输入
        clean_input = input_text.replace("" "", """").replace(""\n"", """").replace(""\t"", """").strip()

        # 验证输入
",""
"Variable:main_gui.py:frame_bytes","frame_bytes","main_gui.py",2030,2030,"        try:
            # 转换为字节
            frame_bytes = bytes.fromhex(clean_input)

            # 格式化为空格分隔的 hex，方便高亮
",""
"Variable:main_gui.py:hex_display","hex_display","main_gui.py",2033,2033,"
            # 格式化为空格分隔的 hex，方便高亮
            hex_display = ' '.join(f'{b:02X}' for b in frame_bytes)
            self.single_input.setPlainText(hex_display)

",""
"Variable:main_gui.py:current_parser","current_parser","main_gui.py",2037,2037,"
            # 使用当前选中的解析器
            current_parser = self._get_current_parser()
            table_data = current_parser.parse_to_table(frame_bytes)
            self._populate_table_from_data(table_data)
",""
"Variable:main_gui.py:table_data","table_data","main_gui.py",2038,2038,"            # 使用当前选中的解析器
            current_parser = self._get_current_parser()
            table_data = current_parser.parse_to_table(frame_bytes)
            self._populate_table_from_data(table_data)

",""
"Variable:main_gui.py:validators","validators","main_gui.py",2072,2080,"            from validator import NWValidator, GDWValidator, HDLCValidator, PLCRFValidator, DLT645Validator

            validators = {
                0: NWValidator(),      # 南网
                1: PLCRFValidator(),   # PLC RF
                2: HDLCValidator(),    # HDLC
                3: HDLCValidator(),    # Wrapper
                4: HDLCValidator(),    # APDU
                5: DLT645Validator(),  # DLT645
                6: GDWValidator(),     # 国网
            }

            validator = validators.get(self.current_protocol)
",""
"Variable:main_gui.py:validator","validator","main_gui.py",2082,2082,"            }

            validator = validators.get(self.current_protocol)
            if validator:
                result = validator.verify(frame_bytes)
",""
"Variable:main_gui.py:lines","lines","main_gui.py",2096,2096,"        from validator.base import CheckLevel

        lines = []
        lines.append(f""协议: {result.protocol}"")
        lines.append(f""整体结果: {'✅ 通过' if result.valid else '❌ 失败'}"")
",""
"Variable:main_gui.py:icon","icon","main_gui.py",2102,2102,"
        for check in result.checks:
            icon = ""✅"" if check.level == CheckLevel.PASS else ""❌"" if check.level == CheckLevel.FAIL else ""⚠️""
            lines.append(f""{icon} {check.name}: {check.message}"")

",""
"Variable:main_gui.py:clean_hex","clean_hex","main_gui.py",2133,2133,"
        # 清理 HEX
        clean_hex = input_text.replace("" "", """").replace(""\n"", """").replace(""\t"", """").strip()

        if not clean_hex:
",""
"Variable:main_gui.py:protocol_names","protocol_names","main_gui.py",2140,2143,"
        # 根据协议生成名称
        protocol_names = {
            0: ""南网"", 1: ""PLC RF"", 2: ""HDLC"", 3: ""Wrapper"",
            4: ""APDU"", 5: ""DLT645"", 6: ""国网""
        }
        protocol_name = protocol_names.get(self.current_protocol, ""未知"")
        name = f""{protocol_name}帧-{len(self.test_plan_tab._items) + 1}""
",""
"Variable:main_gui.py:protocol_name","protocol_name","main_gui.py",2144,2144,"            4: ""APDU"", 5: ""DLT645"", 6: ""国网""
        }
        protocol_name = protocol_names.get(self.current_protocol, ""未知"")
        name = f""{protocol_name}帧-{len(self.test_plan_tab._items) + 1}""

",""
"Variable:main_gui.py:child","child","main_gui.py",2190,2190,"        """"""递归清除layout中的所有子layout和widget""""""
        while layout.count():
            child = layout.takeAt(0)
            if child.widget():
                child.widget().deleteLater()
",""
"Variable:main_gui.py:menubar","menubar","main_gui.py",2213,2213,"    def _setup_menu_bar(self):
        """"""创建菜单栏""""""
        menubar = self.menuBar()

        # 配置菜单
",""
"Variable:main_gui.py:config_menu","config_menu","main_gui.py",2216,2216,"
        # 配置菜单
        config_menu = menubar.addMenu(""配置(&C)"")
        config_action = config_menu.addAction(""配置文件路径(&P)..."")
        config_action.triggered.connect(self._show_config_dialog)
",""
"Variable:main_gui.py:config_action","config_action","main_gui.py",2217,2217,"        # 配置菜单
        config_menu = menubar.addMenu(""配置(&C)"")
        config_action = config_menu.addAction(""配置文件路径(&P)..."")
        config_action.triggered.connect(self._show_config_dialog)

",""
"Variable:main_gui.py:help_menu","help_menu","main_gui.py",2220,2220,"        config_action.triggered.connect(self._show_config_dialog)

        help_menu = menubar.addMenu(""帮助(&H)"")

        about_action = help_menu.addAction(""关于(&A)"")
",""
"Variable:main_gui.py:about_action","about_action","main_gui.py",2222,2222,"        help_menu = menubar.addMenu(""帮助(&H)"")

        about_action = help_menu.addAction(""关于(&A)"")
        about_action.triggered.connect(self._show_about_dialog)

",""
"Variable:main_gui.py:title_label","title_label","main_gui.py",2235,2235,"        layout.setSpacing(12)

        title_label = QLabel(f""协议解析工具"")
        title_label.setFont(QFont(""Microsoft YaHei"", 16, QFont.Bold))
        title_label.setAlignment(Qt.AlignmentFlag.AlignCenter)
",""
"Variable:main_gui.py:version_label","version_label","main_gui.py",2240,2240,"        layout.addWidget(title_label)

        version_label = QLabel(f""版本 2.0"")
        version_label.setFont(QFont(""Microsoft YaHei"", 11))
        version_label.setAlignment(Qt.AlignmentFlag.AlignCenter)
",""
"Variable:main_gui.py:desc_label","desc_label","main_gui.py",2246,2246,"        layout.addWidget(version_label)

        desc_label = QLabel(""支持南网协议 / PLC RF / HDLC/DLMS 多协议报文解析"")
        desc_label.setAlignment(Qt.AlignmentFlag.AlignCenter)
        desc_label.setWordWrap(True)
",""
"Variable:main_gui.py:changelog_label","changelog_label","main_gui.py",2251,2251,"        layout.addWidget(desc_label)

        changelog_label = QLabel(""版本更新记录"")
        changelog_label.setFont(QFont(""Microsoft YaHei"", 10, QFont.Bold))
        layout.addWidget(changelog_label)
",""
"Variable:main_gui.py:changelog_text","changelog_text","main_gui.py",2255,2255,"        layout.addWidget(changelog_label)

        changelog_text = QTextEdit()
        changelog_text.setReadOnly(True)
        changelog_text.setFont(QFont(""Microsoft YaHei"", 9))
",""
"Variable:main_gui.py:today","today","main_gui.py",2260,2260,"
        from datetime import date
        today = date.today().strftime(""%Y-%m-%d"")
        html_parts = []
        html_parts.append(f""<b>v2.0 ({today})</b><ul>"")
",""
"Variable:main_gui.py:html_parts","html_parts","main_gui.py",2261,2261,"        from datetime import date
        today = date.today().strftime(""%Y-%m-%d"")
        html_parts = []
        html_parts.append(f""<b>v2.0 ({today})</b><ul>"")
        html_parts.append(""<li>优化界面布局，提高信息密度</li>"")
",""
"Variable:main_gui.py:content","content","main_gui.py",2296,2296,"            try:
                with open(file_path, 'r', encoding='utf-8', errors='ignore') as f:
                    content = f.read()
                self.batch_input.setPlainText(content)
                frames = self._extract_frames(content)
",""
"Variable:main_gui.py:frames","frames","main_gui.py",2298,2298,"                    content = f.read()
                self.batch_input.setPlainText(content)
                frames = self._extract_frames(content)
                self.update_stats(f""已从文件加载，识别到 {len(frames)} 帧报文（点击\""开始批量解析\""执行）"")
            except Exception as e:
",""
"Variable:main_gui.py:clipboard","clipboard","main_gui.py",2305,2305,"    def paste_from_clipboard(self):
        """"""从剪贴板粘贴""""""
        clipboard = QApplication.clipboard()
        text = clipboard.text()
        if text:
",""
"Variable:main_gui.py:text","text","main_gui.py",2306,2306,"        """"""从剪贴板粘贴""""""
        clipboard = QApplication.clipboard()
        text = clipboard.text()
        if text:
            self.batch_input.setPlainText(text)
",""
"Variable:main_gui.py:clean","clean","main_gui.py",2331,2331,"        """"""
        import re
        clean = re.sub(r'[^0-9A-Fa-f]', '', text).upper()

        frames = []
",""
"Variable:main_gui.py:i","i","main_gui.py",2334,2334,"
        frames = []
        i = 0
        while i < len(clean) - 7:
            pos = clean.find('68', i)
",""
"Variable:main_gui.py:pos","pos","main_gui.py",2336,2336,"        i = 0
        while i < len(clean) - 7:
            pos = clean.find('68', i)
            if pos == -1:
                break
",""
"Variable:main_gui.py:low_byte","low_byte","main_gui.py",2344,2344,"
            try:
                low_byte = int(clean[pos + 2:pos + 4], 16)
                high_byte = int(clean[pos + 4:pos + 6], 16)
                length = low_byte | (high_byte << 8)
",""
"Variable:main_gui.py:high_byte","high_byte","main_gui.py",2345,2345,"            try:
                low_byte = int(clean[pos + 2:pos + 4], 16)
                high_byte = int(clean[pos + 4:pos + 6], 16)
                length = low_byte | (high_byte << 8)
            except ValueError:
",""
"Variable:main_gui.py:length","length","main_gui.py",2346,2346,"                low_byte = int(clean[pos + 2:pos + 4], 16)
                high_byte = int(clean[pos + 4:pos + 6], 16)
                length = low_byte | (high_byte << 8)
            except ValueError:
                i = pos + 2
",""
"Variable:main_gui.py:frame_hex_len","frame_hex_len","main_gui.py",2355,2355,"                continue

            frame_hex_len = length * 2
            if pos + frame_hex_len > len(clean):
                i = pos + 2
",""
"Variable:main_gui.py:candidate","candidate","main_gui.py",2360,2360,"                continue

            candidate = clean[pos:pos + frame_hex_len]
            if candidate[-2:] != '16':
                i = pos + 2
",""
"Variable:main_gui.py:cs_expected","cs_expected","main_gui.py",2367,2367,"            try:
                frame_bytes = bytes.fromhex(candidate)
                cs_expected = sum(frame_bytes[3:length - 1]) & 0xFF
                cs_actual = frame_bytes[length - 1]
                if cs_expected == cs_actual:
",""
"Variable:main_gui.py:cs_actual","cs_actual","main_gui.py",2368,2368,"                frame_bytes = bytes.fromhex(candidate)
                cs_expected = sum(frame_bytes[3:length - 1]) & 0xFF
                cs_actual = frame_bytes[length - 1]
                if cs_expected == cs_actual:
                    frames.append(candidate)
",""
"Variable:main_gui.py:success_count","success_count","main_gui.py",2397,2397,"        self.result_table.setRowCount(0)

        success_count = 0
        fail_count = 0

",""
"Variable:main_gui.py:fail_count","fail_count","main_gui.py",2398,2398,"
        success_count = 0
        fail_count = 0

        for i, frame_hex in enumerate(frames):
",""
"Variable:main_gui.py:direction","direction","main_gui.py",2402,2402,"        for i, frame_hex in enumerate(frames):
            table_data = []
            direction = ""-""
            try:
                frame_bytes = bytes.fromhex(frame_hex)
",""
"Variable:main_gui.py:summary","summary","main_gui.py",2415,2415,"
                # 从表格数据生成摘要（取前3个字段作为摘要）
                summary = self._get_summary_from_table_data(table_data)

                status = ""成功""
",""
"Variable:main_gui.py:status","status","main_gui.py",2417,2417,"                summary = self._get_summary_from_table_data(table_data)

                status = ""成功""
                success_count += 1

",""
"Variable:main_gui.py:status_item","status_item","main_gui.py",2461,2461,"
            # 状态
            status_item = QTableWidgetItem(status)
            if status == ""成功"":
                status_item.setForeground(Qt.darkGreen)
",""
"Variable:main_gui.py:field_name","field_name","main_gui.py",2475,2475,"        # 控制域子字段""传输方向""的 field_name 为""  传输方向""或""  传输方向(DIR)""（带前缀空格）
        for item in table_data:
            field_name = item[0]
            parsed_val = item[2]
            # 查找传输方向字段（去除空格后匹配）
",""
"Variable:main_gui.py:parsed_val","parsed_val","main_gui.py",2476,2476,"        for item in table_data:
            field_name = item[0]
            parsed_val = item[2]
            # 查找传输方向字段（去除空格后匹配）
            if ""传输方向"" in field_name or ""DIR"" in field_name:
",""
"Variable:main_gui.py:dir_code","dir_code","main_gui.py",2479,2479,"            # 查找传输方向字段（去除空格后匹配）
            if ""传输方向"" in field_name or ""DIR"" in field_name:
                dir_code = str(parsed_val).strip()
                if dir_code == ""0"":
                    return ""下行帧(集中器→模块)""
",""
"Variable:main_gui.py:summary_parts","summary_parts","main_gui.py",2493,2493,"            return ""-""

        summary_parts = []

        if self.current_protocol == 0:
",""
"Variable:main_gui.py:seq_val","seq_val","main_gui.py",2498,2498,"            # 南网协议：提取 AFN 名称（comment）、SEQ 值、DI 业务说明（comment）
            afn_val = None
            seq_val = None
            di_desc = None
            for item in table_data:
",""
"Variable:main_gui.py:comment","comment","main_gui.py",2503,2503,"                field_name = item[0]
                parsed_val = item[2]
                comment = item[3]
                if field_name == ""应用功能码 (AFN)"":
                    # AFN 的 parsed_val 为空，说明在 comment 中
",""
"Variable:main_gui.py:fn_desc","fn_desc","main_gui.py",2524,2524,"            # 国网协议：提取 AFN 名称、Fn 说明、传输方向
            afn_name = None
            fn_desc = None
            dir_desc = None
            for item in table_data:
",""
"Variable:main_gui.py:dir_desc","dir_desc","main_gui.py",2525,2525,"            afn_name = None
            fn_desc = None
            dir_desc = None
            for item in table_data:
                field_name = item[0]
",""
"Variable:main_gui.py:line","line","main_gui.py",2593,2593,"
        for line in text.splitlines():
            line = line.strip()
            if not line:
                continue
",""
"Variable:main_gui.py:hex_matches","hex_matches","main_gui.py",2599,2599,"            # 提取连续的长串十六进制数据（至少16个字符）
            # 这样 WRAPPER 中的零散字母不会被误认为数据
            hex_matches = re.findall(r'[0-9A-Fa-f]{16,}', line)
            if not hex_matches:
                continue
",""
"Variable:main_gui.py:hex_pattern","hex_pattern","main_gui.py",2604,2604,"
            for hex_pattern in hex_matches:
                hex_pattern = hex_pattern.upper()

                # 扫描整个十六进制字符串，寻找Wrapper头部 (0001xxxx)
",""
"Variable:main_gui.py:apdu_len","apdu_len","main_gui.py",2612,2612,"                    if hex_pattern[i:i+4] == '0001':
                        # 解析Wrapper头部的长度字段
                        apdu_len = int(hex_pattern[i+12:i+16], 16)

                        # 验证长度合理性（允许apdu_len=0，因为数据可能被截断）
",""
"Variable:main_gui.py:frame_len","frame_len","main_gui.py",2617,2617,"                        if 0 <= apdu_len <= 8192:
                            # 计算完整帧长度: 8字节头部 + apdu_len
                            frame_len = 16 + apdu_len * 2

                            if i + frame_len <= len(hex_pattern):
",""
"Variable:main_gui.py:frame_hex","frame_hex","main_gui.py",2621,2621,"                            if i + frame_len <= len(hex_pattern):
                                # 提取完整帧
                                frame_hex = hex_pattern[i:i+frame_len]
                                frames.append(frame_hex)
                                i += frame_len
",""
"Variable:main_gui.py:end","end","main_gui.py",2644,2644,"                break
            # 找下一个7E结束
            end = clean.find('7E', pos + 2)
            if end == -1:
                # 如果没找到结束，直接取到结尾或者最大长度
",""
"Variable:main_gui.py:raw_hex","raw_hex","main_gui.py",2757,2757,"
        # 原始数据
        raw_hex = result.get(""_input"", result.get(""原始数据"", """"))
        if raw_hex:
            hex_display = ' '.join(raw_hex[j:j+2] for j in range(0, len(raw_hex), 2))
",""
"Variable:main_gui.py:raw_label","raw_label","main_gui.py",2760,2760,"        if raw_hex:
            hex_display = ' '.join(raw_hex[j:j+2] for j in range(0, len(raw_hex), 2))
            raw_label = QLabel(f""原始报文：{hex_display}"")
            raw_label.setFont(QFont(""Consolas"", 10))
            raw_label.setTextInteractionFlags(Qt.TextInteractionFlag.TextSelectableByMouse)
",""
"Variable:main_gui.py:detail_table","detail_table","main_gui.py",2778,2778,"                    table_data = current_parser.parse_to_table(frame_bytes)

                detail_table = QTableWidget()
                detail_table.setColumnCount(4)
                detail_table.setHorizontalHeaderLabels([""字段"", ""原始值"", ""解析值"", ""说明""])
",""
"Variable:main_gui.py:text_edit","text_edit","main_gui.py",2806,2806,"            except Exception:
                # 回退到JSON显示
                text_edit = QTextEdit()
                text_edit.setReadOnly(True)
                text_edit.setFont(QFont(""Consolas"", 10))
",""
"Variable:main_gui.py:error_text","error_text","main_gui.py",2813,2813,"        else:
            # 异常帧，显示错误信息
            error_text = result.get(""错误"", json.dumps(result, ensure_ascii=False, indent=2))
            text_edit = QTextEdit()
            text_edit.setReadOnly(True)
",""
"Variable:main_gui.py:doc","doc","main_gui.py",2850,2850,"            return

        doc = self.single_input.document()
        cursor = QTextCursor(doc)

",""
"Variable:main_gui.py:cursor","cursor","main_gui.py",2851,2851,"
        doc = self.single_input.document()
        cursor = QTextCursor(doc)

        # 先清除所有高亮，恢复默认格式
",""
"Variable:main_gui.py:default_fmt","default_fmt","main_gui.py",2855,2855,"        # 先清除所有高亮，恢复默认格式
        cursor.select(QTextCursor.SelectionType.Document)
        default_fmt = QTextCharFormat()
        default_fmt.setFontFamily(""Consolas, Monaco, monospace"")
        default_fmt.setForeground(QColor(""#000000""))
",""
"Variable:main_gui.py:char_start","char_start","main_gui.py",2870,2870,"
        # 在 ""XX XX XX ..."" 格式中，第 i 个字节对应字符位置 i*3 ~ i*3+1
        char_start = byte_start * 3
        char_end = byte_end * 3 + 2

",""
"Variable:main_gui.py:char_end","char_end","main_gui.py",2871,2871,"        # 在 ""XX XX XX ..."" 格式中，第 i 个字节对应字符位置 i*3 ~ i*3+1
        char_start = byte_start * 3
        char_end = byte_end * 3 + 2

        # 边界保护
",""
"Variable:main_gui.py:text_len","text_len","main_gui.py",2874,2874,"
        # 边界保护
        text_len = len(self.single_input.toPlainText())
        if char_end > text_len:
            char_end = text_len
",""
"Variable:main_gui.py:highlight_cursor","highlight_cursor","main_gui.py",2879,2879,"
        # 选中对应字符，应用高亮
        highlight_cursor = QTextCursor(doc)
        highlight_cursor.setPosition(char_start)
        highlight_cursor.setPosition(char_end, QTextCursor.MoveMode.KeepAnchor)
",""
"Variable:main_gui.py:hl_fmt","hl_fmt","main_gui.py",2883,2883,"        highlight_cursor.setPosition(char_end, QTextCursor.MoveMode.KeepAnchor)

        hl_fmt = QTextCharFormat()
        hl_fmt.setFontFamily(""Consolas, Monaco, monospace"")
        hl_fmt.setForeground(QColor(""#000000""))
",""
"Variable:main_gui.py:full_bytes","full_bytes","main_gui.py",2904,2904,"            return

        full_bytes = self.current_result
        # 提取对应范围字节（byte_end 包含在内）
        extracted_bytes = full_bytes[byte_start : byte_end + 1]
",""
"Variable:main_gui.py:extracted_bytes","extracted_bytes","main_gui.py",2906,2906,"        full_bytes = self.current_result
        # 提取对应范围字节（byte_end 包含在内）
        extracted_bytes = full_bytes[byte_start : byte_end + 1]

        if len(extracted_bytes) == 0:
",""
"Variable:main_gui.py:dialog_title","dialog_title","main_gui.py",2914,2914,"        # 自动识别协议类型
        extracted_bytes = bytes(extracted_bytes)
        dialog_title = """"
        try:
            # 先检测是否是DLT645协议帧
",""
"Variable:main_gui.py:parsed_data","parsed_data","main_gui.py",2920,2920,"                # DLT645协议
                result = self.dlt645_parser.parse(extracted_bytes)
                parsed_data = []
                for field, raw, desc in result['fields']:
                    parsed_data.append((field, raw, '', desc, 0, 0))
",""
"Variable:main_gui.py:hex_text","hex_text","main_gui.py",2940,2940,"
        # 显示提取的十六进制
        hex_text = QTextEdit()
        hex_text.setReadOnly(True)
        hex_text.setFont(QFont(""Consolas"", 10))
",""
"Variable:main_gui.py:hex_str","hex_str","main_gui.py",2944,2944,"        hex_text.setFont(QFont(""Consolas"", 10))
        hex_text.setMaximumHeight(80)
        hex_str = ' '.join(f'{b:02X}' for b in extracted_bytes)
        hex_text.setText(f""提取字节: {hex_str}"")
        layout.addWidget(hex_text)
",""
"Variable:main_gui.py:config_path","config_path","main_gui.py",2986,2986,"    def _load_serial_config(self):
        """"""从 config.json 加载串口配置""""""
        config_path = Path(__file__).parent / ""config.json""
        if not config_path.exists():
            return
",""
"Variable:main_gui.py:config","config","main_gui.py",2991,2991,"        try:
            with open(config_path, ""r"", encoding=""utf-8"") as f:
                config = json.load(f)
            serial_config = config.get(""serial"", {})
            port = serial_config.get(""port"", """")
",""
"Variable:main_gui.py:serial_config","serial_config","main_gui.py",2992,2992,"            with open(config_path, ""r"", encoding=""utf-8"") as f:
                config = json.load(f)
            serial_config = config.get(""serial"", {})
            port = serial_config.get(""port"", """")
            baud = serial_config.get(""baudrate"", ""9600"")
",""
"Variable:main_gui.py:idx","idx","main_gui.py",2999,2999,"            # 应用配置（仅当值有效时）
            if port:
                idx = self.serial_port_combo.findText(port)
                if idx >= 0:
                    self.serial_port_combo.setCurrentIndex(idx)
",""
"Variable:main_gui.py:paths","paths","main_gui.py",3028,3028,"            self._app_config = {}

        paths = self._app_config.get(""file_paths"", {})
        self._file_paths = {}
        for key, val in paths.items():
",""
"Variable:main_gui.py:file_paths","file_paths","main_gui.py",3052,3052,"
        # 更新文件路径配置
        file_paths: Dict[str, str] = {}
        for key, path in self._file_paths.items():
            if path:
",""
"Variable:main_gui.py:current_paths","current_paths","main_gui.py",3071,3071,"        """"""显示配置路径管理对话框""""""
        # 构建当前路径字典（字符串形式传给对话框）
        current_paths: Dict[str, str] = {}
        for key, path in self._file_paths.items():
            if path:
",""
"Variable:main_gui.py:new_paths","new_paths","main_gui.py",3084,3084,"            return

        new_paths = dialog.get_file_paths()
        self._file_paths = {}
        for key, val in new_paths.items():
",""
"Variable:main_gui.py:app","app","main_gui.py",3178,3178,"
def main():
    app = QApplication(sys.argv)

    # 设置应用样式
",""
"Variable:main_gui.py:font","font","main_gui.py",3184,3184,"
    # 设置字体
    font = QFont()
    font.setPointSize(10)
    app.setFont(font)
",""
"Variable:main_gui.py:window","window","main_gui.py",3188,3188,"    app.setFont(font)

    window = MainWindow()
    window.show()

",""
"Variable:lookup_pages_simple.py:table","table","lookup_pages_simple.py",17,17,"def create_base_table(headers, column_widths):
    """"""创建基础表格""""""
    table = QTableWidget()
    table.setColumnCount(len(headers))
    table.setHorizontalHeaderLabels(headers)",""
"Variable:lookup_pages_simple.py:header","header","lookup_pages_simple.py",21,21,"    table.setHorizontalHeaderLabels(headers)

    header = table.horizontalHeader()
    header.setSectionResizeMode(QHeaderView.ResizeMode.Interactive)
    header.setStretchLastSection(True)",""
"Variable:lookup_pages_simple.py:font","font","lookup_pages_simple.py",32,32,"    table.verticalHeader().hide()

    font = QFont()
    font.setPointSize(8)
    table.setFont(font)",""
"Variable:lookup_pages_simple.py:widget","widget","lookup_pages_simple.py",43,43,"    from command_lookup import get_command_lookup

    widget = QWidget()
    layout = QVBoxLayout(widget)
    layout.setSpacing(10)",""
"Variable:lookup_pages_simple.py:layout","layout","lookup_pages_simple.py",44,44,"
    widget = QWidget()
    layout = QVBoxLayout(widget)
    layout.setSpacing(10)
",""
"Variable:lookup_pages_simple.py:lookup","lookup","lookup_pages_simple.py",47,47,"    layout.setSpacing(10)

    lookup = get_command_lookup()

    # 搜索栏",""
"Variable:lookup_pages_simple.py:search_layout","search_layout","lookup_pages_simple.py",50,50,"
    # 搜索栏
    search_layout = QHBoxLayout()
    search_label = QLabel(""搜索："")
    search_label.setFixedWidth(45)",""
"Variable:lookup_pages_simple.py:search_label","search_label","lookup_pages_simple.py",51,51,"    # 搜索栏
    search_layout = QHBoxLayout()
    search_label = QLabel(""搜索："")
    search_label.setFixedWidth(45)
    search_input = QLineEdit()",""
"Variable:lookup_pages_simple.py:search_input","search_input","lookup_pages_simple.py",53,53,"    search_label = QLabel(""搜索："")
    search_label.setFixedWidth(45)
    search_input = QLineEdit()
    search_input.setPlaceholderText(""输入命令字编码(如1001)或关键词搜索..."")
    setup_chinese_context_menu(search_input)",""
"Variable:lookup_pages_simple.py:stats_label","stats_label","lookup_pages_simple.py",61,61,"
    # 统计标签
    stats_label = QLabel()
    stats_label.setStyleSheet(""color: #666; font-size: 12px;"")
    layout.addWidget(stats_label)",""
"Variable:lookup_pages_simple.py:data","data","lookup_pages_simple.py",74,74,"    # 加载数据
    def load_data():
        data = lookup._data
        table.setRowCount(len(data))
        for row, (code, name, desc, is_custom) in enumerate(data):",""
"Variable:lookup_pages_simple.py:name_item","name_item","lookup_pages_simple.py",80,80,"            table.setItem(row, 1, QTableWidgetItem(f""{code}""))

            name_item = QTableWidgetItem((""★ "" if is_custom else """") + name)
            if is_custom:
                name_item.setForeground(QColor(""#1976D2""))",""
"Variable:lookup_pages_simple.py:keyword","keyword","lookup_pages_simple.py",91,91,"    # 过滤功能
    def filter_table(text):
        keyword = text.strip().upper()
        if not keyword:
            load_data()",""
"Variable:lookup_pages_simple.py:results","results","lookup_pages_simple.py",96,96,"            return

        results = lookup.search(keyword)
        table.setRowCount(len(results))
        for row, (code, name, desc, is_custom) in enumerate(results):",""
"Variable:lookup_pages_simple.py:obis_str","obis_str","lookup_pages_simple.py",158,158,"        for row, (obis, name, desc, is_custom) in enumerate(data):
            # OBIS码
            obis_str = f""{obis[0]}.{obis[1]}.{obis[2]}.{obis[3]}.{obis[4]}.{obis[5]}""
            table.setItem(row, 0, QTableWidgetItem(obis_str))
",""
"Variable:lookup_pages_simple.py:obj_type","obj_type","lookup_pages_simple.py",168,168,"
            # 对象类型（从desc推断）
            obj_type = _infer_object_type(obis)
            table.setItem(row, 2, QTableWidgetItem(obj_type))
",""
"Variable:lookup_pages_simple.py:access","access","lookup_pages_simple.py",172,172,"
            # 访问属性
            access = ""Read/Write"" if is_custom else ""Read""
            table.setItem(row, 3, QTableWidgetItem(access))
",""
"Variable:lookup_pages_simple.py:a","a","lookup_pages_simple.py",182,182,"    def _infer_object_type(obis):
        """"""根据OBIS推断对象类型""""""
        a = obis[0]
        type_map = {
            0: ""General"",",""
"Variable:lookup_pages_simple.py:type_map","type_map","lookup_pages_simple.py",183,195,"        """"""根据OBIS推断对象类型""""""
        a = obis[0]
        type_map = {
            0: ""General"",
            1: ""Register"",
            2: ""ExtendedRegister"",
            3: ""DemandRegister"",
            4: ""RegisterActivation"",
            5: ""ProfileGeneric"",
            7: ""ScriptTable"",
            8: ""Schedule"",
            10: ""Association LN"",
            17: ""ActivityCalendar"",
            20: ""DisconnectControl"",
        }
        return type_map.get(a, f""Unknown_{a}"")
",""
"Variable:lookup_pages.py:layout","layout","lookup_pages.py",17,17,"def create_search_bar(parent, placeholder=""输入关键词搜索..."", on_text_changed=None):
    """"""创建搜索栏""""""
    layout = QHBoxLayout()
    label = QLabel(""搜索："")
    label.setFixedWidth(45)",""
"Variable:lookup_pages.py:label","label","lookup_pages.py",18,18,"    """"""创建搜索栏""""""
    layout = QHBoxLayout()
    label = QLabel(""搜索："")
    label.setFixedWidth(45)
    search_input = QLineEdit()",""
"Variable:lookup_pages.py:search_input","search_input","lookup_pages.py",20,20,"    label = QLabel(""搜索："")
    label.setFixedWidth(45)
    search_input = QLineEdit()
    search_input.setPlaceholderText(placeholder)
    if on_text_changed:",""
"Variable:lookup_pages.py:table","table","lookup_pages.py",32,32,"def create_table_widget(headers, column_widths):
    """"""创建表格""""""
    table = QTableWidget()
    table.setColumnCount(len(headers))
    table.setHorizontalHeaderLabels(headers)",""
"Variable:lookup_pages.py:header","header","lookup_pages.py",36,36,"    table.setHorizontalHeaderLabels(headers)

    header = table.horizontalHeader()
    header.setSectionResizeMode(QHeaderView.ResizeMode.Interactive)
    header.setStretchLastSection(True)",""
"Variable:lookup_pages.py:table_font","table_font","lookup_pages.py",47,47,"    table.verticalHeader().hide()

    table_font = QFont()
    table_font.setPointSize(8)
    table.setFont(table_font)",""
"Variable:lookup_pages.py:widget","widget","lookup_pages.py",67,67,"    from PySide6.QtWidgets import QTableWidgetItem

    widget = QWidget()
    layout = QVBoxLayout(widget)
    layout.setSpacing(10)",""
"Variable:lookup_pages.py:stats_label","stats_label","lookup_pages.py",83,83,"
    # 统计标签
    stats_label = create_stats_label()
    layout.addWidget(stats_label)
",""
"Variable:lookup_pages.py:btn_layout","btn_layout","lookup_pages.py",94,94,"
    # 按钮栏
    btn_layout = QHBoxLayout()
    add_btn = QPushButton(""添加自定义DI"")
    add_btn.clicked.connect(lambda: QMessageBox.information(parent, ""提示"", ""添加自定义DI功能待实现""))",""
"Variable:lookup_pages.py:add_btn","add_btn","lookup_pages.py",95,95,"    # 按钮栏
    btn_layout = QHBoxLayout()
    add_btn = QPushButton(""添加自定义DI"")
    add_btn.clicked.connect(lambda: QMessageBox.information(parent, ""提示"", ""添加自定义DI功能待实现""))
    btn_layout.addWidget(add_btn)",""
"Variable:lookup_pages.py:del_btn","del_btn","lookup_pages.py",99,99,"    btn_layout.addWidget(add_btn)

    del_btn = QPushButton(""删除选中自定义DI"")
    del_btn.clicked.connect(lambda: QMessageBox.information(parent, ""提示"", ""删除自定义DI功能待实现""))
    btn_layout.addWidget(del_btn)",""
"Variable:lookup_pages.py:di_data","di_data","lookup_pages.py",107,107,"
    # 加载数据
    di_data = _load_di_data(parser, table, stats_label)

    return widget, table, di_data, stats_label",""
"Variable:lookup_pages.py:di_map","di_map","lookup_pages.py",118,118,"
    di_data = []
    di_map = parser.DI_COMBINATION_MAP
    afn_map = parser.AFN_MAP
    custom_list = parser.load_custom_di_list()",""
"Variable:lookup_pages.py:afn_map","afn_map","lookup_pages.py",119,119,"    di_data = []
    di_map = parser.DI_COMBINATION_MAP
    afn_map = parser.AFN_MAP
    custom_list = parser.load_custom_di_list()
    custom_keys = {(e[""di3""], e[""di2""], e[""di1""], e[""di0""]) for e in custom_list}",""
"Variable:lookup_pages.py:custom_list","custom_list","lookup_pages.py",120,120,"    di_map = parser.DI_COMBINATION_MAP
    afn_map = parser.AFN_MAP
    custom_list = parser.load_custom_di_list()
    custom_keys = {(e[""di3""], e[""di2""], e[""di1""], e[""di0""]) for e in custom_list}
",""
"Variable:lookup_pages.py:custom_keys","custom_keys","lookup_pages.py",121,121,"    afn_map = parser.AFN_MAP
    custom_list = parser.load_custom_di_list()
    custom_keys = {(e[""di3""], e[""di2""], e[""di1""], e[""di0""]) for e in custom_list}

    for (di3, di2, di1, di0), desc in di_map.items():",""
"Variable:lookup_pages.py:afn_val","afn_val","lookup_pages.py",124,124,"
    for (di3, di2, di1, di0), desc in di_map.items():
        afn_val = di1
        afn_name = afn_map.get(afn_val, f""未知({afn_val:02X})"")
        is_custom = (di3, di2, di1, di0) in custom_keys",""
"Variable:lookup_pages.py:afn_name","afn_name","lookup_pages.py",125,125,"    for (di3, di2, di1, di0), desc in di_map.items():
        afn_val = di1
        afn_name = afn_map.get(afn_val, f""未知({afn_val:02X})"")
        is_custom = (di3, di2, di1, di0) in custom_keys
        di_data.append((di3, di2, di1, di0, afn_val, afn_name, desc, is_custom))",""
"Variable:lookup_pages.py:is_custom","is_custom","lookup_pages.py",126,126,"        afn_val = di1
        afn_name = afn_map.get(afn_val, f""未知({afn_val:02X})"")
        is_custom = (di3, di2, di1, di0) in custom_keys
        di_data.append((di3, di2, di1, di0, afn_val, afn_name, desc, is_custom))
",""
"Variable:lookup_pages.py:desc_item","desc_item","lookup_pages.py",145,145,"        table.setItem(row, 3, QTableWidgetItem(f""{di0:02X}""))
        table.setItem(row, 4, QTableWidgetItem(f""{afn_val:02X}H {afn_name}""))
        desc_item = QTableWidgetItem((""★ "" if is_custom else """") + desc)
        if is_custom:
            desc_item.setForeground(QColor(""#1976D2""))",""
"Variable:lookup_pages.py:keyword","keyword","lookup_pages.py",155,155,"def _filter_di_table(table, di_data, text, stats_label):
    """"""过滤DI表格""""""
    keyword = text.strip().upper()
    if not keyword:
        _populate_di_table(table, di_data, stats_label)",""
"Variable:lookup_pages.py:filtered","filtered","lookup_pages.py",160,160,"        return

    filtered = []
    for di3, di2, di1, di0, afn_val, afn_name, desc, is_custom in di_data:
        di_str = f""{di3:02X}{di2:02X}{di1:02X}{di0:02X}""",""
"Variable:lookup_pages.py:di_str","di_str","lookup_pages.py",162,162,"    filtered = []
    for di3, di2, di1, di0, afn_val, afn_name, desc, is_custom in di_data:
        di_str = f""{di3:02X}{di2:02X}{di1:02X}{di0:02X}""
        search_text = f""{di_str} {afn_name} {desc}"".upper()
        if keyword in search_text:",""
"Variable:lookup_pages.py:search_text","search_text","lookup_pages.py",163,163,"    for di3, di2, di1, di0, afn_val, afn_name, desc, is_custom in di_data:
        di_str = f""{di3:02X}{di2:02X}{di1:02X}{di0:02X}""
        search_text = f""{di_str} {afn_name} {desc}"".upper()
        if keyword in search_text:
            filtered.append((di3, di2, di1, di0, afn_val, afn_name, desc, is_custom))",""
"Variable:Lib.py:tempbytes","tempbytes","Lib.py",10,10,"
def Sub_33(bytes_string):
    tempbytes = bytes(0)
    for byte1 in bytes_string:
        if byte1 >= 0x33:
",""
"Variable:Lib.py:u8","u8","Lib.py",20,20,"
# C数据类型定义
u8 = c_uint8
u16 = c_uint16
u32 = c_uint32
",""
"Variable:Lib.py:u16","u16","Lib.py",21,21,"# C数据类型定义
u8 = c_uint8
u16 = c_uint16
u32 = c_uint32
u64 = c_uint64
",""
"Variable:Lib.py:u32","u32","Lib.py",22,22,"u8 = c_uint8
u16 = c_uint16
u32 = c_uint32
u64 = c_uint64

",""
"Variable:Lib.py:u64","u64","Lib.py",23,23,"u16 = c_uint16
u32 = c_uint32
u64 = c_uint64

U8 = c_uint8
",""
"Variable:Lib.py:U8","U8","Lib.py",25,25,"u64 = c_uint64

U8 = c_uint8
U16 = c_uint16
U32 = c_uint32
",""
"Variable:Lib.py:U16","U16","Lib.py",26,26,"
U8 = c_uint8
U16 = c_uint16
U32 = c_uint32
U64 = c_uint64
",""
"Variable:Lib.py:U32","U32","Lib.py",27,27,"U8 = c_uint8
U16 = c_uint16
U32 = c_uint32
U64 = c_uint64

",""
"Variable:Lib.py:U64","U64","Lib.py",28,28,"U16 = c_uint16
U32 = c_uint32
U64 = c_uint64

# 条目头的定义
",""
"Variable:Lib.py:_pack_","_pack_","Lib.py",32,32,"# 条目头的定义
class EntryHeader(Structure):
    _pack_ = 1
    _fields_ = [
        (""Data_ID"", u16, 6),
",""
"Variable:Lib.py:_fields_","_fields_","Lib.py",33,38,"class EntryHeader(Structure):
    _pack_ = 1
    _fields_ = [
        (""Data_ID"", u16, 6),
        (""Classified_ID"", u16, 3),
        (""Coding"", u16, 2),
        (""Data_Length"", u16, 5),
        ]
# 确认帧条目头的定义
class SackEntryHeader(Structure):
",""
"Variable:Lib.py:coding","coding","Lib.py",48,48,"        ]
    
coding = {1:""[ASCII]"", 2:""[BIN  ]"", 3:""[BCD  ]""}
""""""
解析测试帧，输出各个条目的信息。
",""
"Variable:Lib.py:log_lines","log_lines","Lib.py",63,63,"    # 如果没有提供回调函数，使用原来的列表方式（向后兼容）
    if log_callback is None:
        log_lines = []
        def local_log(level, message):
            log_lines.append(message)
",""
"Variable:Lib.py:log_func","log_func","Lib.py",66,66,"        def local_log(level, message):
            log_lines.append(message)
        log_func = local_log
        use_callback = False
    else:
",""
"Variable:Lib.py:use_callback","use_callback","Lib.py",67,67,"            log_lines.append(message)
        log_func = local_log
        use_callback = False
    else:
        log_func = log_callback
",""
"Variable:Lib.py:start","start","Lib.py",72,72,"        use_callback = True
    
    start = 2
    jian33bytes = bytes_string_inpurt
    
",""
"Variable:Lib.py:jian33bytes","jian33bytes","Lib.py",73,73,"    
    start = 2
    jian33bytes = bytes_string_inpurt
    
    # 检查输入数据长度
",""
"Variable:Lib.py:entryHeader","entryHeader","Lib.py",88,88,"    # print(jian33bytes[1])
    for i in range(0, jian33bytes[1]):
        entryHeader = EntryHeader()
        #log_func(logging.INFO,""start="",start)
        memmove(addressof(entryHeader), jian33bytes[start:start+2], 2)
",""
"Variable:Lib.py:end","end","Lib.py",101,101,"                    case 1:
                        if entryHeader.Coding == 1:
                            end = start + 2 + entryHeader.Data_Length
                            log_func(logging.INFO, f""RawFrame-->{hexlify(jian33bytes[start:end]).decode('utf-8')}"")
                            log_func(logging.INFO, f""类ID:{entryHeader.Classified_ID:02X},  数据ID:{entryHeader.Data_ID:02x},  数据类型:{entryHeader.Coding:02x}{coding[entryHeader.Coding]},  数据长度:{entryHeader.Data_Length:02x},  外部厂商代码: {jian33bytes[start+2:end][::-1].decode('utf-8')}"")
",""
"Variable:Lib.py:data_content","data_content","Lib.py",134,134,"                            end = start + 2 + entryHeader.Data_Length
                            log_func(logging.INFO, f""RawFrame-->{hexlify(jian33bytes[start:end]).decode('utf-8')}"")
                            data_content = jian33bytes[start+2:end]
                            if len(data_content) > 0:
                                data_value = data_content[0]
",""
"Variable:Lib.py:data_value","data_value","Lib.py",136,136,"                            data_content = jian33bytes[start+2:end]
                            if len(data_content) > 0:
                                data_value = data_content[0]
                            else:
                                data_value = 0
",""
"Variable:Lib.py:switch_byte","switch_byte","Lib.py",166,166,"                            data_content = jian33bytes[start+2:end]
                            if len(data_content) > 0:
                                switch_byte = data_content[0]
                            else:
                                switch_byte = 0
",""
"Variable:Lib.py:yy","yy","Lib.py",457,457,"                                try:
                                    # BCD格式：年月日时分秒
                                    yy = f""{bcd_bytes[0]:02X}""
                                    mm = f""{bcd_bytes[1]:02X}""
                                    dd = f""{bcd_bytes[2]:02X}""
",""
"Variable:Lib.py:mm","mm","Lib.py",458,458,"                                    # BCD格式：年月日时分秒
                                    yy = f""{bcd_bytes[0]:02X}""
                                    mm = f""{bcd_bytes[1]:02X}""
                                    dd = f""{bcd_bytes[2]:02X}""
                                    hh = f""{bcd_bytes[3]:02X}""
",""
"Variable:Lib.py:dd","dd","Lib.py",459,459,"                                    yy = f""{bcd_bytes[0]:02X}""
                                    mm = f""{bcd_bytes[1]:02X}""
                                    dd = f""{bcd_bytes[2]:02X}""
                                    hh = f""{bcd_bytes[3]:02X}""
                                    mi = f""{bcd_bytes[4]:02X}""
",""
"Variable:Lib.py:hh","hh","Lib.py",460,460,"                                    mm = f""{bcd_bytes[1]:02X}""
                                    dd = f""{bcd_bytes[2]:02X}""
                                    hh = f""{bcd_bytes[3]:02X}""
                                    mi = f""{bcd_bytes[4]:02X}""
                                    ss = f""{bcd_bytes[5]:02X}""
",""
"Variable:Lib.py:mi","mi","Lib.py",461,461,"                                    dd = f""{bcd_bytes[2]:02X}""
                                    hh = f""{bcd_bytes[3]:02X}""
                                    mi = f""{bcd_bytes[4]:02X}""
                                    ss = f""{bcd_bytes[5]:02X}""
                                    return f""20{yy}-{mm}-{dd} {hh}:{mi}:{ss}""
",""
"Variable:Lib.py:ss","ss","Lib.py",462,462,"                                    hh = f""{bcd_bytes[3]:02X}""
                                    mi = f""{bcd_bytes[4]:02X}""
                                    ss = f""{bcd_bytes[5]:02X}""
                                    return f""20{yy}-{mm}-{dd} {hh}:{mi}:{ss}""
                                except:
",""
"Variable:Lib.py:data","data","Lib.py",467,467,"                                    return ""格式错误""
                            
                            data = jian33bytes[start+2:end]
                            
                            # B0: 时钟源
",""
"Variable:Lib.py:clock_source","clock_source","Lib.py",470,470,"                            
                            # B0: 时钟源
                            clock_source = data[0]
                            clock_source_map = {0: ""未同步"", 1: ""设备时间"", 2: ""网络万年历""}
                            clock_source_str = clock_source_map.get(clock_source, f""未知({clock_source})"")
",""
"Variable:Lib.py:clock_source_map","clock_source_map","Lib.py",471,471,"                            # B0: 时钟源
                            clock_source = data[0]
                            clock_source_map = {0: ""未同步"", 1: ""设备时间"", 2: ""网络万年历""}
                            clock_source_str = clock_source_map.get(clock_source, f""未知({clock_source})"")
                            
",""
"Variable:Lib.py:clock_source_str","clock_source_str","Lib.py",472,472,"                            clock_source = data[0]
                            clock_source_map = {0: ""未同步"", 1: ""设备时间"", 2: ""网络万年历""}
                            clock_source_str = clock_source_map.get(clock_source, f""未知({clock_source})"")
                            
                            log_func(logging.INFO,f""类ID:{entryHeader.Classified_ID:02X},  数据ID:{entryHeader.Data_ID:02x},  数据类型:{entryHeader.Coding:02x}{coding[entryHeader.Coding]},  数据长度:{entryHeader.Data_Length:02x},  模块时钟信息"")
",""
"Variable:Lib.py:rtc_time","rtc_time","Lib.py",479,479,"                            
                            # B2-B7: 模块当前RTC时间
                            rtc_time = bcd_time_to_str(data[2:8])
                            log_func(logging.INFO,f"" ""*78+f""模块当前RTC时间: {rtc_time}"")
                            
",""
"Variable:Lib.py:last_device_time","last_device_time","Lib.py",483,483,"                            
                            # B8-B13: 上次获取设备时间
                            last_device_time = bcd_time_to_str(data[8:14])
                            log_func(logging.INFO,f"" ""*78+f""上次获取设备时间: {last_device_time}"")
                            
",""
"Variable:Lib.py:last_calibration_time","last_calibration_time","Lib.py",487,487,"                            
                            # B14-B19: 上次校时RTC时间
                            last_calibration_time = bcd_time_to_str(data[14:20])
                            log_func(logging.INFO,f"" ""*78+f""上次校时RTC时间: {last_calibration_time}"")
                            
",""
"Variable:Lib.py:simulate_run_time","simulate_run_time","Lib.py",491,491,"                            
                            # B20-B25: 模拟设备运行时间
                            simulate_run_time = bcd_time_to_str(data[20:26])
                            log_func(logging.INFO,f"" ""*78+f""模拟设备运行时间: {simulate_run_time}"")
                    case 20:
",""
"Variable:Lib.py:circuit_type","circuit_type","Lib.py",567,567,"                            data_content = jian33bytes[start+2:end]
                            if len(data_content) > 0:
                                circuit_type = int(data_content)
                            else:
                                circuit_type = 0
",""
"Variable:Lib.py:antenna_type","antenna_type","Lib.py",577,577,"                            data_content = jian33bytes[start+2:end]
                            if len(data_content) > 0:
                                antenna_type = int(data_content)
                            else:
                                antenna_type = 0
",""
"Variable:Lib.py:input_string","input_string","Lib.py",611,611,"if __name__ == '__main__':
    while True:
        input_string = input(""请输入十六进制字符串："")
        protocol = input(""请输入协议类型："")
        input_bytes_string = bytes.fromhex(input_string.replace("" "", """").replace("","", """"))
",""
"Variable:Lib.py:protocol","protocol","Lib.py",612,612,"    while True:
        input_string = input(""请输入十六进制字符串："")
        protocol = input(""请输入协议类型："")
        input_bytes_string = bytes.fromhex(input_string.replace("" "", """").replace("","", """"))
        match protocol:
",""
"Variable:Lib.py:input_bytes_string","input_bytes_string","Lib.py",613,613,"        input_string = input(""请输入十六进制字符串："")
        protocol = input(""请输入协议类型："")
        input_bytes_string = bytes.fromhex(input_string.replace("" "", """").replace("","", """"))
        match protocol:
            case ""0"":   #13762
",""
"Variable:Lib.py:ID_index","ID_index","Lib.py",616,616,"        match protocol:
            case ""0"":   #13762
                ID_index = hexlify(input_bytes_string).find(b""f02007"")
                log_func(logging.INFO,ID_index)
                index = int(ID_index/2)+3
",""
"Variable:Lib.py:index","index","Lib.py",618,618,"                ID_index = hexlify(input_bytes_string).find(b""f02007"")
                log_func(logging.INFO,ID_index)
                index = int(ID_index/2)+3
                log_func(logging.INFO,hexlify(input_bytes_string[index:]))
                decode_testframe(input_bytes_string[index:])
",""
"Variable:Lib.py:sackentryheader","sackentryheader","Lib.py",625,625,"                log_func(logging.INFO,str(""信息条目数M:"",input_bytes_string[14]))
                for i in range(0, input_bytes_string[14]):    
                    sackentryheader = SackEntryHeader()
                    # log_func(logging.INFO,f""start={start}"")
                    memmove(addressof(sackentryheader), input_bytes_string[start:start+2], 2)
",""
"Variable:hdlc_parser.py:HDLC_FLAG","HDLC_FLAG","hdlc_parser.py",13,13,"
    # HDLC帧起始符和结束符
    HDLC_FLAG = 0x7E  # 01111110

    # 控制域类型映射
",""
"Variable:hdlc_parser.py:CONTROL_FIELD_TYPES","CONTROL_FIELD_TYPES","hdlc_parser.py",16,35,"
    # 控制域类型映射
    CONTROL_FIELD_TYPES = {
        # I帧：bit0=0
        'I': ""信息帧 (Information - 信息帧，带有序号用于差错控制和流量控制)"",
        # RR帧：bit0=1, bit1=0, bit3=0
        'RR': ""接收准备就绪 (Receive Ready - 接收准备好，用于流量控制和应答)"",
        # RNR帧：bit0=1, bit1=0, bit3=1
        'RNR': ""接收未准备就绪 (Receive Not Ready - 接收未准备好，要求对方停止发送)"",
        # SNRM帧：bit0=1, bit1=1, bit2=0, bit3=0
        'SNRM': ""设置正常响应模式 (Set Normal Response Mode - 建立链路层连接)"",
        # DISC帧：bit0=1, bit1=1, bit2=1, bit3=0
        'DISC': ""断开连接 (Disconnect - 断开链路请求)"",
        # UA帧：bit0=1, bit1=1, bit2=1, bit3=0 (bit6=1)
        'UA': ""无编号确认 (Unnumbered Acknowledge - 无编号确认应答)"",
        # DM帧：bit0=1, bit1=1, bit2=1, bit3=1
        'DM': ""断开模式 (Disconnected Mode - 站点已断开模式)"",
        # FRMR帧：bit0=1, bit1=1, bit2=1, bit3=0 (bit5=1)
        'FRMR': ""帧拒绝 (Frame Reject - 帧拒绝应答)"",
        # UI帧：bit0=1, bit1=1, bit2=0, bit3=0 (bit3=0表示UI)
        'UI': ""无编号信息 (Unnumbered Information - 未确认信息帧)"",
    }

    # 地址域特殊地址
",""
"Variable:hdlc_parser.py:SPECIAL_ADDRESSES","SPECIAL_ADDRESSES","hdlc_parser.py",38,45,"
    # 地址域特殊地址
    SPECIAL_ADDRESSES = {
        # 客户端特殊地址
        0x00: ""NO_STATION (无站地址)"",
        0x01: ""客户端管理进程"",
        0x10: ""公共客户端 (最低安全级)"",
        0x7F: ""ALL_STATION (广播地址)"",
        # 服务器端特殊地址
    }

    # HDLC链路层协商参数标识符（SNRM/UA信息域TLV标签，见ISO/IEC 13239 5.5.3.2）
",""
"Variable:hdlc_parser.py:SNRM_UA_PARAM_TAGS","SNRM_UA_PARAM_TAGS","hdlc_parser.py",48,53,"
    # HDLC链路层协商参数标识符（SNRM/UA信息域TLV标签，见ISO/IEC 13239 5.5.3.2）
    SNRM_UA_PARAM_TAGS = {
        0x05: ""Max Info Field Length - Transmit (发送最大信息域长度)"",
        0x06: ""Max Info Field Length - Receive (接收最大信息域长度)"",
        0x07: ""Window Size - Transmit (发送窗口大小)"",
        0x08: ""Window Size - Receive (接收窗口大小)"",
    }

    # DLMS APDU类型映射（按IEC 62056标准/Green Book定义）
",""
"Variable:hdlc_parser.py:APDU_TYPES","APDU_TYPES","hdlc_parser.py",56,85,"
    # DLMS APDU类型映射（按IEC 62056标准/Green Book定义）
    APDU_TYPES = {
        0x01: ""AARQ (关联请求)"",
        0x02: ""AARE (关联响应)"",
        0x03: ""RLRQ (释放请求)"",
        0x04: ""RLRE (释放响应)"",
        0x0C: ""Confirmed-Service-Error"",
        0x0E: ""General-Block-Transfer"",
        0x60: ""AARQ (关联请求-BER)"",
        0x61: ""AARE (关联响应-BER)"",
        0xC0: ""Get-Request (读请求)"",
        0xC1: ""Set-Request (写请求)"",
        0xC3: ""Action-Request (方法请求)"",
        0xC4: ""Get-Response (读应答)"",
        0xC5: ""Set-Response (写应答)"",
        0xC7: ""Action-Response (方法应答)"",
        0xC8: ""Glo-Get-Request (加密读请求)"",
        0xC9: ""Glo-Set-Request (加密写请求)"",
        0xCB: ""Glo-Action-Request (加密方法请求)"",
        0xCC: ""Glo-Get-Response (加密读应答)"",
        0xCD: ""Glo-Set-Response (加密写应答)"",
        0xCF: ""Glo-Action-Response (加密方法应答)"",
        0xD0: ""Ded-Get-Request (专属加密读请求)"",
        0xD1: ""Ded-Set-Request (专属加密写请求)"",
        0xD3: ""Ded-Action-Request (专属加密方法请求)"",
        0xD4: ""Ded-Get-Response (专属加密读应答)"",
        0xD5: ""Ded-Set-Response (专属加密写应答)"",
        0xD7: ""Ded-Action-Response (专属加密方法应答)"",
        0xE6: ""Event-Notification (事件通知)"",
        0xE7: ""Data-Notification (数据推送)"",
    }

    # Get-Request/Response 子类型
",""
"Variable:hdlc_parser.py:GET_REQUEST_TYPES","GET_REQUEST_TYPES","hdlc_parser.py",88,93,"
    # Get-Request/Response 子类型
    GET_REQUEST_TYPES = {
        0x01: ""Normal (正常读)"",
        0x02: ""Next-Data-block (下一数据块)"",
        0x03: ""With-list (批量读)"",
        0x04: ""With-block (分块读)"",
    }
    GET_RESPONSE_TYPES = {
        0x01: ""Normal (正常响应)"",
",""
"Variable:hdlc_parser.py:GET_RESPONSE_TYPES","GET_RESPONSE_TYPES","hdlc_parser.py",94,98,"        0x04: ""With-block (分块读)"",
    }
    GET_RESPONSE_TYPES = {
        0x01: ""Normal (正常响应)"",
        0x02: ""With-data-block (数据块响应)"",
        0x03: ""With-list (批量响应)"",
    }

    # Set-Request/Response 子类型
",""
"Variable:hdlc_parser.py:SET_REQUEST_TYPES","SET_REQUEST_TYPES","hdlc_parser.py",101,107,"
    # Set-Request/Response 子类型
    SET_REQUEST_TYPES = {
        0x01: ""Normal (正常写)"",
        0x02: ""With-first-data-block (首块写)"",
        0x03: ""With-data-block (数据块写)"",
        0x04: ""With-list (批量写)"",
        0x05: ""With-list-and-first-data-block (批量首块写)"",
    }
    SET_RESPONSE_TYPES = {
        0x01: ""Normal (正常响应)"",
",""
"Variable:hdlc_parser.py:SET_RESPONSE_TYPES","SET_RESPONSE_TYPES","hdlc_parser.py",108,114,"        0x05: ""With-list-and-first-data-block (批量首块写)"",
    }
    SET_RESPONSE_TYPES = {
        0x01: ""Normal (正常响应)"",
        0x02: ""With-data-block (数据块响应)"",
        0x03: ""With-last-data-block (最后块响应)"",
        0x04: ""With-list (批量响应)"",
        0x05: ""With-list-and-last-data-block (批量最后块响应)"",
    }

    # Action-Request/Response 子类型
",""
"Variable:hdlc_parser.py:ACTION_REQUEST_TYPES","ACTION_REQUEST_TYPES","hdlc_parser.py",117,123,"
    # Action-Request/Response 子类型
    ACTION_REQUEST_TYPES = {
        0x01: ""Normal (普通)"",
        0x02: ""With-first-pblock (首参数块)"",
        0x03: ""With-list (批量)"",
        0x04: ""With-first-pblock-and-list (批量首参数块)"",
        0x05: ""With-pblock (参数块)"",
    }
    ACTION_RESPONSE_TYPES = {
        0x01: ""Normal (普通)"",
",""
"Variable:hdlc_parser.py:ACTION_RESPONSE_TYPES","ACTION_RESPONSE_TYPES","hdlc_parser.py",124,130,"        0x05: ""With-pblock (参数块)"",
    }
    ACTION_RESPONSE_TYPES = {
        0x01: ""Normal (普通)"",
        0x02: ""With-pblock (参数块)"",
        0x03: ""With-list (批量)"",
        0x04: ""Next-pblock (下一参数块)"",
        0x05: ""With-list-and-first-pblock (批量首参数块)"",
    }

    # Data-Access-Result 错误码
",""
"Variable:hdlc_parser.py:DATA_ACCESS_RESULTS","DATA_ACCESS_RESULTS","hdlc_parser.py",133,156,"
    # Data-Access-Result 错误码
    DATA_ACCESS_RESULTS = {
        0x00: ""成功"",
        0x01: ""硬件故障"",
        0x02: ""临时失败"",
        0x03: ""读写对象未定义"",
        0x04: ""对象不可访问"",
        0x05: ""数据类型不匹配"",
        0x06: ""对象未定义"",
        0x07: ""对象地址不匹配"",
        0x08: ""对象地址非法"",
        0x09: ""对象未定义"",
        0x0A: ""对象不在"",
        0x0B: ""对象访问被拒绝"",
        0x0C: ""类型不匹配"",
        0x0D: ""对象未激活"",
        0x0E: ""方法未定义"",
        0x0F: ""方法不支持"",
        0x10: ""参数数量错误"",
        0x11: ""参数类型错误"",
        0x12: ""参数值非法"",
        0x13: ""参数非法"",
        0x14: ""操作不支持"",
        0x15: ""其他原因"",
    }

    # Action-Result 错误码
",""
"Variable:hdlc_parser.py:ACTION_RESULTS","ACTION_RESULTS","hdlc_parser.py",159,174,"
    # Action-Result 错误码
    ACTION_RESULTS = {
        0x00: ""成功"",
        0x01: ""硬件故障"",
        0x02: ""临时失败"",
        0x03: ""读写对象未定义"",
        0x04: ""对象不可访问"",
        0x05: ""数据类型不匹配"",
        0x06: ""对象未定义"",
        0x07: ""对象地址不匹配"",
        0x08: ""对象地址非法"",
        0x09: ""对象未定义"",
        0x0A: ""对象不在"",
        0x0B: ""对象访问被拒绝"",
        0x0C: ""类型不匹配"",
        0x0D: ""对象未激活"",
    }

    @staticmethod
",""
"Variable:hdlc_parser.py:invoke_id","invoke_id","hdlc_parser.py",182,182,"        结构: bit7-4=Invoke-ID(0-15), bit2=ServiceClass(0=Confirmed,1=Unconfirmed), bit1-0=Priority(0=High,1=Low)
        """"""
        invoke_id = (invoke_byte >> 4) & 0x0F
        service_class = ""Confirmed(需确认)"" if (invoke_byte & 0x04) == 0 else ""Unconfirmed(不需确认)""
        priority = ""High(高优先级)"" if (invoke_byte & 0x03) == 0 else ""Low(低优先级)""
",""
"Variable:hdlc_parser.py:service_class","service_class","hdlc_parser.py",183,183,"        """"""
        invoke_id = (invoke_byte >> 4) & 0x0F
        service_class = ""Confirmed(需确认)"" if (invoke_byte & 0x04) == 0 else ""Unconfirmed(不需确认)""
        priority = ""High(高优先级)"" if (invoke_byte & 0x03) == 0 else ""Low(低优先级)""
        return {
",""
"Variable:hdlc_parser.py:priority","priority","hdlc_parser.py",184,184,"        invoke_id = (invoke_byte >> 4) & 0x0F
        service_class = ""Confirmed(需确认)"" if (invoke_byte & 0x04) == 0 else ""Unconfirmed(不需确认)""
        priority = ""High(高优先级)"" if (invoke_byte & 0x03) == 0 else ""Low(低优先级)""
        return {
            ""invoke_id"": invoke_id,
",""
"Variable:hdlc_parser.py:table_data","table_data","hdlc_parser.py",197,197,"        返回: [(字段名, 原始值, 解析值, 说明, byte_start, byte_end), ...]
        """"""
        table_data = []
        
        if len(frame_bytes) < 7:
",""
"Variable:hdlc_parser.py:offset","offset","hdlc_parser.py",203,203,"            return table_data

        offset = 0

        # 1. 起始标志 (Flag)
",""
"Variable:hdlc_parser.py:format_field_start","format_field_start","hdlc_parser.py",218,218,"            return table_data
        
        format_field_start = offset
        format_bytes = frame_bytes[offset:offset + 2]
        format_field = struct.unpack('>H', format_bytes)[0]  # 大端序
",""
"Variable:hdlc_parser.py:format_bytes","format_bytes","hdlc_parser.py",219,219,"        
        format_field_start = offset
        format_bytes = frame_bytes[offset:offset + 2]
        format_field = struct.unpack('>H', format_bytes)[0]  # 大端序
        
",""
"Variable:hdlc_parser.py:format_field","format_field","hdlc_parser.py",220,220,"        format_field_start = offset
        format_bytes = frame_bytes[offset:offset + 2]
        format_field = struct.unpack('>H', format_bytes)[0]  # 大端序
        
        # 解析格式域
",""
"Variable:hdlc_parser.py:format_type","format_type","hdlc_parser.py",223,223,"        
        # 解析格式域
        format_type = (format_field >> 12) & 0x0F  # 高4位
        segmentation_bit = (format_field >> 11) & 0x01  # 分段位
        frame_length = format_field & 0x07FF  # 低11位
",""
"Variable:hdlc_parser.py:segmentation_bit","segmentation_bit","hdlc_parser.py",224,224,"        # 解析格式域
        format_type = (format_field >> 12) & 0x0F  # 高4位
        segmentation_bit = (format_field >> 11) & 0x01  # 分段位
        frame_length = format_field & 0x07FF  # 低11位
        
",""
"Variable:hdlc_parser.py:frame_length","frame_length","hdlc_parser.py",225,225,"        format_type = (format_field >> 12) & 0x0F  # 高4位
        segmentation_bit = (format_field >> 11) & 0x01  # 分段位
        frame_length = format_field & 0x07FF  # 低11位
        
        format_type_str = f""0x{format_type:X}""
",""
"Variable:hdlc_parser.py:format_type_str","format_type_str","hdlc_parser.py",227,227,"        frame_length = format_field & 0x07FF  # 低11位
        
        format_type_str = f""0x{format_type:X}""
        if format_type == 0x0A:
            format_type_str += "" (Type 3)""
",""
"Variable:hdlc_parser.py:dest_addr_start","dest_addr_start","hdlc_parser.py",241,241,"
        # 3. 目的地址域 (Destination Address)
        dest_addr_start = offset
        dest_addr, dest_addr_len = self._parse_address_field(frame_bytes, offset)
        if dest_addr is None:
",""
"Variable:hdlc_parser.py:dest_addr_desc","dest_addr_desc","hdlc_parser.py",247,247,"            return table_data
        
        dest_addr_desc = self._format_address_description(dest_addr, dest_addr_len, ""目的"")
        table_data.append((""目的地址域"", self._bytes_to_hex(frame_bytes[offset:offset + dest_addr_len]),
                          dest_addr_desc, f""目的地址（{dest_addr_len}字节）"", offset, offset + dest_addr_len - 1))
",""
"Variable:hdlc_parser.py:src_addr_start","src_addr_start","hdlc_parser.py",253,253,"
        # 4. 源地址域 (Source Address)
        src_addr_start = offset
        src_addr, src_addr_len = self._parse_address_field(frame_bytes, offset)
        if src_addr is None:
",""
"Variable:hdlc_parser.py:src_addr_desc","src_addr_desc","hdlc_parser.py",259,259,"            return table_data
        
        src_addr_desc = self._format_address_description(src_addr, src_addr_len, ""源"")
        table_data.append((""源地址域"", self._bytes_to_hex(frame_bytes[offset:offset + src_addr_len]),
                          src_addr_desc, f""源地址（{src_addr_len}字节）"", offset, offset + src_addr_len - 1))
",""
"Variable:hdlc_parser.py:frame_direction","frame_direction","hdlc_parser.py",273,273,"        # 服务端→客户端: 目的=客户端(1字节), 源=服务端(多字节)
        if dest_addr_len > src_addr_len:
            frame_direction = ""client_to_server""
        elif src_addr_len > dest_addr_len:
            frame_direction = ""server_to_client""
",""
"Variable:hdlc_parser.py:control_byte","control_byte","hdlc_parser.py",279,279,"            frame_direction = ""unknown""

        control_byte = frame_bytes[offset]
        ctrl_type, ctrl_desc, ctrl_details = self._parse_control_field(control_byte, frame_direction)

",""
"Variable:hdlc_parser.py:hcs_start","hcs_start","hdlc_parser.py",292,292,"
        # 计算HCS范围（格式域2字节 + 目的地址 + 源地址 + 控制域）
        hcs_start = format_field_start
        hcs_end = offset - 1

",""
"Variable:hdlc_parser.py:hcs_end","hcs_end","hdlc_parser.py",293,293,"        # 计算HCS范围（格式域2字节 + 目的地址 + 源地址 + 控制域）
        hcs_start = format_field_start
        hcs_end = offset - 1

        # 判断是否有信息域
",""
"Variable:hdlc_parser.py:has_info_field","has_info_field","hdlc_parser.py",296,296,"
        # 判断是否有信息域
        has_info_field = ctrl_type in ['I帧 (信息帧)', 'UI帧 (无编号信息)', 'SNRM帧', 'UA帧', 'DM帧', 'FRMR帧', 'DISC帧']
        
        # 6. HCS校验域 (Header Check Sequence) - 2字节
",""
"Variable:hdlc_parser.py:hcs_bytes","hcs_bytes","hdlc_parser.py",306,306,"        if not has_info_field:
            # 无信息域，HCS被视为FCS
            hcs_bytes = frame_bytes[offset:offset + 2]
            hcs_value = struct.unpack('>H', hcs_bytes)[0]
            
",""
"Variable:hdlc_parser.py:hcs_value","hcs_value","hdlc_parser.py",307,307,"            # 无信息域，HCS被视为FCS
            hcs_bytes = frame_bytes[offset:offset + 2]
            hcs_value = struct.unpack('>H', hcs_bytes)[0]
            
            # 计算HCS
",""
"Variable:hdlc_parser.py:calculated_hcs","calculated_hcs","hdlc_parser.py",310,310,"            
            # 计算HCS
            calculated_hcs = self._calculate_fcs(frame_bytes[hcs_start:hcs_end + 1])
            # HCS传输时也是低字节在前，需要反转比较
            calculated_hcs_swapped = ((calculated_hcs & 0xFF) << 8) | ((calculated_hcs >> 8) & 0xFF)
",""
"Variable:hdlc_parser.py:calculated_hcs_swapped","calculated_hcs_swapped","hdlc_parser.py",312,312,"            calculated_hcs = self._calculate_fcs(frame_bytes[hcs_start:hcs_end + 1])
            # HCS传输时也是低字节在前，需要反转比较
            calculated_hcs_swapped = ((calculated_hcs & 0xFF) << 8) | ((calculated_hcs >> 8) & 0xFF)
            hcs_valid = ""正确"" if hcs_value == calculated_hcs_swapped else f""错误(计算值:0x{calculated_hcs:04X})""
            
",""
"Variable:hdlc_parser.py:hcs_valid","hcs_valid","hdlc_parser.py",313,313,"            # HCS传输时也是低字节在前，需要反转比较
            calculated_hcs_swapped = ((calculated_hcs & 0xFF) << 8) | ((calculated_hcs >> 8) & 0xFF)
            hcs_valid = ""正确"" if hcs_value == calculated_hcs_swapped else f""错误(计算值:0x{calculated_hcs:04X})""
            
            table_data.append((""HCS/FCS校验"", f""0x{hcs_value:04X}"", hcs_valid,
",""
"Variable:hdlc_parser.py:info_start","info_start","hdlc_parser.py",334,334,"
        # 7. 信息域 (Information Field) - 可变长度
        info_start = offset
        # FCS在倒数第3、4字节，结束标志在最后一个字节
        fcs_pos = len(frame_bytes) - 3
",""
"Variable:hdlc_parser.py:fcs_pos","fcs_pos","hdlc_parser.py",336,336,"        info_start = offset
        # FCS在倒数第3、4字节，结束标志在最后一个字节
        fcs_pos = len(frame_bytes) - 3
        
        if has_info_field and info_start < fcs_pos:
",""
"Variable:hdlc_parser.py:info_data","info_data","hdlc_parser.py",339,339,"        
        if has_info_field and info_start < fcs_pos:
            info_data = frame_bytes[info_start:fcs_pos]
            
            table_data.append((""信息域"", self._bytes_to_hex(info_data[:20]) + (""..."" if len(info_data) > 20 else """"),
",""
"Variable:hdlc_parser.py:fcs_bytes","fcs_bytes","hdlc_parser.py",356,356,"        # 8. FCS校验域 (Frame Check Sequence) - 2字节
        if offset + 1 < len(frame_bytes):
            fcs_bytes = frame_bytes[offset:offset + 2]
            fcs_value = struct.unpack('>H', fcs_bytes)[0]  # 大端序读取
            
",""
"Variable:hdlc_parser.py:fcs_value","fcs_value","hdlc_parser.py",357,357,"        if offset + 1 < len(frame_bytes):
            fcs_bytes = frame_bytes[offset:offset + 2]
            fcs_value = struct.unpack('>H', fcs_bytes)[0]  # 大端序读取
            
            # 计算FCS（从格式域到信息域结束）
",""
"Variable:hdlc_parser.py:fcs_data","fcs_data","hdlc_parser.py",361,361,"            # 计算FCS（从格式域到信息域结束）
            if has_info_field and info_start < fcs_pos:
                fcs_data = frame_bytes[format_field_start:fcs_pos]
            else:
                # 无信息域时，FCS已经作为HCS/FCS一起解析过了
",""
"Variable:hdlc_parser.py:calculated_fcs","calculated_fcs","hdlc_parser.py",367,367,"            
            if fcs_data:
                calculated_fcs = self._calculate_fcs(fcs_data)
                # HDLC标准中FCS传输时低字节在前（小端序），所以需要反转比较
                calculated_fcs_swapped = ((calculated_fcs & 0xFF) << 8) | ((calculated_fcs >> 8) & 0xFF)
",""
"Variable:hdlc_parser.py:calculated_fcs_swapped","calculated_fcs_swapped","hdlc_parser.py",369,369,"                calculated_fcs = self._calculate_fcs(fcs_data)
                # HDLC标准中FCS传输时低字节在前（小端序），所以需要反转比较
                calculated_fcs_swapped = ((calculated_fcs & 0xFF) << 8) | ((calculated_fcs >> 8) & 0xFF)
                fcs_valid = ""正确"" if fcs_value == calculated_fcs_swapped else f""错误(计算值:0x{calculated_fcs:04X})""
                
",""
"Variable:hdlc_parser.py:fcs_valid","fcs_valid","hdlc_parser.py",370,370,"                # HDLC标准中FCS传输时低字节在前（小端序），所以需要反转比较
                calculated_fcs_swapped = ((calculated_fcs & 0xFF) << 8) | ((calculated_fcs >> 8) & 0xFF)
                fcs_valid = ""正确"" if fcs_value == calculated_fcs_swapped else f""错误(计算值:0x{calculated_fcs:04X})""
                
                table_data.append((""FCS校验"", f""0x{fcs_value:04X}"", fcs_valid,
",""
"Variable:hdlc_parser.py:address","address","hdlc_parser.py",396,396,"            return None, 0

        address = 0
        length = 0
        shift = 0
",""
"Variable:hdlc_parser.py:length","length","hdlc_parser.py",397,397,"
        address = 0
        length = 0
        shift = 0

",""
"Variable:hdlc_parser.py:shift","shift","hdlc_parser.py",398,398,"        address = 0
        length = 0
        shift = 0

        while offset + length < len(data):
",""
"Variable:hdlc_parser.py:byte","byte","hdlc_parser.py",401,401,"
        while offset + length < len(data):
            byte = data[offset + length]
            length += 1

",""
"Variable:hdlc_parser.py:extension_bit","extension_bit","hdlc_parser.py",405,405,"
            # LSB (bit 0) 表示是否还有扩展字节
            extension_bit = byte & 0x01
            address_value = (byte >> 1) & 0x7F  # 高7位是地址值

",""
"Variable:hdlc_parser.py:address_value","address_value","hdlc_parser.py",406,406,"            # LSB (bit 0) 表示是否还有扩展字节
            extension_bit = byte & 0x01
            address_value = (byte >> 1) & 0x7F  # 高7位是地址值

            # 按传输顺序组合：第一个字节是最低7位，每增加一个字节向高位移7位
",""
"Variable:hdlc_parser.py:special","special","hdlc_parser.py",425,425,"        """"""格式化地址描述""""""
        # 检查特殊地址
        special = self.SPECIAL_ADDRESSES.get(address, """")
        if special:
            return f""0x{address:02X} ({special})""
",""
"Variable:hdlc_parser.py:details","details","hdlc_parser.py",453,453,"          - 服务端发送的帧: bit4=F(Final), F=1表示这是最后一帧(无后续数据)
        """"""
        details = []

        # P/F位描述根据方向不同
",""
"Variable:hdlc_parser.py:value","value","hdlc_parser.py",466,466,"        # 生成原始bit字符串，例如 ""bit7-bit5: 101""
        def bit_range_mask(shift: int, mask: int) -> str:
            value = (control_byte >> shift) & mask
            bits = bin(value)[2:].zfill(bin(mask).count('1'))
            msb = shift + bin(mask).count('1') - 1
",""
"Variable:hdlc_parser.py:bits","bits","hdlc_parser.py",467,467,"        def bit_range_mask(shift: int, mask: int) -> str:
            value = (control_byte >> shift) & mask
            bits = bin(value)[2:].zfill(bin(mask).count('1'))
            msb = shift + bin(mask).count('1') - 1
            lsb = shift
",""
"Variable:hdlc_parser.py:msb","msb","hdlc_parser.py",468,468,"            value = (control_byte >> shift) & mask
            bits = bin(value)[2:].zfill(bin(mask).count('1'))
            msb = shift + bin(mask).count('1') - 1
            lsb = shift
            if msb == lsb:
",""
"Variable:hdlc_parser.py:lsb","lsb","hdlc_parser.py",469,469,"            bits = bin(value)[2:].zfill(bin(mask).count('1'))
            msb = shift + bin(mask).count('1') - 1
            lsb = shift
            if msb == lsb:
                return f""bit{msb}: {bits}""
",""
"Variable:hdlc_parser.py:n_r","n_r","hdlc_parser.py",479,479,"        if (control_byte & 0x01) == 0:
            # I帧格式: N(R) P/F N(S) 0
            n_r = (control_byte >> 5) & 0x07  # 接收序列号 N(R)
            p_f = (control_byte >> 4) & 0x01  # P/F位
            n_s = (control_byte >> 1) & 0x07  # 发送序列号 N(S)
",""
"Variable:hdlc_parser.py:p_f","p_f","hdlc_parser.py",480,480,"            # I帧格式: N(R) P/F N(S) 0
            n_r = (control_byte >> 5) & 0x07  # 接收序列号 N(R)
            p_f = (control_byte >> 4) & 0x01  # P/F位
            n_s = (control_byte >> 1) & 0x07  # 发送序列号 N(S)

",""
"Variable:hdlc_parser.py:n_s","n_s","hdlc_parser.py",481,481,"            n_r = (control_byte >> 5) & 0x07  # 接收序列号 N(R)
            p_f = (control_byte >> 4) & 0x01  # P/F位
            n_s = (control_byte >> 1) & 0x07  # 发送序列号 N(S)

            details = [
",""
"Variable:hdlc_parser.py:p","p","hdlc_parser.py",501,501,"        # SNRM帧: 1 0 0 P 0 0 1 1 = 0x83 (P=0) 或 0x93 (P=1)
        if (control_byte & 0xEF) == 0x83:  # 屏蔽bit4 (P位)
            p = (control_byte >> 4) & 0x01
            details = [
                (""P位(查询)"", bit_range_mask(4, 0b1), ""是"" if p else ""否""),
",""
"Variable:hdlc_parser.py:f","f","hdlc_parser.py",517,517,"        # UA帧: 011 F 0011 = 0x63 或 0x73 (bit7=0, bit6=1, bit5=1, bit4=F, bit3-0=0011)
        if (control_byte & 0x0F) == 0x03 and (control_byte & 0xE0) in [0x60, 0x70]:
            f = (control_byte >> 4) & 0x01
            details = [
                (""F位(最终)"", bit_range_mask(4, 0b1), ""是"" if f else ""否""),
",""
"Variable:hdlc_parser.py:crc","crc","hdlc_parser.py",567,567,"        使用CCITT-CRC16多项式: x^16 + x^12 + x^5 + 1 (0x8408)
        """"""
        crc = 0xFFFF
        for byte in data:
            crc ^= byte
",""
"Variable:hdlc_parser.py:fmt_id","fmt_id","hdlc_parser.py",600,600,"
        # 格式标识符 0x81
        fmt_id = data[offset]
        table_data.append((""  格式标识符"", f""0x{fmt_id:02X}"",
                          ""格式标识符"" if fmt_id == 0x81 else f""非标准值(期望0x81)"",
",""
"Variable:hdlc_parser.py:group_id","group_id","hdlc_parser.py",607,607,"
        # 组标识符 0x80
        group_id = data[offset]
        table_data.append((""  组标识符"", f""0x{group_id:02X}"",
                          ""组标识符"" if group_id == 0x80 else f""非标准值(期望0x80)"",
",""
"Variable:hdlc_parser.py:group_len","group_len","hdlc_parser.py",614,614,"
        # 组长度
        group_len = data[offset]
        table_data.append((""  组长度"", f""0x{group_len:02X}"", f""{group_len}字节"",
                          ""后续参数字节总数"", base_offset + offset, base_offset + offset))
",""
"Variable:hdlc_parser.py:param_end","param_end","hdlc_parser.py",620,620,"
        # 解析参数TLV列表
        param_end = offset + group_len
        while offset < param_end and offset < len(data):
            # 参数标识符
",""
"Variable:hdlc_parser.py:tag","tag","hdlc_parser.py",623,623,"        while offset < param_end and offset < len(data):
            # 参数标识符
            tag = data[offset]
            tag_desc = self.SNRM_UA_PARAM_TAGS.get(tag, f""未知参数(0x{tag:02X})"")
            table_data.append((""    参数标识符"", f""0x{tag:02X}"", tag_desc,
",""
"Variable:hdlc_parser.py:tag_desc","tag_desc","hdlc_parser.py",624,624,"            # 参数标识符
            tag = data[offset]
            tag_desc = self.SNRM_UA_PARAM_TAGS.get(tag, f""未知参数(0x{tag:02X})"")
            table_data.append((""    参数标识符"", f""0x{tag:02X}"", tag_desc,
                              """", base_offset + offset, base_offset + offset))
",""
"Variable:hdlc_parser.py:param_len","param_len","hdlc_parser.py",633,633,"
            # 参数长度
            param_len = data[offset]
            table_data.append((""    参数长度"", f""0x{param_len:02X}"", f""{param_len}字节"",
                              """", base_offset + offset, base_offset + offset))
",""
"Variable:hdlc_parser.py:param_value_bytes","param_value_bytes","hdlc_parser.py",642,642,"
            # 参数值
            param_value_bytes = data[offset:offset + param_len]
            hex_str = self._bytes_to_hex(param_value_bytes)

",""
"Variable:hdlc_parser.py:hex_str","hex_str","hdlc_parser.py",643,643,"            # 参数值
            param_value_bytes = data[offset:offset + param_len]
            hex_str = self._bytes_to_hex(param_value_bytes)

            # 根据长度解析数值
",""
"Variable:hdlc_parser.py:val","val","hdlc_parser.py",647,647,"            # 根据长度解析数值
            if param_len == 1:
                val = param_value_bytes[0]
                val_display = f""{val} (0x{val:02X})""
            elif param_len == 2:
",""
"Variable:hdlc_parser.py:val_display","val_display","hdlc_parser.py",648,648,"            if param_len == 1:
                val = param_value_bytes[0]
                val_display = f""{val} (0x{val:02X})""
            elif param_len == 2:
                val = struct.unpack('>H', param_value_bytes)[0]
",""
"Variable:hdlc_parser.py:direction","direction","hdlc_parser.py",674,674,"
        offset = 0
        direction = ""unknown""  # ""request"" 或 ""response""

        # 检查是否包含LLC子层（DSAP + SSAP + Control = 3字节）
",""
"Variable:hdlc_parser.py:dsap","dsap","hdlc_parser.py",678,678,"        # 检查是否包含LLC子层（DSAP + SSAP + Control = 3字节）
        if len(data) >= 3:
            dsap = data[0]
            ssap = data[1]
            llc_ctrl = data[2]
",""
"Variable:hdlc_parser.py:ssap","ssap","hdlc_parser.py",679,679,"        if len(data) >= 3:
            dsap = data[0]
            ssap = data[1]
            llc_ctrl = data[2]

",""
"Variable:hdlc_parser.py:llc_ctrl","llc_ctrl","hdlc_parser.py",680,680,"            dsap = data[0]
            ssap = data[1]
            llc_ctrl = data[2]

            # DLMS LLC地址特征:
",""
"Variable:hdlc_parser.py:dir_desc","dir_desc","hdlc_parser.py",690,690,"                if dsap == 0xE6 and ssap == 0xE6:
                    direction = ""request""
                    dir_desc = ""客户端→服务端（请求方向）""
                elif dsap == 0xE6 and ssap == 0xE7:
                    direction = ""response""
",""
"Variable:hdlc_parser.py:version","version","hdlc_parser.py",739,739,"        # 版本固定为 0x0001
        if len(data) >= offset + 8:
            version = (data[offset] << 8) | data[offset + 1]
            if version == 1:
                # 识别到 Wrapper 头部
",""
"Variable:hdlc_parser.py:src_port","src_port","hdlc_parser.py",742,742,"            if version == 1:
                # 识别到 Wrapper 头部
                src_port = (data[offset + 2] << 8) | data[offset + 3]
                dst_port = (data[offset + 4] << 8) | data[offset + 5]
                apdu_len = (data[offset + 6] << 8) | data[offset + 7]
",""
"Variable:hdlc_parser.py:dst_port","dst_port","hdlc_parser.py",743,743,"                # 识别到 Wrapper 头部
                src_port = (data[offset + 2] << 8) | data[offset + 3]
                dst_port = (data[offset + 4] << 8) | data[offset + 5]
                apdu_len = (data[offset + 6] << 8) | data[offset + 7]

",""
"Variable:hdlc_parser.py:apdu_len","apdu_len","hdlc_parser.py",744,744,"                src_port = (data[offset + 2] << 8) | data[offset + 3]
                dst_port = (data[offset + 4] << 8) | data[offset + 5]
                apdu_len = (data[offset + 6] << 8) | data[offset + 7]

                table_data.append((""  Wrapper版本"", f""{data[offset]:02X} {data[offset + 1]:02X}"",
",""
"Variable:hdlc_parser.py:apdu_start","apdu_start","hdlc_parser.py",766,766,"            return

        apdu_start = offset
        apdu_byte = data[offset]

",""
"Variable:hdlc_parser.py:apdu_byte","apdu_byte","hdlc_parser.py",767,767,"
        apdu_start = offset
        apdu_byte = data[offset]

        # 添加整个APDU父节点（覆盖完整字节范围），方便双击选中整个APDU进行深度解析
",""
"Variable:hdlc_parser.py:original_offset","original_offset","hdlc_parser.py",773,773,"        if apdu_byte in self.APDU_TYPES:
            # 保存当前offset，解析完后计算
            original_offset = offset
            apdu_name = self.APDU_TYPES[apdu_byte]
            offset += 1  # 跳过APDU类型字节
",""
"Variable:hdlc_parser.py:apdu_name","apdu_name","hdlc_parser.py",774,774,"            # 保存当前offset，解析完后计算
            original_offset = offset
            apdu_name = self.APDU_TYPES[apdu_byte]
            offset += 1  # 跳过APDU类型字节
            # 保存当前table长度，解析后新添加的项都会缩进
",""
"Variable:hdlc_parser.py:start_len","start_len","hdlc_parser.py",777,777,"            offset += 1  # 跳过APDU类型字节
            # 保存当前table长度，解析后新添加的项都会缩进
            start_len = len(table_data)
            # 解析所有子字段，都会加上""  ""前缀缩进，返回消耗的字节数
            consumed = self._parse_apdu_content(data[offset:], table_data, 0, apdu_byte, base_offset + offset, direction)
",""
"Variable:hdlc_parser.py:consumed","consumed","hdlc_parser.py",779,779,"            start_len = len(table_data)
            # 解析所有子字段，都会加上""  ""前缀缩进，返回消耗的字节数
            consumed = self._parse_apdu_content(data[offset:], table_data, 0, apdu_byte, base_offset + offset, direction)
            # 更新offset：加上消耗的字节数
            offset += consumed
",""
"Variable:hdlc_parser.py:apdu_end","apdu_end","hdlc_parser.py",783,783,"            offset += consumed
            # 现在offset已经走到APDU末尾之后，计算整个APDU的字节范围
            apdu_end = base_offset + (offset - 1)
            apdu_len = offset - original_offset
            # 在所有子字段前面插入整个APDU父行（覆盖完整范围）
",""
"Variable:hdlc_parser.py:apdu_byte_val","apdu_byte_val","hdlc_parser.py",787,787,"            # 在所有子字段前面插入整个APDU父行（覆盖完整范围）
            # 原始值显示APDU类型字节的十六进制，解析值显示名称+长度
            apdu_byte_val = data[apdu_start]
            table_data.insert(start_len, (""  DLMS APDU"", f""0x{apdu_byte_val:02X}"",
                                        f""{apdu_name} (整个{apdu_len}字节)"",
",""
"Variable:hdlc_parser.py:dlms_ctrl_start","dlms_ctrl_start","hdlc_parser.py",794,794,"        elif apdu_byte in (0x00, 0x01):
            # 长格式/短格式DLMS控制，然后是APDU
            dlms_ctrl_start = offset
            format_type = ""长格式"" if apdu_byte == 0x00 else ""短格式""
            table_data.append((""  DLMS控制字段"", f""0x{apdu_byte:02X}"", format_type,
",""
"Variable:hdlc_parser.py:dst_addr","dst_addr","hdlc_parser.py",802,802,"
            if apdu_byte == 0x00 and len(data) > offset + 4:
                dst_addr = data[offset:offset + 4]
                table_data.append((""    目标地址"", self._bytes_to_hex(dst_addr),
                                  ""4字节"", ""长格式目标地址"",
",""
"Variable:hdlc_parser.py:src_addr","src_addr","hdlc_parser.py",809,809,"
                if len(data) > offset:
                    src_addr = data[offset]
                    table_data.append((""    源地址"", f""0x{src_addr:02X}"",
                                      ""1字节"", """",
",""
"Variable:hdlc_parser.py:apdu_byte2","apdu_byte2","hdlc_parser.py",818,818,"                # 整个APDU作为父节点
                original_offset = offset
                apdu_byte2 = data[offset]
                apdu_name = self.APDU_TYPES[apdu_byte2]
                offset += 1
",""
"Variable:hdlc_parser.py:total_len","total_len","hdlc_parser.py",839,839,"                original_offset = offset
                start_len = len(table_data)
                total_len = len(data) - offset
                # _parse_ber_tlv 会递归解析所有子项并正确增加缩进
                self._parse_ber_tlv(data[offset:], table_data, base_offset + offset + 2)
",""
"Variable:hdlc_parser.py:local_offset","local_offset","hdlc_parser.py",868,868,"
        offset = 0
        local_offset = base_offset

        # 循环解析多个连续的BER-TLV元素，直到所有字节处理完毕
",""
"Variable:hdlc_parser.py:tag_number","tag_number","hdlc_parser.py",879,879,"            tag = data[offset]
            tag_desc = """"
            tag_number = tag

            if tag == 0x1F:
",""
"Variable:hdlc_parser.py:app_num","app_num","hdlc_parser.py",893,893,"            elif 0x60 <= tag <= 0x7F:
                # APPLICATION标签
                app_num = tag - 0x60
                app_names = {
                    0: ""APPLICATION 0"",
",""
"Variable:hdlc_parser.py:app_names","app_names","hdlc_parser.py",894,900,"                # APPLICATION标签
                app_num = tag - 0x60
                app_names = {
                    0: ""APPLICATION 0"",
                    1: ""AARQ (关联请求)"",
                    2: ""AARE (关联响应)"",
                    3: ""RLRQ (释放请求)"",
                    4: ""RLRE (释放响应)""
                }
                tag_desc = app_names.get(app_num, f""APPLICATION {app_num}"")
            elif 0xA0 <= tag <= 0xBF:
",""
"Variable:hdlc_parser.py:ctx_num","ctx_num","hdlc_parser.py",904,904,"            elif 0xA0 <= tag <= 0xBF:
                # Context-Specific标签
                ctx_num = tag - 0xA0
                # AARQ/AARE 中常见 Context-Specific 标签含义
                ctx_names = {
",""
"Variable:hdlc_parser.py:ctx_names","ctx_names","hdlc_parser.py",906,921,"                ctx_num = tag - 0xA0
                # AARQ/AARE 中常见 Context-Specific 标签含义
                ctx_names = {
                    0: ""negotiated-dlms-version"",
                    1: ""proposed-parameter-pp"",
                    2: ""proposed-parameter-challenge"",
                    3: ""client-sap-id"",
                    4: ""association-information"",
                    5: ""xdlms-context-info"",
                    6: ""authentication"",
                    7: ""mechanism-name"",
                    8: ""challenge"",
                    9: ""response"",
                    10: ""server-sap-id"",
                    11: ""proposed-quality-of-service"",
                    12: ""password"",
                    30: ""user-information"",
                }
                if ctx_num in ctx_names:
                    tag_desc = f""Context-Specific [{ctx_num}] {ctx_names[ctx_num]}""
",""
"Variable:hdlc_parser.py:tag_class","tag_class","hdlc_parser.py",928,928,"            else:
                # 解析 BER 标签: 解码 class + constructed + tag number
                tag_class = (tag >> 6) & 0x03
                constructed = (tag >> 5) & 0x01
                tag_number = tag & 0x1F
",""
"Variable:hdlc_parser.py:constructed","constructed","hdlc_parser.py",929,929,"                # 解析 BER 标签: 解码 class + constructed + tag number
                tag_class = (tag >> 6) & 0x03
                constructed = (tag >> 5) & 0x01
                tag_number = tag & 0x1F
                class_names = {0: ""Universal"", 1: ""Application"", 2: ""Context-Specific"", 3: ""Private""}
",""
"Variable:hdlc_parser.py:class_names","class_names","hdlc_parser.py",931,931,"                constructed = (tag >> 5) & 0x01
                tag_number = tag & 0x1F
                class_names = {0: ""Universal"", 1: ""Application"", 2: ""Context-Specific"", 3: ""Private""}
                class_name = class_names.get(tag_class, f""Class-{tag_class}"")
                constructed_str = "" constructed"" if constructed else """"
",""
"Variable:hdlc_parser.py:class_name","class_name","hdlc_parser.py",932,932,"                tag_number = tag & 0x1F
                class_names = {0: ""Universal"", 1: ""Application"", 2: ""Context-Specific"", 3: ""Private""}
                class_name = class_names.get(tag_class, f""Class-{tag_class}"")
                constructed_str = "" constructed"" if constructed else """"

",""
"Variable:hdlc_parser.py:constructed_str","constructed_str","hdlc_parser.py",933,933,"                class_names = {0: ""Universal"", 1: ""Application"", 2: ""Context-Specific"", 3: ""Private""}
                class_name = class_names.get(tag_class, f""Class-{tag_class}"")
                constructed_str = "" constructed"" if constructed else """"

                # 通用标签名称映射
",""
"Variable:hdlc_parser.py:universal_names","universal_names","hdlc_parser.py",936,953,"
                # 通用标签名称映射
                universal_names = {
                    0x01: ""BOOLEAN"",
                    0x02: ""INTEGER"",
                    0x03: ""BIT STRING"",
                    0x04: ""OCTET STRING"",
                    0x05: ""NULL"",
                    0x06: ""OBJECT IDENTIFIER"",
                    0x09: ""REAL"",
                    0x0A: ""ENUMERATED"",
                    0x0D: ""ENUMERATED"",
                    0x10: ""SEQUENCE"",
                    0x13: ""SET"",
                    0x30: ""SEQUENCE"",
                    0x31: ""SET"",
                    0x35: ""SEQUENCE OF"",
                    0x47: ""OCTET STRING"",
                    0xBE: ""Context-Specific [30]"",
                }
                if tag_class == 0 and tag_number in universal_names:
                    tag_desc = f""{class_name} {universal_names[tag_number]}{constructed_str}""
",""
"Variable:hdlc_parser.py:tlv_length","tlv_length","hdlc_parser.py",973,973,"
            # 解析长度
            tlv_length = 0
            if offset < len(data):
                length_byte = data[offset]
",""
"Variable:hdlc_parser.py:length_byte","length_byte","hdlc_parser.py",975,975,"            tlv_length = 0
            if offset < len(data):
                length_byte = data[offset]
                if length_byte < 0x80:
                    # 短格式长度
",""
"Variable:hdlc_parser.py:num_length_bytes","num_length_bytes","hdlc_parser.py",990,990,"                else:
                    # 长格式长度
                    num_length_bytes = length_byte & 0x7F
                    if offset + 1 + num_length_bytes <= len(data):
                        tlv_length = 0
",""
"Variable:hdlc_parser.py:len_bytes","len_bytes","hdlc_parser.py",993,993,"                    if offset + 1 + num_length_bytes <= len(data):
                        tlv_length = 0
                        len_bytes = data[offset + 1:offset + 1 + num_length_bytes]
                        for b in len_bytes:
                            tlv_length = (tlv_length << 8) | b
",""
"Variable:hdlc_parser.py:value_data","value_data","hdlc_parser.py",1005,1005,"            # 解析值
            if offset < len(data) and tlv_length > 0:
                value_data = data[offset:offset + min(tlv_length, len(data) - offset)]

                # 根据标签类型解析值
",""
"Variable:hdlc_parser.py:parsed_value","parsed_value","hdlc_parser.py",1008,1008,"
                # 根据标签类型解析值
                parsed_value = f""{len(value_data)}字节""
                # 检查是否是基本类型，尝试解析
                if tag_number == 0x01:  # BOOLEAN
",""
"Variable:hdlc_parser.py:oid_parts","oid_parts","hdlc_parser.py",1027,1027,"                    if len(value_data) >= 1:
                        # OID 编码：第一个字节 = 40*first + second
                        oid_parts = []
                        if len(value_data) >= 1:
                            first = value_data[0]
",""
"Variable:hdlc_parser.py:first","first","hdlc_parser.py",1029,1029,"                        oid_parts = []
                        if len(value_data) >= 1:
                            first = value_data[0]
                            oid_parts.append(str(first // 40))
                            oid_parts.append(str(first % 40))
",""
"Variable:hdlc_parser.py:is_constructed","is_constructed","hdlc_parser.py",1058,1058,"                # 判断是否是 constructed 类型（bit6 = 1 表示 constructed）
                # 编码: [bit8-7: class][bit6: constructed][bits5-1: tag]
                is_constructed = (tag & 0x20) != 0  # bit6 是 constructed 标志
                # constructed 类型肯定包含嵌套 TLV，递归解析
                # primitive 类型如果长度大于 2 也可能包含嵌套（比如 OCTET STRING 包含 SEQUENCE）
",""
"Variable:hdlc_parser.py:class_id","class_id","hdlc_parser.py",1082,1082,"
        # Class-ID (2字节, 大端序)
        class_id = struct.unpack('>H', data[offset:offset + 2])[0]
        class_name = {
            1: ""Data (数据)"", 3: ""Register (寄存器)"", 4: ""Extended-Register (扩展寄存器)"",
",""
"Variable:hdlc_parser.py:obis_bytes","obis_bytes","hdlc_parser.py",1102,1102,"
        # Instance-ID / OBIS码 (6字节)
        obis_bytes = data[offset:offset + 6]
        obis_str = ""."".join(str(b) for b in obis_bytes)
        obis_desc = self._get_obis_description(obis_bytes)
",""
"Variable:hdlc_parser.py:obis_str","obis_str","hdlc_parser.py",1103,1103,"        # Instance-ID / OBIS码 (6字节)
        obis_bytes = data[offset:offset + 6]
        obis_str = ""."".join(str(b) for b in obis_bytes)
        obis_desc = self._get_obis_description(obis_bytes)

",""
"Variable:hdlc_parser.py:obis_desc","obis_desc","hdlc_parser.py",1104,1104,"        obis_bytes = data[offset:offset + 6]
        obis_str = ""."".join(str(b) for b in obis_bytes)
        obis_desc = self._get_obis_description(obis_bytes)

        table_data.append((f""{label_prefix}OBIS码"", self._bytes_to_hex(obis_bytes), obis_str,
",""
"Variable:hdlc_parser.py:attr_id","attr_id","hdlc_parser.py",1111,1111,"
        # Attribute-ID 或 Method-ID (1字节)
        attr_id = data[offset]
        table_data.append((f""{label_prefix}属性ID"", f""0x{attr_id:02X}"", str(attr_id),
                          ""对象属性索引"", base_offset + offset, base_offset + offset))
",""
"Variable:hdlc_parser.py:obis_map","obis_map","hdlc_parser.py",1123,1233,"        obis_str = ""."".join(str(b) for b in obis_bytes)
        # 常见电能表OBIS码中文映射表
        obis_map = {
            # 逻辑设备信息
            ""0.0.96.1.0.255"": ""逻辑设备名称"",
            ""0.0.96.1.1.255"": ""设备标识/资产号/电表编号"",
            ""0.0.96.1.2.255"": ""固件版本/软件版本"",
            ""0.0.96.1.3.255"": ""硬件版本"",
            ""0.0.96.1.4.255"": ""出厂编号"",
            ""0.0.96.1.5.255"": ""安装日期"",

            # 设备状态和管理
            ""0.0.96.3.1.255"": ""电表运行状态"",
            ""0.0.96.3.2.255"": ""电表错误状态"",
            ""0.0.96.3.10.255"": ""断开控制对象"",
            ""0.0.10.0.1.255"": ""脚本表对象"",
            ""0.0.99.98.1.255"": ""电力事件日志"",
            ""0.0.99.98.2.255"": ""事件记录/日志"",
            ""0.0.99.98.3.255"": ""故障记录/掉电记录"",
            ""0.0.99.98.4.255"": ""电压异常记录"",
            ""0.0.99.98.5.255"": ""电流异常记录"",

            # 总有功电能
            ""1.0.1.8.0.255"": ""正向有功电能总累计"",
            ""1.0.1.8.1.255"": ""正向有功电能费率1 (尖)"",
            ""1.0.1.8.2.255"": ""正向有功电能费率2 (峰)"",
            ""1.0.1.8.3.255"": ""正向有功电能费率3 (平)"",
            ""1.0.1.8.4.255"": ""正向有功电能费率4 (谷)"",
            ""1.0.1.8.5.255"": ""正向有功电能费率5"",
            ""1.0.1.8.6.255"": ""正向有功电能费率6"",

            # 反方向有功电能
            ""1.0.2.8.0.255"": ""反向有功电能总累计"",
            ""1.0.2.8.1.255"": ""反向有功电能费率1 (尖)"",
            ""1.0.2.8.2.255"": ""反向有功电能费率2 (峰)"",
            ""1.0.2.8.3.255"": ""反向有功电能费率3 (平)"",
            ""1.0.2.8.4.255"": ""反向有功电能费率4 (谷)"",

            # 四象限无功电能
            ""1.0.3.8.0.255"": ""正向无功电能总累计(I象限)"",
            ""1.0.3.8.1.255"": ""正向无功电能费率1(I象限)"",
            ""1.0.3.8.2.255"": ""正向无功电能费率2(I象限)"",
            ""1.0.3.8.3.255"": ""正向无功电能费率3(I象限)"",
            ""1.0.3.8.4.255"": ""正向无功电能费率4(I象限)"",

            ""1.0.4.8.0.255"": ""反向无功电能总累计(II象限)"",
            ""1.0.4.8.1.255"": ""反向无功电能费率1(II象限)"",
            ""1.0.4.8.2.255"": ""反向无功电能费率2(II象限)"",
            ""1.0.4.8.3.255"": ""反向无功电能费率3(II象限)"",
            ""1.0.4.8.4.255"": ""反向无功电能费率4(II象限)"",

            ""1.0.5.8.0.255"": ""第三象限无功总累计"",
            ""1.0.6.8.0.255"": ""第四象限无功总累计"",

            # 最大需量
            ""1.0.15.8.0.255"": ""正向有功最大需量"",
            ""1.0.16.8.0.255"": ""反向有功最大需量"",
            ""1.0.17.8.0.255"": ""正向无功最大需量"",
            ""1.0.18.8.0.255"": ""反向无功最大需量"",

            # 瞬时测量值 - 电压
            ""1.0.21.7.0.255"": ""A相(L1)瞬时电压"",
            ""1.0.22.7.0.255"": ""B相(L2)瞬时电压"",
            ""1.0.23.7.0.255"": ""C相(L3)瞬时电压"",
            ""1.0.20.7.0.255"": ""平均电压"",

            # 瞬时测量值 - 电流
            ""1.0.31.7.0.255"": ""A相(L1)瞬时电流"",
            ""1.0.32.7.0.255"": ""B相(L2)瞬时电流"",
            ""1.0.33.7.0.255"": ""C相(L3)瞬时电流"",
            ""1.0.30.7.0.255"": ""中性线电流"",

            # 瞬时测量值 - 功率
            ""1.0.51.7.0.255"": ""A相(L1)瞬时有功功率"",
            ""1.0.52.7.0.255"": ""B相(L2)瞬时有功功率"",
            ""1.0.53.7.0.255"": ""C相(L3)瞬时有功功率"",
            ""1.0.50.7.0.255"": ""总有功功率"",

            ""1.0.61.7.0.255"": ""A相(L1)瞬时无功功率"",
            ""1.0.62.7.0.255"": ""B相(L2)瞬时无功功率"",
            ""1.0.63.7.0.255"": ""C相(L3)瞬时无功功率"",
            ""1.0.60.7.0.255"": ""总无功功率"",

            ""1.0.71.7.0.255"": ""A相(L1)视在功率"",
            ""1.0.72.7.0.255"": ""B相(L2)视在功率"",
            ""1.0.73.7.0.255"": ""C相(L3)视在功率"",
            ""1.0.70.7.0.255"": ""总视在功率"",

            ""1.0.81.7.0.255"": ""A相(L1)功率因数"",
            ""1.0.82.7.0.255"": ""B相(L2)功率因数"",
            ""1.0.83.7.0.255"": ""C相(L3)功率因数"",
            ""1.0.80.7.0.255"": ""总功率因数"",

            # 频率
            ""1.0.90.7.0.255"": ""电网频率"",

            # 日/月累计
            ""1.0.1.8.0.256"": ""正向有功电能日累计"",
            ""1.0.1.8.0.257"": ""正向有功电能月累计"",

            # 时钟
            ""0.0.1.0.0.255"": ""时钟/当前时间"",
            ""1.0.0.0.0.255"": ""有功电能基准值"",

            # 电量日期
            ""0.0.2.0.0.255"": ""抄表日期"",
            ""0.0.3.0.0.255"": ""最近掉电日期时间"",

            # 谐波
            ""1.0.111.7.0.255"": ""A相电压总谐波畸变率"",
            ""1.0.112.7.0.255"": ""B相电压总谐波畸变率"",
            ""1.0.113.7.0.255"": ""C相电压总谐波畸变率"",
        }
        return obis_map.get(obis_str, obis_str)

",""
"Variable:hdlc_parser.py:type_tag","type_tag","hdlc_parser.py",1244,1244,"            return 0

        type_tag = data[0]
        offset = 1

",""
"Variable:hdlc_parser.py:type_names","type_names","hdlc_parser.py",1247,1255,"        offset = 1

        type_names = {
            0x00: ""Null"", 0x01: ""Array/Structure"", 0x02: ""Boolean"", 0x03: ""Bit-String"",
            0x04: ""Double-Long-Unsigned"", 0x05: ""Double-Long"", 0x06: ""Octet-String"",
            0x09: ""Visible-String"", 0x0A: ""UTF8-String"", 0x0B: ""BCD"",
            0x0C: ""Integer(16bit)"", 0x0D: ""Long(32bit)"", 0x0F: ""Long-Unsigned(16bit)"",
            0x10: ""Compact-Array"", 0x11: ""Long64-Unsigned"", 0x12: ""Long64"",
            0x13: ""Enum"", 0x16: ""Float32"", 0x17: ""Float64"",
            0x18: ""DateTime"", 0x19: ""Date"", 0x1A: ""Time"", 0x1B: ""Dont-Care"",
        }
        type_name = type_names.get(type_tag, f""未知(0x{type_tag:02X})"")

",""
"Variable:hdlc_parser.py:type_name","type_name","hdlc_parser.py",1256,1256,"            0x18: ""DateTime"", 0x19: ""Date"", 0x1A: ""Time"", 0x1B: ""Dont-Care"",
        }
        type_name = type_names.get(type_tag, f""未知(0x{type_tag:02X})"")

        # 定长类型
",""
"Variable:hdlc_parser.py:fixed_lengths","fixed_lengths","hdlc_parser.py",1259,1260,"
        # 定长类型
        fixed_lengths = {0x02: 1, 0x04: 4, 0x05: 4, 0x0C: 2, 0x0D: 4, 0x0F: 2,
                         0x11: 8, 0x12: 8, 0x13: 1, 0x16: 4, 0x17: 8, 0x18: 12, 0x19: 5, 0x1A: 4}

        if type_tag == 0x00:  # Null
",""
"Variable:hdlc_parser.py:elem_count","elem_count","hdlc_parser.py",1267,1267,"        elif type_tag == 0x01:  # Array/Structure
            if len(data) > offset:
                elem_count = data[offset]
                offset += 1
                table_data.append((label, f""0x{type_tag:02X} ({elem_count})"", f""{type_name}, 元素数={elem_count}"",
",""
"Variable:hdlc_parser.py:current_offset","current_offset","hdlc_parser.py",1272,1272,"                                  ""复合数据"", base_offset, base_offset + 1))
                # 逐个解析每个元素
                current_offset = offset
                for i in range(elem_count):
                    if current_offset >= len(data):
",""
"Variable:hdlc_parser.py:elem_len","elem_len","hdlc_parser.py",1277,1279,"                        break
                    # 每个元素都是一个 DLMS 数据值，递归解析
                    elem_len = self._parse_dlms_value(data[current_offset:], table_data,
                                                    base_offset + current_offset,
                                                    f""    {label} [{i}]"")
                    if elem_len <= 0:
                        break
",""
"Variable:hdlc_parser.py:str_len","str_len","hdlc_parser.py",1286,1286,"        elif type_tag == 0x06:  # Octet-String
            if len(data) > offset:
                str_len = data[offset]
                offset += 1
                if len(data) >= offset + str_len:
",""
"Variable:hdlc_parser.py:str_data","str_data","hdlc_parser.py",1289,1289,"                offset += 1
                if len(data) >= offset + str_len:
                    str_data = data[offset:offset + str_len]
                    # 检查是否是DateTime (12字节)
                    if str_len == 12:
",""
"Variable:hdlc_parser.py:year","year","hdlc_parser.py",1293,1293,"                    if str_len == 12:
                        try:
                            year = struct.unpack('>H', str_data[0:2])[0]
                            month = str_data[2]
                            day = str_data[3]
",""
"Variable:hdlc_parser.py:month","month","hdlc_parser.py",1294,1294,"                        try:
                            year = struct.unpack('>H', str_data[0:2])[0]
                            month = str_data[2]
                            day = str_data[3]
                            hour = str_data[4]
",""
"Variable:hdlc_parser.py:day","day","hdlc_parser.py",1295,1295,"                            year = struct.unpack('>H', str_data[0:2])[0]
                            month = str_data[2]
                            day = str_data[3]
                            hour = str_data[4]
                            minute = str_data[5]
",""
"Variable:hdlc_parser.py:hour","hour","hdlc_parser.py",1296,1296,"                            month = str_data[2]
                            day = str_data[3]
                            hour = str_data[4]
                            minute = str_data[5]
                            second = str_data[6]
",""
"Variable:hdlc_parser.py:minute","minute","hdlc_parser.py",1297,1297,"                            day = str_data[3]
                            hour = str_data[4]
                            minute = str_data[5]
                            second = str_data[6]
                            dt_str = f""{year}-{month:02d}-{day:02d} {hour:02d}:{minute:02d}:{second:02d}""
",""
"Variable:hdlc_parser.py:second","second","hdlc_parser.py",1298,1298,"                            hour = str_data[4]
                            minute = str_data[5]
                            second = str_data[6]
                            dt_str = f""{year}-{month:02d}-{day:02d} {hour:02d}:{minute:02d}:{second:02d}""
                            table_data.append((f""{label} (DateTime)"", self._bytes_to_hex(str_data), dt_str,
",""
"Variable:hdlc_parser.py:dt_str","dt_str","hdlc_parser.py",1299,1299,"                            minute = str_data[5]
                            second = str_data[6]
                            dt_str = f""{year}-{month:02d}-{day:02d} {hour:02d}:{minute:02d}:{second:02d}""
                            table_data.append((f""{label} (DateTime)"", self._bytes_to_hex(str_data), dt_str,
                                              type_name, base_offset, base_offset + str_len))
",""
"Variable:hdlc_parser.py:str_value","str_value","hdlc_parser.py",1315,1315,"                    str_data = data[offset:offset + str_len]
                    try:
                        str_value = str_data.decode('ascii', errors='replace')
                    except Exception:
                        str_value = self._bytes_to_hex(str_data)
",""
"Variable:hdlc_parser.py:bit_len","bit_len","hdlc_parser.py",1336,1336,"        elif type_tag == 0x03:  # Bit-String
            if len(data) > offset:
                bit_len = data[offset]
                offset += 1
                byte_len = (bit_len + 7) // 8  # 向上取整，计算需要多少字节存储
",""
"Variable:hdlc_parser.py:byte_len","byte_len","hdlc_parser.py",1338,1338,"                bit_len = data[offset]
                offset += 1
                byte_len = (bit_len + 7) // 8  # 向上取整，计算需要多少字节存储
                if len(data) >= offset + byte_len:
                    bit_data = data[offset:offset + byte_len]
",""
"Variable:hdlc_parser.py:bit_data","bit_data","hdlc_parser.py",1340,1340,"                byte_len = (bit_len + 7) // 8  # 向上取整，计算需要多少字节存储
                if len(data) >= offset + byte_len:
                    bit_data = data[offset:offset + byte_len]
                    table_data.append((label, self._bytes_to_hex(bit_data),
                                      f""{bit_len} bits ({byte_len}字节)"",
",""
"Variable:hdlc_parser.py:fl","fl","hdlc_parser.py",1347,1347,"                    return offset + byte_len
        elif type_tag in fixed_lengths:
            fl = fixed_lengths[type_tag]
            if len(data) >= offset + fl:
                value_data = data[offset:offset + fl]
",""
"Variable:hdlc_parser.py:remaining","remaining","hdlc_parser.py",1394,1394,"            return 0

        remaining = data[offset:]
        local_offset = offset
        bo = base_offset  # 缩写
",""
"Variable:hdlc_parser.py:bo","bo","hdlc_parser.py",1396,1396,"        remaining = data[offset:]
        local_offset = offset
        bo = base_offset  # 缩写

        # ======== Get-Request (0xC0) ========
",""
"Variable:hdlc_parser.py:req_type","req_type","hdlc_parser.py",1402,1402,"        if apdu_type == 0xC0:
            if len(remaining) >= 1:
                req_type = remaining[0]
                type_name = self.GET_REQUEST_TYPES.get(req_type, f""未知(0x{req_type:02X})"")
                table_data.append((""    请求类型"", f""0x{req_type:02X}"", type_name,
",""
"Variable:hdlc_parser.py:invoke_byte","invoke_byte","hdlc_parser.py",1409,1409,"
            if len(remaining) >= 2:
                invoke_byte = remaining[1]
                inv = self._decode_invoke_id(invoke_byte)
                table_data.append((""    Invoke-Id-And-Priority"", f""0x{invoke_byte:02X}"",
",""
"Variable:hdlc_parser.py:inv","inv","hdlc_parser.py",1410,1410,"            if len(remaining) >= 2:
                invoke_byte = remaining[1]
                inv = self._decode_invoke_id(invoke_byte)
                table_data.append((""    Invoke-Id-And-Priority"", f""0x{invoke_byte:02X}"",
                                  f""ID={inv['invoke_id']}, {inv['service_class']}, {inv['priority']}"",
",""
"Variable:hdlc_parser.py:sel_access","sel_access","hdlc_parser.py",1423,1423,"                    # 可能有 Selective-Access-Descriptor (0x00=无, 其他=有)
                    if local_offset < len(remaining):
                        sel_access = remaining[local_offset - 2] if local_offset - 2 >= 0 else 0
                        # 最后一个字节可能是 Selective Access 标记
                        remaining_after_desc = remaining[local_offset:]
",""
"Variable:hdlc_parser.py:remaining_after_desc","remaining_after_desc","hdlc_parser.py",1425,1425,"                        sel_access = remaining[local_offset - 2] if local_offset - 2 >= 0 else 0
                        # 最后一个字节可能是 Selective Access 标记
                        remaining_after_desc = remaining[local_offset:]
                        if len(remaining_after_desc) > 0:
                            table_data.append((""    Selective-Access"",
",""
"Variable:hdlc_parser.py:block_num","block_num","hdlc_parser.py",1434,1434,"                # Next-Data-Block: block-number(4字节)
                elif req_type == 0x02 and len(remaining) >= 6:
                    block_num = struct.unpack('>I', remaining[2:6])[0]
                    table_data.append((""    Block-Number"", f""0x{block_num:08X}"", str(block_num),
                                      ""数据块序号"", bo + local_offset, bo + local_offset + 3))
",""
"Variable:hdlc_parser.py:resp_type","resp_type","hdlc_parser.py",1442,1442,"        elif apdu_type == 0xC4:
            if len(remaining) >= 1:
                resp_type = remaining[0]
                type_name = self.GET_RESPONSE_TYPES.get(resp_type, f""未知(0x{resp_type:02X})"")
                table_data.append((""    响应类型"", f""0x{resp_type:02X}"", type_name,
",""
"Variable:hdlc_parser.py:result_tag","result_tag","hdlc_parser.py",1459,1459,"                    # Get-Response-Normal: Result(1) + [Data]
                    if len(remaining) >= 3:
                        result_tag = remaining[2]
                        if result_tag == 0x00:
                            # Data 成功
",""
"Variable:hdlc_parser.py:consumed_data","consumed_data","hdlc_parser.py",1467,1467,"                            # 解析返回数据
                            if len(remaining) > 3:
                                consumed_data = self._parse_dlms_value(remaining[3:], table_data, bo + local_offset, ""    返回数据"")
                                local_offset += consumed_data
                        elif result_tag == 0x01:
",""
"Variable:hdlc_parser.py:err_code","err_code","hdlc_parser.py",1472,1472,"                            # Data-Access-Result 错误
                            if len(remaining) >= 4:
                                err_code = remaining[3]
                                err_name = self.DATA_ACCESS_RESULTS.get(err_code, f""未知(0x{err_code:02X})"")
                                table_data.append((""    结果"", f""0x{result_tag:02X}"", f""DataAccessError: {err_name}"",
",""
"Variable:hdlc_parser.py:err_name","err_name","hdlc_parser.py",1473,1473,"                            if len(remaining) >= 4:
                                err_code = remaining[3]
                                err_name = self.DATA_ACCESS_RESULTS.get(err_code, f""未知(0x{err_code:02X})"")
                                table_data.append((""    结果"", f""0x{result_tag:02X}"", f""DataAccessError: {err_name}"",
                                                  ""Get-Data-Result(错误)"", bo + local_offset, bo + local_offset + 1))
",""
"Variable:hdlc_parser.py:remaining_len","remaining_len","hdlc_parser.py",1482,1482,"                elif resp_type == 0x02:
                    # Get-Response-With-Data-Block: block-control + payload
                    remaining_len = len(remaining) - 2
                    table_data.append((""    返回数据(分块)"",
                                      self._bytes_to_hex(remaining[2:min(17, len(remaining))]) + (""..."" if len(remaining) > 17 else """"),
",""
"Variable:hdlc_parser.py:sel_byte","sel_byte","hdlc_parser.py",1524,1524,"                    # Selective-Access (可选, 0x00=无)
                    if local_offset < len(remaining):
                        sel_byte = remaining[local_offset]
                        if sel_byte == 0x00:
                            table_data.append((""    Selective-Access"", ""0x00"", ""无"",
",""
"Variable:hdlc_parser.py:result","result","hdlc_parser.py",1555,1555,"                if resp_type == 0x01 and len(remaining) >= 3:
                    # Set-Response-Normal: result(1)
                    result = remaining[2]
                    result_name = self.DATA_ACCESS_RESULTS.get(result, f""未知(0x{result:02X})"")
                    table_data.append((""    结果"", f""0x{result:02X}"", result_name,
",""
"Variable:hdlc_parser.py:result_name","result_name","hdlc_parser.py",1556,1556,"                    # Set-Response-Normal: result(1)
                    result = remaining[2]
                    result_name = self.DATA_ACCESS_RESULTS.get(result, f""未知(0x{result:02X})"")
                    table_data.append((""    结果"", f""0x{result:02X}"", result_name,
                                      ""写操作结果"", bo + local_offset, bo + local_offset))
",""
"Variable:hdlc_parser.py:method_id","method_id","hdlc_parser.py",1621,1621,"
                    # Method-ID (1字节)
                    method_id = remaining[10]
                    table_data.append((""    方法ID (Method-ID)"", f""0x{method_id:02X}"", str(method_id),
                                      ""操作方法编号"", bo + local_offset, bo + local_offset))
",""
"Variable:hdlc_parser.py:has_param","has_param","hdlc_parser.py",1628,1628,"                    # 可选参数: 0x00=无参数, 0x01=有参数后跟Data
                    if len(remaining) >= 12:
                        has_param = remaining[11]
                        if has_param == 0x01:
                            table_data.append((""    方法参数标记"", ""0x01"", ""有参数"",
",""
"Variable:hdlc_parser.py:local_offset_after_result","local_offset_after_result","hdlc_parser.py",1670,1670,"                        table_data.append((""    操作结果"", ""0x00"", ""成功"",
                                          ""Action-Result (success)"", bo + local_offset + 2, bo + local_offset + 2))
                        local_offset_after_result = 3  # 已经用了 2+1=3 字节 (索引到3)

                        # success 之后可能有 return-data，可能带 0x00 标签
",""
"Variable:hdlc_parser.py:ret_tag","ret_tag","hdlc_parser.py",1674,1674,"                        # success 之后可能有 return-data，可能带 0x00 标签
                        if len(remaining) > local_offset_after_result:
                            ret_tag = remaining[local_offset_after_result]
                            if ret_tag == 0x00:
                                # 带 0x00 标签的返回数据
",""
"Variable:hdlc_parser.py:dar_tag","dar_tag","hdlc_parser.py",1703,1703,"                        # 下一个字节是 Data-Access-Result 标签
                        if len(remaining) >= 4:
                            dar_tag = remaining[3]
                            # Data-Access-Result 后还有结果码
                            if len(remaining) >= 5:
",""
"Variable:hdlc_parser.py:dar_result","dar_result","hdlc_parser.py",1706,1706,"                            # Data-Access-Result 后还有结果码
                            if len(remaining) >= 5:
                                dar_result = remaining[4]
                                dar_result_name = self.DATA_ACCESS_RESULTS.get(dar_result, f""未知(0x{dar_result:02X})"")
                                table_data.append((""    Data-Access-Result"", f""0x{dar_tag:02X}"", dar_result_name,
",""
"Variable:hdlc_parser.py:dar_result_name","dar_result_name","hdlc_parser.py",1707,1707,"                            if len(remaining) >= 5:
                                dar_result = remaining[4]
                                dar_result_name = self.DATA_ACCESS_RESULTS.get(dar_result, f""未知(0x{dar_result:02X})"")
                                table_data.append((""    Data-Access-Result"", f""0x{dar_tag:02X}"", dar_result_name,
                                                  ""Data-Access-Result"", bo + local_offset + 4, bo + local_offset + 4))
",""
"Variable:hdlc_parser.py:parse_direction","parse_direction","hdlc_parser.py",1817,1817,"        # 判断帧方向
        if dest_len > src_len:
            parse_direction = ""client_to_server""
        elif src_len > dest_len:
            parse_direction = ""server_to_client""
",""
"Variable:hdlc_parser.py:has_info","has_info","hdlc_parser.py",1834,1834,"        
        # 判断是否有信息域
        has_info = ctrl_type in ['I帧 (信息帧)', 'UI帧 (无编号信息)', 'SNRM帧', 'UA帧', 'DM帧', 'FRMR帧', 'DISC帧']
        
        # 6. HCS/FCS
",""
"Variable:hdlc_parser.py:info_end","info_end","hdlc_parser.py",1848,1848,"        # 7. 信息域
        if has_info and offset < len(frame_bytes) - 3:
            info_end = len(frame_bytes) - 3  # 减去FCS和结束标志
            info_data = frame_bytes[offset:info_end]
            result[""信息域""] = {
",""
"Variable:hdlc_parser.py:base_offset","base_offset","hdlc_parser.py",1884,1884,"        table_data = []
        offset = 0
        base_offset = 0

        if len(wrapper_bytes) < 8:
",""
"Variable:hdlc_parser.py:apdu_data","apdu_data","hdlc_parser.py",1914,1914,"        # 解析 DLMS-APDU，从offset开始，base_offset已经是0
        if offset < len(wrapper_bytes):
            apdu_data = wrapper_bytes[offset:]
            boffset = base_offset + offset
            if len(apdu_data) > 0:
",""
"Variable:hdlc_parser.py:boffset","boffset","hdlc_parser.py",1915,1915,"        if offset < len(wrapper_bytes):
            apdu_data = wrapper_bytes[offset:]
            boffset = base_offset + offset
            if len(apdu_data) > 0:
                apdu_byte = apdu_data[0]
",""
"Variable:hdlc_parser.py:first_byte","first_byte","hdlc_parser.py",1950,1950,"                        apdu_end = boffset + (original_offset + total_len - 1)
                        # 插入父节点
                        first_byte = apdu_data[0]
                        table_data.insert(start_len, (""  DLMS APDU (BER-TLV)"", f""0x{first_byte:02X}"",
                                                    f""BER-TLV编码 (整个{total_len}字节)"",
",""
"Variable:hdlc_parser.py:parser","parser","hdlc_parser.py",1997,1997,"if __name__ == ""__main__"":
    # 测试HDLC解析器
    parser = HDLCParser()
    
    # 示例HDLC帧（需要根据实际协议构造）
",""
"Variable:hdlc_parser.py:test_frame","test_frame","hdlc_parser.py",2003,2012,"    
    # 简单测试帧 - SNRM命令
    test_frame = bytes([
        0x7E,  # 起始标志
        0xA0, 0x07,  # 格式域: Type=0xA, S=0, Length=7
        0x01,  # 目的地址: 0x01 (客户端管理进程)
        0x01,  # 源地址
        0x93,  # 控制域: SNRM, P=1
        0x00, 0x00,  # HCS (需要计算)
        0x00, 0x00,  # FCS (需要计算)
        0x7E,  # 结束标志
    ])
    
    print(""=== HDLC帧解析测试 ==="")
",""
"Variable:hdlc_parser.py:table","table","hdlc_parser.py",2015,2015,"    
    print(""=== HDLC帧解析测试 ==="")
    table = parser.parse_to_table(test_frame)
    for row in table:
        print(f""{row[0]:20s} | {row[1]:15s} | {row[2]:30s} | {row[3]}"")
",""
"Variable:hdlc_parser.py:validator","validator","hdlc_parser.py",2034,2034,"    """"""验证帧的协议一致性，返回 ValidationResult""""""
    from validator.hdlc_validator import HDLCValidator
    validator = HDLCValidator()
    return validator.verify(frame_bytes)

",""
"Variable:gui_utils.py:menu","menu","gui_utils.py",15,15,"
    def _show_menu(pos):
        menu = widget.createStandardContextMenu()
        text_map = {
            ""Undo"": ""撤销"",",""
"Variable:gui_utils.py:text_map","text_map","gui_utils.py",16,31,"    def _show_menu(pos):
        menu = widget.createStandardContextMenu()
        text_map = {
            ""Undo"": ""撤销"",
            ""Redo"": ""恢复"",
            ""Cut"": ""剪切"",
            ""Copy"": ""复制"",
            ""Paste"": ""粘贴"",
            ""Delete"": ""删除"",
            ""Select All"": ""全选"",
            ""Undo\tCtrl+Z"": ""撤销\tCtrl+Z"",
            ""Redo\tCtrl+Y"": ""恢复\tCtrl+Y"",
            ""Cut\tCtrl+X"": ""剪切\tCtrl+X"",
            ""Copy\tCtrl+C"": ""复制\tCtrl+C"",
            ""Paste\tCtrl+V"": ""粘贴\tCtrl+V"",
            ""Delete"": ""删除"",
            ""Select All\tCtrl+A"": ""全选\tCtrl+A"",
        }
        for action in menu.actions():
            original = action.text().replace(""&"", """")",""
"Variable:gui_utils.py:original","original","gui_utils.py",33,33,"        }
        for action in menu.actions():
            original = action.text().replace(""&"", """")
            if original in text_map:
                action.setText(text_map[original])",""
"Variable:gui_utils.py:seen","seen","gui_utils.py",44,44,"def apply_chinese_context_menus(parent_widget):
    """"""为parent_widget及其子控件中所有QLineEdit/QTextEdit设置中文右键菜单""""""
    seen = set()
    for cls in (QLineEdit, QTextEdit):
        for widget in parent_widget.findChildren(cls):",""
"Variable:gui_utils.py:wid","wid","gui_utils.py",47,47,"    for cls in (QLineEdit, QTextEdit):
        for widget in parent_widget.findChildren(cls):
            wid = id(widget)
            if wid not in seen:
                seen.add(wid)",""
"Variable:gen_test_frames.py:parser","parser","gen_test_frames.py",8,8,"def create_frame(control: int, command: int, user_data: bytes = b'') -> str:
    """"""创建带正确CRC的完整帧（使用查表法CRC16）""""""
    parser = PLCRFProtocolParser()
    
    # 构建帧（不含Start和CRC）",""
"Variable:gen_test_frames.py:frame_body","frame_body","gen_test_frames.py",11,11,"    
    # 构建帧（不含Start和CRC）
    frame_body = bytearray()
    frame_body.append(control)
    frame_body.extend(struct.pack('>H', command))",""
"Variable:gen_test_frames.py:length","length","gen_test_frames.py",17,17,"    
    # 计算长度：Control + Command + UserData + CRC16
    length = 1 + 2 + len(user_data) + 2
    
    # 完整帧（从Start开始，用于CRC计算）",""
"Variable:gen_test_frames.py:full_frame","full_frame","gen_test_frames.py",20,20,"    
    # 完整帧（从Start开始，用于CRC计算）
    full_frame = bytearray()
    full_frame.append(0x02)  # Start
    full_frame.extend(struct.pack('>H', length))  # Length",""
"Variable:gen_test_frames.py:crc_data","crc_data","gen_test_frames.py",26,26,"    
    # 计算CRC16（使用查表法，从Length开始）
    crc_data = full_frame[1:]  # 从Length开始
    crc = parser.calculate_crc16(crc_data)
    ",""
"Variable:gen_test_frames.py:crc","crc","gen_test_frames.py",27,27,"    # 计算CRC16（使用查表法，从Length开始）
    crc_data = full_frame[1:]  # 从Length开始
    crc = parser.calculate_crc16(crc_data)
    
    # 添加CRC16（小端序）",""
"Variable:gen_test_frames.py:frame1","frame1","gen_test_frames.py",37,37,"if __name__ == ""__main__"":
    # 测试1: 模块获取电表表号（请求）
    frame1 = create_frame(0xC0, 0x2001)
    print(f""测试1（获取表号请求）: {frame1}"")
    ",""
"Variable:gen_test_frames.py:frame2","frame2","gen_test_frames.py",41,41,"    
    # 测试2: 心跳
    frame2 = create_frame(0xC0, 0x2002)
    print(f""测试2（心跳）: {frame2}"")
    ",""
"Variable:gen_test_frames.py:user_data3","user_data3","gen_test_frames.py",46,46,"    # 测试3: 模块信息传输
    # 在线(1) + HPLC_band 0(1) + CCO_MAC ""12345678""(16字节，不足补0)
    user_data3 = bytes([0x01, 0x00])  # 在线，频段0
    cco_mac = b""12345678"" + b""\x00"" * 8  # 16字节
    user_data3 += cco_mac",""
"Variable:gen_test_frames.py:cco_mac","cco_mac","gen_test_frames.py",47,47,"    # 在线(1) + HPLC_band 0(1) + CCO_MAC ""12345678""(16字节，不足补0)
    user_data3 = bytes([0x01, 0x00])  # 在线，频段0
    cco_mac = b""12345678"" + b""\x00"" * 8  # 16字节
    user_data3 += cco_mac
    frame3 = create_frame(0xC0, 0x2003, user_data3)",""
"Variable:gen_test_frames.py:frame3","frame3","gen_test_frames.py",49,49,"    cco_mac = b""12345678"" + b""\x00"" * 8  # 16字节
    user_data3 += cco_mac
    frame3 = create_frame(0xC0, 0x2003, user_data3)
    print(f""测试3（模块信息）: {frame3}"")
    ",""
"Variable:gen_test_frames.py:meter_id","meter_id","gen_test_frames.py",54,54,"    # 测试4: 获取电表表号（响应）- 表号123456789987654321
    # 09(类型) + 12(长度18) + ASCII表号
    meter_id = ""123456789987654321""
    user_data4 = bytes([0x09, len(meter_id)]) + meter_id.encode('ascii')
    frame4 = create_frame(0xC4, 0x2001, user_data4)",""
"Variable:gen_test_frames.py:user_data4","user_data4","gen_test_frames.py",55,55,"    # 09(类型) + 12(长度18) + ASCII表号
    meter_id = ""123456789987654321""
    user_data4 = bytes([0x09, len(meter_id)]) + meter_id.encode('ascii')
    frame4 = create_frame(0xC4, 0x2001, user_data4)
    print(f""测试4（表号响应）: {frame4}"")",""
"Variable:gen_test_frames.py:frame4","frame4","gen_test_frames.py",56,56,"    meter_id = ""123456789987654321""
    user_data4 = bytes([0x09, len(meter_id)]) + meter_id.encode('ascii')
    frame4 = create_frame(0xC4, 0x2001, user_data4)
    print(f""测试4（表号响应）: {frame4}"")
",""
"Variable:generate_dlt645_di.py:di_map","di_map","generate_dlt645_di.py",6,6,"
def generate_di_map():
    di_map = {}

    # 电能量数据类 (00)
",""
"Variable:generate_dlt645_di.py:di_key","di_key","generate_dlt645_di.py",11,11,"    # 正向有功电能
    for i in range(16):  # 费率 0-15
        di_key = f""0001{i:02X}00""
        if i == 0:
            name = ""当前正向有功总电能""
",""
"Variable:generate_dlt645_di.py:name","name","generate_dlt645_di.py",13,13,"        di_key = f""0001{i:02X}00""
        if i == 0:
            name = ""当前正向有功总电能""
        else:
            name = f""当前正向有功费率{i}电能""
",""
"Variable:generate_dlt645_di.py:curve_items","curve_items","generate_dlt645_di.py",179,185,"
    # 负荷曲线抄读扩展 (0610xx) - 国网补遗第4号
    curve_items = {
        ""01"": [(""电压"", ""XXX.X"", 2, ""01=A相,02=B相,03=C相""), (""A相电压"", ""B相电压"", ""C相电压"")],
        ""02"": [(""电流"", ""XXX.XXX"", 3, """"), (""A相电流"", ""B相电流"", ""C相电流"")],
        ""03"": [(""有功功率"", ""XX.XXXX"", 3, ""00=总,01=A相,02=B相,03=C相""), (""总有功功率"", ""A相有功功率"", ""B相有功功率"", ""C相有功功率"")],
        ""04"": [(""无功功率"", ""XX.XXXX"", 3, """"), (""总无功功率"", ""A相无功功率"", ""B相无功功率"", ""C相无功功率"")],
        ""05"": [(""功率因数"", ""X.XXX"", 2, """"), (""总功率因数"", ""A功率因数"", ""B功率因数"", ""C功率因数"")],
    }
    for code, (meta, names) in curve_items.items():
        name, dtype, length, _ = meta
",""
"Variable:generate_dlt645_di.py:di","di","generate_dlt645_di.py",189,189,"        name, dtype, length, _ = meta
        for i, n in enumerate(names):
            di = f""0610{code}{i:02X}"" if i > 0 else f""0610{code}00""
            di_map[di] = {""name"": f""负荷曲线-{n}"", ""unit"": ""V"" if code == ""01"" else (""A"" if code == ""02"" else (""kW"" if code == ""03"" else (""kvar"" if code == ""04"" else """"))), ""data_type"": dtype, ""length"": length}
        di_map[f""0610{code}FF""] = {""name"": f""{name if code!='03' else '有功功率' if code!='04' else '无功功率'}曲线数据块"", ""unit"": """", ""data_type"": """", ""length"": 0}
",""
"Variable:generate_dlt645_di.py:energy_names","energy_names","generate_dlt645_di.py",194,194,"
    # 电能/四象限/需量曲线 (061006-061008)
    energy_names = [""正向有功总电能"", ""反向有功总电能"", ""组合无功1总电能"", ""组合无功2总电能""]
    for i, n in enumerate(energy_names):
        di_map[f""061006{i+1:02X}""] = {""name"": f""负荷曲线-{n}"", ""unit"": ""kWh"" if i < 2 else ""kvarh"", ""data_type"": ""XXXXXX.XX"", ""length"": 4}
",""
"Variable:generate_dlt645_di.py:output","output","generate_dlt645_di.py",254,258,"
    # 保存到 JSON 文件
    output = {
        ""description"": ""DLT645-2007 电表协议数据标识(DI)映射表"",
        ""version"": ""1.1.0"",
        ""di_map"": di_map
    }

    with open('dlt645_di.json', 'w', encoding='utf-8') as f:
",""
"Variable:gdw_send_frame_lib.py:info_domain","info_domain","gdw_send_frame_lib.py",55,55,"        """"""
        # 1. 构建信息域R
        info_domain = self._build_info_domain(info_config)

        # 2. 构建地址域A",""
"Variable:gdw_send_frame_lib.py:comm_module_flag","comm_module_flag","gdw_send_frame_lib.py",58,58,"
        # 2. 构建地址域A
        comm_module_flag = info_config.get(""通信模块标识"", 0)
        relay_level = info_config.get(""中继级别"", 0)
        address = self._build_address_domain(",""
"Variable:gdw_send_frame_lib.py:relay_level","relay_level","gdw_send_frame_lib.py",59,59,"        # 2. 构建地址域A
        comm_module_flag = info_config.get(""通信模块标识"", 0)
        relay_level = info_config.get(""中继级别"", 0)
        address = self._build_address_domain(
            comm_module_flag, relay_level,",""
"Variable:gdw_send_frame_lib.py:address","address","gdw_send_frame_lib.py",60,63,"        comm_module_flag = info_config.get(""通信模块标识"", 0)
        relay_level = info_config.get(""中继级别"", 0)
        address = self._build_address_domain(
            comm_module_flag, relay_level,
            src_addr, dst_addr, relay_addrs or []
        )

        # 3. 构建应用数据域",""
"Variable:gdw_send_frame_lib.py:app_data","app_data","gdw_send_frame_lib.py",66,66,"
        # 3. 构建应用数据域
        app_data = self._build_application_data(afn, fn, field_values)

        # 4. 构建控制域",""
"Variable:gdw_send_frame_lib.py:dir_flag","dir_flag","gdw_send_frame_lib.py",69,69,"
        # 4. 构建控制域
        dir_flag = info_config.get(""dir"", 0)
        prm = info_config.get(""prm"", 1)
        comm_type = info_config.get(""通信方式"", 0)",""
"Variable:gdw_send_frame_lib.py:prm","prm","gdw_send_frame_lib.py",70,70,"        # 4. 构建控制域
        dir_flag = info_config.get(""dir"", 0)
        prm = info_config.get(""prm"", 1)
        comm_type = info_config.get(""通信方式"", 0)
        control = GDWControlField(comm_type=comm_type, prm=prm, dir=dir_flag)",""
"Variable:gdw_send_frame_lib.py:comm_type","comm_type","gdw_send_frame_lib.py",71,71,"        dir_flag = info_config.get(""dir"", 0)
        prm = info_config.get(""prm"", 1)
        comm_type = info_config.get(""通信方式"", 0)
        control = GDWControlField(comm_type=comm_type, prm=prm, dir=dir_flag)
",""
"Variable:gdw_send_frame_lib.py:control","control","gdw_send_frame_lib.py",72,72,"        prm = info_config.get(""prm"", 1)
        comm_type = info_config.get(""通信方式"", 0)
        control = GDWControlField(comm_type=comm_type, prm=prm, dir=dir_flag)

        # 5. 组装帧",""
"Variable:gdw_send_frame_lib.py:frame","frame","gdw_send_frame_lib.py",75,82,"
        # 5. 组装帧
        frame = GDWFrame(
            control=control,
            info_domain=info_domain,
            address=address,
            afn=afn,
            dt=self._fn_to_dt(fn),
            data=app_data,
        )
        return frame.frame_pack()
",""
"Variable:gdw_send_frame_lib.py:byte1","byte1","gdw_send_frame_lib.py",88,88,"        """"""组装6字节信息域R（下行报文）""""""
        # 字节1: 路由标识(D0) + 附属节点标识(D1) + 通信模块标识(D2) + 冲突检测(D3) + 中继级别(D4-D7)
        byte1 = 0
        byte1 |= (config.get(""路由标识"", 0) & 0x01) << 0
        byte1 |= (config.get(""附属节点标识"", 0) & 0x01) << 1",""
"Variable:gdw_send_frame_lib.py:byte2","byte2","gdw_send_frame_lib.py",96,96,"
        # 字节2: 纠错编码标识(D0-D3) + 信道标识(D4-D7)
        byte2 = 0
        byte2 |= (config.get(""纠错编码标识"", 0) & 0x0F) << 0
        byte2 |= (config.get(""信道标识"", 0) & 0x0F) << 4",""
"Variable:gdw_send_frame_lib.py:byte3","byte3","gdw_send_frame_lib.py",101,101,"
        # 字节3: 预计应答字节数
        byte3 = config.get(""预计应答字节数"", 0) & 0xFF

        # 字节4-5: 速率单位标识(D15) + 通信速率(D0-D14)",""
"Variable:gdw_send_frame_lib.py:rate","rate","gdw_send_frame_lib.py",104,104,"
        # 字节4-5: 速率单位标识(D15) + 通信速率(D0-D14)
        rate = config.get(""通信速率"", 0) & 0x7FFF
        rate_unit = config.get(""速率单位标识"", 0) & 0x01
        rate_bytes = (rate | (rate_unit << 15)).to_bytes(2, 'little')",""
"Variable:gdw_send_frame_lib.py:rate_unit","rate_unit","gdw_send_frame_lib.py",105,105,"        # 字节4-5: 速率单位标识(D15) + 通信速率(D0-D14)
        rate = config.get(""通信速率"", 0) & 0x7FFF
        rate_unit = config.get(""速率单位标识"", 0) & 0x01
        rate_bytes = (rate | (rate_unit << 15)).to_bytes(2, 'little')
",""
"Variable:gdw_send_frame_lib.py:rate_bytes","rate_bytes","gdw_send_frame_lib.py",106,106,"        rate = config.get(""通信速率"", 0) & 0x7FFF
        rate_unit = config.get(""速率单位标识"", 0) & 0x01
        rate_bytes = (rate | (rate_unit << 15)).to_bytes(2, 'little')

        # 字节6: 报文序列号",""
"Variable:gdw_send_frame_lib.py:byte6","byte6","gdw_send_frame_lib.py",109,109,"
        # 字节6: 报文序列号
        byte6 = config.get(""报文序列号"", 0) & 0xFF

        return bytes([byte1, byte2, byte3, rate_bytes[0], rate_bytes[1], byte6])",""
"Variable:gdw_send_frame_lib.py:addr","addr","gdw_send_frame_lib.py",127,127,"            return b''

        addr = b''
        addr += self._bcd_encode(src_addr, 6)
",""
"Variable:gdw_send_frame_lib.py:addr_str","addr_str","gdw_send_frame_lib.py",148,148,"            length: 目标字节数
        """"""
        addr_str = addr_str.strip()
        if not addr_str:
            return b'\x00' * length",""
"Variable:gdw_send_frame_lib.py:digits","digits","gdw_send_frame_lib.py",153,153,"
        # 只保留数字
        digits = ''.join(c for c in addr_str if c.isdigit())
        # 补齐到偶数位
        if len(digits) % 2 == 1:",""
"Variable:gdw_send_frame_lib.py:result","result","gdw_send_frame_lib.py",158,158,"            digits = '0' + digits

        result = bytearray()
        for i in range(0, len(digits), 2):
            high = int(digits[i])",""
"Variable:gdw_send_frame_lib.py:high","high","gdw_send_frame_lib.py",160,160,"        result = bytearray()
        for i in range(0, len(digits), 2):
            high = int(digits[i])
            low = int(digits[i + 1])
            result.append((high << 4) | low)",""
"Variable:gdw_send_frame_lib.py:low","low","gdw_send_frame_lib.py",161,161,"        for i in range(0, len(digits), 2):
            high = int(digits[i])
            low = int(digits[i + 1])
            result.append((high << 4) | low)
",""
"Variable:gdw_send_frame_lib.py:schema","schema","gdw_send_frame_lib.py",175,175,"                                field_values: Dict[str, Any]) -> bytes:
        """"""组装应用数据域: AFN(已在外层) + DT(已在外层) + 数据单元""""""
        schema = GDW_AFNFN_SCHEMA.get((afn, fn))
        if not schema:
            return b''",""
"Variable:gdw_send_frame_lib.py:fields","fields","gdw_send_frame_lib.py",179,179,"            return b''

        fields = schema.get(""fields"", [])
        if not fields:
            return b''",""
"Variable:gdw_send_frame_lib.py:processed","processed","gdw_send_frame_lib.py",190,190,"        """"""按Schema打包字段（兼容南网字段类型）""""""
        # 预处理: 计算count_field和length_field引用
        processed = dict(values)
        for field in fields:
            name = field[""name""]",""
"Variable:gdw_send_frame_lib.py:name","name","gdw_send_frame_lib.py",192,192,"        processed = dict(values)
        for field in fields:
            name = field[""name""]
            if field.get(""type"") == ""list"" and ""count_field"" in field:
                ref = field[""count_field""]",""
"Variable:gdw_send_frame_lib.py:ref","ref","gdw_send_frame_lib.py",194,194,"            name = field[""name""]
            if field.get(""type"") == ""list"" and ""count_field"" in field:
                ref = field[""count_field""]
                items = processed.get(name, [])
                processed[ref] = len(items) if isinstance(items, list) else 0",""
"Variable:gdw_send_frame_lib.py:items","items","gdw_send_frame_lib.py",195,195,"            if field.get(""type"") == ""list"" and ""count_field"" in field:
                ref = field[""count_field""]
                items = processed.get(name, [])
                processed[ref] = len(items) if isinstance(items, list) else 0
            if ""length_field"" in field:",""
"Variable:gdw_send_frame_lib.py:val","val","gdw_send_frame_lib.py",199,199,"            if ""length_field"" in field:
                ref = field[""length_field""]
                val = processed.get(name)
                if val is not None:
                    raw = self._to_raw_bytes(field, val)",""
"Variable:gdw_send_frame_lib.py:raw","raw","gdw_send_frame_lib.py",201,201,"                val = processed.get(name)
                if val is not None:
                    raw = self._to_raw_bytes(field, val)
                    processed[ref] = len(raw) + field.get(""length_offset"", 0)
",""
"Variable:gdw_send_frame_lib.py:ftype","ftype","gdw_send_frame_lib.py",219,219,"            return b""""

        ftype = field[""type""]

        if ftype in (""uint8"", ""enum""):",""
"Variable:gdw_send_frame_lib.py:endian","endian","gdw_send_frame_lib.py",224,224,"            return struct.pack(""B"", int(value))
        elif ftype == ""uint16"":
            endian = field.get(""endian"", ""little"")
            fmt = "">H"" if endian == ""big"" else ""<H""
            return struct.pack(fmt, int(value))",""
"Variable:gdw_send_frame_lib.py:fmt","fmt","gdw_send_frame_lib.py",225,225,"        elif ftype == ""uint16"":
            endian = field.get(""endian"", ""little"")
            fmt = "">H"" if endian == ""big"" else ""<H""
            return struct.pack(fmt, int(value))
        elif ftype == ""uint32"":",""
"Variable:gdw_send_frame_lib.py:value","value","gdw_send_frame_lib.py",233,233,"        elif ftype == ""bytes"":
            if isinstance(value, str):
                value = bytes.fromhex(value.replace("" "", """"))
            if field.get(""reverse""):
                value = value[::-1]",""
"Variable:gdw_send_frame_lib.py:length","length","gdw_send_frame_lib.py",237,237,"                value = value[::-1]
            if ""length"" in field:
                length = field[""length""]
                if len(value) < length:
                    value = value + b""\x00"" * (length - len(value))",""
"Variable:gdw_send_frame_lib.py:data","data","gdw_send_frame_lib.py",244,244,"            return value
        elif ftype == ""ascii"":
            data = value.encode(""ascii"", errors=""ignore"")
            length = field.get(""length"")
            if length:",""
"Variable:gdw_send_frame_lib.py:item_fields","item_fields","gdw_send_frame_lib.py",262,262,"            return data
        elif ftype == ""list"":
            item_fields = field[""item_fields""]
            items = value if isinstance(value, list) else []
            data = b""""",""
"Variable:gdw_send_frame_lib.py:ct","ct","gdw_send_frame_lib.py",266,266,"            data = b""""
            if ""count_type"" in field:
                ct = field[""count_type""]
                if ct == ""uint8"":
                    data += struct.pack(""B"", len(items))",""
"Variable:gdw_send_frame_lib.py:iname","iname","gdw_send_frame_lib.py",273,273,"            for item in items:
                for item_field in item_fields:
                    iname = item_field[""name""]
                    ival = item.get(iname, item_field.get(""default""))
                    data += self._pack_field(item_field, ival)",""
"Variable:gdw_send_frame_lib.py:ival","ival","gdw_send_frame_lib.py",274,274,"                for item_field in item_fields:
                    iname = item_field[""name""]
                    ival = item.get(iname, item_field.get(""default""))
                    data += self._pack_field(item_field, ival)
            return data",""
"Variable:gdw_send_frame_lib.py:dt2","dt2","gdw_send_frame_lib.py",305,305,"        if fn < 1 or fn > 248:
            raise ValueError(f""Fn必须在1~248之间: {fn}"")
        dt2 = (fn - 1) // 8
        dt1 = 1 << ((fn - 1) % 8)
        return bytes([dt1, dt2])",""
"Variable:gdw_send_frame_lib.py:dt1","dt1","gdw_send_frame_lib.py",306,306,"            raise ValueError(f""Fn必须在1~248之间: {fn}"")
        dt2 = (fn - 1) // 8
        dt1 = 1 << ((fn - 1) % 8)
        return bytes([dt1, dt2])
",""
"Variable:gdw_send_frame_lib.py:direction","direction","gdw_send_frame_lib.py",314,314,"        for (afn, fn), schema in sorted(GDW_AFNFN_SCHEMA.items()):
            name = schema.get(""name"", """")
            direction = schema.get(""direction"", ""both"")
            if direction == ""down"" or direction == ""both"":
                result.append((afn, fn, name))",""
"Variable:gdw_send_frame_lib.py:gen","gen","gdw_send_frame_lib.py",330,330,"
if __name__ == ""__main__"":
    gen = GDWFrameGenerator()

    # 测试: AFN=01H, F1 硬件初始化 (无数据单元)",""
"Variable:gdw_send_frame_lib.py:info","info","gdw_send_frame_lib.py",333,339,"
    # 测试: AFN=01H, F1 硬件初始化 (无数据单元)
    info = {
        ""dir"": 0, ""prm"": 1, ""通信方式"": 3,
        ""路由标识"": 0, ""附属节点标识"": 0, ""通信模块标识"": 0,
        ""冲突检测"": 0, ""中继级别"": 0, ""纠错编码标识"": 0,
        ""信道标识"": 0, ""预计应答字节数"": 0,
        ""通信速率"": 0, ""速率单位标识"": 0, ""报文序列号"": 0,
    }
    frame = gen.generate_frame(0x01, 1, {}, info)
    print(f""硬件初始化帧: {frame.hex()}"")",""
"Variable:gdw_frame_generator_schema.py:GDW_AFNFN_SCHEMA","GDW_AFNFN_SCHEMA","gdw_frame_generator_schema.py",7,634,"from typing import Dict, Any, Tuple

GDW_AFNFN_SCHEMA: Dict[Tuple[int, int], Dict[str, Any]] = {

    # =========================================================================
    # AFN=00H 确认/否认 (上行响应，无下行数据单元)
    # =========================================================================
    (0x00, 1): {""name"": ""确认"", ""direction"": ""up"", ""fields"": [],
                ""doc"": ""<b>AFN=00H F1 确认</b><br>上行响应帧，无下行数据单元。""},
    (0x00, 2): {""name"": ""否认"", ""direction"": ""up"", ""fields"": [],
                ""doc"": ""<b>AFN=00H F2 否认</b><br>上行响应帧，无下行数据单元。""},

    # =========================================================================
    # AFN=01H 初始化
    # =========================================================================
    (0x01, 1): {""name"": ""硬件初始化"", ""direction"": ""down"", ""fields"": [],
                ""doc"": ""<b>AFN=01H F1 硬件初始化</b><br>无数据单元。""},
    (0x01, 2): {""name"": ""参数区初始化"", ""direction"": ""down"", ""fields"": [],
                ""doc"": ""<b>AFN=01H F2 参数区初始化</b><br>无数据单元。""},
    (0x01, 3): {""name"": ""数据区初始化"", ""direction"": ""down"", ""fields"": [],
                ""doc"": ""<b>AFN=01H F3 数据区初始化</b><br>无数据单元。""},

    # =========================================================================
    # AFN=02H 数据转发
    # =========================================================================
    (0x02, 1): {
        ""name"": ""转发通信协议数据帧"",
        ""direction"": ""down"",
        ""fields"": [
            {""name"": ""通信协议类型"", ""type"": ""enum"", ""default"": 0,
             ""enum_map"": {0: ""透明传输"", 1: ""DL/T 645-1997"", 2: ""DL/T 645-2007"", 3: ""DL/T 698.45""}},
            {""name"": ""报文长度"", ""type"": ""uint8"", ""default"": 0},
            {""name"": ""报文内容"", ""type"": ""bytes"", ""default"": """"},
        ],
        ""doc"": ""<b>AFN=02H F1 转发通信协议数据帧</b><br>数据单元：通信协议类型(1B)+报文长度(1B)+报文内容(NB)""
    },

    # =========================================================================
    # AFN=03H 查询数据
    # =========================================================================
    (0x03, 1):  {""name"": ""厂商代码和版本信息"", ""direction"": ""down"", ""fields"": [],
                 ""doc"": ""<b>AFN=03H F1</b><br>无下行数据单元。""},
    (0x03, 2):  {""name"": ""噪声值"", ""direction"": ""down"", ""fields"": [],
                 ""doc"": ""<b>AFN=03H F2</b><br>无下行数据单元。""},
    (0x03, 3):  {
        ""name"": ""从节点侦听信息"",
        ""direction"": ""down"",
        ""fields"": [
            {""name"": ""开始节点指针"", ""type"": ""uint8"", ""default"": 0,
             ""description"": ""节点侦听列表中的指针位置，0为第一个指针""},
            {""name"": ""读取节点数量"", ""type"": ""uint8"", ""default"": 1,
             ""description"": ""N<=16""},
        ],
        ""doc"": ""<b>AFN=03H F3 从节点侦听信息</b><br>数据单元：开始节点指针(1B)+读取节点数量(1B)""
    },
    (0x03, 4):  {""name"": ""主节点地址"", ""direction"": ""down"", ""fields"": [],
                 ""doc"": ""<b>AFN=03H F4</b><br>无下行数据单元。""},
    (0x03, 5):  {""name"": ""主节点状态字和通信速率"", ""direction"": ""down"", ""fields"": [],
                 ""doc"": ""<b>AFN=03H F5</b><br>无下行数据单元。""},
    (0x03, 6):  {
        ""name"": ""主节点干扰状态"",
        ""direction"": ""down"",
        ""fields"": [
            {""name"": ""持续时间"", ""type"": ""uint8"", ""default"": 0,
             ""description"": ""等待查询执行的时间，单位min，0表示立即停止""},
        ],
        ""doc"": ""<b>AFN=03H F6 主节点干扰状态</b><br>数据单元：持续时间(1B)""
    },
    (0x03, 7):  {""name"": ""从节点监控最大超时时间"", ""direction"": ""down"", ""fields"": [],
                 ""doc"": ""<b>AFN=03H F7</b><br>无下行数据单元。""},
    (0x03, 8):  {""name"": ""无线通信参数"", ""direction"": ""down"", ""fields"": [],
                 ""doc"": ""<b>AFN=03H F8</b><br>无下行数据单元。""},
    (0x03, 9):  {
        ""name"": ""通信延时相关广播通信时长"",
        ""direction"": ""down"",
        ""fields"": [
            {""name"": ""通信协议类型"", ""type"": ""enum"", ""default"": 0,
             ""enum_map"": {0: ""透明传输"", 1: ""DL/T 645-1997"", 2: ""DL/T 645-2007"", 3: ""DL/T 698.45""}},
            {""name"": ""报文长度"", ""type"": ""uint8"", ""default"": 0},
            {""name"": ""报文内容"", ""type"": ""bytes"", ""default"": """"},
        ],
        ""doc"": ""<b>AFN=03H F9</b><br>数据单元：通信协议类型(1B)+报文长度(1B)+报文内容(NB)""
    },
    (0x03, 10): {""name"": ""本地通信模块运行模式信息"", ""direction"": ""down"", ""fields"": [],
                 ""doc"": ""<b>AFN=03H F10</b><br>无下行数据单元。""},
    (0x03, 11): {
        ""name"": ""本地通信模块AFN索引"",
        ""direction"": ""down"",
        ""fields"": [
            {""name"": ""AFN功能码"", ""type"": ""uint8"", ""default"": 0},
        ],
        ""doc"": ""<b>AFN=03H F11</b><br>数据单元：AFN功能码(1B)""
    },
    (0x03, 12): {""name"": ""查询CCO模块ID"", ""direction"": ""down"", ""fields"": [],
                 ""doc"": ""<b>AFN=03H F12</b><br>无下行数据单元。""},
    (0x03, 16): {""name"": ""查询宽带载波通信参数"", ""direction"": ""down"", ""fields"": [],
                 ""doc"": ""<b>AFN=03H F16</b><br>无下行数据单元。""},
    (0x03, 17): {""name"": ""查询无线频段"", ""direction"": ""down"", ""fields"": [],
                 ""doc"": ""<b>AFN=03H F17</b><br>无下行数据单元。""},
    (0x03, 18): {""name"": ""查询本地通信信道加密参数"", ""direction"": ""down"", ""fields"": [],
                 ""doc"": ""<b>AFN=03H F18</b><br>无下行数据单元。""},
    (0x03, 100): {""name"": ""查询场强门限"", ""direction"": ""down"", ""fields"": [],
                  ""doc"": ""<b>AFN=03H 
... [truncated]",""
"Variable:gdw10376_tool.py:_fields_","_fields_","gdw10376_tool.py",12,16,"    - dir: D7 传输方向位 (1 bit)
    """"""
    _fields_ = [
        (""comm_type"", ctypes.c_uint8, 6),  # D5~D0: 通信方式
        (""prm"", ctypes.c_uint8, 1),        # D6: 启动标志位
        (""dir"", ctypes.c_uint8, 1),        # D7: 传输方向位
    ]

    def __init__(self, comm_type=0, prm=0, dir=0) -> None:",""
"Variable:gdw10376_tool.py:COMM_TYPE_MAP","COMM_TYPE_MAP","gdw10376_tool.py",38,60,"
# 通信方式映射表
COMM_TYPE_MAP = {
    0: ""保留"",
    1: ""集中式路由载波通信"",
    2: ""分布式路由载波通信"",
    3: ""HPLC载波通信"",
    4: ""双模通信(HDC)"",
    5: ""备用"",
    6: ""备用"",
    7: ""备用"",
    8: ""备用"",
    9: ""备用"",
    10: ""微功率无线通信"",
    11: ""备用"",
    12: ""备用"",
    13: ""备用"",
    14: ""备用"",
    15: ""备用"",
    16: ""备用"",
    17: ""备用"",
    18: ""备用"",
    19: ""备用"",
    20: ""以太网通信"",
}

# DIR映射",""
"Variable:gdw10376_tool.py:DIR_MAP","DIR_MAP","gdw10376_tool.py",63,66,"
# DIR映射
DIR_MAP = {
    0: ""下行报文(集中器发出)"",
    1: ""上行报文(通信模块发出)"",
}

# PRM映射",""
"Variable:gdw10376_tool.py:PRM_MAP","PRM_MAP","gdw10376_tool.py",69,72,"
# PRM映射
PRM_MAP = {
    0: ""来自从动站"",
    1: ""来自启动站"",
}

",""
"Variable:gdw10376_tool.py:start_char","start_char","gdw10376_tool.py",78,78,"class GDWFrame:
    """"""国网协议帧结构 (Q/GDW 10376.2—2024)""""""
    start_char: int = 0x68
    length: int = 0
    control: GDWControlField = None",""
"Variable:gdw10376_tool.py:length","length","gdw10376_tool.py",79,79,"    """"""国网协议帧结构 (Q/GDW 10376.2—2024)""""""
    start_char: int = 0x68
    length: int = 0
    control: GDWControlField = None
    info_domain: bytes = b''",""
"Variable:gdw10376_tool.py:control","control","gdw10376_tool.py",80,80,"    start_char: int = 0x68
    length: int = 0
    control: GDWControlField = None
    info_domain: bytes = b''
    address: bytes = b''",""
"Variable:gdw10376_tool.py:info_domain","info_domain","gdw10376_tool.py",81,81,"    length: int = 0
    control: GDWControlField = None
    info_domain: bytes = b''
    address: bytes = b''
    afn: int = 0",""
"Variable:gdw10376_tool.py:address","address","gdw10376_tool.py",82,82,"    control: GDWControlField = None
    info_domain: bytes = b''
    address: bytes = b''
    afn: int = 0
    dt: bytes = b''",""
"Variable:gdw10376_tool.py:afn","afn","gdw10376_tool.py",83,83,"    info_domain: bytes = b''
    address: bytes = b''
    afn: int = 0
    dt: bytes = b''
    data: bytes = b''",""
"Variable:gdw10376_tool.py:dt","dt","gdw10376_tool.py",84,84,"    address: bytes = b''
    afn: int = 0
    dt: bytes = b''
    data: bytes = b''
    cs: int = 0",""
"Variable:gdw10376_tool.py:data","data","gdw10376_tool.py",85,85,"    afn: int = 0
    dt: bytes = b''
    data: bytes = b''
    cs: int = 0
    end_char: int = 0x16",""
"Variable:gdw10376_tool.py:cs","cs","gdw10376_tool.py",86,86,"    dt: bytes = b''
    data: bytes = b''
    cs: int = 0
    end_char: int = 0x16
",""
"Variable:gdw10376_tool.py:end_char","end_char","gdw10376_tool.py",87,87,"    data: bytes = b''
    cs: int = 0
    end_char: int = 0x16

    def __post_init__(self):",""
"Variable:gdw10376_tool.py:user_data","user_data","gdw10376_tool.py",100,100,"        """"""组帧功能实现""""""
        # 构建用户数据区 = 信息域 + 地址域 + 应用数据域
        user_data = bytearray()
        user_data.extend(self.info_domain)
        user_data.extend(self.address)",""
"Variable:gdw10376_tool.py:packed_frame","packed_frame","gdw10376_tool.py",111,111,"
        # 构建完整帧
        packed_frame = bytearray()
        packed_frame.append(self.start_char)
        packed_frame.extend(self.length.to_bytes(2, 'little'))  # 长度L为2字节，小端序",""
"Variable:gdw10376_parser.py:AFN_MAP","AFN_MAP","gdw10376_parser.py",11,27,"
    # AFN 定义
    AFN_MAP = {
        0x00: ""确认/否认"",
        0x01: ""初始化"",
        0x02: ""数据转发"",
        0x03: ""查询数据"",
        0x04: ""链路接口检测"",
        0x05: ""控制命令"",
        0x06: ""主动上报"",
        0x10: ""路由查询"",
        0x11: ""路由设置"",
        0x12: ""重启/暂停/恢复控制"",
        0x13: ""路由数据转发"",
        0x14: ""路由数据抄读"",
        0x15: ""文件传输"",
        0xF0: ""内部调试"",
        0xF1: ""并发抄表"",
    }

    # FN 定义 (AFN -> {Fn: 名称})
",""
"Variable:gdw10376_parser.py:FN_MAP","FN_MAP","gdw10376_parser.py",30,135,"
    # FN 定义 (AFN -> {Fn: 名称})
    FN_MAP = {
        0x00: {1: ""确认"", 2: ""否认""},
        0x01: {1: ""硬件初始化"", 2: ""参数区初始化"", 3: ""数据区初始化""},
        0x02: {1: ""转发通信协议数据帧""},
        0x03: {
            1: ""厂商代码和版本信息"",
            2: ""噪声值"",
            3: ""从节点侦听信息"",
            4: ""主节点地址"",
            5: ""主节点状态字和通信速率"",
            6: ""主节点干扰状态"",
            7: ""读取从节点监控最大超时时间"",
            8: ""查询无线通信参数"",
            9: ""查询从节点通信延时"",
            10: ""本地通信模块运行模式信息"",
            11: ""本地通信模块AFN索引"",
            12: ""查询CCO模块ID"",
            16: ""查询宽带载波通信参数"",
            17: ""查询无线频段"",
            18: ""查询本地通信信道加密参数"",
            100: ""查询场强门限"",
        },
        0x04: {
            1: ""发送测试"",
            2: ""从节点点名"",
            3: ""本地通信模块报文通信测试"",
        },
        0x05: {
            1: ""设置主节点地址"",
            2: ""允许从节点上报"",
            3: ""启动广播"",
            4: ""设置从节点监控最大超时时间"",
            5: ""设置无线通信参数"",
            6: ""允许/禁止台区识别"",
            10: ""串口速率配置"",
            16: ""设置宽带载波通信参数"",
            17: ""设置无线频段"",
            18: ""允许/禁止本地通信信道加密"",
            20: ""广播透传命令"",
            100: ""设置场强门限"",
            101: ""设置中心节点时间"",
            200: ""控制拒绝节点上报"",
        },
        0x06: {
            1: ""上报从节点信息"",
            2: ""上报抄读数据"",
            3: ""上报路由工况变动信息"",
            4: ""上报从节点信息及设备类型"",
            5: ""上报从节点事件"",
        },
        0x10: {
            1: ""从节点数量"",
            2: ""从节点信息"",
            3: ""指定从节点的上一级中继路由信息"",
            4: ""路由运行状态"",
            5: ""未抄读成功的从节点信息"",
            6: ""主动注册的从节点信息"",
            7: ""查询从节点模块ID信息"",
            9: ""查询网络规模"",
            20: ""查询双模网络拓扑信息"",
            21: ""查询网络拓扑信息"",
            31: ""查询相线信息"",
            40: ""流水线查询ID信息"",
            100: ""查询微功率无线网络规模"",
            101: ""查询微功率无线从节点信息"",
            104: ""查询升级后模块版本信息"",
            111: ""查询网络信息"",
            112: ""查询宽带载波芯片信息"",
        },
        0x11: {
            1: ""添加从节点"",
            2: ""删除从节点"",
            3: ""设置从节点固定中继路径"",
            4: ""设置路由工作模式"",
            5: ""激活从节点主动注册"",
            6: ""终止从节点主动注册"",
            100: ""设置网络规模"",
            101: ""启动网络维护进程"",
            102: ""启动组网"",
        },
        0x12: {
            1: ""重启"",
            2: ""暂停"",
            3: ""恢复"",
        },
        0x13: {
            1: ""监控从节点"",
            2: ""扩展监控从节点"",
        },
        0x14: {
            1: ""路由请求抄读内容"",
            2: ""路由请求集中器时钟"",
            3: ""请求依通信延时修正通信数据"",
            4: ""路由请求交采信息"",
        },
        0x15: {
            1: ""文件传输方式1"",
        },
        0xF0: {
            62: ""查询CCO详细版本信息 (LME扩展)"",
        },
        0xF1: {
            1: ""集中器主动并发抄表"",
            2: ""集中器确认主动上报"",
        },
    }

    def __init__(self, custom_config_path: str = ""gdw_custom_afn.json""):
",""
"Variable:gdw10376_parser.py:data","data","gdw10376_parser.py",154,154,"        try:
            with open(self._custom_config_path, 'r', encoding='utf-8') as f:
                data = json.load(f)
            # Load custom AFN names
            for afn_hex, name in data.get(""afn_map"", {}).items():
",""
"Variable:gdw10376_parser.py:afn","afn","gdw10376_parser.py",158,158,"            for afn_hex, name in data.get(""afn_map"", {}).items():
                try:
                    afn = int(afn_hex, 16) if isinstance(afn_hex, str) and not afn_hex.isdigit() else int(afn_hex)
                    self._custom_afn_map[afn] = name
                except (ValueError, TypeError):
",""
"Variable:gdw10376_parser.py:fn","fn","gdw10376_parser.py",169,169,"                    for fn_str, name in fn_dict.items():
                        try:
                            fn = int(fn_str)
                            self._custom_fn_map[afn][fn] = name
                        except (ValueError, TypeError):
",""
"Variable:gdw10376_parser.py:custom_fn","custom_fn","gdw10376_parser.py",184,184,"    def get_fn_name(self, afn: int, fn: int) -> str:
        """"""获取Fn名称（优先自定义，其次标准）""""""
        custom_fn = self._custom_fn_map.get(afn, {}).get(fn)
        if custom_fn:
            return custom_fn
",""
"Variable:gdw10376_parser.py:result","result","gdw10376_parser.py",229,229,"    def get_custom_entries(self) -> List[Tuple[int, str, int, str]]:
        """"""获取所有自定义AFN+Fn条目""""""
        result = []
        for afn, fn_dict in self._custom_fn_map.items():
            afn_name = self._custom_afn_map.get(afn, self.AFN_MAP.get(afn, f""未知({afn:02X})""))
",""
"Variable:gdw10376_parser.py:afn_name","afn_name","gdw10376_parser.py",231,231,"        result = []
        for afn, fn_dict in self._custom_fn_map.items():
            afn_name = self._custom_afn_map.get(afn, self.AFN_MAP.get(afn, f""未知({afn:02X})""))
            for fn, fn_name in fn_dict.items():
                result.append((afn, afn_name, fn, fn_name))
",""
"Variable:gdw10376_parser.py:table_data","table_data","gdw10376_parser.py",241,241,"        返回：[(字段名，原始值，解析值，说明, byte_start, byte_end), ...]
        """"""
        table_data = []
        frame_len = len(frame_bytes)

",""
"Variable:gdw10376_parser.py:frame_len","frame_len","gdw10376_parser.py",242,242,"        """"""
        table_data = []
        frame_len = len(frame_bytes)

        if frame_len < 8:
",""
"Variable:gdw10376_parser.py:offset","offset","gdw10376_parser.py",248,248,"            return table_data

        offset = 0

        # 1. 起始字符 68H
",""
"Variable:gdw10376_parser.py:start_char","start_char","gdw10376_parser.py",251,251,"
        # 1. 起始字符 68H
        start_char = frame_bytes[offset]
        start_valid = start_char == 0x68
        table_data.append((
",""
"Variable:gdw10376_parser.py:start_valid","start_valid","gdw10376_parser.py",252,252,"        # 1. 起始字符 68H
        start_char = frame_bytes[offset]
        start_valid = start_char == 0x68
        table_data.append((
            ""起始字符"",
",""
"Variable:gdw10376_parser.py:length_val","length_val","gdw10376_parser.py",264,264,"        # 2. 长度域 L (2字节，小端序)
        if offset + 1 < frame_len:
            length_val = int.from_bytes(frame_bytes[offset:offset+2], 'little')
            table_data.append((
                ""长度域"",
",""
"Variable:gdw10376_parser.py:ctrl_byte","ctrl_byte","gdw10376_parser.py",279,279,"        # 3. 控制域 C (1字节)
        if offset < frame_len:
            ctrl_byte = frame_bytes[offset]
            ctrl = GDWControlField.from_byte(ctrl_byte)
            ctrl_bits = f""{ctrl_byte:08b}""
",""
"Variable:gdw10376_parser.py:ctrl","ctrl","gdw10376_parser.py",280,280,"        if offset < frame_len:
            ctrl_byte = frame_bytes[offset]
            ctrl = GDWControlField.from_byte(ctrl_byte)
            ctrl_bits = f""{ctrl_byte:08b}""
            table_data.append((
",""
"Variable:gdw10376_parser.py:ctrl_bits","ctrl_bits","gdw10376_parser.py",281,281,"            ctrl_byte = frame_bytes[offset]
            ctrl = GDWControlField.from_byte(ctrl_byte)
            ctrl_bits = f""{ctrl_byte:08b}""
            table_data.append((
                ""控制域"",
",""
"Variable:gdw10376_parser.py:comm_type_name","comm_type_name","gdw10376_parser.py",303,303,"                offset, offset
            ))
            comm_type_name = COMM_TYPE_MAP.get(ctrl.comm_type, f""未知({ctrl.comm_type})"")
            table_data.append((
                ""  D5~D0 通信方式"",
",""
"Variable:gdw10376_parser.py:user_data_len","user_data_len","gdw10376_parser.py",317,317,"
        # 计算用户数据区长度和校验和位置
        user_data_len = length_val - 6
        cs_pos = 4 + user_data_len  # 校验和在用户数据区之后(起始1+长度2+控制1+用户数据user_data_len)
        end_pos = cs_pos + 1
",""
"Variable:gdw10376_parser.py:cs_pos","cs_pos","gdw10376_parser.py",318,318,"        # 计算用户数据区长度和校验和位置
        user_data_len = length_val - 6
        cs_pos = 4 + user_data_len  # 校验和在用户数据区之后(起始1+长度2+控制1+用户数据user_data_len)
        end_pos = cs_pos + 1

",""
"Variable:gdw10376_parser.py:end_pos","end_pos","gdw10376_parser.py",319,319,"        user_data_len = length_val - 6
        cs_pos = 4 + user_data_len  # 校验和在用户数据区之后(起始1+长度2+控制1+用户数据user_data_len)
        end_pos = cs_pos + 1

        # 校验长度是否合理
",""
"Variable:gdw10376_parser.py:dir_val","dir_val","gdw10376_parser.py",327,327,"        # 4. 信息域 R
        # 根据DIR判断上下行
        dir_val = ctrl.dir if 'ctrl' in dir() else 0
        # 重新获取dir（避免局部变量问题）
        dir_val = ctrl.dir
",""
"Variable:gdw10376_parser.py:info_domain_len","info_domain_len","gdw10376_parser.py",331,331,"        dir_val = ctrl.dir

        info_domain_len = 6  # 上下行信息域均为6字节（下行:表4，上行:表5）
        info_end = min(offset + info_domain_len, frame_len)
        actual_info_len = info_end - offset
",""
"Variable:gdw10376_parser.py:info_end","info_end","gdw10376_parser.py",332,332,"
        info_domain_len = 6  # 上下行信息域均为6字节（下行:表4，上行:表5）
        info_end = min(offset + info_domain_len, frame_len)
        actual_info_len = info_end - offset

",""
"Variable:gdw10376_parser.py:actual_info_len","actual_info_len","gdw10376_parser.py",333,333,"        info_domain_len = 6  # 上下行信息域均为6字节（下行:表4，上行:表5）
        info_end = min(offset + info_domain_len, frame_len)
        actual_info_len = info_end - offset

        if actual_info_len > 0:
",""
"Variable:gdw10376_parser.py:info_bytes","info_bytes","gdw10376_parser.py",336,336,"
        if actual_info_len > 0:
            info_bytes = frame_bytes[offset:info_end]
            table_data.append((
                ""信息域"",
",""
"Variable:gdw10376_parser.py:b0","b0","gdw10376_parser.py",348,348,"            if dir_val == 0 and actual_info_len >= 5:
                # 下行信息域
                b0 = info_bytes[0]
                b0_bits = f""{b0:08b}""
                route_flag = b0 & 0x01
",""
"Variable:gdw10376_parser.py:b0_bits","b0_bits","gdw10376_parser.py",349,349,"                # 下行信息域
                b0 = info_bytes[0]
                b0_bits = f""{b0:08b}""
                route_flag = b0 & 0x01
                sub_node_flag = (b0 >> 1) & 0x01
",""
"Variable:gdw10376_parser.py:route_flag","route_flag","gdw10376_parser.py",350,350,"                b0 = info_bytes[0]
                b0_bits = f""{b0:08b}""
                route_flag = b0 & 0x01
                sub_node_flag = (b0 >> 1) & 0x01
                comm_module_flag = (b0 >> 2) & 0x01
",""
"Variable:gdw10376_parser.py:sub_node_flag","sub_node_flag","gdw10376_parser.py",351,351,"                b0_bits = f""{b0:08b}""
                route_flag = b0 & 0x01
                sub_node_flag = (b0 >> 1) & 0x01
                comm_module_flag = (b0 >> 2) & 0x01
                conflict_detect = (b0 >> 3) & 0x01
",""
"Variable:gdw10376_parser.py:comm_module_flag","comm_module_flag","gdw10376_parser.py",352,352,"                route_flag = b0 & 0x01
                sub_node_flag = (b0 >> 1) & 0x01
                comm_module_flag = (b0 >> 2) & 0x01
                conflict_detect = (b0 >> 3) & 0x01
                relay_level = (b0 >> 4) & 0x0F
",""
"Variable:gdw10376_parser.py:conflict_detect","conflict_detect","gdw10376_parser.py",353,353,"                sub_node_flag = (b0 >> 1) & 0x01
                comm_module_flag = (b0 >> 2) & 0x01
                conflict_detect = (b0 >> 3) & 0x01
                relay_level = (b0 >> 4) & 0x0F

",""
"Variable:gdw10376_parser.py:relay_level","relay_level","gdw10376_parser.py",354,354,"                comm_module_flag = (b0 >> 2) & 0x01
                conflict_detect = (b0 >> 3) & 0x01
                relay_level = (b0 >> 4) & 0x0F

                table_data.append((""  D0 路由标识"", b0_bits[7], str(route_flag), ""0=带路由/路由模式, 1=不带路由/旁路模式"", offset, offset))
",""
"Variable:gdw10376_parser.py:b1","b1","gdw10376_parser.py",363,363,"
                if actual_info_len >= 2:
                    b1 = info_bytes[1]
                    b1_bits = f""{b1:08b}""
                    channel_id = b1 & 0x1F
",""
"Variable:gdw10376_parser.py:b1_bits","b1_bits","gdw10376_parser.py",364,364,"                if actual_info_len >= 2:
                    b1 = info_bytes[1]
                    b1_bits = f""{b1:08b}""
                    channel_id = b1 & 0x1F
                    fec_flag = (b1 >> 5) & 0x07
",""
"Variable:gdw10376_parser.py:channel_id","channel_id","gdw10376_parser.py",365,365,"                    b1 = info_bytes[1]
                    b1_bits = f""{b1:08b}""
                    channel_id = b1 & 0x1F
                    fec_flag = (b1 >> 5) & 0x07
                    table_data.append((""  D0~D4 信道标识"", f""{b1_bits[3:8]}({channel_id})"", str(channel_id), ""0~15，0表示不分信道"", offset + 1, offset + 1))
",""
"Variable:gdw10376_parser.py:fec_flag","fec_flag","gdw10376_parser.py",366,366,"                    b1_bits = f""{b1:08b}""
                    channel_id = b1 & 0x1F
                    fec_flag = (b1 >> 5) & 0x07
                    table_data.append((""  D0~D4 信道标识"", f""{b1_bits[3:8]}({channel_id})"", str(channel_id), ""0~15，0表示不分信道"", offset + 1, offset + 1))
                    table_data.append((""  D5~D7 纠错编码标识"", f""{b1_bits[0:3]}({fec_flag})"", str(fec_flag), ""0=未编码, 1=RS编码"", offset + 1, offset + 1))
",""
"Variable:gdw10376_parser.py:resp_bytes","resp_bytes","gdw10376_parser.py",371,371,"
                if actual_info_len >= 3:
                    resp_bytes = info_bytes[2]
                    table_data.append((""  预计应答字节数"", f""0x{resp_bytes:02X}"", str(resp_bytes), ""0=默认延时"", offset + 2, offset + 2))

",""
"Variable:gdw10376_parser.py:rate_val","rate_val","gdw10376_parser.py",375,375,"
                if actual_info_len >= 5:
                    rate_val = int.from_bytes(info_bytes[3:5], 'little')
                    rate_unit = (rate_val >> 15) & 0x01
                    rate = rate_val & 0x7FFF
",""
"Variable:gdw10376_parser.py:rate_unit","rate_unit","gdw10376_parser.py",376,376,"                if actual_info_len >= 5:
                    rate_val = int.from_bytes(info_bytes[3:5], 'little')
                    rate_unit = (rate_val >> 15) & 0x01
                    rate = rate_val & 0x7FFF
                    table_data.append((""  通信速率"", f""0x{rate:04X}"", str(rate), f""{'kbit/s' if rate_unit else 'bit/s'}，0=默认速率"", offset + 3, offset + 4))
",""
"Variable:gdw10376_parser.py:rate","rate","gdw10376_parser.py",377,377,"                    rate_val = int.from_bytes(info_bytes[3:5], 'little')
                    rate_unit = (rate_val >> 15) & 0x01
                    rate = rate_val & 0x7FFF
                    table_data.append((""  通信速率"", f""0x{rate:04X}"", str(rate), f""{'kbit/s' if rate_unit else 'bit/s'}，0=默认速率"", offset + 3, offset + 4))

",""
"Variable:gdw10376_parser.py:seq","seq","gdw10376_parser.py",381,381,"
                if actual_info_len >= 6:
                    seq = info_bytes[5]
                    table_data.append((""  报文序列号"", f""0x{seq:02X}"", str(seq), ""0~255循环"", offset + 5, offset + 5))

",""
"Variable:gdw10376_parser.py:b2","b2","gdw10376_parser.py",403,403,"
                if actual_info_len >= 3:
                    b2 = info_bytes[2]
                    b2_bits = f""{b2:08b}""
                    phase_id = b2 & 0x03
",""
"Variable:gdw10376_parser.py:b2_bits","b2_bits","gdw10376_parser.py",404,404,"                if actual_info_len >= 3:
                    b2 = info_bytes[2]
                    b2_bits = f""{b2:08b}""
                    phase_id = b2 & 0x03
                    channel_feature = (b2 >> 4) & 0x0F
",""
"Variable:gdw10376_parser.py:phase_id","phase_id","gdw10376_parser.py",405,405,"                    b2 = info_bytes[2]
                    b2_bits = f""{b2:08b}""
                    phase_id = b2 & 0x03
                    channel_feature = (b2 >> 4) & 0x0F
                    table_data.append((""  D0~D1 实测相线标识"", f""{b2_bits[6:8]}({phase_id})"", str(phase_id), ""0=不确定, 1~3=第1~3相"", offset + 2, offset + 2))
",""
"Variable:gdw10376_parser.py:channel_feature","channel_feature","gdw10376_parser.py",406,406,"                    b2_bits = f""{b2:08b}""
                    phase_id = b2 & 0x03
                    channel_feature = (b2 >> 4) & 0x0F
                    table_data.append((""  D0~D1 实测相线标识"", f""{b2_bits[6:8]}({phase_id})"", str(phase_id), ""0=不确定, 1~3=第1~3相"", offset + 2, offset + 2))
                    table_data.append((""  D4~D7 电能表通道特征"", f""{b2_bits[0:4]}({channel_feature})"", str(channel_feature), ""1=单相单信道, 4=三相三信道"", offset + 2, offset + 2))
",""
"Variable:gdw10376_parser.py:b3","b3","gdw10376_parser.py",411,411,"
                if actual_info_len >= 4:
                    b3 = info_bytes[3]
                    b3_bits = f""{b3:08b}""
                    signal_quality = b3 & 0x0F
",""
"Variable:gdw10376_parser.py:b3_bits","b3_bits","gdw10376_parser.py",412,412,"                if actual_info_len >= 4:
                    b3 = info_bytes[3]
                    b3_bits = f""{b3:08b}""
                    signal_quality = b3 & 0x0F
                    table_data.append((""  D0~D3 信号品质"", f""{b3_bits[4:8]}({signal_quality})"", str(signal_quality), ""0~15，0=无品质, 1=最低"", offset + 3, offset + 3))
",""
"Variable:gdw10376_parser.py:signal_quality","signal_quality","gdw10376_parser.py",413,413,"                    b3 = info_bytes[3]
                    b3_bits = f""{b3:08b}""
                    signal_quality = b3 & 0x0F
                    table_data.append((""  D0~D3 信号品质"", f""{b3_bits[4:8]}({signal_quality})"", str(signal_quality), ""0~15，0=无品质, 1=最低"", offset + 3, offset + 3))

",""
"Variable:gdw10376_parser.py:b4","b4","gdw10376_parser.py",417,417,"
                if actual_info_len >= 5:
                    b4 = info_bytes[4]
                    b4_bits = f""{b4:08b}""
                    event_flag = b4 & 0x01
",""
"Variable:gdw10376_parser.py:b4_bits","b4_bits","gdw10376_parser.py",418,418,"                if actual_info_len >= 5:
                    b4 = info_bytes[4]
                    b4_bits = f""{b4:08b}""
                    event_flag = b4 & 0x01
                    table_data.append((""  D0 事件标志"", b4_bits[7], str(event_flag), ""0=无上报事件, 1=有上报事件"", offset + 4, offset + 4))
",""
"Variable:gdw10376_parser.py:event_flag","event_flag","gdw10376_parser.py",419,419,"                    b4 = info_bytes[4]
                    b4_bits = f""{b4:08b}""
                    event_flag = b4 & 0x01
                    table_data.append((""  D0 事件标志"", b4_bits[7], str(event_flag), ""0=无上报事件, 1=有上报事件"", offset + 4, offset + 4))

",""
"Variable:gdw10376_parser.py:has_addr","has_addr","gdw10376_parser.py",429,429,"
        # 5. 地址域 A (仅当通信模块标识=1时存在)
        has_addr = False
        if 'comm_module_flag' in dir():
            # 从信息域解析结果中获取
",""
"Variable:gdw10376_parser.py:remaining_for_end","remaining_for_end","gdw10376_parser.py",438,438,"        # 这里采用启发式：如果剩余字节足够包含AFN+DT+至少1字节数据+CS+16
        # 且长度看起来合理，则尝试解析地址域
        remaining_for_end = 4  # AFN(1) + DT(2) + CS(1) + 16(1) = 5? 不对，CS和16是帧尾部
        # 帧尾部 = CS(1) + 16(1) = 2字节
        # 应用数据域最小 = AFN(1) + DT(2) = 3字节
",""
"Variable:gdw10376_parser.py:min_user_data_no_addr","min_user_data_no_addr","gdw10376_parser.py",450,450,"        # 如果还有多余字节（超过info_len + 3 + 2尾部），可能包含地址域

        min_user_data_no_addr = info_domain_len + 1 + 2  # info + AFN + DT
        min_user_data_with_addr = info_domain_len + 12 + 1 + 2  # info + addr(6+6) + AFN + DT

",""
"Variable:gdw10376_parser.py:min_user_data_with_addr","min_user_data_with_addr","gdw10376_parser.py",451,451,"
        min_user_data_no_addr = info_domain_len + 1 + 2  # info + AFN + DT
        min_user_data_with_addr = info_domain_len + 12 + 1 + 2  # info + addr(6+6) + AFN + DT

        # 更好的方法：从长度域计算用户数据长度，然后分配
",""
"Variable:gdw10376_parser.py:addr_len","addr_len","gdw10376_parser.py",460,460,"        # 地址域长度 = 12 + 6*relay_level

        addr_len = 0
        # 重新从信息域获取中继级别（使用局部变量）
        relay_level = 0
",""
"Variable:gdw10376_parser.py:addr_bytes","addr_bytes","gdw10376_parser.py",482,482,"        # 检查帧长度是否足够容纳地址域
        if addr_len > 0 and offset + addr_len + 3 <= cs_pos:
            addr_bytes = frame_bytes[offset:offset+addr_len]
            table_data.append((
                ""地址域"",
",""
"Variable:gdw10376_parser.py:a1","a1","gdw10376_parser.py",492,492,"
            # 源地址 A1 (6字节BCD)
            a1 = addr_bytes[0:6]
            a1_str = self._format_addr(a1)
            table_data.append((""  源地址(A1)"", a1_str, a1_str, ""BCD编码，6字节"", offset, offset + 5))
",""
"Variable:gdw10376_parser.py:a1_str","a1_str","gdw10376_parser.py",493,493,"            # 源地址 A1 (6字节BCD)
            a1 = addr_bytes[0:6]
            a1_str = self._format_addr(a1)
            table_data.append((""  源地址(A1)"", a1_str, a1_str, ""BCD编码，6字节"", offset, offset + 5))

",""
"Variable:gdw10376_parser.py:a2","a2","gdw10376_parser.py",498,498,"            # 中继地址 A2
            if relay_level > 0 and len(addr_bytes) >= 12:
                a2 = addr_bytes[6:6+6*relay_level]
                a2_str = self._format_addr(a2)
                table_data.append((""  中继地址(A2)"", a2_str, a2_str, f""BCD编码，{6*relay_level}字节，中继级别={relay_level}"", offset + 6, offset + 6 + 6 * relay_level - 1))
",""
"Variable:gdw10376_parser.py:a2_str","a2_str","gdw10376_parser.py",499,499,"            if relay_level > 0 and len(addr_bytes) >= 12:
                a2 = addr_bytes[6:6+6*relay_level]
                a2_str = self._format_addr(a2)
                table_data.append((""  中继地址(A2)"", a2_str, a2_str, f""BCD编码，{6*relay_level}字节，中继级别={relay_level}"", offset + 6, offset + 6 + 6 * relay_level - 1))

",""
"Variable:gdw10376_parser.py:a3_start","a3_start","gdw10376_parser.py",503,503,"
            # 目的地址 A3
            a3_start = 6 + 6 * relay_level
            if len(addr_bytes) >= a3_start + 6:
                a3 = addr_bytes[a3_start:a3_start+6]
",""
"Variable:gdw10376_parser.py:a3","a3","gdw10376_parser.py",505,505,"            a3_start = 6 + 6 * relay_level
            if len(addr_bytes) >= a3_start + 6:
                a3 = addr_bytes[a3_start:a3_start+6]
                a3_str = self._format_addr(a3)
                table_data.append((""  目的地址(A3)"", a3_str, a3_str, ""BCD编码，6字节"", offset + a3_start, offset + a3_start + 5))
",""
"Variable:gdw10376_parser.py:a3_str","a3_str","gdw10376_parser.py",506,506,"            if len(addr_bytes) >= a3_start + 6:
                a3 = addr_bytes[a3_start:a3_start+6]
                a3_str = self._format_addr(a3)
                table_data.append((""  目的地址(A3)"", a3_str, a3_str, ""BCD编码，6字节"", offset + a3_start, offset + a3_start + 5))

",""
"Variable:gdw10376_parser.py:dt1","dt1","gdw10376_parser.py",527,527,"            # DT (数据单元标识 = DT1 + DT2)
            if offset + 1 < cs_pos:
                dt1 = frame_bytes[offset]
                dt2 = frame_bytes[offset + 1]

",""
"Variable:gdw10376_parser.py:dt2","dt2","gdw10376_parser.py",528,528,"            if offset + 1 < cs_pos:
                dt1 = frame_bytes[offset]
                dt2 = frame_bytes[offset + 1]

                # 解析Fn
",""
"Variable:gdw10376_parser.py:fn_list","fn_list","gdw10376_parser.py",531,531,"
                # 解析Fn
                fn_list = self._dt_to_fn(dt1, dt2)
                fn_desc_list = []
                for fn in fn_list:
",""
"Variable:gdw10376_parser.py:fn_desc_list","fn_desc_list","gdw10376_parser.py",532,532,"                # 解析Fn
                fn_list = self._dt_to_fn(dt1, dt2)
                fn_desc_list = []
                for fn in fn_list:
                    fn_name = self.get_fn_name(afn, fn)
",""
"Variable:gdw10376_parser.py:fn_name","fn_name","gdw10376_parser.py",534,534,"                fn_desc_list = []
                for fn in fn_list:
                    fn_name = self.get_fn_name(afn, fn)
                    fn_desc_list.append(f""F{fn}={fn_name}"")

",""
"Variable:gdw10376_parser.py:fn_desc","fn_desc","gdw10376_parser.py",537,537,"                    fn_desc_list.append(f""F{fn}={fn_name}"")

                fn_desc = ""; "".join(fn_desc_list) if fn_desc_list else f""DT1=0x{dt1:02X}, DT2=0x{dt2:02X}""

                table_data.append((
",""
"Variable:gdw10376_parser.py:data_len","data_len","gdw10376_parser.py",549,549,"
                # 数据单元
                data_len = cs_pos - offset
                if data_len > 0:
                    data_bytes = frame_bytes[offset:cs_pos]
",""
"Variable:gdw10376_parser.py:data_bytes","data_bytes","gdw10376_parser.py",551,551,"                data_len = cs_pos - offset
                if data_len > 0:
                    data_bytes = frame_bytes[offset:cs_pos]
                    table_data.append((
                        ""数据单元"",
",""
"Variable:gdw10376_parser.py:cs_actual","cs_actual","gdw10376_parser.py",568,568,"        # 7. 校验和 CS
        if cs_pos < frame_len:
            cs_actual = frame_bytes[cs_pos]
            # 计算校验和：控制域 + 用户数据区所有字节
            if cs_pos <= frame_len:
",""
"Variable:gdw10376_parser.py:cs_calc","cs_calc","gdw10376_parser.py",571,571,"            # 计算校验和：控制域 + 用户数据区所有字节
            if cs_pos <= frame_len:
                cs_calc = sum(frame_bytes[3:cs_pos]) & 0xFF
                cs_valid = cs_actual == cs_calc
                table_data.append((
",""
"Variable:gdw10376_parser.py:cs_valid","cs_valid","gdw10376_parser.py",572,572,"            if cs_pos <= frame_len:
                cs_calc = sum(frame_bytes[3:cs_pos]) & 0xFF
                cs_valid = cs_actual == cs_calc
                table_data.append((
                    ""校验和(CS)"",
",""
"Variable:gdw10376_parser.py:end_char","end_char","gdw10376_parser.py",591,591,"        # 8. 结束字符 16H
        if end_pos < frame_len:
            end_char = frame_bytes[end_pos]
            end_valid = end_char == 0x16
            table_data.append((
",""
"Variable:gdw10376_parser.py:end_valid","end_valid","gdw10376_parser.py",592,592,"        if end_pos < frame_len:
            end_char = frame_bytes[end_pos]
            end_valid = end_char == 0x16
            table_data.append((
                ""结束字符"",
",""
"Variable:gdw10376_parser.py:base","base","gdw10376_parser.py",621,621,"        """"""
        fn_list = []
        base = dt2 * 8
        for i in range(8):
            if dt1 & (1 << i):
",""
"Variable:gdw10376_parser.py:results","results","gdw10376_parser.py",640,640,"        返回: [(字段名, 原始值, 解析值, 说明, byte_start, byte_end), ...]
        """"""
        results = []
        b0, b1 = info_bytes[0], info_bytes[1]
        relay_level = b0 & 0x0F
",""
"Variable:gdw10376_parser.py:phase_bits","phase_bits","gdw10376_parser.py",644,644,"        relay_level = b0 & 0x0F
        signal_quality = (b0 >> 4) & 0x0F
        phase_bits = b1 & 0x07
        proto_type = (b1 >> 3) & 0x07
        
",""
"Variable:gdw10376_parser.py:proto_type","proto_type","gdw10376_parser.py",645,645,"        signal_quality = (b0 >> 4) & 0x0F
        phase_bits = b1 & 0x07
        proto_type = (b1 >> 3) & 0x07
        
        phases = []
",""
"Variable:gdw10376_parser.py:phases","phases","gdw10376_parser.py",647,647,"        proto_type = (b1 >> 3) & 0x07
        
        phases = []
        if phase_bits & 0x01: phases.append(""A相"")
        if phase_bits & 0x02: phases.append(""B相"")
",""
"Variable:gdw10376_parser.py:phase_str","phase_str","gdw10376_parser.py",651,651,"        if phase_bits & 0x02: phases.append(""B相"")
        if phase_bits & 0x04: phases.append(""C相"")
        phase_str = "","".join(phases) if phases else ""无""
        
        proto_map = {0: ""透明传输"", 1: ""DL/T 645-1997"", 2: ""DL/T 645-2007"", 3: ""DL/T 698.45""}
",""
"Variable:gdw10376_parser.py:proto_map","proto_map","gdw10376_parser.py",653,653,"        phase_str = "","".join(phases) if phases else ""无""
        
        proto_map = {0: ""透明传输"", 1: ""DL/T 645-1997"", 2: ""DL/T 645-2007"", 3: ""DL/T 698.45""}
        proto_str = proto_map.get(proto_type, f""保留({proto_type})"")
        
",""
"Variable:gdw10376_parser.py:proto_str","proto_str","gdw10376_parser.py",654,654,"        
        proto_map = {0: ""透明传输"", 1: ""DL/T 645-1997"", 2: ""DL/T 645-2007"", 3: ""DL/T 698.45""}
        proto_str = proto_map.get(proto_type, f""保留({proto_type})"")
        
        results.append((f""{prefix}中继级别"", f""0x{b0:02X}"", str(relay_level), ""0~15, 0=无中继"", 0, 0))
",""
"Variable:gdw10376_parser.py:node_id","node_id","gdw10376_parser.py",669,669,"        """"""
        results = []
        node_id = int.from_bytes(topo_bytes[0:2], 'little') & 0x0FFF
        module_type = (topo_bytes[1] >> 4) & 0x0F
        proxy_id = int.from_bytes(topo_bytes[2:4], 'little') & 0x0FFF
",""
"Variable:gdw10376_parser.py:module_type","module_type","gdw10376_parser.py",670,670,"        results = []
        node_id = int.from_bytes(topo_bytes[0:2], 'little') & 0x0FFF
        module_type = (topo_bytes[1] >> 4) & 0x0F
        proxy_id = int.from_bytes(topo_bytes[2:4], 'little') & 0x0FFF
        info_byte = topo_bytes[4]
",""
"Variable:gdw10376_parser.py:proxy_id","proxy_id","gdw10376_parser.py",671,671,"        node_id = int.from_bytes(topo_bytes[0:2], 'little') & 0x0FFF
        module_type = (topo_bytes[1] >> 4) & 0x0F
        proxy_id = int.from_bytes(topo_bytes[2:4], 'little') & 0x0FFF
        info_byte = topo_bytes[4]
        
",""
"Variable:gdw10376_parser.py:info_byte","info_byte","gdw10376_parser.py",672,672,"        module_type = (topo_bytes[1] >> 4) & 0x0F
        proxy_id = int.from_bytes(topo_bytes[2:4], 'little') & 0x0FFF
        info_byte = topo_bytes[4]
        
        if is_dual_mode:
",""
"Variable:gdw10376_parser.py:mod_map","mod_map","gdw10376_parser.py",675,675,"        
        if is_dual_mode:
            mod_map = {0: ""高速载波单模"", 1: ""高速载波+无线双模"", 2: ""无线单模""}
        else:
            mod_map = {}
",""
"Variable:gdw10376_parser.py:node_level","node_level","gdw10376_parser.py",684,684,"        results.append((f""{prefix}代理节点标识(TEI)"", f""0x{topo_bytes[2]:02X}{topo_bytes[3]:02X}"", str(proxy_id), """", 2, 3))
        
        node_level = info_byte & 0x0F
        if is_dual_mode:
            role = (info_byte >> 4) & 0x07
",""
"Variable:gdw10376_parser.py:role","role","gdw10376_parser.py",686,686,"        node_level = info_byte & 0x0F
        if is_dual_mode:
            role = (info_byte >> 4) & 0x07
            channel = (info_byte >> 7) & 0x01
            role_map = {0x0: ""无效"", 0x1: ""STA(末梢)"", 0x2: ""PCO(代理)"", 0x3: ""保留"", 0x4: ""CCO(主节点)""}
",""
"Variable:gdw10376_parser.py:channel","channel","gdw10376_parser.py",687,687,"        if is_dual_mode:
            role = (info_byte >> 4) & 0x07
            channel = (info_byte >> 7) & 0x01
            role_map = {0x0: ""无效"", 0x1: ""STA(末梢)"", 0x2: ""PCO(代理)"", 0x3: ""保留"", 0x4: ""CCO(主节点)""}
            results.append((f""{prefix}节点层级"", f""0x{info_byte:02X}"", str(node_level), ""D0~D3"", 4, 4))
",""
"Variable:gdw10376_parser.py:role_map","role_map","gdw10376_parser.py",688,688,"            role = (info_byte >> 4) & 0x07
            channel = (info_byte >> 7) & 0x01
            role_map = {0x0: ""无效"", 0x1: ""STA(末梢)"", 0x2: ""PCO(代理)"", 0x3: ""保留"", 0x4: ""CCO(主节点)""}
            results.append((f""{prefix}节点层级"", f""0x{info_byte:02X}"", str(node_level), ""D0~D3"", 4, 4))
            results.append((f""{prefix}节点角色"", f""0x{info_byte:02X}"", role_map.get(role, f""保留({role})""), ""D4~D6"", 4, 4))
",""
"Variable:gdw10376_parser.py:status","status","gdw10376_parser.py",713,713,"        if afn == 0x00:
            if fn == 1 and data_len >= 4:  # F1: 确认
                status = data_bytes[0]
                channel_busy = []
                for i in range(7):
",""
"Variable:gdw10376_parser.py:channel_busy","channel_busy","gdw10376_parser.py",714,714,"            if fn == 1 and data_len >= 4:  # F1: 确认
                status = data_bytes[0]
                channel_busy = []
                for i in range(7):
                    if status & (1 << i):
",""
"Variable:gdw10376_parser.py:cmd_status","cmd_status","gdw10376_parser.py",720,720,"                    else:
                        channel_busy.append(f""信道{i+1}闲"")
                cmd_status = ""已处理"" if (status & 0x80) else ""未处理""
                table_data.append((""  命令状态"", f""0x{status:02X}"", cmd_status, ""D7=命令状态"", base_offset, base_offset))
                table_data.append((""  信道状态"", ""-"", "", "".join(channel_busy), ""D0~D6=信道1~7状态"", base_offset, base_offset))
",""
"Variable:gdw10376_parser.py:err_status","err_status","gdw10376_parser.py",725,725,"                offset += 1
                if data_len >= 2:
                    err_status = data_bytes[1]
                    table_data.append((""  错误状态字1"", f""0x{err_status:02X}"", str(err_status), """", base_offset + 1, base_offset + 1))
                if data_len >= 4:
",""
"Variable:gdw10376_parser.py:wait_time","wait_time","gdw10376_parser.py",728,728,"                    table_data.append((""  错误状态字1"", f""0x{err_status:02X}"", str(err_status), """", base_offset + 1, base_offset + 1))
                if data_len >= 4:
                    wait_time = int.from_bytes(data_bytes[2:4], 'little')
                    table_data.append((""  等待执行时间"", f""0x{data_bytes[2]:02X}{data_bytes[3]:02X}"", str(wait_time), ""单位: s"", base_offset + 2, base_offset + 3))

",""
"Variable:gdw10376_parser.py:err","err","gdw10376_parser.py",732,732,"
            elif fn == 2 and data_len >= 1:  # F2: 否认
                err = data_bytes[0]
                err_desc = self._get_deny_error_desc(err)
                table_data.append((""  错误状态字"", f""0x{err:02X}"", str(err), err_desc, base_offset, base_offset))
",""
"Variable:gdw10376_parser.py:err_desc","err_desc","gdw10376_parser.py",733,733,"            elif fn == 2 and data_len >= 1:  # F2: 否认
                err = data_bytes[0]
                err_desc = self._get_deny_error_desc(err)
                table_data.append((""  错误状态字"", f""0x{err:02X}"", str(err), err_desc, base_offset, base_offset))

",""
"Variable:gdw10376_parser.py:msg_len","msg_len","gdw10376_parser.py",740,740,"            proto_type = data_bytes[0]
            proto_map = {0x00: ""透明传输"", 0x01: ""DL/T 645-1997"", 0x02: ""DL/T 645-2007"", 0x03: ""DL/T 698.45""}
            msg_len = data_bytes[1]
            table_data.append((""  通信协议类型"", f""0x{proto_type:02X}"", str(proto_type), proto_map.get(proto_type, ""保留""), base_offset, base_offset))
            table_data.append((""  报文长度"", f""0x{msg_len:02X}"", str(msg_len), ""字节"", base_offset + 1, base_offset + 1))
",""
"Variable:gdw10376_parser.py:msg_content","msg_content","gdw10376_parser.py",744,744,"            table_data.append((""  报文长度"", f""0x{msg_len:02X}"", str(msg_len), ""字节"", base_offset + 1, base_offset + 1))
            if data_len >= 2 + msg_len:
                msg_content = data_bytes[2:2+msg_len]
                table_data.append((""  报文内容"", ' '.join(f'{b:02X}' for b in msg_content), f""{msg_len}字节"", ""原始报文数据"", base_offset + 2, base_offset + 1 + msg_len))

",""
"Variable:gdw10376_parser.py:vendor","vendor","gdw10376_parser.py",750,750,"        elif afn == 0x03:
            if fn == 1 and data_len >= 9:  # F1: 厂商代码和版本信息
                vendor = bytes(data_bytes[0:2]).decode('ascii', errors='replace')
                chip = bytes(data_bytes[2:4]).decode('ascii', errors='replace')
                year = data_bytes[4]
",""
"Variable:gdw10376_parser.py:chip","chip","gdw10376_parser.py",751,751,"            if fn == 1 and data_len >= 9:  # F1: 厂商代码和版本信息
                vendor = bytes(data_bytes[0:2]).decode('ascii', errors='replace')
                chip = bytes(data_bytes[2:4]).decode('ascii', errors='replace')
                year = data_bytes[4]
                month = data_bytes[5]
",""
"Variable:gdw10376_parser.py:year","year","gdw10376_parser.py",752,752,"                vendor = bytes(data_bytes[0:2]).decode('ascii', errors='replace')
                chip = bytes(data_bytes[2:4]).decode('ascii', errors='replace')
                year = data_bytes[4]
                month = data_bytes[5]
                day = data_bytes[6]
",""
"Variable:gdw10376_parser.py:month","month","gdw10376_parser.py",753,753,"                chip = bytes(data_bytes[2:4]).decode('ascii', errors='replace')
                year = data_bytes[4]
                month = data_bytes[5]
                day = data_bytes[6]
                ver = int.from_bytes(data_bytes[7:9], 'big')
",""
"Variable:gdw10376_parser.py:day","day","gdw10376_parser.py",754,754,"                year = data_bytes[4]
                month = data_bytes[5]
                day = data_bytes[6]
                ver = int.from_bytes(data_bytes[7:9], 'big')
                table_data.append((""  厂商代码"", f""0x{data_bytes[0]:02X}{data_bytes[1]:02X}"", vendor, ""ASCII"", base_offset, base_offset + 1))
",""
"Variable:gdw10376_parser.py:ver","ver","gdw10376_parser.py",755,755,"                month = data_bytes[5]
                day = data_bytes[6]
                ver = int.from_bytes(data_bytes[7:9], 'big')
                table_data.append((""  厂商代码"", f""0x{data_bytes[0]:02X}{data_bytes[1]:02X}"", vendor, ""ASCII"", base_offset, base_offset + 1))
                table_data.append((""  芯片代码"", f""0x{data_bytes[2]:02X}{data_bytes[3]:02X}"", chip, ""ASCII"", base_offset + 2, base_offset + 3))
",""
"Variable:gdw10376_parser.py:noise","noise","gdw10376_parser.py",762,762,"
            elif fn == 2 and data_len >= 1:  # F2: 噪声值
                noise = data_bytes[0] & 0x0F
                table_data.append((""  噪声强度"", f""0x{data_bytes[0]:02X}"", str(noise), ""取值0~15"", base_offset, base_offset))

",""
"Variable:gdw10376_parser.py:addr","addr","gdw10376_parser.py",766,766,"
            elif fn == 4 and data_len >= 6:  # F4: 主节点地址
                addr = self._format_addr(data_bytes[0:6])
                table_data.append((""  主节点地址"", addr, addr, ""BCD编码，6字节"", base_offset, base_offset + 5))

",""
"Variable:gdw10376_parser.py:timeout","timeout","gdw10376_parser.py",770,770,"
            elif fn == 7 and data_len >= 1:  # F7: 读取从节点监控最大超时时间
                timeout = data_bytes[0]
                table_data.append((""  最大超时时间"", f""0x{timeout:02X}"", str(timeout), ""单位: s"", base_offset, base_offset))

",""
"Variable:gdw10376_parser.py:power_map","power_map","gdw10376_parser.py",775,775,"            elif fn == 8 and data_len >= 2:  # F8: 查询无线通信参数
                table_data.append((""  无线信道组"", f""0x{data_bytes[0]:02X}"", str(data_bytes[0]), ""0~63"", base_offset, base_offset))
                power_map = {0: ""最高"", 1: ""次高"", 2: ""次低"", 3: ""最低""}
                table_data.append((""  发射功率"", f""0x{data_bytes[1]:02X}"", str(data_bytes[1]), power_map.get(data_bytes[1], ""保留""), base_offset + 1, base_offset + 1))

",""
"Variable:gdw10376_parser.py:band_map","band_map","gdw10376_parser.py",779,779,"
            elif fn == 16 and data_len >= 1:  # F16: 查询宽带载波通信参数
                band_map = {0: ""1.953~11.96MHz"", 1: ""2.441~5.615MHz"", 2: ""0.781~2.930MHz"", 3: ""1.758~2.930MHz""}
                table_data.append((""  宽带载波频段"", f""0x{data_bytes[0]:02X}"", str(data_bytes[0]), band_map.get(data_bytes[0], ""保留""), base_offset, base_offset))

",""
"Variable:gdw10376_parser.py:enable_map","enable_map","gdw10376_parser.py",789,789,"
            elif fn == 18 and data_len >= 6:  # F18: 查询本地通信信道加密参数
                enable_map = {0: ""禁止加密"", 1: ""允许加密""}
                mode_map = {0: ""兼容模式"", 1: ""强制模式""}
                algo_map = {0: ""国密算法"", 1: ""国际算法CBC"", 2: ""国际算法GCM""}
",""
"Variable:gdw10376_parser.py:mode_map","mode_map","gdw10376_parser.py",790,790,"            elif fn == 18 and data_len >= 6:  # F18: 查询本地通信信道加密参数
                enable_map = {0: ""禁止加密"", 1: ""允许加密""}
                mode_map = {0: ""兼容模式"", 1: ""强制模式""}
                algo_map = {0: ""国密算法"", 1: ""国际算法CBC"", 2: ""国际算法GCM""}
                table_data.append((""  加密使能标识"", f""0x{data_bytes[0]:02X}"", str(data_bytes[0]), enable_map.get(data_bytes[0], ""保留""), base_offset, base_offset))
",""
"Variable:gdw10376_parser.py:algo_map","algo_map","gdw10376_parser.py",791,791,"                enable_map = {0: ""禁止加密"", 1: ""允许加密""}
                mode_map = {0: ""兼容模式"", 1: ""强制模式""}
                algo_map = {0: ""国密算法"", 1: ""国际算法CBC"", 2: ""国际算法GCM""}
                table_data.append((""  加密使能标识"", f""0x{data_bytes[0]:02X}"", str(data_bytes[0]), enable_map.get(data_bytes[0], ""保留""), base_offset, base_offset))
                table_data.append((""  加密模式"", f""0x{data_bytes[1]:02X}"", str(data_bytes[1]), mode_map.get(data_bytes[1], ""保留""), base_offset + 1, base_offset + 1))
",""
"Variable:gdw10376_parser.py:period","period","gdw10376_parser.py",795,795,"                table_data.append((""  加密模式"", f""0x{data_bytes[1]:02X}"", str(data_bytes[1]), mode_map.get(data_bytes[1], ""保留""), base_offset + 1, base_offset + 1))
                table_data.append((""  加密算法类型"", f""0x{data_bytes[2]:02X}"", str(data_bytes[2]), algo_map.get(data_bytes[2], ""保留""), base_offset + 2, base_offset + 2))
                period = int.from_bytes(data_bytes[3:5], 'little')
                table_data.append((""  密钥更新周期"", f""0x{data_bytes[3]:02X}{data_bytes[4]:02X}"", str(period), ""单位: 10s"", base_offset + 3, base_offset + 4))

",""
"Variable:gdw10376_parser.py:total","total","gdw10376_parser.py",799,799,"
            elif fn == 3 and data_len >= 2:  # F3: 从节点侦听信息 (上行)
                total = data_bytes[0]
                count = data_bytes[1]
                table_data.append((""  侦听到的从节点总数量"", f""0x{total:02X}"", str(total), """", base_offset, base_offset))
",""
"Variable:gdw10376_parser.py:count","count","gdw10376_parser.py",800,800,"            elif fn == 3 and data_len >= 2:  # F3: 从节点侦听信息 (上行)
                total = data_bytes[0]
                count = data_bytes[1]
                table_data.append((""  侦听到的从节点总数量"", f""0x{total:02X}"", str(total), """", base_offset, base_offset))
                table_data.append((""  本帧传输的从节点数量"", f""0x{count:02X}"", str(count), """", base_offset + 1, base_offset + 1))
",""
"Variable:gdw10376_parser.py:quality","quality","gdw10376_parser.py",811,811,"                    table_data.append((f""  从节点{i+1}地址"", addr, addr, ""BCD编码"", base_offset + offset, base_offset + offset + 5))
                    b0 = data_bytes[offset + 6]
                    quality = (b0 >> 4) & 0x0F
                    relay = b0 & 0x0F
                    table_data.append((f""  从节点{i+1}侦听信号品质"", f""0x{b0:02X}"", str(quality), ""D4~D7"", base_offset + offset + 6, base_offset + offset + 6))
",""
"Variable:gdw10376_parser.py:relay","relay","gdw10376_parser.py",812,812,"                    b0 = data_bytes[offset + 6]
                    quality = (b0 >> 4) & 0x0F
                    relay = b0 & 0x0F
                    table_data.append((f""  从节点{i+1}侦听信号品质"", f""0x{b0:02X}"", str(quality), ""D4~D7"", base_offset + offset + 6, base_offset + offset + 6))
                    table_data.append((f""  从节点{i+1}中继级别"", f""0x{b0:02X}"", str(relay), ""D0~D3"", base_offset + offset + 6, base_offset + offset + 6))
",""
"Variable:gdw10376_parser.py:listen_count","listen_count","gdw10376_parser.py",816,816,"                    table_data.append((f""  从节点{i+1}中继级别"", f""0x{b0:02X}"", str(relay), ""D0~D3"", base_offset + offset + 6, base_offset + offset + 6))
                    b1 = data_bytes[offset + 7]
                    listen_count = b1 & 0x1F
                    table_data.append((f""  从节点{i+1}侦听次数"", f""0x{b1:02X}"", str(listen_count), ""D0~D4"", base_offset + offset + 7, base_offset + offset + 7))
                    offset += 8
",""
"Variable:gdw10376_parser.py:rate_count","rate_count","gdw10376_parser.py",822,822,"            elif fn == 5 and data_len >= 2:  # F5: 主节点状态字和通信速率 (上行)
                status = int.from_bytes(data_bytes[0:2], 'little')
                rate_count = status & 0x0F
                channel_feat = (status >> 4) & 0x03
                meter_mode = (status >> 6) & 0x03
",""
"Variable:gdw10376_parser.py:channel_feat","channel_feat","gdw10376_parser.py",823,823,"                status = int.from_bytes(data_bytes[0:2], 'little')
                rate_count = status & 0x0F
                channel_feat = (status >> 4) & 0x03
                meter_mode = (status >> 6) & 0x03
                channel_count = (status >> 8) & 0x0F
",""
"Variable:gdw10376_parser.py:meter_mode","meter_mode","gdw10376_parser.py",824,824,"                rate_count = status & 0x0F
                channel_feat = (status >> 4) & 0x03
                meter_mode = (status >> 6) & 0x03
                channel_count = (status >> 8) & 0x0F
                feat_map = {0: ""微功率无线"", 1: ""单相供电单相传输"", 2: ""单相供电三相传输"", 3: ""三相供电三相传输""}
",""
"Variable:gdw10376_parser.py:channel_count","channel_count","gdw10376_parser.py",825,825,"                channel_feat = (status >> 4) & 0x03
                meter_mode = (status >> 6) & 0x03
                channel_count = (status >> 8) & 0x0F
                feat_map = {0: ""微功率无线"", 1: ""单相供电单相传输"", 2: ""单相供电三相传输"", 3: ""三相供电三相传输""}
                mode_map = {0: ""保留"", 1: ""集中器主导"", 2: ""路由主导"", 3: ""都支持""}
",""
"Variable:gdw10376_parser.py:feat_map","feat_map","gdw10376_parser.py",826,826,"                meter_mode = (status >> 6) & 0x03
                channel_count = (status >> 8) & 0x0F
                feat_map = {0: ""微功率无线"", 1: ""单相供电单相传输"", 2: ""单相供电三相传输"", 3: ""三相供电三相传输""}
                mode_map = {0: ""保留"", 1: ""集中器主导"", 2: ""路由主导"", 3: ""都支持""}
                table_data.append((""  状态字"", f""0x{data_bytes[0]:02X}{data_bytes[1]:02X}"", f""速率数量={rate_count}, 信道特征={feat_map.get(channel_feat,'保留')}, 抄表模式={mode_map.get(meter_mode,'保留')}, 信道数={channel_count}"", """", base_offset, base_offset + 1))
",""
"Variable:gdw10376_parser.py:unit_flag","unit_flag","gdw10376_parser.py",835,835,"                        break
                    rate_val = int.from_bytes(data_bytes[offset:offset+2], 'little') & 0x7FFF
                    unit_flag = (data_bytes[offset + 1] >> 7) & 0x01
                    unit_str = ""kbit/s"" if unit_flag else ""bit/s""
                    table_data.append((f""  通信速率{i+1}"", f""0x{data_bytes[offset]:02X}{data_bytes[offset+1]:02X}"", f""{rate_val} {unit_str}"", f""单位标识={'kbit/s' if unit_flag else 'bit/s'}"", base_offset + offset, base_offset + offset + 1))
",""
"Variable:gdw10376_parser.py:unit_str","unit_str","gdw10376_parser.py",836,836,"                    rate_val = int.from_bytes(data_bytes[offset:offset+2], 'little') & 0x7FFF
                    unit_flag = (data_bytes[offset + 1] >> 7) & 0x01
                    unit_str = ""kbit/s"" if unit_flag else ""bit/s""
                    table_data.append((f""  通信速率{i+1}"", f""0x{data_bytes[offset]:02X}{data_bytes[offset+1]:02X}"", f""{rate_val} {unit_str}"", f""单位标识={'kbit/s' if unit_flag else 'bit/s'}"", base_offset + offset, base_offset + offset + 1))
                    offset += 2
",""
"Variable:gdw10376_parser.py:delay","delay","gdw10376_parser.py",845,845,"
            elif fn == 9 and data_len >= 4:  # F9: 通信延时相关广播通信时长 (上行)
                delay = int.from_bytes(data_bytes[0:2], 'little')
                proto_type = data_bytes[2]
                msg_len = data_bytes[3]
",""
"Variable:gdw10376_parser.py:content","content","gdw10376_parser.py",853,853,"                table_data.append((""  报文长度"", f""0x{msg_len:02X}"", str(msg_len), ""字节"", base_offset + 3, base_offset + 3))
                if data_len >= 4 + msg_len:
                    content = data_bytes[4:4+msg_len]
                    table_data.append((""  报文内容"", ' '.join(f'{b:02X}' for b in content), f""{msg_len}字节"", ""原始报文数据"", base_offset + 4, base_offset + 3 + msg_len))

",""
"Variable:gdw10376_parser.py:comm_mode","comm_mode","gdw10376_parser.py",859,859,"                # 6字节模式字
                b0, b1, b2, b3, b4, b5 = data_bytes[0:6]
                comm_mode = b0 & 0x0F
                route_mgmt = (b0 >> 4) & 0x01
                slave_info_mode = (b0 >> 5) & 0x01
",""
"Variable:gdw10376_parser.py:route_mgmt","route_mgmt","gdw10376_parser.py",860,860,"                b0, b1, b2, b3, b4, b5 = data_bytes[0:6]
                comm_mode = b0 & 0x0F
                route_mgmt = (b0 >> 4) & 0x01
                slave_info_mode = (b0 >> 5) & 0x01
                meter_mode = (b0 >> 6) & 0x03
",""
"Variable:gdw10376_parser.py:slave_info_mode","slave_info_mode","gdw10376_parser.py",861,861,"                comm_mode = b0 & 0x0F
                route_mgmt = (b0 >> 4) & 0x01
                slave_info_mode = (b0 >> 5) & 0x01
                meter_mode = (b0 >> 6) & 0x03
                comm_map = {1: ""窄带电力线载波"", 2: ""宽带电力线载波"", 3: ""微功率无线"", 4: ""HPLC+HRF双模""}
",""
"Variable:gdw10376_parser.py:comm_map","comm_map","gdw10376_parser.py",863,863,"                slave_info_mode = (b0 >> 5) & 0x01
                meter_mode = (b0 >> 6) & 0x03
                comm_map = {1: ""窄带电力线载波"", 2: ""宽带电力线载波"", 3: ""微功率无线"", 4: ""HPLC+HRF双模""}
                meter_map = {0: ""保留"", 1: ""集中器主导"", 2: ""路由主导"", 3: ""都支持""}
                table_data.append((""  通信方式"", f""0x{b0:02X}"", comm_map.get(comm_mode, f""保留({comm_mode})""), ""D0~D3"", base_offset, base_offset))
",""
"Variable:gdw10376_parser.py:meter_map","meter_map","gdw10376_parser.py",864,864,"                meter_mode = (b0 >> 6) & 0x03
                comm_map = {1: ""窄带电力线载波"", 2: ""宽带电力线载波"", 3: ""微功率无线"", 4: ""HPLC+HRF双模""}
                meter_map = {0: ""保留"", 1: ""集中器主导"", 2: ""路由主导"", 3: ""都支持""}
                table_data.append((""  通信方式"", f""0x{b0:02X}"", comm_map.get(comm_mode, f""保留({comm_mode})""), ""D0~D3"", base_offset, base_offset))
                table_data.append((""  路由管理方式"", f""0x{b0:02X}"", ""有路由"" if route_mgmt else ""无路由"", ""D4"", base_offset, base_offset))
",""
"Variable:gdw10376_parser.py:delay_support","delay_support","gdw10376_parser.py",870,870,"                table_data.append((""  周期抄表模式"", f""0x{b0:02X}"", meter_map.get(meter_mode, ""保留""), ""D6~D7"", base_offset, base_offset))
                
                delay_support = b1 & 0x07
                fail_switch = (b1 >> 3) & 0x03
                broadcast_ack = (b1 >> 5) & 0x01
",""
"Variable:gdw10376_parser.py:fail_switch","fail_switch","gdw10376_parser.py",871,871,"                
                delay_support = b1 & 0x07
                fail_switch = (b1 >> 3) & 0x03
                broadcast_ack = (b1 >> 5) & 0x01
                broadcast_channel = (b1 >> 6) & 0x03
",""
"Variable:gdw10376_parser.py:broadcast_ack","broadcast_ack","gdw10376_parser.py",872,872,"                delay_support = b1 & 0x07
                fail_switch = (b1 >> 3) & 0x03
                broadcast_ack = (b1 >> 5) & 0x01
                broadcast_channel = (b1 >> 6) & 0x03
                delay_desc = []
",""
"Variable:gdw10376_parser.py:broadcast_channel","broadcast_channel","gdw10376_parser.py",873,873,"                fail_switch = (b1 >> 3) & 0x03
                broadcast_ack = (b1 >> 5) & 0x01
                broadcast_channel = (b1 >> 6) & 0x03
                delay_desc = []
                if delay_support & 0x01: delay_desc.append(""广播"")
",""
"Variable:gdw10376_parser.py:delay_desc","delay_desc","gdw10376_parser.py",874,874,"                broadcast_ack = (b1 >> 5) & 0x01
                broadcast_channel = (b1 >> 6) & 0x03
                delay_desc = []
                if delay_support & 0x01: delay_desc.append(""广播"")
                if delay_support & 0x02: delay_desc.append(""监控"")
",""
"Variable:gdw10376_parser.py:broadcast_timeout","broadcast_timeout","gdw10376_parser.py",890,890,"                table_data.append((""  从节点监控最大超时时间"", f""0x{b4:02X}"", str(b4), ""单位: s"", base_offset + 4, base_offset + 4))
                
                broadcast_timeout = int.from_bytes(data_bytes[5:7], 'little')
                table_data.append((""  广播命令最大超时时间"", f""0x{b5:02X}{data_bytes[6]:02X}"", str(broadcast_timeout), ""单位: s"", base_offset + 5, base_offset + 6))
                
",""
"Variable:gdw10376_parser.py:max_len","max_len","gdw10376_parser.py",893,893,"                table_data.append((""  广播命令最大超时时间"", f""0x{b5:02X}{data_bytes[6]:02X}"", str(broadcast_timeout), ""单位: s"", base_offset + 5, base_offset + 6))
                
                max_len = int.from_bytes(data_bytes[7:9], 'little')
                table_data.append((""  最大支持的报文长度"", f""0x{data_bytes[7]:02X}{data_bytes[8]:02X}"", str(max_len), ""字节"", base_offset + 7, base_offset + 8))
                
",""
"Variable:gdw10376_parser.py:file_pkt_len","file_pkt_len","gdw10376_parser.py",896,896,"                table_data.append((""  最大支持的报文长度"", f""0x{data_bytes[7]:02X}{data_bytes[8]:02X}"", str(max_len), ""字节"", base_offset + 7, base_offset + 8))
                
                file_pkt_len = int.from_bytes(data_bytes[9:11], 'little')
                table_data.append((""  文件传输最大分包长度"", f""0x{data_bytes[9]:02X}{data_bytes[10]:02X}"", str(file_pkt_len), ""字节"", base_offset + 9, base_offset + 10))
                
",""
"Variable:gdw10376_parser.py:upgrade_wait","upgrade_wait","gdw10376_parser.py",899,899,"                table_data.append((""  文件传输最大分包长度"", f""0x{data_bytes[9]:02X}{data_bytes[10]:02X}"", str(file_pkt_len), ""字节"", base_offset + 9, base_offset + 10))
                
                upgrade_wait = data_bytes[11]
                table_data.append((""  升级操作等待时间"", f""0x{upgrade_wait:02X}"", str(upgrade_wait), ""单位: min"", base_offset + 11, base_offset + 11))
                
",""
"Variable:gdw10376_parser.py:master_addr","master_addr","gdw10376_parser.py",902,902,"                table_data.append((""  升级操作等待时间"", f""0x{upgrade_wait:02X}"", str(upgrade_wait), ""单位: min"", base_offset + 11, base_offset + 11))
                
                master_addr = self._format_addr(data_bytes[12:18])
                table_data.append((""  主节点地址"", master_addr, master_addr, ""BCD编码"", base_offset + 12, base_offset + 17))
                
",""
"Variable:gdw10376_parser.py:max_slave","max_slave","gdw10376_parser.py",905,905,"                table_data.append((""  主节点地址"", master_addr, master_addr, ""BCD编码"", base_offset + 12, base_offset + 17))
                
                max_slave = int.from_bytes(data_bytes[18:20], 'little')
                curr_slave = int.from_bytes(data_bytes[20:22], 'little')
                table_data.append((""  支持的最大从节点数量"", f""0x{data_bytes[18]:02X}{data_bytes[19]:02X}"", str(max_slave), """", base_offset + 18, base_offset + 19))
",""
"Variable:gdw10376_parser.py:curr_slave","curr_slave","gdw10376_parser.py",906,906,"                
                max_slave = int.from_bytes(data_bytes[18:20], 'little')
                curr_slave = int.from_bytes(data_bytes[20:22], 'little')
                table_data.append((""  支持的最大从节点数量"", f""0x{data_bytes[18]:02X}{data_bytes[19]:02X}"", str(max_slave), """", base_offset + 18, base_offset + 19))
                table_data.append((""  当前从节点数量"", f""0x{data_bytes[20]:02X}{data_bytes[21]:02X}"", str(curr_slave), """", base_offset + 20, base_offset + 21))
",""
"Variable:gdw10376_parser.py:pub_date","pub_date","gdw10376_parser.py",910,910,"                table_data.append((""  当前从节点数量"", f""0x{data_bytes[20]:02X}{data_bytes[21]:02X}"", str(curr_slave), """", base_offset + 20, base_offset + 21))
                
                pub_date = f""{data_bytes[22]:02X}-{data_bytes[23]:02X}-{data_bytes[24]:02X}""
                table_data.append((""  协议发布日期"", pub_date, f""20{data_bytes[24]:02X}-{data_bytes[23]:02X}-{data_bytes[22]:02X}"", ""BCD编码,YYMMDD"", base_offset + 22, base_offset + 24))
                
",""
"Variable:gdw10376_parser.py:reg_date","reg_date","gdw10376_parser.py",913,913,"                table_data.append((""  协议发布日期"", pub_date, f""20{data_bytes[24]:02X}-{data_bytes[23]:02X}-{data_bytes[22]:02X}"", ""BCD编码,YYMMDD"", base_offset + 22, base_offset + 24))
                
                reg_date = f""{data_bytes[25]:02X}-{data_bytes[26]:02X}-{data_bytes[27]:02X}""
                table_data.append((""  协议最后备案日期"", reg_date, f""20{data_bytes[27]:02X}-{data_bytes[26]:02X}-{data_bytes[25]:02X}"", ""BCD编码,YYMMDD"", base_offset + 25, base_offset + 27))
                
",""
"Variable:gdw10376_parser.py:afn_code","afn_code","gdw10376_parser.py",939,939,"
            elif fn == 11 and data_len >= 33:  # F11: 本地通信模块AFN索引 (上行)
                afn_code = data_bytes[0]
                table_data.append((""  AFN功能码"", f""0x{afn_code:02X}"", str(afn_code), f""AFN={afn_code:02X}H"", base_offset, base_offset))
                # 32字节, 256位, D0=F1, D1=F2, ...
",""
"Variable:gdw10376_parser.py:support_bytes","support_bytes","gdw10376_parser.py",942,942,"                table_data.append((""  AFN功能码"", f""0x{afn_code:02X}"", str(afn_code), f""AFN={afn_code:02X}H"", base_offset, base_offset))
                # 32字节, 256位, D0=F1, D1=F2, ...
                support_bytes = data_bytes[1:33]
                supported = []
                for byte_idx in range(32):
",""
"Variable:gdw10376_parser.py:supported","supported","gdw10376_parser.py",943,943,"                # 32字节, 256位, D0=F1, D1=F2, ...
                support_bytes = data_bytes[1:33]
                supported = []
                for byte_idx in range(32):
                    b = support_bytes[byte_idx]
",""
"Variable:gdw10376_parser.py:b","b","gdw10376_parser.py",945,945,"                supported = []
                for byte_idx in range(32):
                    b = support_bytes[byte_idx]
                    for bit in range(8):
                        if b & (1 << bit):
",""
"Variable:gdw10376_parser.py:fn_num","fn_num","gdw10376_parser.py",948,948,"                    for bit in range(8):
                        if b & (1 << bit):
                            fn_num = byte_idx * 8 + bit + 1
                            if fn_num <= 255:
                                supported.append(f""F{fn_num}"")
",""
"Variable:gdw10376_parser.py:id_len","id_len","gdw10376_parser.py",955,955,"            elif fn == 12 and data_len >= 4:  # F12: 查询CCO模块ID (上行)
                vendor = bytes(data_bytes[0:2]).decode('ascii', errors='replace')
                id_len = data_bytes[2]
                id_format = data_bytes[3]
                fmt_map = {0: ""组合格式"", 1: ""BCD"", 2: ""BIN"", 3: ""ASCII""}
",""
"Variable:gdw10376_parser.py:id_format","id_format","gdw10376_parser.py",956,956,"                vendor = bytes(data_bytes[0:2]).decode('ascii', errors='replace')
                id_len = data_bytes[2]
                id_format = data_bytes[3]
                fmt_map = {0: ""组合格式"", 1: ""BCD"", 2: ""BIN"", 3: ""ASCII""}
                table_data.append((""  模块厂商代码"", f""0x{data_bytes[0]:02X}{data_bytes[1]:02X}"", vendor, ""ASCII"", base_offset, base_offset + 1))
",""
"Variable:gdw10376_parser.py:fmt_map","fmt_map","gdw10376_parser.py",957,957,"                id_len = data_bytes[2]
                id_format = data_bytes[3]
                fmt_map = {0: ""组合格式"", 1: ""BCD"", 2: ""BIN"", 3: ""ASCII""}
                table_data.append((""  模块厂商代码"", f""0x{data_bytes[0]:02X}{data_bytes[1]:02X}"", vendor, ""ASCII"", base_offset, base_offset + 1))
                table_data.append((""  模块ID长度"", f""0x{id_len:02X}"", str(id_len), ""字节, 最长50"", base_offset + 2, base_offset + 2))
",""
"Variable:gdw10376_parser.py:id_data","id_data","gdw10376_parser.py",962,962,"                table_data.append((""  模块ID格式"", f""0x{id_format:02X}"", fmt_map.get(id_format, f""保留({id_format})""), """", base_offset + 3, base_offset + 3))
                if data_len >= 4 + id_len:
                    id_data = data_bytes[4:4+id_len]
                    id_str = ' '.join(f'{b:02X}' for b in id_data)
                    table_data.append((""  模块ID号"", id_str, f""{id_len}字节"", f""格式={fmt_map.get(id_format, '保留')}"", base_offset + 4, base_offset + 3 + id_len))
",""
"Variable:gdw10376_parser.py:id_str","id_str","gdw10376_parser.py",963,963,"                if data_len >= 4 + id_len:
                    id_data = data_bytes[4:4+id_len]
                    id_str = ' '.join(f'{b:02X}' for b in id_data)
                    table_data.append((""  模块ID号"", id_str, f""{id_len}字节"", f""格式={fmt_map.get(id_format, '保留')}"", base_offset + 4, base_offset + 3 + id_len))
                else:
",""
"Variable:gdw10376_parser.py:threshold","threshold","gdw10376_parser.py",969,969,"
            elif fn == 100 and data_len >= 1:  # F100: 查询场强门限
                threshold = data_bytes[0]
                table_data.append((""  场强门限"", f""0x{threshold:02X}"", str(threshold), ""取值50~120，默认96"", base_offset, base_offset))

",""
"Variable:gdw10376_parser.py:duration","duration","gdw10376_parser.py",975,975,"        elif afn == 0x04:
            if fn == 1 and data_len >= 1:  # F1: 发送测试
                duration = data_bytes[0]
                table_data.append((""  持续时间"", f""0x{duration:02X}"", str(duration), ""单位: s, 0=停止发送"", base_offset, base_offset))

",""
"Variable:gdw10376_parser.py:status_map","status_map","gdw10376_parser.py",1011,1011,"
            elif fn == 2 and data_len >= 1:  # F2: 允许/禁止从节点上报
                status_map = {0: ""禁止"", 1: ""允许""}
                table_data.append((""  事件上报状态标志"", f""0x{data_bytes[0]:02X}"", str(data_bytes[0]), status_map.get(data_bytes[0], ""保留""), base_offset, base_offset))

",""
"Variable:gdw10376_parser.py:ctrl_map","ctrl_map","gdw10376_parser.py",1015,1015,"
            elif fn == 3 and data_len >= 2:  # F3: 启动广播
                ctrl_map = {0x00: ""透明传输"", 0x01: ""DL/T 645-1997"", 0x02: ""DL/T 645-2007"", 0x03: ""相位识别功能""}
                msg_len = data_bytes[1]
                table_data.append((""  控制字"", f""0x{data_bytes[0]:02X}"", str(data_bytes[0]), ctrl_map.get(data_bytes[0], ""保留""), base_offset, base_offset))
",""
"Variable:gdw10376_parser.py:rate_map","rate_map","gdw10376_parser.py",1036,1036,"
            elif fn == 10 and data_len >= 1:  # F10: 串口速率配置
                rate_map = {0: ""9600"", 1: ""19200"", 2: ""38400"", 3: ""57600"", 4: ""115200""}
                table_data.append((""  通信速率"", f""0x{data_bytes[0]:02X}"", str(data_bytes[0]), f""{rate_map.get(data_bytes[0], '保留')} bit/s"", base_offset, base_offset))

",""
"Variable:gdw10376_parser.py:change_map","change_map","gdw10376_parser.py",1113,1113,"
            elif fn == 3 and data_len >= 1:  # F3: 上报路由工况变动信息
                change_map = {1: ""抄表任务结束"", 2: ""搜表任务结束"", 3: ""台区识别任务结束""}
                table_data.append((""  路由工作任务变动类型"", f""0x{data_bytes[0]:02X}"", str(data_bytes[0]), change_map.get(data_bytes[0], ""保留""), base_offset, base_offset))

",""
"Variable:gdw10376_parser.py:dev_type","dev_type","gdw10376_parser.py",1127,1127,"                    proto_type = data_bytes[offset+6]
                    seq = int.from_bytes(data_bytes[offset+7:offset+9], 'little')
                    dev_type = data_bytes[offset+9]
                    sub_total = data_bytes[offset+10]
                    sub_count = data_bytes[offset+11]
",""
"Variable:gdw10376_parser.py:sub_total","sub_total","gdw10376_parser.py",1128,1128,"                    seq = int.from_bytes(data_bytes[offset+7:offset+9], 'little')
                    dev_type = data_bytes[offset+9]
                    sub_total = data_bytes[offset+10]
                    sub_count = data_bytes[offset+11]
                    dev_map = {0x00: ""采集器"", 0x01: ""电能表""}
",""
"Variable:gdw10376_parser.py:sub_count","sub_count","gdw10376_parser.py",1129,1129,"                    dev_type = data_bytes[offset+9]
                    sub_total = data_bytes[offset+10]
                    sub_count = data_bytes[offset+11]
                    dev_map = {0x00: ""采集器"", 0x01: ""电能表""}
                    proto_map = {0x00: ""透明传输"", 0x01: ""DL/T 645-1997"", 0x02: ""DL/T 645-2007"", 0x03: ""DL/T 698.45""}
",""
"Variable:gdw10376_parser.py:dev_map","dev_map","gdw10376_parser.py",1130,1130,"                    sub_total = data_bytes[offset+10]
                    sub_count = data_bytes[offset+11]
                    dev_map = {0x00: ""采集器"", 0x01: ""电能表""}
                    proto_map = {0x00: ""透明传输"", 0x01: ""DL/T 645-1997"", 0x02: ""DL/T 645-2007"", 0x03: ""DL/T 698.45""}
                    table_data.append((f""  从节点{i+1}通信地址"", addr, addr, ""BCD"", base_offset + offset, base_offset + offset + 5))
",""
"Variable:gdw10376_parser.py:sub_addr","sub_addr","gdw10376_parser.py",1143,1143,"                            table_data.append((f""    下接从节点{j+1}"", ""-"", ""数据不足"", f""需要7字节,剩余{data_len-offset}"", base_offset + offset, base_offset + data_len - 1))
                            break
                        sub_addr = self._format_addr(data_bytes[offset:offset+6])
                        sub_proto = data_bytes[offset+6]
                        table_data.append((f""    下接从节点{j+1}通信地址"", sub_addr, sub_addr, ""BCD"", base_offset + offset, base_offset + offset + 5))
",""
"Variable:gdw10376_parser.py:sub_proto","sub_proto","gdw10376_parser.py",1144,1144,"                            break
                        sub_addr = self._format_addr(data_bytes[offset:offset+6])
                        sub_proto = data_bytes[offset+6]
                        table_data.append((f""    下接从节点{j+1}通信地址"", sub_addr, sub_addr, ""BCD"", base_offset + offset, base_offset + offset + 5))
                        table_data.append((f""    下接从节点{j+1}协议类型"", f""0x{sub_proto:02X}"", str(sub_proto), proto_map.get(sub_proto, ""保留""), base_offset + offset + 6, base_offset + offset + 6))
",""
"Variable:gdw10376_parser.py:dev_type_map","dev_type_map","gdw10376_parser.py",1150,1150,"
            elif fn == 5 and data_len >= 3:  # F5: 上报从节点事件
                dev_type_map = {0x00: ""采集器"", 0x01: ""电能表"", 0x02: ""HPLC通信单元"", 0x03: ""窄带载波通信单元"", 0x04: ""微功率无线通信单元"", 0x05: ""微功率+HPLC通信单元"", 0x06: ""微功率+窄带通信单元""}
                proto_map = {0x01: ""DL/T 645-1997"", 0x02: ""DL/T 645-2007"", 0x03: ""DL/T 698.45"", 0x04: ""停复电事件"", 0x05: ""台区改切拒绝节点上报""}
                table_data.append((""  从节点设备类型"", f""0x{data_bytes[0]:02X}"", str(data_bytes[0]), dev_type_map.get(data_bytes[0], ""保留""), base_offset, base_offset))
",""
"Variable:gdw10376_parser.py:raddr","raddr","gdw10376_parser.py",1199,1199,"                        table_data.append((f""  第{i+1}级中继地址"", ""-"", ""数据不足"", f""需要6字节,剩余{data_len-offset}"", base_offset + offset, base_offset + data_len - 1))
                        break
                    raddr = self._format_addr(data_bytes[offset:offset+6])
                    table_data.append((f""  第{i+1}级中继从节点地址"", raddr, raddr, ""BCD"", base_offset + offset, base_offset + offset + 5))
                    offset += 6
",""
"Variable:gdw10376_parser.py:mode","mode","gdw10376_parser.py",1204,1204,"
            elif fn == 4 and data_len >= 1:  # F4: 设置路由工作模式
                mode = data_bytes[0]
                work_state = mode & 0x01
                reg_allow = (mode >> 1) & 0x01
",""
"Variable:gdw10376_parser.py:work_state","work_state","gdw10376_parser.py",1205,1205,"            elif fn == 4 and data_len >= 1:  # F4: 设置路由工作模式
                mode = data_bytes[0]
                work_state = mode & 0x01
                reg_allow = (mode >> 1) & 0x01
                fec = (mode >> 4) & 0x0F
",""
"Variable:gdw10376_parser.py:reg_allow","reg_allow","gdw10376_parser.py",1206,1206,"                mode = data_bytes[0]
                work_state = mode & 0x01
                reg_allow = (mode >> 1) & 0x01
                fec = (mode >> 4) & 0x0F
                table_data.append((""  工作模式"", f""0x{mode:02X}"", f""状态={'学习' if work_state else '抄表'}, 注册={'允许' if reg_allow else '禁止'}, 纠错编码={fec}"", """", base_offset, base_offset))
",""
"Variable:gdw10376_parser.py:fec","fec","gdw10376_parser.py",1207,1207,"                work_state = mode & 0x01
                reg_allow = (mode >> 1) & 0x01
                fec = (mode >> 4) & 0x0F
                table_data.append((""  工作模式"", f""0x{mode:02X}"", f""状态={'学习' if work_state else '抄表'}, 注册={'允许' if reg_allow else '禁止'}, 纠错编码={fec}"", """", base_offset, base_offset))
                offset = 1
",""
"Variable:gdw10376_parser.py:start_time","start_time","gdw10376_parser.py",1224,1224,"
            elif fn == 5 and data_len >= 10:  # F5: 激活从节点主动注册
                start_time = ''.join(f'{b:02X}' for b in data_bytes[0:6])
                duration = int.from_bytes(data_bytes[6:8], 'little')
                retry = data_bytes[8]
",""
"Variable:gdw10376_parser.py:retry","retry","gdw10376_parser.py",1226,1226,"                start_time = ''.join(f'{b:02X}' for b in data_bytes[0:6])
                duration = int.from_bytes(data_bytes[6:8], 'little')
                retry = data_bytes[8]
                wait_slots = data_bytes[9]
                table_data.append((""  开始时间"", start_time, f""20{data_bytes[5]:02X}-{data_bytes[4]:02X}-{data_bytes[3]:02X} {data_bytes[2]:02X}:{data_bytes[1]:02X}:{data_bytes[0]:02X}"", ""BCD编码, YYMMDDhhmmss"", base_offset, base_offset + 5))
",""
"Variable:gdw10376_parser.py:wait_slots","wait_slots","gdw10376_parser.py",1227,1227,"                duration = int.from_bytes(data_bytes[6:8], 'little')
                retry = data_bytes[8]
                wait_slots = data_bytes[9]
                table_data.append((""  开始时间"", start_time, f""20{data_bytes[5]:02X}-{data_bytes[4]:02X}-{data_bytes[3]:02X} {data_bytes[2]:02X}:{data_bytes[1]:02X}:{data_bytes[0]:02X}"", ""BCD编码, YYMMDDhhmmss"", base_offset, base_offset + 5))
                table_data.append((""  持续时间"", f""0x{data_bytes[6]:02X}{data_bytes[7]:02X}"", str(duration), ""单位: min"", base_offset + 6, base_offset + 7))
",""
"Variable:gdw10376_parser.py:scale","scale","gdw10376_parser.py",1234,1234,"
            elif fn == 100 and data_len >= 2:  # F100: 设置网络规模
                scale = int.from_bytes(data_bytes[0:2], 'little')
                table_data.append((""  网络规模"", f""0x{data_bytes[0]:02X}{data_bytes[1]:02X}"", str(scale), """", base_offset, base_offset + 1))

",""
"Variable:gdw10376_parser.py:delay_flag","delay_flag","gdw10376_parser.py",1244,1244,"                    # 下行: 协议类型(1B) + 延时标志(1B) + 附属节点数量n + n×[地址(6B)] + 报文长度L + 报文内容
                    proto_type = data_bytes[0]
                    delay_flag = data_bytes[1]
                    sub_count = data_bytes[2]
                    table_data.append((""  通信协议类型"", f""0x{proto_type:02X}"", str(proto_type), proto_map.get(proto_type, ""保留""), base_offset, base_offset))
",""
"Variable:gdw10376_parser.py:phase","phase","gdw10376_parser.py",1292,1292,"            if fn == 1:
                if is_upstream and data_len >= 9:
                    phase = data_bytes[0]
                    phase_map = {0: ""未知相"", 1: ""A相"", 2: ""B相"", 3: ""C相""}
                    addr = self._format_addr(data_bytes[1:7])
",""
"Variable:gdw10376_parser.py:phase_map","phase_map","gdw10376_parser.py",1293,1293,"                if is_upstream and data_len >= 9:
                    phase = data_bytes[0]
                    phase_map = {0: ""未知相"", 1: ""A相"", 2: ""B相"", 3: ""C相""}
                    addr = self._format_addr(data_bytes[1:7])
                    seq = int.from_bytes(data_bytes[7:9], 'little')
",""
"Variable:gdw10376_parser.py:flag","flag","gdw10376_parser.py",1300,1300,"                    table_data.append((""  从节点序号"", f""0x{data_bytes[7]:02X}{data_bytes[8]:02X}"", str(seq), """", base_offset + 7, base_offset + 8))
                elif not is_upstream and data_len >= 3:
                    flag = data_bytes[0]
                    flag_map = {0x00: ""抄读失败"", 0x01: ""抄读成功"", 0x02: ""可以抄读""}
                    delay_flag = data_bytes[1]
",""
"Variable:gdw10376_parser.py:flag_map","flag_map","gdw10376_parser.py",1301,1301,"                elif not is_upstream and data_len >= 3:
                    flag = data_bytes[0]
                    flag_map = {0x00: ""抄读失败"", 0x01: ""抄读成功"", 0x02: ""可以抄读""}
                    delay_flag = data_bytes[1]
                    data_len_field = data_bytes[2]
",""
"Variable:gdw10376_parser.py:data_len_field","data_len_field","gdw10376_parser.py",1303,1303,"                    flag_map = {0x00: ""抄读失败"", 0x01: ""抄读成功"", 0x02: ""可以抄读""}
                    delay_flag = data_bytes[1]
                    data_len_field = data_bytes[2]
                    table_data.append((""  抄读标志"", f""0x{flag:02X}"", flag_map.get(flag, ""保留""), """", base_offset, base_offset))
                    table_data.append((""  通信延时相关性标志"", f""0x{delay_flag:02X}"", ""与延时相关"" if delay_flag == 0x01 else ""与延时无关"", """", base_offset + 1, base_offset + 1))
",""
"Variable:gdw10376_parser.py:item_type","item_type","gdw10376_parser.py",1355,1355,"            elif fn == 4:
                if is_upstream and data_len >= 5:
                    item_type = data_bytes[0]
                    type_map = {1: ""DL/T 645-2007"", 2: ""DL/T 698.45""}
                    item_id = ' '.join(f'{b:02X}' for b in data_bytes[1:5])
",""
"Variable:gdw10376_parser.py:type_map","type_map","gdw10376_parser.py",1356,1356,"                if is_upstream and data_len >= 5:
                    item_type = data_bytes[0]
                    type_map = {1: ""DL/T 645-2007"", 2: ""DL/T 698.45""}
                    item_id = ' '.join(f'{b:02X}' for b in data_bytes[1:5])
                    table_data.append((""  数据项类型"", f""0x{item_type:02X}"", type_map.get(item_type, f""保留({item_type})""), """", base_offset, base_offset))
",""
"Variable:gdw10376_parser.py:item_id","item_id","gdw10376_parser.py",1357,1357,"                    item_type = data_bytes[0]
                    type_map = {1: ""DL/T 645-2007"", 2: ""DL/T 698.45""}
                    item_id = ' '.join(f'{b:02X}' for b in data_bytes[1:5])
                    table_data.append((""  数据项类型"", f""0x{item_type:02X}"", type_map.get(item_type, f""保留({item_type})""), """", base_offset, base_offset))
                    table_data.append((""  交采数据项标识"", item_id, item_id, ""4字节"", base_offset + 1, base_offset + 4))
",""
"Variable:gdw10376_parser.py:file_id","file_id","gdw10376_parser.py",1375,1375,"            if fn == 1:
                if not is_upstream and data_len >= 9:
                    file_id = data_bytes[0]
                    attr = data_bytes[1]
                    cmd = data_bytes[2]
",""
"Variable:gdw10376_parser.py:attr","attr","gdw10376_parser.py",1376,1376,"                if not is_upstream and data_len >= 9:
                    file_id = data_bytes[0]
                    attr = data_bytes[1]
                    cmd = data_bytes[2]
                    total_seg = int.from_bytes(data_bytes[3:5], 'little')
",""
"Variable:gdw10376_parser.py:cmd","cmd","gdw10376_parser.py",1377,1377,"                    file_id = data_bytes[0]
                    attr = data_bytes[1]
                    cmd = data_bytes[2]
                    total_seg = int.from_bytes(data_bytes[3:5], 'little')
                    seg_id = int.from_bytes(data_bytes[5:9], 'little')
",""
"Variable:gdw10376_parser.py:total_seg","total_seg","gdw10376_parser.py",1378,1378,"                    attr = data_bytes[1]
                    cmd = data_bytes[2]
                    total_seg = int.from_bytes(data_bytes[3:5], 'little')
                    seg_id = int.from_bytes(data_bytes[5:9], 'little')
                    file_map = {0x00: ""清除下装文件"", 0x03: ""本地通信模块升级文件"", 0x07: ""主节点和子节点模块升级"", 0x08: ""子节点模块升级""}
",""
"Variable:gdw10376_parser.py:seg_id","seg_id","gdw10376_parser.py",1379,1379,"                    cmd = data_bytes[2]
                    total_seg = int.from_bytes(data_bytes[3:5], 'little')
                    seg_id = int.from_bytes(data_bytes[5:9], 'little')
                    file_map = {0x00: ""清除下装文件"", 0x03: ""本地通信模块升级文件"", 0x07: ""主节点和子节点模块升级"", 0x08: ""子节点模块升级""}
                    attr_map = {0x00: ""起始帧/中间帧"", 0x01: ""结束帧""}
",""
"Variable:gdw10376_parser.py:file_map","file_map","gdw10376_parser.py",1380,1380,"                    total_seg = int.from_bytes(data_bytes[3:5], 'little')
                    seg_id = int.from_bytes(data_bytes[5:9], 'little')
                    file_map = {0x00: ""清除下装文件"", 0x03: ""本地通信模块升级文件"", 0x07: ""主节点和子节点模块升级"", 0x08: ""子节点模块升级""}
                    attr_map = {0x00: ""起始帧/中间帧"", 0x01: ""结束帧""}
                    cmd_map = {0x00: ""报文方式下装""}
",""
"Variable:gdw10376_parser.py:attr_map","attr_map","gdw10376_parser.py",1381,1381,"                    seg_id = int.from_bytes(data_bytes[5:9], 'little')
                    file_map = {0x00: ""清除下装文件"", 0x03: ""本地通信模块升级文件"", 0x07: ""主节点和子节点模块升级"", 0x08: ""子节点模块升级""}
                    attr_map = {0x00: ""起始帧/中间帧"", 0x01: ""结束帧""}
                    cmd_map = {0x00: ""报文方式下装""}
                    table_data.append((""  文件标识"", f""0x{file_id:02X}"", file_map.get(file_id, f""保留({file_id})""), """", base_offset, base_offset))
",""
"Variable:gdw10376_parser.py:cmd_map","cmd_map","gdw10376_parser.py",1382,1382,"                    file_map = {0x00: ""清除下装文件"", 0x03: ""本地通信模块升级文件"", 0x07: ""主节点和子节点模块升级"", 0x08: ""子节点模块升级""}
                    attr_map = {0x00: ""起始帧/中间帧"", 0x01: ""结束帧""}
                    cmd_map = {0x00: ""报文方式下装""}
                    table_data.append((""  文件标识"", f""0x{file_id:02X}"", file_map.get(file_id, f""保留({file_id})""), """", base_offset, base_offset))
                    table_data.append((""  文件属性"", f""0x{attr:02X}"", attr_map.get(attr, f""保留({attr})""), """", base_offset + 1, base_offset + 1))
",""
"Variable:gdw10376_parser.py:seg_len","seg_len","gdw10376_parser.py",1389,1389,"                    table_data.append((""  第i段标识"", f""0x{data_bytes[5]:02X}{data_bytes[6]:02X}{data_bytes[7]:02X}{data_bytes[8]:02X}"", str(seg_id), ""i=0~n"", base_offset + 5, base_offset + 8))
                    if data_len >= 11:
                        seg_len = int.from_bytes(data_bytes[9:11], 'little')
                        table_data.append((""  第i段数据长度"", f""0x{data_bytes[9]:02X}{data_bytes[10]:02X}"", str(seg_len), ""字节"", base_offset + 9, base_offset + 10))
                        if data_len >= 11 + seg_len:
",""
"Variable:gdw10376_parser.py:file_data","file_data","gdw10376_parser.py",1392,1392,"                        table_data.append((""  第i段数据长度"", f""0x{data_bytes[9]:02X}{data_bytes[10]:02X}"", str(seg_len), ""字节"", base_offset + 9, base_offset + 10))
                        if data_len >= 11 + seg_len:
                            file_data = data_bytes[11:11+seg_len]
                            table_data.append((""  文件数据"", ' '.join(f'{b:02X}' for b in file_data), f""{seg_len}字节"", """", base_offset + 11, base_offset + 10 + seg_len))
                elif is_upstream and data_len >= 4:
",""
"Variable:gdw10376_parser.py:max_nodes","max_nodes","gdw10376_parser.py",1402,1402,"            if fn == 1 and data_len >= 4:  # F1: 从节点数量 (上行)
                total = int.from_bytes(data_bytes[0:2], 'little')
                max_nodes = int.from_bytes(data_bytes[2:4], 'little')
                table_data.append((""  从节点总数量"", f""0x{data_bytes[0]:02X}{data_bytes[1]:02X}"", str(total), """", base_offset, base_offset + 1))
                table_data.append((""  路由支持最大从节点数量"", f""0x{data_bytes[2]:02X}{data_bytes[3]:02X}"", str(max_nodes), """", base_offset + 2, base_offset + 3))
",""
"Variable:gdw10376_parser.py:info_items","info_items","gdw10376_parser.py",1420,1420,"                        addr = self._format_addr(data_bytes[offset:offset+6])
                        table_data.append((f""  从节点{i+1}地址"", addr, addr, ""BCD编码"", base_offset + offset, base_offset + offset + 5))
                        info_items = self._parse_slave_node_info_2byte(data_bytes[offset+6:offset+8], prefix=f""  从节点{i+1}"")
                        for name, raw, val, desc, bs, be in info_items:
                            table_data.append((name, raw, val, desc, base_offset + offset + 6 + bs, base_offset + offset + 6 + be))
",""
"Variable:gdw10376_parser.py:start_seq","start_seq","gdw10376_parser.py",1426,1426,"                else:
                    # 下行: 节点起始序号(2B) + 节点数量(1B)
                    start_seq = int.from_bytes(data_bytes[0:2], 'little')
                    count = data_bytes[2]
                    table_data.append((""  节点起始序号"", f""0x{data_bytes[0]:02X}{data_bytes[1]:02X}"", str(start_seq), """", base_offset, base_offset + 1))
",""
"Variable:gdw10376_parser.py:route_done","route_done","gdw10376_parser.py",1451,1451,"            elif fn == 4 and data_len >= 16:  # F4: 路由运行状态 (上行)
                status = data_bytes[0]
                route_done = status & 0x01
                working = (status >> 1) & 0x01
                event_flag = (status >> 2) & 0x01
",""
"Variable:gdw10376_parser.py:working","working","gdw10376_parser.py",1452,1452,"                status = data_bytes[0]
                route_done = status & 0x01
                working = (status >> 1) & 0x01
                event_flag = (status >> 2) & 0x01
                fec = (status >> 4) & 0x0F
",""
"Variable:gdw10376_parser.py:copied","copied","gdw10376_parser.py",1458,1458,"                
                total = int.from_bytes(data_bytes[1:3], 'little')
                copied = int.from_bytes(data_bytes[3:5], 'little')
                relay_copied = int.from_bytes(data_bytes[5:7], 'little')
                table_data.append((""  从节点总数量"", f""0x{data_bytes[1]:02X}{data_bytes[2]:02X}"", str(total), """", base_offset + 1, base_offset + 2))
",""
"Variable:gdw10376_parser.py:relay_copied","relay_copied","gdw10376_parser.py",1459,1459,"                total = int.from_bytes(data_bytes[1:3], 'little')
                copied = int.from_bytes(data_bytes[3:5], 'little')
                relay_copied = int.from_bytes(data_bytes[5:7], 'little')
                table_data.append((""  从节点总数量"", f""0x{data_bytes[1]:02X}{data_bytes[2]:02X}"", str(total), """", base_offset + 1, base_offset + 2))
                table_data.append((""  已抄从节点数量"", f""0x{data_bytes[3]:02X}{data_bytes[4]:02X}"", str(copied), """", base_offset + 3, base_offset + 4))
",""
"Variable:gdw10376_parser.py:switch","switch","gdw10376_parser.py",1464,1464,"                table_data.append((""  中继抄到从节点数量"", f""0x{data_bytes[5]:02X}{data_bytes[6]:02X}"", str(relay_copied), """", base_offset + 5, base_offset + 6))
                
                switch = data_bytes[7]
                work_state = switch & 0x01
                reg_allow = (switch >> 2) & 0x01
",""
"Variable:gdw10376_parser.py:event_allow","event_allow","gdw10376_parser.py",1467,1467,"                work_state = switch & 0x01
                reg_allow = (switch >> 2) & 0x01
                event_allow = (switch >> 3) & 0x01
                district_id = (switch >> 4) & 0x01
                curr_state = (switch >> 6) & 0x03
",""
"Variable:gdw10376_parser.py:district_id","district_id","gdw10376_parser.py",1468,1468,"                reg_allow = (switch >> 2) & 0x01
                event_allow = (switch >> 3) & 0x01
                district_id = (switch >> 4) & 0x01
                curr_state = (switch >> 6) & 0x03
                state_map = {0: ""抄表"", 1: ""报表"", 2: ""升级"", 3: ""其他""}
",""
"Variable:gdw10376_parser.py:curr_state","curr_state","gdw10376_parser.py",1469,1469,"                event_allow = (switch >> 3) & 0x01
                district_id = (switch >> 4) & 0x01
                curr_state = (switch >> 6) & 0x03
                state_map = {0: ""抄表"", 1: ""报表"", 2: ""升级"", 3: ""其他""}
                table_data.append((""  工作开关"", f""0x{switch:02X}"", f""状态={state_map.get(curr_state,'未知')}, 学习={'是' if work_state else '抄表'}, 注册={'允许' if reg_allow else '禁止'}, 台区={'允许' if district_id else '禁止'}"", """", base_offset + 7, base_offset + 7))
",""
"Variable:gdw10376_parser.py:state_map","state_map","gdw10376_parser.py",1470,1470,"                district_id = (switch >> 4) & 0x01
                curr_state = (switch >> 6) & 0x03
                state_map = {0: ""抄表"", 1: ""报表"", 2: ""升级"", 3: ""其他""}
                table_data.append((""  工作开关"", f""0x{switch:02X}"", f""状态={state_map.get(curr_state,'未知')}, 学习={'是' if work_state else '抄表'}, 注册={'允许' if reg_allow else '禁止'}, 台区={'允许' if district_id else '禁止'}"", """", base_offset + 7, base_offset + 7))
                
",""
"Variable:gdw10376_parser.py:lvl","lvl","gdw10376_parser.py",1477,1477,"                
                for phase in range(1, 4):
                    lvl = data_bytes[9 + phase]
                    table_data.append((f""  第{phase}相中继级别"", f""0x{lvl:02X}"", str(lvl), ""0~15, 0=无中继"", base_offset + 9 + phase, base_offset + 9 + phase))
                
",""
"Variable:gdw10376_parser.py:step_map","step_map","gdw10376_parser.py",1480,1480,"                    table_data.append((f""  第{phase}相中继级别"", f""0x{lvl:02X}"", str(lvl), ""0~15, 0=无中继"", base_offset + 9 + phase, base_offset + 9 + phase))
                
                step_map = {1: ""初始"", 2: ""直抄"", 3: ""中继"", 4: ""监控"", 5: ""广播"", 6: ""广播召读电能表"", 7: ""读侦听信息"", 8: ""空闲""}
                for phase in range(1, 4):
                    step = data_bytes[12 + phase]
",""
"Variable:gdw10376_parser.py:step","step","gdw10376_parser.py",1482,1482,"                step_map = {1: ""初始"", 2: ""直抄"", 3: ""中继"", 4: ""监控"", 5: ""广播"", 6: ""广播召读电能表"", 7: ""读侦听信息"", 8: ""空闲""}
                for phase in range(1, 4):
                    step = data_bytes[12 + phase]
                    table_data.append((f""  第{phase}相工作步骤"", f""0x{step:02X}"", str(step), step_map.get(step, ""备用""), base_offset + 12 + phase, base_offset + 12 + phase))

",""
"Variable:gdw10376_parser.py:node_type","node_type","gdw10376_parser.py",1498,1498,"                        addr = self._format_addr(data_bytes[offset:offset+6])
                        table_data.append((f""  从节点{i+1}地址"", addr, addr, """", base_offset + offset, base_offset + offset + 5))
                        node_type = data_bytes[offset + 6]
                        updated = (node_type >> 7) & 0x01
                        mod_type = node_type & 0x0F
",""
"Variable:gdw10376_parser.py:updated","updated","gdw10376_parser.py",1499,1499,"                        table_data.append((f""  从节点{i+1}地址"", addr, addr, """", base_offset + offset, base_offset + offset + 5))
                        node_type = data_bytes[offset + 6]
                        updated = (node_type >> 7) & 0x01
                        mod_type = node_type & 0x0F
                        mod_map = {0: ""电能表模块"", 1: ""采集器模块"", 15: ""未知""}
",""
"Variable:gdw10376_parser.py:mod_type","mod_type","gdw10376_parser.py",1500,1500,"                        node_type = data_bytes[offset + 6]
                        updated = (node_type >> 7) & 0x01
                        mod_type = node_type & 0x0F
                        mod_map = {0: ""电能表模块"", 1: ""采集器模块"", 15: ""未知""}
                        table_data.append((f""  从节点{i+1}节点类型"", f""0x{node_type:02X}"", f""{mod_map.get(mod_type, '保留')}({'未更新' if updated else '已更新'})"", ""Bit7=更新标识"", base_offset + offset + 6, base_offset + offset + 6))
",""
"Variable:gdw10376_parser.py:topo_items","topo_items","gdw10376_parser.py",1546,1546,"                            addr = self._format_addr(data_bytes[offset:offset+6])
                            table_data.append((f""  节点{i+1}地址"", addr, addr, """", base_offset + offset, base_offset + offset + 5))
                            topo_items = self._parse_topology_info_5byte(data_bytes[offset+6:offset+11], is_dual_mode=(fn==20), prefix=f""  节点{i+1}"")
                            for name, raw, val, desc, bs, be in topo_items:
                                table_data.append((name, raw, val, desc, base_offset + offset + 6 + bs, base_offset + offset + 6 + be))
",""
"Variable:gdw10376_parser.py:phase_info","phase_info","gdw10376_parser.py",1557,1557,"                            addr = self._format_addr(data_bytes[offset:offset+6])
                            table_data.append((f""  节点{i+1}地址"", addr, addr, """", base_offset + offset, base_offset + offset + 5))
                            phase_info = int.from_bytes(data_bytes[offset+6:offset+8], 'little')
                            b0 = data_bytes[offset + 6]
                            b1 = data_bytes[offset + 7]
",""
"Variable:gdw10376_parser.py:meter_type","meter_type","gdw10376_parser.py",1565,1565,"                            if b0 & 0x04: phases.append(""C相"")
                            phase_str = "","".join(phases) if phases else ""无/识别中""
                            meter_type = (b0 >> 3) & 0x01
                            line_err = (b0 >> 4) & 0x01
                            seq_type = (b0 >> 5) & 0x07
",""
"Variable:gdw10376_parser.py:line_err","line_err","gdw10376_parser.py",1566,1566,"                            phase_str = "","".join(phases) if phases else ""无/识别中""
                            meter_type = (b0 >> 3) & 0x01
                            line_err = (b0 >> 4) & 0x01
                            seq_type = (b0 >> 5) & 0x07
                            seq_map = {0: ""ABC(正常)"", 1: ""ACB"", 2: ""BAC"", 3: ""BCA"", 4: ""CAB"", 5: ""CBA""}
",""
"Variable:gdw10376_parser.py:seq_type","seq_type","gdw10376_parser.py",1567,1567,"                            meter_type = (b0 >> 3) & 0x01
                            line_err = (b0 >> 4) & 0x01
                            seq_type = (b0 >> 5) & 0x07
                            seq_map = {0: ""ABC(正常)"", 1: ""ACB"", 2: ""BAC"", 3: ""BCA"", 4: ""CAB"", 5: ""CBA""}
                            table_data.append((f""  节点{i+1}相位信息"", f""0x{b0:02X}"", phase_str, ""D0~D2=相位"", base_offset + offset + 6, base_offset + offset + 6))
",""
"Variable:gdw10376_parser.py:seq_map","seq_map","gdw10376_parser.py",1568,1568,"                            line_err = (b0 >> 4) & 0x01
                            seq_type = (b0 >> 5) & 0x07
                            seq_map = {0: ""ABC(正常)"", 1: ""ACB"", 2: ""BAC"", 3: ""BCA"", 4: ""CAB"", 5: ""CBA""}
                            table_data.append((f""  节点{i+1}相位信息"", f""0x{b0:02X}"", phase_str, ""D0~D2=相位"", base_offset + offset + 6, base_offset + offset + 6))
                            table_data.append((f""  节点{i+1}电能表类型"", f""0x{b0:02X}"", ""三相表"" if meter_type else ""单相表"", ""D3"", base_offset + offset + 6, base_offset + offset + 6))
",""
"Variable:gdw10376_parser.py:chip_id","chip_id","gdw10376_parser.py",1585,1585,"                            dev_map = {1: ""抄控器"", 2: ""集中器本地通信单元"", 3: ""单相电能表通信单元"", 4: ""中继器"", 5: ""II型采集器"", 6: ""I型采集器"", 7: ""三相电能表通信单元""}
                            table_data.append((f""  节点{i+1}设备类型"", f""0x{dev_type:02X}"", dev_map.get(dev_type, f""保留({dev_type})""), """", base_offset + offset + 6, base_offset + offset + 6))
                            chip_id = data_bytes[offset+7:offset+31]
                            chip_str = ' '.join(f'{b:02X}' for b in chip_id)
                            # Parse chip ID details
",""
"Variable:gdw10376_parser.py:chip_str","chip_str","gdw10376_parser.py",1586,1586,"                            table_data.append((f""  节点{i+1}设备类型"", f""0x{dev_type:02X}"", dev_map.get(dev_type, f""保留({dev_type})""), """", base_offset + offset + 6, base_offset + offset + 6))
                            chip_id = data_bytes[offset+7:offset+31]
                            chip_str = ' '.join(f'{b:02X}' for b in chip_id)
                            # Parse chip ID details
                            chip_desc = f""类别=0x{chip_id[6]:02X}, 厂商=0x{chip_id[7]:02X}{chip_id[8]:02X}, 型号=0x{chip_id[9]:02X}{chip_id[10]:02X}""
",""
"Variable:gdw10376_parser.py:chip_desc","chip_desc","gdw10376_parser.py",1588,1588,"                            chip_str = ' '.join(f'{b:02X}' for b in chip_id)
                            # Parse chip ID details
                            chip_desc = f""类别=0x{chip_id[6]:02X}, 厂商=0x{chip_id[7]:02X}{chip_id[8]:02X}, 型号=0x{chip_id[9]:02X}{chip_id[10]:02X}""
                            table_data.append((f""  节点{i+1}芯片ID"", chip_str, chip_desc, ""24字节, 见表104"", base_offset + offset + 7, base_offset + offset + 30))
                            sw_ver = int.from_bytes(data_bytes[offset+31:offset+33], 'big')
",""
"Variable:gdw10376_parser.py:sw_ver","sw_ver","gdw10376_parser.py",1590,1590,"                            chip_desc = f""类别=0x{chip_id[6]:02X}, 厂商=0x{chip_id[7]:02X}{chip_id[8]:02X}, 型号=0x{chip_id[9]:02X}{chip_id[10]:02X}""
                            table_data.append((f""  节点{i+1}芯片ID"", chip_str, chip_desc, ""24字节, 见表104"", base_offset + offset + 7, base_offset + offset + 30))
                            sw_ver = int.from_bytes(data_bytes[offset+31:offset+33], 'big')
                            table_data.append((f""  节点{i+1}芯片软件版本"", f""0x{data_bytes[offset+31]:02X}{data_bytes[offset+32]:02X}"", f""{sw_ver}"", ""BCD编码"", base_offset + offset + 31, base_offset + offset + 32))
                            offset += 33
",""
"Variable:gdw10376_parser.py:id_type_map","id_type_map","gdw10376_parser.py",1602,1602,"            elif fn == 40 and data_len >= 1:  # F40: 流水线查询ID信息
                dev_type_map = {1: ""抄控器"", 2: ""CCO"", 3: ""电能表通信单元"", 4: ""中继器"", 5: ""II型采集器"", 6: ""I型采集器"", 7: ""三相表通信单元""}
                id_type_map = {1: ""芯片ID"", 2: ""模块ID""}
                if is_upstream and data_len >= 10:
                    table_data.append((""  设备类型"", f""0x{data_bytes[0]:02X}"", str(data_bytes[0]), dev_type_map.get(data_bytes[0], ""保留""), base_offset, base_offset))
",""
"Variable:gdw10376_parser.py:id_type","id_type","gdw10376_parser.py",1607,1607,"                    addr = self._format_addr(data_bytes[1:7])
                    table_data.append((""  节点地址"", addr, addr, ""MAC地址倒序，6字节"", base_offset + 1, base_offset + 6))
                    id_type = data_bytes[7]
                    id_len = data_bytes[8]
                    table_data.append((""  ID类型"", f""0x{id_type:02X}"", str(id_type), id_type_map.get(id_type, ""保留""), base_offset + 7, base_offset + 7))
",""
"Variable:gdw10376_parser.py:boot_ver","boot_ver","gdw10376_parser.py",1644,1644,"                            table_data.append((name, raw, val, desc, base_offset + offset + 6 + bs, base_offset + offset + 6 + be))
                        # 软件版本: boot(1B) + app(2B)
                        boot_ver = data_bytes[offset + 8]
                        app_ver = int.from_bytes(data_bytes[offset+9:offset+11], 'big')
                        table_data.append((f""  从节点{i+1}Bootloader版本"", f""0x{boot_ver:02X}"", str(boot_ver), """", base_offset + offset + 8, base_offset + offset + 8))
",""
"Variable:gdw10376_parser.py:app_ver","app_ver","gdw10376_parser.py",1645,1645,"                        # 软件版本: boot(1B) + app(2B)
                        boot_ver = data_bytes[offset + 8]
                        app_ver = int.from_bytes(data_bytes[offset+9:offset+11], 'big')
                        table_data.append((f""  从节点{i+1}Bootloader版本"", f""0x{boot_ver:02X}"", str(boot_ver), """", base_offset + offset + 8, base_offset + offset + 8))
                        table_data.append((f""  从节点{i+1}应用程序版本"", f""0x{data_bytes[offset+9]:02X}{data_bytes[offset+10]:02X}"", f""{app_ver}"", ""BCD编码"", base_offset + offset + 9, base_offset + offset + 10))
",""
"Variable:gdw10376_parser.py:n","n","gdw10376_parser.py",1662,1662,"
            elif fn == 111 and data_len >= 10:  # F111: 查询网络信息 (上行)
                n = data_bytes[0]
                nid = int.from_bytes(data_bytes[1:4], 'big')
                master_addr = self._format_addr(data_bytes[4:10])
",""
"Variable:gdw10376_parser.py:nid","nid","gdw10376_parser.py",1663,1663,"            elif fn == 111 and data_len >= 10:  # F111: 查询网络信息 (上行)
                n = data_bytes[0]
                nid = int.from_bytes(data_bytes[1:4], 'big')
                master_addr = self._format_addr(data_bytes[4:10])
                table_data.append((""  多网络节点总数量"", f""0x{n:02X}"", str(n), ""邻居网络数"", base_offset, base_offset))
",""
"Variable:gdw10376_parser.py:neighbor_nid","neighbor_nid","gdw10376_parser.py",1673,1673,"                        table_data.append((f""  邻居节点{i+1}NID"", ""-"", ""数据不足"", f""需要3字节,剩余{data_len-offset}"", base_offset + offset, base_offset + data_len - 1))
                        break
                    neighbor_nid = int.from_bytes(data_bytes[offset:offset+3], 'big')
                    table_data.append((f""  邻居节点{i+1}网络标识号"", f""0x{data_bytes[offset]:02X}{data_bytes[offset+1]:02X}{data_bytes[offset+2]:02X}"", str(neighbor_nid), """", base_offset + offset, base_offset + offset + 2))
                    offset += 3
",""
"Variable:gdw10376_parser.py:parser","parser","gdw10376_parser.py",1681,1681,"            if fn == 62 and data_len >= 2:  # F62: 查询CCO详细版本信息 (LME扩展)
                from protocol_parser import ProtocolFrameParser
                parser = ProtocolFrameParser()
                result = parser._parse_afn_f0_32_data(data_bytes)

",""
"Variable:gdw10376_parser.py:info_flag","info_flag","gdw10376_parser.py",1684,1684,"                result = parser._parse_afn_f0_32_data(data_bytes)

                info_flag = result.get(""信息条目信息"", 0)
                entry_count = result.get(""信息条目数"", 0)
                table_data.append((""  信息条目信息"", f""0x{info_flag:02X}"", str(info_flag), """", base_offset, base_offset))
",""
"Variable:gdw10376_parser.py:entry_count","entry_count","gdw10376_parser.py",1685,1685,"
                info_flag = result.get(""信息条目信息"", 0)
                entry_count = result.get(""信息条目数"", 0)
                table_data.append((""  信息条目信息"", f""0x{info_flag:02X}"", str(info_flag), """", base_offset, base_offset))
                table_data.append((""  信息条目数"", str(entry_count), str(entry_count), """", base_offset + 1, base_offset + 1))
",""
"Variable:gdw10376_parser.py:pos","pos","gdw10376_parser.py",1689,1689,"                table_data.append((""  信息条目数"", str(entry_count), str(entry_count), """", base_offset + 1, base_offset + 1))

                pos = 2
                for entry in result.get(""条目列表"", []):
                    entry_name = entry.get(""条目名称"", ""未知"")
",""
"Variable:gdw10376_parser.py:entry_name","entry_name","gdw10376_parser.py",1691,1691,"                pos = 2
                for entry in result.get(""条目列表"", []):
                    entry_name = entry.get(""条目名称"", ""未知"")
                    raw_val = entry.get(""原始值"", """")
                    parsed_val = entry.get(""解析值"", """")
",""
"Variable:gdw10376_parser.py:raw_val","raw_val","gdw10376_parser.py",1692,1692,"                for entry in result.get(""条目列表"", []):
                    entry_name = entry.get(""条目名称"", ""未知"")
                    raw_val = entry.get(""原始值"", """")
                    parsed_val = entry.get(""解析值"", """")
                    desc = entry.get(""说明"", """")
",""
"Variable:gdw10376_parser.py:parsed_val","parsed_val","gdw10376_parser.py",1693,1693,"                    entry_name = entry.get(""条目名称"", ""未知"")
                    raw_val = entry.get(""原始值"", """")
                    parsed_val = entry.get(""解析值"", """")
                    desc = entry.get(""说明"", """")
                    classified_id = entry.get(""类ID(Classified_ID)"", 0)
",""
"Variable:gdw10376_parser.py:desc","desc","gdw10376_parser.py",1694,1694,"                    raw_val = entry.get(""原始值"", """")
                    parsed_val = entry.get(""解析值"", """")
                    desc = entry.get(""说明"", """")
                    classified_id = entry.get(""类ID(Classified_ID)"", 0)
                    data_id = entry.get(""数据ID(Data_ID)"", 0)
",""
"Variable:gdw10376_parser.py:classified_id","classified_id","gdw10376_parser.py",1695,1695,"                    parsed_val = entry.get(""解析值"", """")
                    desc = entry.get(""说明"", """")
                    classified_id = entry.get(""类ID(Classified_ID)"", 0)
                    data_id = entry.get(""数据ID(Data_ID)"", 0)
                    coding = entry.get(""编码(Coding)"", ""未知"")
",""
"Variable:gdw10376_parser.py:data_id","data_id","gdw10376_parser.py",1696,1696,"                    desc = entry.get(""说明"", """")
                    classified_id = entry.get(""类ID(Classified_ID)"", 0)
                    data_id = entry.get(""数据ID(Data_ID)"", 0)
                    coding = entry.get(""编码(Coding)"", ""未知"")
                    entry_len = entry.get(""数据长度"", 0)
",""
"Variable:gdw10376_parser.py:coding","coding","gdw10376_parser.py",1697,1697,"                    classified_id = entry.get(""类ID(Classified_ID)"", 0)
                    data_id = entry.get(""数据ID(Data_ID)"", 0)
                    coding = entry.get(""编码(Coding)"", ""未知"")
                    entry_len = entry.get(""数据长度"", 0)

",""
"Variable:gdw10376_parser.py:entry_len","entry_len","gdw10376_parser.py",1698,1698,"                    data_id = entry.get(""数据ID(Data_ID)"", 0)
                    coding = entry.get(""编码(Coding)"", ""未知"")
                    entry_len = entry.get(""数据长度"", 0)

                    if pos + 2 > data_len:
",""
"Variable:gdw10376_parser.py:extra","extra","gdw10376_parser.py",1708,1708,"                            table_data.append((f""  {entry_name}"", ""-"", ""数据不足"", f""需要{entry_len}字节,剩余{data_len - pos}"", base_offset + pos, base_offset + data_len - 1))
                            break
                        extra = f""类{classified_id}, ID{data_id}, {coding}, {entry_len}B""
                        table_data.append((f""  {entry_name}"", raw_val, str(parsed_val), extra, base_offset + pos, base_offset + pos + entry_len - 1))

",""
"Variable:gdw10376_parser.py:_skip_keys","_skip_keys","gdw10376_parser.py",1711,1711,"                        table_data.append((f""  {entry_name}"", raw_val, str(parsed_val), extra, base_offset + pos, base_offset + pos + entry_len - 1))

                        _skip_keys = {""原始值"", ""十进制"", ""说明"", ""描述"", ""值"", ""整数值"", ""业务说明"", ""单位"", ""原始字节"", ""原始数据"", ""校验结果"", ""解析状态"", ""错误信息"", ""解析值"", ""条目序号"", ""条目头原始值"", ""类ID(Classified_ID)"", ""数据ID(Data_ID)"", ""编码(Coding)"", ""数据长度"", ""条目名称""}
                        for sub_key, sub_val in entry.items():
                            if sub_key in _skip_keys:
",""
"Variable:gdw10376_parser.py:reserved","reserved","gdw10376_parser.py",1726,1726,"                    # 下行: 规约类型(1B) + 保留(1B) + 报文长度L(2B) + 报文内容(L字节)
                    proto_type = data_bytes[0]
                    reserved = data_bytes[1]
                    msg_len = int.from_bytes(data_bytes[2:4], 'little')
                    table_data.append((""  规约类型"", f""0x{proto_type:02X}"", str(proto_type), proto_map.get(proto_type, ""保留""), base_offset, base_offset))
",""
"Variable:gdw10376_parser.py:handled","handled","gdw10376_parser.py",1753,1753,"        if data_len > 0:
            # Check if this AFN+Fn was handled above
            handled = False
            for item in table_data:
                if item[0].startswith(""  "") and not item[0].startswith(""  邻居""):
",""
"Variable:gdw10376_parser.py:hex_str","hex_str","gdw10376_parser.py",1761,1761,"                        break
            if not handled:
                hex_str = ' '.join(f'{b:02X}' for b in data_bytes)
                afn_name = self.get_afn_name(afn)
                fn_name = self.get_fn_name(afn, fn)
",""
"Variable:gdw10376_parser.py:error_map","error_map","gdw10376_parser.py",1768,1785,"    def _get_deny_error_desc(self, err: int) -> str:
        """"""获取否认错误状态字说明""""""
        error_map = {
            0: ""通信超时"",
            1: ""无效数据单元"",
            2: ""长度错"",
            3: ""校验错误"",
            4: ""信息类不存在"",
            5: ""格式错误"",
            6: ""表号重复"",
            7: ""表号不存在"",
            8: ""电能表应用层无应答"",
            9: ""主节点忙"",
            10: ""主节点不支持此命令"",
            11: ""从节点不应答"",
            12: ""从节点不在网内"",
            109: ""超过最大并发数"",
            110: ""超过单个帧最大允许的电能表协议报文条数"",
            111: ""正在抄读该表"",
        }
        if 13 <= err <= 108:
            return ""备用""
",""
"Variable:gdw10376_parser.py:merged_afn","merged_afn","gdw10376_parser.py",1798,1798,"        """"""
        # Build merged maps (custom overrides standard)
        merged_afn = dict(self.AFN_MAP)
        merged_afn.update(self._custom_afn_map)
        merged_fn: Dict[int, Dict[int, str]] = {}
",""
"Variable:gdw10376_parser.py:merged_fn","merged_fn","gdw10376_parser.py",1800,1800,"        merged_afn = dict(self.AFN_MAP)
        merged_afn.update(self._custom_afn_map)
        merged_fn: Dict[int, Dict[int, str]] = {}
        for afn, fn_dict in self.FN_MAP.items():
            merged_fn[afn] = dict(fn_dict)
",""
"Variable:gdw10376_parser.py:all_afns","all_afns","gdw10376_parser.py",1809,1809,"
        # Collect all AFNs that have either a name or at least one Fn
        all_afns = set(merged_afn.keys()) | set(merged_fn.keys())
        result = []
        for afn in sorted(all_afns):
",""
"Variable:gdw10376_parser.py:keyword","keyword","gdw10376_parser.py",1823,1823,"        支持搜索AFN十六进制(如03H)、Fn编号(如F1)、中文关键词
        """"""
        keyword = keyword.strip().upper()
        if not keyword:
            return self.get_afn_fn_list()
",""
"Variable:gdw10376_parser.py:afn_hex","afn_hex","gdw10376_parser.py",1830,1830,"        for afn, afn_name, fn, fn_name in self.get_afn_fn_list():
            # 构建搜索文本
            afn_hex = f""{afn:02X}H""
            fn_str = f""F{fn}""
            search_text = f""{afn_hex} {afn_name} {fn_str} {fn_name}"".upper()
",""
"Variable:gdw10376_parser.py:fn_str","fn_str","gdw10376_parser.py",1831,1831,"            # 构建搜索文本
            afn_hex = f""{afn:02X}H""
            fn_str = f""F{fn}""
            search_text = f""{afn_hex} {afn_name} {fn_str} {fn_name}"".upper()

",""
"Variable:gdw10376_parser.py:search_text","search_text","gdw10376_parser.py",1832,1832,"            afn_hex = f""{afn:02X}H""
            fn_str = f""F{fn}""
            search_text = f""{afn_hex} {afn_name} {fn_str} {fn_name}"".upper()

            if keyword in search_text:
",""
"Variable:gdw10376_parser.py:validator","validator","gdw10376_parser.py",1842,1842,"        """"""验证帧的协议一致性，返回 ValidationResult""""""
        from validator.gdw_validator import GDWValidator
        validator = GDWValidator()
        return validator.verify(frame_bytes)
",""
"Variable:gap_analysis.py:pluz","pluz","gap_analysis.py",5,5,"# Build a comprehensive gap analysis report
with open('PLUZ计量自动化系统技术规范.md', 'r', encoding='utf-8') as f:
    pluz = f.read()
with open('1.md', 'r', encoding='utf-8') as f:
    doc1 = f.read()",""
"Variable:gap_analysis.py:doc1","doc1","gap_analysis.py",7,7,"    pluz = f.read()
with open('1.md', 'r', encoding='utf-8') as f:
    doc1 = f.read()
with open('1-1.md', 'r', encoding='utf-8') as f:
    doc1_1 = f.read()",""
"Variable:gap_analysis.py:doc1_1","doc1_1","gap_analysis.py",9,9,"    doc1 = f.read()
with open('1-1.md', 'r', encoding='utf-8') as f:
    doc1_1 = f.read()

all_text = pluz + '\n' + doc1 + '\n' + doc1_1",""
"Variable:gap_analysis.py:all_text","all_text","gap_analysis.py",11,11,"    doc1_1 = f.read()

all_text = pluz + '\n' + doc1 + '\n' + doc1_1

# Find all DI sections with tables",""
"Variable:gap_analysis.py:results","results","gap_analysis.py",16,16,"def find_di_tables(text):
    """"""Find DI sections that contain data format tables (indicating they have data content).""""""
    results = {}
    # Pattern: DI header followed by content with table
    pattern = re.compile(",""
"Variable:gap_analysis.py:pattern","pattern","gap_analysis.py",18,23,"    results = {}
    # Pattern: DI header followed by content with table
    pattern = re.compile(
        r'(?:^|\n)(#{1,6}\s+)?(E8\s+[0-9A-Fa-f]{2}\s+[0-9A-Fa-f]{2}\s+[0-9A-Fa-f]{2})[：:\s]+([^\n]+)\n'
        r'(.*?)'
        r'(?=(?:^|\n)(?:#{1,6}\s+)?E8\s+[0-9A-Fa-f]{2}\s+[0-9A-Fa-f]{2}\s+[0-9A-Fa-f]{2}[：:\s]+|\Z)',
        re.DOTALL
    )
    for m in pattern.finditer(text):
        di_str = m.group(2)",""
"Variable:gap_analysis.py:di_str","di_str","gap_analysis.py",25,25,"    )
    for m in pattern.finditer(text):
        di_str = m.group(2)
        name = m.group(3).strip()
        content = m.group(4)",""
"Variable:gap_analysis.py:name","name","gap_analysis.py",26,26,"    for m in pattern.finditer(text):
        di_str = m.group(2)
        name = m.group(3).strip()
        content = m.group(4)
        has_table = '<table' in content",""
"Variable:gap_analysis.py:content","content","gap_analysis.py",27,27,"        di_str = m.group(2)
        name = m.group(3).strip()
        content = m.group(4)
        has_table = '<table' in content
        has_nodata = '无数据' in content or '无数据标识内容' in content",""
"Variable:gap_analysis.py:has_table","has_table","gap_analysis.py",28,28,"        name = m.group(3).strip()
        content = m.group(4)
        has_table = '<table' in content
        has_nodata = '无数据' in content or '无数据标识内容' in content
        di_t = tuple(int(x, 16) for x in di_str.split())",""
"Variable:gap_analysis.py:has_nodata","has_nodata","gap_analysis.py",29,29,"        content = m.group(4)
        has_table = '<table' in content
        has_nodata = '无数据' in content or '无数据标识内容' in content
        di_t = tuple(int(x, 16) for x in di_str.split())
        if di_t not in results:",""
"Variable:gap_analysis.py:di_t","di_t","gap_analysis.py",30,30,"        has_table = '<table' in content
        has_nodata = '无数据' in content or '无数据标识内容' in content
        di_t = tuple(int(x, 16) for x in di_str.split())
        if di_t not in results:
            results[di_t] = {",""
"Variable:gap_analysis.py:doc_analysis","doc_analysis","gap_analysis.py",40,40,"    return results

doc_analysis = find_di_tables(all_text)

with open('field_gap_analysis.txt', 'w', encoding='utf-8') as out:",""
"Variable:gap_analysis.py:schema_only","schema_only","gap_analysis.py",46,46,"    
    # Categorize DIs
    schema_only = set(s.DI_FIELD_SCHEMA.keys())
    doc_only = set(doc_analysis.keys())
    ",""
"Variable:gap_analysis.py:doc_only","doc_only","gap_analysis.py",47,47,"    # Categorize DIs
    schema_only = set(s.DI_FIELD_SCHEMA.keys())
    doc_only = set(doc_analysis.keys())
    
    missing_in_schema = doc_only - schema_only",""
"Variable:gap_analysis.py:missing_in_schema","missing_in_schema","gap_analysis.py",49,49,"    doc_only = set(doc_analysis.keys())
    
    missing_in_schema = doc_only - schema_only
    missing_in_doc = schema_only - doc_only
    ",""
"Variable:gap_analysis.py:missing_in_doc","missing_in_doc","gap_analysis.py",50,50,"    
    missing_in_schema = doc_only - schema_only
    missing_in_doc = schema_only - doc_only
    
    out.write(f'DIs in schema: {len(schema_only)}\n')",""
"Variable:gap_analysis.py:meta","meta","gap_analysis.py",61,61,"    
    for di in sorted(schema_only):
        meta = s.DI_FIELD_SCHEMA[di]
        di_str = f'{di[0]:02X} {di[1]:02X} {di[2]:02X} {di[3]:02X}'
        name = meta['name']",""
"Variable:gap_analysis.py:fields","fields","gap_analysis.py",64,64,"        di_str = f'{di[0]:02X} {di[1]:02X} {di[2]:02X} {di[3]:02X}'
        name = meta['name']
        fields = meta.get('fields', [])
        
        doc_info = doc_analysis.get(di)",""
"Variable:gap_analysis.py:doc_info","doc_info","gap_analysis.py",66,66,"        fields = meta.get('fields', [])
        
        doc_info = doc_analysis.get(di)
        
        if doc_info:",""
"Variable:gap_analysis.py:doc_has_data","doc_has_data","gap_analysis.py",69,69,"        
        if doc_info:
            doc_has_data = doc_info['has_table'] and not doc_info['has_nodata']
            schema_has_data = len(fields) > 0
            ",""
"Variable:gap_analysis.py:schema_has_data","schema_has_data","gap_analysis.py",70,70,"        if doc_info:
            doc_has_data = doc_info['has_table'] and not doc_info['has_nodata']
            schema_has_data = len(fields) > 0
            
            if doc_has_data and not schema_has_data:",""
"Variable:gap_analysis.py:status","status","gap_analysis.py",73,73,"            
            if doc_has_data and not schema_has_data:
                status = 'MISSING_FIELDS - Doc has table but schema has no fields'
            elif not doc_has_data and schema_has_data:
                status = 'EXTRA_FIELDS - Doc says no data but schema has fields'",""
"Variable:frame_gen_widget.py:preset_added","preset_added","frame_gen_widget.py",48,48,"
    # 当帧被添加到预设时发出（protocol, frame_hex, config_snapshot）
    preset_added = Signal(str, str, dict)
    # 当帧被添加到测试方案时发出（name, frame_hex）
    test_plan_added = Signal(str, str)
",""
"Variable:frame_gen_widget.py:test_plan_added","test_plan_added","frame_gen_widget.py",50,50,"    preset_added = Signal(str, str, dict)
    # 当帧被添加到测试方案时发出（name, frame_hex）
    test_plan_added = Signal(str, str)

    def __init__(self, parent=None):
",""
"Variable:frame_gen_widget.py:main_layout","main_layout","frame_gen_widget.py",74,74,"    # ------------------------------------------------------------------
    def setup_ui(self):
        main_layout = QHBoxLayout(self)
        main_layout.setSpacing(6)

",""
"Variable:frame_gen_widget.py:splitter","splitter","frame_gen_widget.py",77,77,"        main_layout.setSpacing(6)

        splitter = QSplitter(Qt.Horizontal)

        # ================== 左侧面板 ==================
",""
"Variable:frame_gen_widget.py:left_widget","left_widget","frame_gen_widget.py",80,80,"
        # ================== 左侧面板 ==================
        left_widget = QWidget()
        left_layout = QVBoxLayout(left_widget)
        left_layout.setSpacing(4)
",""
"Variable:frame_gen_widget.py:left_layout","left_layout","frame_gen_widget.py",81,81,"        # ================== 左侧面板 ==================
        left_widget = QWidget()
        left_layout = QVBoxLayout(left_widget)
        left_layout.setSpacing(4)

",""
"Variable:frame_gen_widget.py:cmd_layout","cmd_layout","frame_gen_widget.py",86,86,"        # ---- 命令选择区（南网DI / 国网AFN+Fn） ----
        self.cmd_select_group = QGroupBox(""DI 选择"")
        cmd_layout = QHBoxLayout(self.cmd_select_group)
        cmd_layout.setContentsMargins(6, 4, 6, 4)
        cmd_layout.setSpacing(6)
",""
"Variable:frame_gen_widget.py:south_config_layout","south_config_layout","frame_gen_widget.py",134,134,"        # ---- 帧配置（南网模式） ----
        self.south_config_group = QGroupBox(""帧配置"")
        south_config_layout = QHBoxLayout(self.south_config_group)
        south_config_layout.setContentsMargins(6, 4, 6, 4)
        south_config_layout.setSpacing(6)
",""
"Variable:frame_gen_widget.py:gdw_config_layout","gdw_config_layout","frame_gen_widget.py",171,171,"        # ---- 国网帧配置（信息域R + 地址域A，默认隐藏） ----
        self.gdw_config_group = QGroupBox(""国网帧配置"")
        gdw_config_layout = QVBoxLayout(self.gdw_config_group)
        gdw_config_layout.setContentsMargins(6, 4, 6, 4)
        gdw_config_layout.setSpacing(4)
",""
"Variable:frame_gen_widget.py:info_layout","info_layout","frame_gen_widget.py",176,176,"
        # 信息域R配置
        info_layout = QHBoxLayout()
        info_layout.setSpacing(6)
        info_layout.addWidget(QLabel(""通信方式:""))
",""
"Variable:frame_gen_widget.py:info_detail_layout","info_detail_layout","frame_gen_widget.py",209,209,"
        # 信息域R详细配置
        info_detail_layout = QHBoxLayout()
        info_detail_layout.setSpacing(6)

",""
"Variable:frame_gen_widget.py:addr_layout","addr_layout","frame_gen_widget.py",246,246,"
        # 地址域配置
        addr_layout = QHBoxLayout()
        addr_layout.setSpacing(6)
        addr_layout.addWidget(QLabel(""源地址(A1):""))
",""
"Variable:frame_gen_widget.py:mode_layout","mode_layout","frame_gen_widget.py",275,275,"        # ---- 模式切换 ----
        self.mode_group = QGroupBox(""字段模式"")
        mode_layout = QHBoxLayout(self.mode_group)
        mode_layout.setContentsMargins(6, 4, 6, 4)
        mode_layout.setSpacing(6)
",""
"Variable:frame_gen_widget.py:form_scroll","form_scroll","frame_gen_widget.py",290,290,"
        # ---- 动态表单区 ----
        form_scroll = QScrollArea()
        form_scroll.setWidgetResizable(True)
        self._form_container = QWidget()
",""
"Variable:frame_gen_widget.py:btn_layout","btn_layout","frame_gen_widget.py",299,299,"
        # ---- 生成按钮 ----
        btn_layout = QHBoxLayout()
        btn_layout.setSpacing(6)
        self.generate_btn = QPushButton(""生成帧"")
",""
"Variable:frame_gen_widget.py:result_group","result_group","frame_gen_widget.py",312,312,"
        # ---- 结果显示 ----
        result_group = QGroupBox(""生成结果"")
        result_layout = QVBoxLayout(result_group)
        result_layout.setContentsMargins(6, 4, 6, 4)
",""
"Variable:frame_gen_widget.py:result_layout","result_layout","frame_gen_widget.py",313,313,"        # ---- 结果显示 ----
        result_group = QGroupBox(""生成结果"")
        result_layout = QVBoxLayout(result_group)
        result_layout.setContentsMargins(6, 4, 6, 4)
        result_layout.setSpacing(4)
",""
"Variable:frame_gen_widget.py:serial_btn_layout","serial_btn_layout","frame_gen_widget.py",324,324,"
        # ---- 串口发送按钮 + 添加到预设 ----
        serial_btn_layout = QHBoxLayout()
        serial_btn_layout.setSpacing(6)
        self.send_serial_btn = QPushButton(""发送到串口"")
",""
"Variable:frame_gen_widget.py:log_group","log_group","frame_gen_widget.py",363,363,"
        # ---- 串口日志 ----
        log_group = QGroupBox(""串口日志"")
        log_layout = QVBoxLayout(log_group)
        log_layout.setContentsMargins(6, 4, 6, 4)
",""
"Variable:frame_gen_widget.py:log_layout","log_layout","frame_gen_widget.py",364,364,"        # ---- 串口日志 ----
        log_group = QGroupBox(""串口日志"")
        log_layout = QVBoxLayout(log_group)
        log_layout.setContentsMargins(6, 4, 6, 4)
        log_layout.setSpacing(4)
",""
"Variable:frame_gen_widget.py:right_widget","right_widget","frame_gen_widget.py",379,379,"
        # ================== 右侧面板（实时解析预览） ==================
        right_widget = QWidget()
        right_layout = QVBoxLayout(right_widget)
        right_layout.setSpacing(4)
",""
"Variable:frame_gen_widget.py:right_layout","right_layout","frame_gen_widget.py",380,380,"        # ================== 右侧面板（实时解析预览） ==================
        right_widget = QWidget()
        right_layout = QVBoxLayout(right_widget)
        right_layout.setSpacing(4)

",""
"Variable:frame_gen_widget.py:preview_group","preview_group","frame_gen_widget.py",383,383,"        right_layout.setSpacing(4)

        preview_group = QGroupBox(""实时解析预览"")
        preview_layout = QVBoxLayout(preview_group)
        preview_layout.setContentsMargins(6, 4, 6, 4)
",""
"Variable:frame_gen_widget.py:preview_layout","preview_layout","frame_gen_widget.py",384,384,"
        preview_group = QGroupBox(""实时解析预览"")
        preview_layout = QVBoxLayout(preview_group)
        preview_layout.setContentsMargins(6, 4, 6, 4)
        preview_layout.setSpacing(4)
",""
"Variable:frame_gen_widget.py:header","header","frame_gen_widget.py",391,391,"        self.preview_table.setColumnCount(4)
        self.preview_table.setHorizontalHeaderLabels([""字段"", ""原始值"", ""解析值"", ""说明""])
        header = self.preview_table.horizontalHeader()
        header.setSectionResizeMode(QHeaderView.ResizeMode.Interactive)
        header.setStretchLastSection(True)
",""
"Variable:frame_gen_widget.py:table_font","table_font","frame_gen_widget.py",401,401,"        self.preview_table.setAlternatingRowColors(True)
        self.preview_table.verticalHeader().hide()
        table_font = QFont()
        table_font.setPointSize(7)
        self.preview_table.setFont(table_font)
",""
"Variable:frame_gen_widget.py:resp_group","resp_group","frame_gen_widget.py",410,410,"
        # ---- 响应帧解析 ----
        resp_group = QGroupBox(""响应帧解析"")
        resp_layout = QVBoxLayout(resp_group)
        resp_layout.setContentsMargins(6, 4, 6, 4)
",""
"Variable:frame_gen_widget.py:resp_layout","resp_layout","frame_gen_widget.py",411,411,"        # ---- 响应帧解析 ----
        resp_group = QGroupBox(""响应帧解析"")
        resp_layout = QVBoxLayout(resp_group)
        resp_layout.setContentsMargins(6, 4, 6, 4)
        resp_layout.setSpacing(4)
",""
"Variable:frame_gen_widget.py:resp_header","resp_header","frame_gen_widget.py",418,418,"        self.response_table.setColumnCount(4)
        self.response_table.setHorizontalHeaderLabels([""字段"", ""原始值"", ""解析值"", ""说明""])
        resp_header = self.response_table.horizontalHeader()
        resp_header.setSectionResizeMode(QHeaderView.ResizeMode.Interactive)
        resp_header.setStretchLastSection(True)
",""
"Variable:frame_gen_widget.py:resp_font","resp_font","frame_gen_widget.py",428,428,"        self.response_table.setAlternatingRowColors(True)
        self.response_table.verticalHeader().hide()
        resp_font = QFont()
        resp_font.setPointSize(7)
        self.response_table.setFont(resp_font)
",""
"Variable:frame_gen_widget.py:sender","sender","frame_gen_widget.py",466,466,"    # ------------------------------------------------------------------
    def _on_mode_changed(self, state):
        sender = self.sender()
        if sender == self.mode_predefined_rb and self.mode_predefined_rb.isChecked():
            self.mode_custom_rb.setChecked(False)
",""
"Variable:frame_gen_widget.py:direction","direction","frame_gen_widget.py",491,491,"        self.di_combo.addItem(""-- 请选择DI --"", None)
        for di_key, schema in DI_FIELD_SCHEMA.items():
            direction = schema.get(""direction"", ""both"")
            # 组帧页面只显示下行命令（上行响应帧由解析功能处理）
            if direction != ""down"":
",""
"Variable:frame_gen_widget.py:name","name","frame_gen_widget.py",495,495,"            if direction != ""down"":
                continue
            name = schema.get(""name"", ""未知"")
            label = f""【下行】 {name}  ({di_key[0]:02X} {di_key[1]:02X} {di_key[2]:02X} {di_key[3]:02X})""
            self.di_combo.addItem(label, di_key)
",""
"Variable:frame_gen_widget.py:label","label","frame_gen_widget.py",496,496,"                continue
            name = schema.get(""name"", ""未知"")
            label = f""【下行】 {name}  ({di_key[0]:02X} {di_key[1]:02X} {di_key[2]:02X} {di_key[3]:02X})""
            self.di_combo.addItem(label, di_key)

",""
"Variable:frame_gen_widget.py:di_key","di_key","frame_gen_widget.py",508,508,"
    def _on_di_changed(self, index: int):
        di_key = self.di_combo.currentData()
        self._current_di_key = di_key
        self.cmd_help_btn.setEnabled(di_key is not None)
",""
"Variable:frame_gen_widget.py:afn_fn","afn_fn","frame_gen_widget.py",514,514,"
    def _on_afn_fn_changed(self, index: int):
        afn_fn = self.afn_fn_combo.currentData()
        self._current_afn_fn = afn_fn
        self.cmd_help_btn.setEnabled(afn_fn is not None)
",""
"Variable:frame_gen_widget.py:schema","schema","frame_gen_widget.py",524,524,"            if not self._current_di_key:
                return
            schema = DI_FIELD_SCHEMA.get(self._current_di_key)
            if not schema:
                return
",""
"Variable:frame_gen_widget.py:doc","doc","frame_gen_widget.py",527,527,"            if not schema:
                return
            doc = schema.get(""doc"", ""暂无说明"")
            name = schema.get(""name"", ""未知命令"")
        else:
",""
"Variable:frame_gen_widget.py:dialog","dialog","frame_gen_widget.py",538,538,"            name = schema.get(""name"", ""未知命令"")

        dialog = QDialog(self)
        dialog.setWindowTitle(f""命令说明 - {name}"")
        dialog.setMinimumSize(520, 360)
",""
"Variable:frame_gen_widget.py:layout","layout","frame_gen_widget.py",542,542,"        dialog.setMinimumSize(520, 360)
        dialog.setAttribute(Qt.WA_DeleteOnClose)
        layout = QVBoxLayout(dialog)
        layout.setSpacing(10)

",""
"Variable:frame_gen_widget.py:text_edit","text_edit","frame_gen_widget.py",545,545,"        layout.setSpacing(10)

        text_edit = QTextEdit()
        text_edit.setReadOnly(True)
        text_edit.setHtml(doc)
",""
"Variable:frame_gen_widget.py:ok_btn","ok_btn","frame_gen_widget.py",554,554,"        btn_layout = QHBoxLayout()
        btn_layout.addStretch()
        ok_btn = QPushButton(""确定"")
        ok_btn.setMinimumWidth(80)
        ok_btn.clicked.connect(dialog.accept)
",""
"Variable:frame_gen_widget.py:item","item","frame_gen_widget.py",570,570,"        # 清空旧表单
        while self._form_layout.count():
            item = self._form_layout.takeAt(0)
            w = item.widget()
            if w:
",""
"Variable:frame_gen_widget.py:w","w","frame_gen_widget.py",571,571,"        while self._form_layout.count():
            item = self._form_layout.takeAt(0)
            w = item.widget()
            if w:
                w.deleteLater()
",""
"Variable:frame_gen_widget.py:fields","fields","frame_gen_widget.py",585,585,"            return

        fields = schema.get(""fields"")
        if fields is not None and len(fields) == 0:
            # 无数据单元：隐藏模式切换，显示提示
",""
"Variable:frame_gen_widget.py:hint","hint","frame_gen_widget.py",590,590,"            self.mode_group.setVisible(False)
            self._custom_mode = False
            hint = QLabel(""<b>该命令无数据单元，无需添加用户数据</b>"")
            hint.setStyleSheet(""color: #2196F3; font-size: 13px; padding: 20px;"")
            hint.setAlignment(Qt.AlignCenter)
",""
"Variable:frame_gen_widget.py:has_predefined","has_predefined","frame_gen_widget.py",601,601,"
        # 如果没有预定义字段，自动切换到自定义模式
        has_predefined = bool(fields)
        if not has_predefined:
            self.mode_custom_rb.setChecked(True)
",""
"Variable:frame_gen_widget.py:widget","widget","frame_gen_widget.py",677,677,"        else:
            for field in schema.get(""fields"", []):
                widget = self._create_field_widget(field)
                if widget:
                    self._form_layout.addWidget(widget)
",""
"Variable:frame_gen_widget.py:level","level","frame_gen_widget.py",691,691,"    def _on_gdw_relay_level_changed(self, index: int):
        """"""国网中继级别改变：动态显示中继地址输入框""""""
        level = self.gdw_relay_level.currentData()
        # 清除旧的中继输入框
        while self.gdw_relay_layout.count() > 1:
",""
"Variable:frame_gen_widget.py:lbl","lbl","frame_gen_widget.py",703,703,"            self.gdw_relay_container.setVisible(True)
            for i in range(level):
                lbl = QLabel(f""A2-{i+1}:"")
                edit = QLineEdit(""000000000000"")
                edit.setMaxLength(12)
",""
"Variable:frame_gen_widget.py:edit","edit","frame_gen_widget.py",704,704,"            for i in range(level):
                lbl = QLabel(f""A2-{i+1}:"")
                edit = QLineEdit(""000000000000"")
                edit.setMaxLength(12)
                edit.setFixedWidth(100)
",""
"Variable:frame_gen_widget.py:table_group","table_group","frame_gen_widget.py",754,754,"    def _build_custom_template_ui(self):
        # ---- 模板表格 ----
        table_group = QGroupBox(""字段模板定义（参考协议文档填写）"")
        table_layout = QVBoxLayout(table_group)
        table_layout.setSpacing(4)
",""
"Variable:frame_gen_widget.py:table_layout","table_layout","frame_gen_widget.py",755,755,"        # ---- 模板表格 ----
        table_group = QGroupBox(""字段模板定义（参考协议文档填写）"")
        table_layout = QVBoxLayout(table_group)
        table_layout.setSpacing(4)
        table_layout.setContentsMargins(8, 8, 8, 8)
",""
"Variable:frame_gen_widget.py:tpl_btn_layout","tpl_btn_layout","frame_gen_widget.py",790,790,"
        # 模板操作按钮
        tpl_btn_layout = QHBoxLayout()
        tpl_btn_layout.setSpacing(6)
        add_row_btn = QPushButton(""添加字段"")
",""
"Variable:frame_gen_widget.py:add_row_btn","add_row_btn","frame_gen_widget.py",792,792,"        tpl_btn_layout = QHBoxLayout()
        tpl_btn_layout.setSpacing(6)
        add_row_btn = QPushButton(""添加字段"")
        add_row_btn.setStyleSheet(""QPushButton { padding: 2px 10px; }"")
        add_row_btn.clicked.connect(self._add_template_row)
",""
"Variable:frame_gen_widget.py:del_row_btn","del_row_btn","frame_gen_widget.py",795,795,"        add_row_btn.setStyleSheet(""QPushButton { padding: 2px 10px; }"")
        add_row_btn.clicked.connect(self._add_template_row)
        del_row_btn = QPushButton(""删除选中字段"")
        del_row_btn.setStyleSheet(""QPushButton { padding: 2px 10px; }"")
        del_row_btn.clicked.connect(self._del_template_row)
",""
"Variable:frame_gen_widget.py:load_tpl_btn","load_tpl_btn","frame_gen_widget.py",798,798,"        del_row_btn.setStyleSheet(""QPushButton { padding: 2px 10px; }"")
        del_row_btn.clicked.connect(self._del_template_row)
        load_tpl_btn = QPushButton(""加载默认模板"")
        load_tpl_btn.setStyleSheet(""QPushButton { padding: 2px 10px; }"")
        load_tpl_btn.clicked.connect(self._load_default_template)
",""
"Variable:frame_gen_widget.py:type_combo","type_combo","frame_gen_widget.py",830,830,"            self.template_table.setItem(row, 2, QTableWidgetItem(str(tpl.length)))

            type_combo = QComboBox()
            type_combo.addItems([""uint8"", ""uint16"", ""uint32"", ""bytes"", ""checksum""])
            type_combo.setCurrentText(tpl.ftype)
",""
"Variable:frame_gen_widget.py:endian_combo","endian_combo","frame_gen_widget.py",836,836,"            self.template_table.setCellWidget(row, 3, type_combo)

            endian_combo = QComboBox()
            endian_combo.addItems([""big"", ""little""])
            endian_combo.setCurrentText(tpl.endian)
",""
"Variable:frame_gen_widget.py:display_combo","display_combo","frame_gen_widget.py",842,842,"            self.template_table.setCellWidget(row, 4, endian_combo)

            display_combo = QComboBox()
            display_combo.addItems([""hex"", ""dec""])
            display_combo.setCurrentText(tpl.display)
",""
"Variable:frame_gen_widget.py:cs_label","cs_label","frame_gen_widget.py",850,850,"            # 字段值输入列
            if tpl.ftype == ""checksum"":
                cs_label = QLabel(""自动计算"")
                cs_label.setStyleSheet(""color: #2196F3; font-size: 11px;"")
                cs_label.setFixedHeight(20)
",""
"Variable:frame_gen_widget.py:val_edit","val_edit","frame_gen_widget.py",856,856,"                self.template_table.setCellWidget(row, 6, cs_label)
            else:
                val_edit = QLineEdit()
                val_edit.setFixedHeight(20)
                if tpl.display == ""hex"":
",""
"Variable:frame_gen_widget.py:row","row","frame_gen_widget.py",875,875,"    def _del_template_row(self):
        """"""删除选中的模板字段""""""
        row = self.template_table.currentRow()
        if row >= 0 and row < len(self._custom_templates):
            self._sync_templates_from_table()
",""
"Variable:frame_gen_widget.py:new_templates","new_templates","frame_gen_widget.py",883,883,"    def _sync_templates_from_table(self):
        """"""从表格同步模板数据到内存""""""
        new_templates = []
        for row in range(self.template_table.rowCount()):
            name_item = self.template_table.item(row, 1)
",""
"Variable:frame_gen_widget.py:name_item","name_item","frame_gen_widget.py",885,885,"        new_templates = []
        for row in range(self.template_table.rowCount()):
            name_item = self.template_table.item(row, 1)
            len_item = self.template_table.item(row, 2)
            type_combo = self.template_table.cellWidget(row, 3)
",""
"Variable:frame_gen_widget.py:len_item","len_item","frame_gen_widget.py",886,886,"        for row in range(self.template_table.rowCount()):
            name_item = self.template_table.item(row, 1)
            len_item = self.template_table.item(row, 2)
            type_combo = self.template_table.cellWidget(row, 3)
            endian_combo = self.template_table.cellWidget(row, 4)
",""
"Variable:frame_gen_widget.py:length","length","frame_gen_widget.py",893,893,"            name = name_item.text() if name_item else f""字段{row+1}""
            try:
                length = int(len_item.text()) if len_item else 1
            except ValueError:
                length = 1
",""
"Variable:frame_gen_widget.py:ftype","ftype","frame_gen_widget.py",896,896,"            except ValueError:
                length = 1
            ftype = type_combo.currentText() if type_combo else ""bytes""
            endian = endian_combo.currentText() if endian_combo else ""big""
            display = display_combo.currentText() if display_combo else ""hex""
",""
"Variable:frame_gen_widget.py:endian","endian","frame_gen_widget.py",897,897,"                length = 1
            ftype = type_combo.currentText() if type_combo else ""bytes""
            endian = endian_combo.currentText() if endian_combo else ""big""
            display = display_combo.currentText() if display_combo else ""hex""

",""
"Variable:frame_gen_widget.py:display","display","frame_gen_widget.py",898,898,"            ftype = type_combo.currentText() if type_combo else ""bytes""
            endian = endian_combo.currentText() if endian_combo else ""big""
            display = display_combo.currentText() if display_combo else ""hex""

            new_templates.append(CustomFieldTemplate(name, length, ftype, endian, display, False))
",""
"Variable:frame_gen_widget.py:desc","desc","frame_gen_widget.py",909,909,"        name = field[""name""]
        ftype = field[""type""]
        desc = field.get(""description"", """")
        default = field.get(""default"")
        optional = field.get(""optional"", False)
",""
"Variable:frame_gen_widget.py:default","default","frame_gen_widget.py",910,910,"        ftype = field[""type""]
        desc = field.get(""description"", """")
        default = field.get(""default"")
        optional = field.get(""optional"", False)

",""
"Variable:frame_gen_widget.py:optional","optional","frame_gen_widget.py",911,911,"        desc = field.get(""description"", """")
        default = field.get(""default"")
        optional = field.get(""optional"", False)

        container = QWidget()
",""
"Variable:frame_gen_widget.py:container","container","frame_gen_widget.py",913,913,"        optional = field.get(""optional"", False)

        container = QWidget()
        layout = QHBoxLayout(container)
        layout.setContentsMargins(4, 2, 4, 2)
",""
"Variable:frame_gen_widget.py:label_text","label_text","frame_gen_widget.py",917,917,"        layout.setContentsMargins(4, 2, 4, 2)

        label_text = name
        if desc:
            label_text += f""  [{desc}]""
",""
"Variable:frame_gen_widget.py:cb","cb","frame_gen_widget.py",926,926,"
        if optional:
            cb = QCheckBox(""启用"")
            cb.setChecked(True)
            layout.addWidget(cb)
",""
"Variable:frame_gen_widget.py:sub_container","sub_container","frame_gen_widget.py",934,934,"
        if ""sub_fields"" in field:
            sub_container = QWidget()
            sub_layout = QHBoxLayout(sub_container)
            sub_layout.setContentsMargins(0, 0, 0, 0)
",""
"Variable:frame_gen_widget.py:sub_layout","sub_layout","frame_gen_widget.py",935,935,"        if ""sub_fields"" in field:
            sub_container = QWidget()
            sub_layout = QHBoxLayout(sub_container)
            sub_layout.setContentsMargins(0, 0, 0, 0)
            sub_layout.setSpacing(4)
",""
"Variable:frame_gen_widget.py:sub_widgets","sub_widgets","frame_gen_widget.py",938,938,"            sub_layout.setContentsMargins(0, 0, 0, 0)
            sub_layout.setSpacing(4)
            sub_widgets: Dict[str, Any] = {}
            for sub in field[""sub_fields""]:
                sub_name = sub[""name""]
",""
"Variable:frame_gen_widget.py:sub_name","sub_name","frame_gen_widget.py",940,940,"            sub_widgets: Dict[str, Any] = {}
            for sub in field[""sub_fields""]:
                sub_name = sub[""name""]
                sub_type = sub.get(""type"", ""bytes"")
                sub_default = sub.get(""default"")
",""
"Variable:frame_gen_widget.py:sub_type","sub_type","frame_gen_widget.py",941,941,"            for sub in field[""sub_fields""]:
                sub_name = sub[""name""]
                sub_type = sub.get(""type"", ""bytes"")
                sub_default = sub.get(""default"")
                sub_desc = sub.get(""description"", """")
",""
"Variable:frame_gen_widget.py:sub_default","sub_default","frame_gen_widget.py",942,942,"                sub_name = sub[""name""]
                sub_type = sub.get(""type"", ""bytes"")
                sub_default = sub.get(""default"")
                sub_desc = sub.get(""description"", """")
                sub_label = QLabel(sub_name)
",""
"Variable:frame_gen_widget.py:sub_desc","sub_desc","frame_gen_widget.py",943,943,"                sub_type = sub.get(""type"", ""bytes"")
                sub_default = sub.get(""default"")
                sub_desc = sub.get(""description"", """")
                sub_label = QLabel(sub_name)
                sub_label.setStyleSheet(""font-size: 11px; color: #555;"")
",""
"Variable:frame_gen_widget.py:sub_label","sub_label","frame_gen_widget.py",944,944,"                sub_default = sub.get(""default"")
                sub_desc = sub.get(""description"", """")
                sub_label = QLabel(sub_name)
                sub_label.setStyleSheet(""font-size: 11px; color: #555;"")
                sub_label.setToolTip(sub_desc)
",""
"Variable:frame_gen_widget.py:combo","combo","frame_gen_widget.py",949,949,"                sub_layout.addWidget(sub_label)
                if sub_type == ""enum"":
                    combo = QComboBox()
                    for val, text in sub.get(""enum_map"", {}).items():
                        combo.addItem(f""{text} (0x{val:02X})"", val)
",""
"Variable:frame_gen_widget.py:idx","idx","frame_gen_widget.py",953,953,"                        combo.addItem(f""{text} (0x{val:02X})"", val)
                    if sub_default is not None:
                        idx = combo.findData(sub_default)
                        if idx >= 0:
                            combo.setCurrentIndex(idx)
",""
"Variable:frame_gen_widget.py:enum_map","enum_map","frame_gen_widget.py",997,997,"        elif ftype == ""enum"":
            combo = QComboBox()
            enum_map = field.get(""enum_map"", {})
            for val, text in enum_map.items():
                combo.addItem(f""{text}  (0x{val:02X})"", val)
",""
"Variable:frame_gen_widget.py:list_widget","list_widget","frame_gen_widget.py",1008,1008,"
        elif ftype == ""list"":
            list_widget = self._create_list_widget(field)
            layout.addWidget(list_widget, 1)
            self._field_widgets[name][""widget""] = list_widget
",""
"Variable:frame_gen_widget.py:item_fields","item_fields","frame_gen_widget.py",1023,1023,"
    def _create_list_widget(self, field: Dict[str, Any]) -> QWidget:
        item_fields = field[""item_fields""]
        container = QWidget()
        layout = QVBoxLayout(container)
",""
"Variable:frame_gen_widget.py:items_widget","items_widget","frame_gen_widget.py",1031,1031,"        layout.addWidget(header)

        items_widget = QWidget()
        items_layout = QVBoxLayout(items_widget)
        items_layout.setAlignment(Qt.AlignTop)
",""
"Variable:frame_gen_widget.py:items_layout","items_layout","frame_gen_widget.py",1032,1032,"
        items_widget = QWidget()
        items_layout = QVBoxLayout(items_widget)
        items_layout.setAlignment(Qt.AlignTop)
        layout.addWidget(items_widget)
",""
"Variable:frame_gen_widget.py:add_btn","add_btn","frame_gen_widget.py",1037,1037,"
        btn_layout = QHBoxLayout()
        add_btn = QPushButton(""添加"")
        del_btn = QPushButton(""删除最后一项"")
        btn_layout.addWidget(add_btn)
",""
"Variable:frame_gen_widget.py:del_btn","del_btn","frame_gen_widget.py",1038,1038,"        btn_layout = QHBoxLayout()
        add_btn = QPushButton(""添加"")
        del_btn = QPushButton(""删除最后一项"")
        btn_layout.addWidget(add_btn)
        btn_layout.addWidget(del_btn)
",""
"Variable:frame_gen_widget.py:row_widget","row_widget","frame_gen_widget.py",1049,1049,"
        def add_item():
            row_widget = QWidget()
            row_layout = QHBoxLayout(row_widget)
            row_layout.setContentsMargins(2, 2, 2, 2)
",""
"Variable:frame_gen_widget.py:row_layout","row_layout","frame_gen_widget.py",1050,1050,"        def add_item():
            row_widget = QWidget()
            row_layout = QHBoxLayout(row_widget)
            row_layout.setContentsMargins(2, 2, 2, 2)
            item_widgets: Dict[str, Any] = {}
",""
"Variable:frame_gen_widget.py:item_widgets","item_widgets","frame_gen_widget.py",1052,1052,"            row_layout = QHBoxLayout(row_widget)
            row_layout.setContentsMargins(2, 2, 2, 2)
            item_widgets: Dict[str, Any] = {}
            for item_field in item_fields:
                item_name = item_field[""name""]
",""
"Variable:frame_gen_widget.py:item_name","item_name","frame_gen_widget.py",1054,1054,"            item_widgets: Dict[str, Any] = {}
            for item_field in item_fields:
                item_name = item_field[""name""]
                item_type = item_field[""type""]
                lbl = QLabel(item_name)
",""
"Variable:frame_gen_widget.py:item_type","item_type","frame_gen_widget.py",1055,1055,"            for item_field in item_fields:
                item_name = item_field[""name""]
                item_type = item_field[""type""]
                lbl = QLabel(item_name)
                lbl.setStyleSheet(""font-size: 11px; color: #555;"")
",""
"Variable:frame_gen_widget.py:dft","dft","frame_gen_widget.py",1061,1061,"                if item_type == ""bytes"":
                    edit = QLineEdit()
                    dft = item_field.get(""default"", """")
                    edit.setText(str(dft))
                    if item_field.get(""reverse""):
",""
"Variable:frame_gen_widget.py:values","values","frame_gen_widget.py",1111,1111,"    # ------------------------------------------------------------------
    def _collect_values(self) -> Dict[str, Any]:
        values: Dict[str, Any] = {}
        if self.protocol_mode == ""south"":
            if not self._current_di_key:
",""
"Variable:frame_gen_widget.py:val_widget","val_widget","frame_gen_widget.py",1124,1124,"                if tpl.ftype == ""checksum"":
                    continue
                val_widget = self.template_table.cellWidget(row, 6)
                if not isinstance(val_widget, QLineEdit):
                    continue
",""
"Variable:frame_gen_widget.py:text","text","frame_gen_widget.py",1127,1127,"                if not isinstance(val_widget, QLineEdit):
                    continue
                text = val_widget.text().strip()
                if tpl.ftype in (""uint8"", ""uint16"", ""uint32""):
                    if tpl.display == ""hex"":
",""
"Variable:frame_gen_widget.py:widget_info","widget_info","frame_gen_widget.py",1142,1142,"            for field in schema.get(""fields"", []):
                name = field[""name""]
                widget_info = self._field_widgets.get(name)
                if not widget_info:
                    continue
",""
"Variable:frame_gen_widget.py:sub_field","sub_field","frame_gen_widget.py",1154,1154,"                    # 收集子字段值
                    for sub_name, sub_widget in widget_info[""sub_widgets""].items():
                        sub_field = next((s for s in field.get(""sub_fields"", []) if s[""name""] == sub_name), None)
                        if not sub_field:
                            continue
",""
"Variable:frame_gen_widget.py:parent_val","parent_val","frame_gen_widget.py",1167,1167,"                    # 计算父字段值
                    if ftype in (""uint8"", ""enum""):
                        parent_val = 0
                        for sub in field.get(""sub_fields"", []):
                            sub_name = sub[""name""]
",""
"Variable:frame_gen_widget.py:sub_val","sub_val","frame_gen_widget.py",1170,1170,"                        for sub in field.get(""sub_fields"", []):
                            sub_name = sub[""name""]
                            sub_val = values.get(sub_name, sub.get(""default"", 0))
                            bit_width = sub.get(""bit_width"", 1)
                            bit_offset = sub.get(""bit_offset"", 0)
",""
"Variable:frame_gen_widget.py:bit_width","bit_width","frame_gen_widget.py",1171,1171,"                            sub_name = sub[""name""]
                            sub_val = values.get(sub_name, sub.get(""default"", 0))
                            bit_width = sub.get(""bit_width"", 1)
                            bit_offset = sub.get(""bit_offset"", 0)
                            mask = (1 << bit_width) - 1
",""
"Variable:frame_gen_widget.py:bit_offset","bit_offset","frame_gen_widget.py",1172,1172,"                            sub_val = values.get(sub_name, sub.get(""default"", 0))
                            bit_width = sub.get(""bit_width"", 1)
                            bit_offset = sub.get(""bit_offset"", 0)
                            mask = (1 << bit_width) - 1
                            parent_val |= (int(sub_val) & mask) << bit_offset
",""
"Variable:frame_gen_widget.py:mask","mask","frame_gen_widget.py",1173,1173,"                            bit_width = sub.get(""bit_width"", 1)
                            bit_offset = sub.get(""bit_offset"", 0)
                            mask = (1 << bit_width) - 1
                            parent_val |= (int(sub_val) & mask) << bit_offset
                        values[name] = parent_val
",""
"Variable:frame_gen_widget.py:cond","cond","frame_gen_widget.py",1179,1179,"                        parent_val = """"
                        for sub in field.get(""sub_fields"", []):
                            cond = sub.get(""condition"")
                            if cond:
                                ref_val = values.get(cond[""field""])
",""
"Variable:frame_gen_widget.py:ref_val","ref_val","frame_gen_widget.py",1181,1181,"                            cond = sub.get(""condition"")
                            if cond:
                                ref_val = values.get(cond[""field""])
                                if ref_val != cond[""value""]:
                                    continue
",""
"Variable:frame_gen_widget.py:items","items","frame_gen_widget.py",1201,1201,"                    values[name] = widget.currentData()
                elif ftype == ""list"":
                    items = []
                    for _, item_widgets in widget._items:
                        item_values: Dict[str, Any] = {}
",""
"Variable:frame_gen_widget.py:item_values","item_values","frame_gen_widget.py",1203,1203,"                    items = []
                    for _, item_widgets in widget._items:
                        item_values: Dict[str, Any] = {}
                        for item_name, item_widget in item_widgets.items():
                            if isinstance(item_widget, QComboBox):
",""
"Variable:frame_gen_widget.py:data","data","frame_gen_widget.py",1220,1220,"        import struct
        self._sync_templates_from_table()
        data = b""""
        checksum_idx = -1

",""
"Variable:frame_gen_widget.py:checksum_idx","checksum_idx","frame_gen_widget.py",1221,1221,"        self._sync_templates_from_table()
        data = b""""
        checksum_idx = -1

        for row, tpl in enumerate(self._custom_templates):
",""
"Variable:frame_gen_widget.py:raw","raw","frame_gen_widget.py",1238,1238,"                if text:
                    try:
                        raw = bytes.fromhex(text)
                    except ValueError:
                        raw = b""""
",""
"Variable:frame_gen_widget.py:val","val","frame_gen_widget.py",1250,1250,"                try:
                    if tpl.display == ""hex"":
                        val = int(text, 16) if text else 0
                    else:
                        val = int(text, 10) if text else 0
",""
"Variable:frame_gen_widget.py:cs","cs","frame_gen_widget.py",1274,1274,"        # 回填校验和
        if checksum_idx >= 0:
            cs = sum(data) & 0xFF
            # 校验和字段在data中的偏移量
            offset = 0
",""
"Variable:frame_gen_widget.py:offset","offset","frame_gen_widget.py",1276,1276,"            cs = sum(data) & 0xFF
            # 校验和字段在data中的偏移量
            offset = 0
            for i, tpl in enumerate(self._custom_templates):
                if i == checksum_idx:
",""
"Variable:frame_gen_widget.py:src_text","src_text","frame_gen_widget.py",1313,1313,"            return

        src_text = self.src_addr_input.text().strip().replace("" "", """")
        dst_text = self.dst_addr_input.text().strip().replace("" "", """")
        if len(src_text) != 12 or len(dst_text) != 12:
",""
"Variable:frame_gen_widget.py:dst_text","dst_text","frame_gen_widget.py",1314,1314,"
        src_text = self.src_addr_input.text().strip().replace("" "", """")
        dst_text = self.dst_addr_input.text().strip().replace("" "", """")
        if len(src_text) != 12 or len(dst_text) != 12:
            self.preview_table.setRowCount(0)
",""
"Variable:frame_gen_widget.py:src_addr","src_addr","frame_gen_widget.py",1319,1319,"            return
        try:
            src_addr = bytes.fromhex(src_text)
            dst_addr = bytes.fromhex(dst_text)
        except ValueError:
",""
"Variable:frame_gen_widget.py:dst_addr","dst_addr","frame_gen_widget.py",1320,1320,"        try:
            src_addr = bytes.fromhex(src_text)
            dst_addr = bytes.fromhex(dst_text)
        except ValueError:
            self.preview_table.setRowCount(0)
",""
"Variable:frame_gen_widget.py:dir_flag","dir_flag","frame_gen_widget.py",1326,1326,"
        di_key = self._current_di_key
        dir_flag = self.dir_combo.currentData()
        prm = self.prm_combo.currentData()
        add_flag = self.add_combo.currentData()
",""
"Variable:frame_gen_widget.py:prm","prm","frame_gen_widget.py",1327,1327,"        di_key = self._current_di_key
        dir_flag = self.dir_combo.currentData()
        prm = self.prm_combo.currentData()
        add_flag = self.add_combo.currentData()

",""
"Variable:frame_gen_widget.py:add_flag","add_flag","frame_gen_widget.py",1328,1328,"        dir_flag = self.dir_combo.currentData()
        prm = self.prm_combo.currentData()
        add_flag = self.add_combo.currentData()

        if self._custom_mode:
",""
"Variable:frame_gen_widget.py:frame","frame","frame_gen_widget.py",1333,1337,"            data = self._generate_custom_data()
            di3, di2, di1, di0 = di_key
            frame = self.generator._build_frame(
                di3, di2, di1, di0,
                src_addr=src_addr, dst_addr=dst_addr, data=data,
                dir_flag=dir_flag, prm=prm, add_flag=add_flag
            )
        else:
            field_values = self._collect_values()
",""
"Variable:frame_gen_widget.py:field_values","field_values","frame_gen_widget.py",1339,1339,"            )
        else:
            field_values = self._collect_values()
            frame = self.generator.generate_frame(
                di_key, field_values,
",""
"Variable:frame_gen_widget.py:table_data","table_data","frame_gen_widget.py",1346,1346,"            )

        table_data = self.parser.parse_to_table(frame)
        self._populate_preview_table(table_data)

",""
"Variable:frame_gen_widget.py:hex_str","hex_str","frame_gen_widget.py",1349,1349,"        self._populate_preview_table(table_data)

        hex_str = frame.hex().upper()
        formatted = "" "".join(hex_str[i:i+2] for i in range(0, len(hex_str), 2))
        self.result_hex.setText(formatted)
",""
"Variable:frame_gen_widget.py:formatted","formatted","frame_gen_widget.py",1350,1350,"
        hex_str = frame.hex().upper()
        formatted = "" "".join(hex_str[i:i+2] for i in range(0, len(hex_str), 2))
        self.result_hex.setText(formatted)

",""
"Variable:frame_gen_widget.py:seq","seq","frame_gen_widget.py",1361,1361,"        afn, fn = self._current_afn_fn
        try:
            seq = int(self.gdw_seq.text().strip()) & 0xFF
            channel = int(self.gdw_channel.text().strip()) & 0x0F
            resp_bytes = int(self.gdw_resp_bytes.text().strip()) & 0xFF
",""
"Variable:frame_gen_widget.py:channel","channel","frame_gen_widget.py",1362,1362,"        try:
            seq = int(self.gdw_seq.text().strip()) & 0xFF
            channel = int(self.gdw_channel.text().strip()) & 0x0F
            resp_bytes = int(self.gdw_resp_bytes.text().strip()) & 0xFF
        except ValueError:
",""
"Variable:frame_gen_widget.py:resp_bytes","resp_bytes","frame_gen_widget.py",1363,1363,"            seq = int(self.gdw_seq.text().strip()) & 0xFF
            channel = int(self.gdw_channel.text().strip()) & 0x0F
            resp_bytes = int(self.gdw_resp_bytes.text().strip()) & 0xFF
        except ValueError:
            self.preview_table.setRowCount(0)
",""
"Variable:frame_gen_widget.py:info_config","info_config","frame_gen_widget.py",1368,1383,"            return

        info_config = {
            ""dir"": self.gdw_dir.currentData(),
            ""prm"": self.gdw_prm.currentData(),
            ""通信方式"": self.gdw_comm_type.currentData(),
            ""路由标识"": self.gdw_route_flag.currentData(),
            ""附属节点标识"": 0,
            ""通信模块标识"": self.gdw_comm_module.currentData(),
            ""冲突检测"": 0,
            ""中继级别"": self.gdw_relay_level.currentData(),
            ""纠错编码标识"": 0,
            ""信道标识"": channel,
            ""预计应答字节数"": resp_bytes,
            ""通信速率"": 0,
            ""速率单位标识"": 0,
            ""报文序列号"": seq,
        }

        src_addr = self.gdw_src_addr.text().strip()
",""
"Variable:frame_gen_widget.py:relay_addrs","relay_addrs","frame_gen_widget.py",1387,1387,"        src_addr = self.gdw_src_addr.text().strip()
        dst_addr = self.gdw_dst_addr.text().strip()
        relay_addrs = [edit.text().strip() for edit in self.gdw_relay_inputs]

        field_values = self._collect_values()
",""
"Variable:frame_gen_widget.py:field_name","field_name","frame_gen_widget.py",1407,1407,"        self.preview_table.setRowCount(0)
        for row, item in enumerate(table_data):
            field_name = item[0]
            raw_value = item[1]
            parsed_value = item[2]
",""
"Variable:frame_gen_widget.py:raw_value","raw_value","frame_gen_widget.py",1408,1408,"        for row, item in enumerate(table_data):
            field_name = item[0]
            raw_value = item[1]
            parsed_value = item[2]
            comment = item[3]
",""
"Variable:frame_gen_widget.py:parsed_value","parsed_value","frame_gen_widget.py",1409,1409,"            field_name = item[0]
            raw_value = item[1]
            parsed_value = item[2]
            comment = item[3]
            self.preview_table.insertRow(row)
",""
"Variable:frame_gen_widget.py:comment","comment","frame_gen_widget.py",1410,1410,"            raw_value = item[1]
            parsed_value = item[2]
            comment = item[3]
            self.preview_table.insertRow(row)
            self.preview_table.setItem(row, 0, QTableWidgetItem(str(field_name)))
",""
"Variable:frame_gen_widget.py:cw","cw","frame_gen_widget.py",1441,1441,"        for row in range(self.template_table.rowCount()):
            for col in (3, 4, 5):
                cw = self.template_table.cellWidget(row, col)
                if isinstance(cw, QComboBox):
                    cw.currentIndexChanged.connect(self._schedule_realtime_update)
",""
"Variable:frame_gen_widget.py:cw6","cw6","frame_gen_widget.py",1444,1444,"                if isinstance(cw, QComboBox):
                    cw.currentIndexChanged.connect(self._schedule_realtime_update)
            cw6 = self.template_table.cellWidget(row, 6)
            if isinstance(cw6, QLineEdit):
                cw6.textChanged.connect(self._schedule_realtime_update)
",""
"Variable:frame_gen_widget.py:hex_text","hex_text","frame_gen_widget.py",1569,1569,"            QMessageBox.warning(self, ""警告"", ""串口未打开，请先打开串口"")
            return
        hex_text = self.result_hex.toPlainText().strip()
        if not hex_text:
            QMessageBox.warning(self, ""警告"", ""当前没有可发送的帧，请先生成帧"")
",""
"Variable:frame_gen_widget.py:frame_hex","frame_hex","frame_gen_widget.py",1577,1577,"    def _on_add_to_preset_clicked(self):
        """"""将当前生成的帧添加到预设按钮""""""
        frame_hex = self.result_hex.toPlainText().strip()
        if not frame_hex:
            QMessageBox.warning(self, ""警告"", ""当前没有可添加的帧，请先生成帧"")
",""
"Variable:frame_gen_widget.py:result","result","frame_gen_widget.py",1586,1586,"            return

        result = dialog.get_result()
        if not result:
            return
",""
"Variable:frame_gen_widget.py:snapshot","snapshot","frame_gen_widget.py",1643,1669,"    def get_config_snapshot(self) -> Dict[str, Any]:
        """"""获取当前组帧页面的完整配置快照""""""
        snapshot = {
            ""protocol_mode"": self.protocol_mode,
            ""current_di_key"": self._current_di_key,
            ""current_afn_fn"": self._current_afn_fn,
            ""custom_mode"": self._custom_mode,
            ""south"": {
                ""src_addr"": self.src_addr_input.text(),
                ""dst_addr"": self.dst_addr_input.text(),
                ""dir"": self.dir_combo.currentData(),
                ""prm"": self.prm_combo.currentData(),
                ""add"": self.add_combo.currentData(),
            },
            ""gdw"": {
                ""comm_type"": self.gdw_comm_type.currentData(),
                ""dir"": self.gdw_dir.currentData(),
                ""prm"": self.gdw_prm.currentData(),
                ""seq"": self.gdw_seq.text(),
                ""route_flag"": self.gdw_route_flag.currentData(),
                ""comm_module"": self.gdw_comm_module.currentData(),
                ""relay_level"": self.gdw_relay_level.currentData(),
                ""channel"": self.gdw_channel.text(),
                ""resp_bytes"": self.gdw_resp_bytes.text(),
                ""src_addr"": self.gdw_src_addr.text(),
                ""dst_addr"": self.gdw_dst_addr.text(),
                ""relay_addrs"": [e.text() for e in self.gdw_relay_inputs],
            },
        }

        # 收集字段值
",""
"Variable:frame_gen_widget.py:mode","mode","frame_gen_widget.py",1702,1702,"
        # 恢复协议模式（由外部先调用 set_protocol_mode，这里只校验）
        mode = config.get(""protocol_mode"", self.protocol_mode)

        # 恢复南网配置
",""
"Variable:frame_gen_widget.py:south","south","frame_gen_widget.py",1705,1705,"
        # 恢复南网配置
        south = config.get(""south"", {})
        if ""src_addr"" in south:
            self.src_addr_input.setText(south[""src_addr""])
",""
"Variable:frame_gen_widget.py:gdw","gdw","frame_gen_widget.py",1724,1724,"
        # 恢复国网配置
        gdw = config.get(""gdw"", {})
        if ""comm_type"" in gdw:
            idx = self.gdw_comm_type.findData(gdw[""comm_type""])
",""
"Variable:frame_gen_widget.py:custom_templates_data","custom_templates_data","frame_gen_widget.py",1793,1793,"
        # 恢复自定义模板
        custom_templates_data = config.get(""custom_templates"", [])
        if custom_templates_data:
            self._custom_templates = [
",""
"Variable:frame_gen_widget.py:custom_mode","custom_mode","frame_gen_widget.py",1804,1804,"
        # 恢复模式
        custom_mode = config.get(""custom_mode"", False)
        if custom_mode:
            self.mode_custom_rb.setChecked(True)
",""
"Variable:frame_gen_widget.py:sv","sv","frame_gen_widget.py",1827,1827,"                        for sub_name, sub_widget in widget_info[""sub_widgets""].items():
                            if sub_name in field_values:
                                sv = field_values[sub_name]
                                if isinstance(sub_widget, QComboBox):
                                    idx = sub_widget.findData(sv)
",""
"Variable:frame_gen_widget.py:menu","menu","frame_gen_widget.py",1861,1861,"        """"""串口日志区域右键菜单""""""
        from PySide6.QtWidgets import QMenu
        menu = QMenu(self)
        clear_action = menu.addAction(""清空日志"")
        copy_action = menu.addAction(""复制选中内容"")
",""
"Variable:frame_gen_widget.py:clear_action","clear_action","frame_gen_widget.py",1862,1862,"        from PySide6.QtWidgets import QMenu
        menu = QMenu(self)
        clear_action = menu.addAction(""清空日志"")
        copy_action = menu.addAction(""复制选中内容"")
        select_all_action = menu.addAction(""全选"")
",""
"Variable:frame_gen_widget.py:copy_action","copy_action","frame_gen_widget.py",1863,1863,"        menu = QMenu(self)
        clear_action = menu.addAction(""清空日志"")
        copy_action = menu.addAction(""复制选中内容"")
        select_all_action = menu.addAction(""全选"")
        action = menu.exec(self.serial_log.mapToGlobal(pos))
",""
"Variable:frame_gen_widget.py:select_all_action","select_all_action","frame_gen_widget.py",1864,1864,"        clear_action = menu.addAction(""清空日志"")
        copy_action = menu.addAction(""复制选中内容"")
        select_all_action = menu.addAction(""全选"")
        action = menu.exec(self.serial_log.mapToGlobal(pos))
        if action == clear_action:
",""
"Variable:frame_gen_widget.py:action","action","frame_gen_widget.py",1865,1865,"        copy_action = menu.addAction(""复制选中内容"")
        select_all_action = menu.addAction(""全选"")
        action = menu.exec(self.serial_log.mapToGlobal(pos))
        if action == clear_action:
            self.serial_log.clear()
",""
"Variable:frame_gen_widget.py:cursor","cursor","frame_gen_widget.py",1878,1878,"        doc = log_widget.document()
        if doc.blockCount() > max_lines:
            cursor = log_widget.textCursor()
            cursor.movePosition(cursor.MoveOperation.Start)
            cursor.movePosition(cursor.MoveOperation.Down, cursor.MoveMode.KeepAnchor, doc.blockCount() - max_lines)
",""
"Variable:frame_gen_widget.py:ts","ts","frame_gen_widget.py",1885,1885,"    def _on_serial_log(self, msg: str):
        """"""串口日志消息回调""""""
        ts = datetime.now().strftime(""%H:%M:%S"")
        self.serial_log.append(f""[{ts}] {msg}"")
        self._trim_log(self.serial_log)
",""
"Variable:frame_gen_widget.py:scrollbar","scrollbar","frame_gen_widget.py",1889,1889,"        self._trim_log(self.serial_log)
        # 自动滚动到底部
        scrollbar = self.serial_log.verticalScrollBar()
        scrollbar.setValue(scrollbar.maximum())

",""
"Variable:frame_gen_widget.py:key_fields","key_fields","frame_gen_widget.py",1897,1897,"            if self.protocol_mode == ""south"":
                table_data = self.parser.parse_to_table(frame)
                key_fields = (""应用功能码 (AFN)"", ""数据标识 (DI)"", ""传输方向"")
            else:
                table_data = self.gdw_parser.parse_to_table(frame)
",""
"Variable:frame_gen_widget.py:summary_parts","summary_parts","frame_gen_widget.py",1902,1902,"                key_fields = (""应用功能码(AFN)"", ""数据单元标识(DT)"", ""传输方向"")
            self._populate_response_table(table_data)
            summary_parts = []
            for item in table_data:
                field_name = item[0].strip()
",""
"Variable:frame_gen_widget.py:parsed","parsed","frame_gen_widget.py",1906,1906,"                field_name = item[0].strip()
                if field_name in key_fields:
                    parsed = str(item[2]) if item[2] else str(item[3])
                    summary_parts.append(f""{field_name}: {parsed}"")
            ts = datetime.now().strftime(""%H:%M:%S"")
",""
"Variable:frame_generator_schema.py:PROVINCE_ENUM_MAP","PROVINCE_ENUM_MAP","frame_generator_schema.py",9,9,"from typing import Dict, Any, Tuple

PROVINCE_ENUM_MAP = {1: '北京', 2: '天津', 3: '河北', 4: '山西', 5: '内蒙古', 6: '辽宁', 7: '吉林', 8: '黑龙江', 9: '上海', 10: '江苏', 11: '浙江', 12: '安徽', 13: '福建', 14: '江西', 15: '山东', 16: '河南', 17: '湖北', 18: '湖南', 19: '广东', 20: '广西', 21: '海南', 22: '重庆', 23: '四川', 24: '贵州', 25: '云南', 26: '西藏', 27: '陕西', 28: '甘肃', 29: '青海', 30: '宁夏', 31: '新疆', 32: '台湾', 33: '香港', 34: '澳门'}

WHITELIST_SWITCH_MAP = {0: '关闭', 1: '打开'}
",""
"Variable:frame_generator_schema.py:WHITELIST_SWITCH_MAP","WHITELIST_SWITCH_MAP","frame_generator_schema.py",11,11,"PROVINCE_ENUM_MAP = {1: '北京', 2: '天津', 3: '河北', 4: '山西', 5: '内蒙古', 6: '辽宁', 7: '吉林', 8: '黑龙江', 9: '上海', 10: '江苏', 11: '浙江', 12: '安徽', 13: '福建', 14: '江西', 15: '山东', 16: '河南', 17: '湖北', 18: '湖南', 19: '广东', 20: '广西', 21: '海南', 22: '重庆', 23: '四川', 24: '贵州', 25: '云南', 26: '西藏', 27: '陕西', 28: '甘肃', 29: '青海', 30: '宁夏', 31: '新疆', 32: '台湾', 33: '香港', 34: '澳门'}

WHITELIST_SWITCH_MAP = {0: '关闭', 1: '打开'}

WHITELIST_RANGE_MAP = {0: '表档案', 1: '厂家自定义', 2: '表档案和厂家自定义的合集'}
",""
"Variable:frame_generator_schema.py:WHITELIST_RANGE_MAP","WHITELIST_RANGE_MAP","frame_generator_schema.py",13,13,"WHITELIST_SWITCH_MAP = {0: '关闭', 1: '打开'}

WHITELIST_RANGE_MAP = {0: '表档案', 1: '厂家自定义', 2: '表档案和厂家自定义的合集'}

EVENT_REPORT_MAP = {0: '禁止上报', 1: '允许上报'}
",""
"Variable:frame_generator_schema.py:EVENT_REPORT_MAP","EVENT_REPORT_MAP","frame_generator_schema.py",15,15,"WHITELIST_RANGE_MAP = {0: '表档案', 1: '厂家自定义', 2: '表档案和厂家自定义的合集'}

EVENT_REPORT_MAP = {0: '禁止上报', 1: '允许上报'}

# ==================== DI 字段 Schema ====================
",""
"Variable:frame_generator_schema.py:DI_FIELD_SCHEMA","DI_FIELD_SCHEMA","frame_generator_schema.py",19,769,"# ==================== DI 字段 Schema ====================

DI_FIELD_SCHEMA: Dict[Tuple[int, int, int, int], Dict[str, Any]] = {
    # 查询未完成任务数 (E8 00 02 03)
    (0xE8, 0x00, 0x02, 0x03): {
        ""name"": '查询未完成任务数',
        ""direction"": ""down"",
        ""doc"": '<b>DI编码</b>：E8 00 02 03<br>\n<b>命令名称</b>：查询未完成任务数<br>\n<b>传输方向</b>：下行（集中器 → 模块）<br><br>\n无数据标识内容。用于查询模块中尚未执行完毕的任务数。\n',
        ""fields"": []
    },

    # 查询剩余可分配任务数 (E8 00 02 06)
    (0xE8, 0x00, 0x02, 0x06): {
        ""name"": '查询剩余可分配任务数',
        ""direction"": ""down"",
        ""doc"": '<b>DI编码</b>：E8 00 02 06<br>\n<b>命令名称</b>：查询剩余可分配任务数<br>\n<b>传输方向</b>：下行（集中器 → 模块）<br><br>\n数据标识内容格式见下表。\n\n<div style=""text-align: center;""><div style=""text-align: center;"">表 20 查询剩余可分配任务数数据标识内容格式</div> </div>\n\n<table border=1 style=\'margin: auto; word-wrap: break-word;\'><tr><td style=\'text-align: center; word-wrap: break-word;\'>数据标识内容</td><td style=\'text-align: center; word-wrap: break-word;\'>数据格式</td><td style=\'text-align: center; word-wrap: break-word;\'>字节数</td></tr><tr><td style=\'text-align: center; word-wrap: break-word;\'>剩余可分配任务数</td><td style=\'text-align: center; word-wrap: break-word;\'>BIN</td><td style=\'text-align: center; word-wrap: break-word;\'>2</td></tr></table>\n\n模块上电进行模块识别时，集中器可读取模块剩余可分配任务数作为参考，进行任务管理初始化，在分配任务时也可作为参考。\n\n一个典型任务的大小为 24 字节，模块结合自身可用存储空间的大小，计算剩余可分配的任务数。模块至少能缓存 100 个典型任务。\n\n剩余可分配任务数仅为集中器管理任务提供参考，当集中器添加任务的长度超过模块剩余存储空间时，模块回复否认。\n',
        ""fields"": []
    },

    # 查询厂商代码和版本信息 (E8 00 03 01)
    (0xE8, 0x00, 0x03, 0x01): {
        ""name"": '查询厂商代码和版本信息',
        ""direction"": ""down"",
        ""doc"": '<b>DI编码</b>：E8 00 03 01<br>\n<b>命令名称</b>：查询厂商代码和版本信息<br>\n<b>传输方向</b>：下行（集中器 → 模块）<br><br>\n数据标识内容格式见下表。\n\n<div style=""text-align: center;""><div style=""text-align: center;"">表 40 厂商代码和版本信息数据标识内容格式</div> </div>\n\n<table border=1 style=\'margin: auto; word-wrap: break-word;\'><tr><td style=\'text-align: center; word-wrap: break-word;\'>数据标识内容</td><td style=\'text-align: center; word-wrap: break-word;\'>数据格式</td><td style=\'text-align: center; word-wrap: break-word;\'>字节数</td></tr><tr><td style=\'text-align: center; word-wrap: break-word;\'>厂商代码</td><td style=\'text-align: center; word-wrap: break-word;\'>ASCII</td><td style=\'text-align: center; word-wrap: break-word;\'>2</td></tr><tr><td style=\'text-align: center; word-wrap: break-word;\'>芯片代码</td><td style=\'text-align: center; word-wrap: break-word;\'>ASCII</td><td style=\'text-align: center; word-wrap: break-word;\'>2</td></tr><tr><td style=\'text-align: center; word-wrap: break-word;\'>版本时间</td><td style=\'text-align: center; word-wrap: break-word;\'>YYMMDD</td><td style=\'text-align: center; word-wrap: break-word;\'>3</td></tr><tr><td style=\'text-align: center; word-wrap: break-word;\'>版本</td><td style=\'text-align: center; word-wrap: break-word;\'>BCD</td><td style=\'text-align: center; word-wrap: break-word;\'>2</td></tr></table>\n',
        ""fields"": []
    },

    # 查询本地通信模块运行模式信息 (E8 00 03 02)
    (0xE8, 0x00, 0x03, 0x02): {
        ""name"": '查询本地通信模块运行模式信息',
        ""direction"": ""down"",
        ""doc"": '<b>DI编码</b>：E8 00 03 02<br>\n<b>命令名称</b>：查询本地通信模块运行模式信息<br>\n<b>传输方向</b>：下行（集中器 → 模块）<br><br>\n数据标识内容格式见下表。\n\n<div style=""text-align: center;""><div style=""text-align: center;"">表 41 本地通信模块运行模式信息数据标识内容格式</div> </div>\n\n<table border=1 style=\'margin: auto; word-wrap: break-word;\'><tr><td colspan=""7"">数据标识内容</td><td style=\'text-align: center; word-wrap: break-word;\'>数据格式</td><td style=\'text-align: center; word-wrap: break-word;\'>字节数</td></tr><tr><td colspan=""7"">本地通信模式字</td><td style=\'text-align: center; word-wrap: break-word;\'>BS</td><td rowspan=""3"">1</td></tr><tr><td style=\'text-align: center; word-wrap: break-word;\'>D7</td><td style=\'text-align: center; word-wrap: break-word;\'>D6</td><td style=\'text-align: center; word-wrap: break-word;\'>D5</td><td style=\'text-align: center; word-wrap: break-word;\'>D4</td><td style=\'text-align: center; word-wrap: break-word;\'>D3</td><td style=\'text-align: center; word-wrap: break-word;\'>D2</td><td style=\'text-align: center; word-wrap: break-word;\'>D1</td><td style=\'text-align: center; word-wrap: break-word;\'>D0</td></tr><tr><td colspan=""4"">保留</td><td colspan=""4"">通信方式</td></tr></table>\n\n<table border=1 style=\'margin: auto; word-wrap: break-word;\'><tr><td style=\'text-align: center; word-wrap: break-word;\'>最大支持的协议报文长度</td><td style=\'text-align: center; word-wrap: break-word;\'>BIN</td><td style=\'text-align: center; word-wrap: break-word;\'>2</td></tr><tr><td style=\'text-align: center; word-wrap: break-word;\'>文件传输支持的最大单包长度</td><td style=\'text-align: center; word-wrap: break-word;\'>BIN</td><td style=\'text-align: center; word-wrap: break-word;\'>2</td></tr><tr><td style=\'text-align: center; word-wrap: break-word;\'>升级操作等待时间</td><td style=\'text-align: center; word-wrap: break-word;\'>BIN</td><td style=\'text-align: center; word-wrap: break-word;\'>1</td></tr><tr><td style=\'text-a
... [truncated]",""
"Variable:extract_pdf.py:doc","doc","extract_pdf.py",4,4,"def extract_pdf_text(pdf_path):
    """"""提取 PDF 文本内容""""""
    doc = fitz.open(pdf_path)
    all_text = []
    
",""
"Variable:extract_pdf.py:all_text","all_text","extract_pdf.py",5,5,"    """"""提取 PDF 文本内容""""""
    doc = fitz.open(pdf_path)
    all_text = []
    
    print(f""PDF 文档信息:"")
",""
"Variable:extract_pdf.py:page","page","extract_pdf.py",13,13,"    
    for page_num in range(len(doc)):
        page = doc[page_num]
        text = page.get_text()
        
",""
"Variable:extract_pdf.py:text","text","extract_pdf.py",14,14,"    for page_num in range(len(doc)):
        page = doc[page_num]
        text = page.get_text()
        
        if text.strip():
",""
"Variable:extract_pdf.py:keywords","keywords","extract_pdf.py",38,38,"    
    # 搜索关键字
    keywords = [""E8:05:05:05"", ""05 05 05"", ""上报"", ""AFN=05"", ""DI 组合""]
    for keyword in keywords:
        if keyword in text:
",""
"Variable:extract_pdf.py:lines","lines","extract_pdf.py",42,42,"        if keyword in text:
            print(f""\n找到包含 '{keyword}' 的内容:"")
            lines = text.split('\n')
            for i, line in enumerate(lines):
                if keyword in line:
",""
"Variable:extract_pdf.py:start","start","extract_pdf.py",46,46,"                if keyword in line:
                    # 显示上下文
                    start = max(0, i-2)
                    end = min(len(lines), i+3)
                    print(f""\n  第 {start+1}-{end} 行:"")
",""
"Variable:extract_pdf.py:end","end","extract_pdf.py",47,47,"                    # 显示上下文
                    start = max(0, i-2)
                    end = min(len(lines), i+3)
                    print(f""\n  第 {start+1}-{end} 行:"")
                    for j in range(start, end):
",""
"Variable:extract_pdf.py:marker","marker","extract_pdf.py",50,50,"                    print(f""\n  第 {start+1}-{end} 行:"")
                    for j in range(start, end):
                        marker = "">>> "" if j == i else ""    ""
                        print(f""{marker}{lines[j]}"")
",""
"Variable:extract_lme_entries.py:tables","tables","extract_lme_entries.py",3,3,"
with open(r'e:\python\南网解析工具\lme_all_tables.json', 'r', encoding='utf-8') as f:
    tables = json.load(f)

# Table 11 是主要的信息条目定义表",""
"Variable:extract_lme_entries.py:table_11","table_11","extract_lme_entries.py",6,6,"
# Table 11 是主要的信息条目定义表
table_11 = tables[11]
print(f'Table 11: {table_11[""rows""]} rows, {table_11[""cols""]} cols')
print('Header:', table_11['data'][0])",""
"Variable:extract_lme_entries.py:info_entries","info_entries","extract_lme_entries.py",12,12,"
# 提取所有数据行
info_entries = []
for row in table_11['data'][1:]:
    if len(row) >= 9 and row[0]:  # 确保有数据",""
"Variable:extract_lme_entries.py:entry","entry","extract_lme_entries.py",15,25,"for row in table_11['data'][1:]:
    if len(row) >= 9 and row[0]:  # 确保有数据
        entry = {
            'group_id': row[0],
            'item_id': row[1],
            'name': row[2],
            'format': row[3],
            'data_type': row[4],
            'length': row[5],
            'storage': row[6],
            'permission': row[7],
            'description': row[8]
        }
        info_entries.append(entry)
",""
"Variable:extract_doc_fields.py:pluz","pluz","extract_doc_fields.py",7,7,"
with open('PLUZ计量自动化系统技术规范.md','r',encoding='utf-8') as f:
    pluz = f.read()
with open('1.md','r',encoding='utf-8') as f:
    doc1 = f.read()",""
"Variable:extract_doc_fields.py:doc1","doc1","extract_doc_fields.py",9,9,"    pluz = f.read()
with open('1.md','r',encoding='utf-8') as f:
    doc1 = f.read()
with open('1-1.md','r',encoding='utf-8') as f:
    doc1_1 = f.read()",""
"Variable:extract_doc_fields.py:doc1_1","doc1_1","extract_doc_fields.py",11,11,"    doc1 = f.read()
with open('1-1.md','r',encoding='utf-8') as f:
    doc1_1 = f.read()

all_text = pluz + '\n' + doc1 + '\n' + doc1_1",""
"Variable:extract_doc_fields.py:all_text","all_text","extract_doc_fields.py",13,13,"    doc1_1 = f.read()

all_text = pluz + '\n' + doc1 + '\n' + doc1_1

def extract_table_data(content):",""
"Variable:extract_doc_fields.py:rows","rows","extract_doc_fields.py",17,17,"def extract_table_data(content):
    """"""Extract rows from HTML table in markdown content.""""""
    rows = []
    # Find table rows
    for tr_match in re.finditer(r'<tr>(.*?)</tr>', content, re.DOTALL):",""
"Variable:extract_doc_fields.py:tr","tr","extract_doc_fields.py",20,20,"    # Find table rows
    for tr_match in re.finditer(r'<tr>(.*?)</tr>', content, re.DOTALL):
        tr = tr_match.group(1)
        cells = re.findall(r'<td[^>]*>(.*?)</td>', tr, re.DOTALL)
        cells = [re.sub(r'<[^>]+>', '', c).strip() for c in cells]",""
"Variable:extract_doc_fields.py:cells","cells","extract_doc_fields.py",21,21,"    for tr_match in re.finditer(r'<tr>(.*?)</tr>', content, re.DOTALL):
        tr = tr_match.group(1)
        cells = re.findall(r'<td[^>]*>(.*?)</td>', tr, re.DOTALL)
        cells = [re.sub(r'<[^>]+>', '', c).strip() for c in cells]
        if cells and any(cells):",""
"Variable:extract_doc_fields.py:sections","sections","extract_doc_fields.py",29,29,"def find_di_sections(text):
    """"""Find all DI sections with their content.""""""
    sections = {}
    # Match DI headers
    pattern = re.compile(",""
"Variable:extract_doc_fields.py:pattern","pattern","extract_doc_fields.py",31,36,"    sections = {}
    # Match DI headers
    pattern = re.compile(
        r'(?:^|\n)(#{1,6}\s+)?(E8\s+[0-9A-Fa-f]{2}\s+[0-9A-Fa-f]{2}\s+[0-9A-Fa-f]{2})[：:\s]+([^\n]+)\n'
        r'(.*?)'
        r'(?=(?:^|\n)(?:#{1,6}\s+)?(?:E8|6\.8|6\.9|附录)\s|\Z)',
        re.DOTALL
    )
    for m in pattern.finditer(text):
        di_str = m.group(2)",""
"Variable:extract_doc_fields.py:di_str","di_str","extract_doc_fields.py",38,38,"    )
    for m in pattern.finditer(text):
        di_str = m.group(2)
        name = m.group(3).strip()
        content = m.group(4)",""
"Variable:extract_doc_fields.py:name","name","extract_doc_fields.py",39,39,"    for m in pattern.finditer(text):
        di_str = m.group(2)
        name = m.group(3).strip()
        content = m.group(4)
        di_t = tuple(int(x, 16) for x in di_str.split())",""
"Variable:extract_doc_fields.py:content","content","extract_doc_fields.py",40,40,"        di_str = m.group(2)
        name = m.group(3).strip()
        content = m.group(4)
        di_t = tuple(int(x, 16) for x in di_str.split())
        if di_t not in sections or len(content) > len(sections[di_t]['content']):",""
"Variable:extract_doc_fields.py:di_t","di_t","extract_doc_fields.py",41,41,"        name = m.group(3).strip()
        content = m.group(4)
        di_t = tuple(int(x, 16) for x in di_str.split())
        if di_t not in sections or len(content) > len(sections[di_t]['content']):
            sections[di_t] = {'name': name, 'content': content}",""
"Variable:extract_doc_fields.py:section","section","extract_doc_fields.py",52,52,"        di_str = f'{di[0]:02X} {di[1]:02X} {di[2]:02X} {di[3]:02X}'
        name = s.DI_FIELD_SCHEMA[di]['name']
        section = sections.get(di)
        
        out.write(f'=== {di_str} {name} ===\n')",""
"Variable:extract_doc_fields.py:has_nodata","has_nodata","extract_doc_fields.py",61,61,"        
        content = section['content']
        has_nodata = '无数据标识内容' in content or '无数据内容' in content
        rows = extract_table_data(content)
        ",""
"Variable:extract_doc_fields.py:data_rows","data_rows","extract_doc_fields.py",65,65,"        
        # Filter rows that look like data format tables (have 数据内容/数据格式/字节数)
        data_rows = []
        for row in rows:
            if len(row) >= 3 and any(k in row[0] for k in ['数据内容', '数据标识内容', '数据项']):",""
"Variable:extract_di_definitions.py:content","content","extract_di_definitions.py",7,7,"# 读取 PDF 提取内容
with open(""pdf_extract内容.txt"", ""r"", encoding=""utf-8"") as f:
    content = f.read()

# 查找所有 DI 定义 (格式: E8 XX XX XX：描述)
",""
"Variable:extract_di_definitions.py:di_pattern","di_pattern","extract_di_definitions.py",10,10,"
# 查找所有 DI 定义 (格式: E8 XX XX XX：描述)
di_pattern = r""E8 [0-9A-F]{2} [0-9A-F]{2} [0-9A-F]{2}[:：]([^\n]+)""
di_matches = re.findall(di_pattern, content)

",""
"Variable:extract_di_definitions.py:di_matches","di_matches","extract_di_definitions.py",11,11,"# 查找所有 DI 定义 (格式: E8 XX XX XX：描述)
di_pattern = r""E8 [0-9A-F]{2} [0-9A-F]{2} [0-9A-F]{2}[:：]([^\n]+)""
di_matches = re.findall(di_pattern, content)

print(f""找到 {len(di_matches)} 个 DI 定义:\n"")
",""
"Variable:extract_di_definitions.py:format_pattern","format_pattern","extract_di_definitions.py",19,19,"# 查找所有包含""数据标识内容格式""的部分
print(""\n\n=== 包含数据标识内容格式的 DI ==="")
format_pattern = r""E8 [0-9A-F]{2} [0-9A-F]{2} [0-9A-F]{2}[:：][^\n]+\n数据标识内容格式见下表""
format_matches = re.findall(format_pattern, content)
print(f""找到 {len(format_matches)} 个有数据内容格式的 DI"")
",""
"Variable:extract_di_definitions.py:format_matches","format_matches","extract_di_definitions.py",20,20,"print(""\n\n=== 包含数据标识内容格式的 DI ==="")
format_pattern = r""E8 [0-9A-F]{2} [0-9A-F]{2} [0-9A-F]{2}[:：][^\n]+\n数据标识内容格式见下表""
format_matches = re.findall(format_pattern, content)
print(f""找到 {len(format_matches)} 个有数据内容格式的 DI"")
for match in format_matches[:10]:
",""
"Variable:dlt645_parser.py:json_path","json_path","dlt645_parser.py",9,9,"    def _load_di_map():
        """"""从 JSON 文件加载完整的 DI 映射表""""""
        json_path = os.path.join(os.path.dirname(__file__), 'dlt645_di.json')

        try:
",""
"Variable:dlt645_parser.py:data","data","dlt645_parser.py",13,13,"        try:
            with open(json_path, 'r', encoding='utf-8') as f:
                data = json.load(f)
                return data.get('di_map', {})
        except Exception as e:
",""
"Variable:dlt645_parser.py:cs","cs","dlt645_parser.py",29,29,"        if data[0] != 0x68 or data[7] != 0x68 or data[-1] != 0x16:
            return False
        cs = sum(data[0:-2]) & 0xFF
        return cs == data[-2]

",""
"Variable:dlt645_parser.py:result","result","dlt645_parser.py",34,48,"    @staticmethod
    def parse(data: bytes) -> dict:
        result = {
            'valid': False,
            'protocol': 'DLT645-2007',
            'raw_hex': data.hex().upper(),
            'address': '',
            'control': 0,
            'control_desc': '',
            'data_length': 0,
            'data': b'',
            'di_code': '',
            'di_desc': '',
            'checksum': 0,
            'checksum_valid': False,
            'fields': []
        }

        # 加载 DI 映射表
",""
"Variable:dlt645_parser.py:DI_MAP","DI_MAP","dlt645_parser.py",51,51,"
        # 加载 DI 映射表
        DI_MAP = DLT645Parser._load_di_map()

        if not DLT645Parser.check_frame(data):
",""
"Variable:dlt645_parser.py:di_val","di_val","dlt645_parser.py",68,68,"        # 解析数据标识DI(前4字节)
        if len(result['data']) >=4:
            di_val = int.from_bytes(result['data'][0:4], byteorder='little')
            di_code_str = f""{di_val:08X}""
            result['di_code'] = di_code_str
",""
"Variable:dlt645_parser.py:di_code_str","di_code_str","dlt645_parser.py",69,69,"        if len(result['data']) >=4:
            di_val = int.from_bytes(result['data'][0:4], byteorder='little')
            di_code_str = f""{di_val:08X}""
            result['di_code'] = di_code_str
            # 从 JSON 加载的 DI_MAP 使用字符串键
",""
"Variable:dlt645_parser.py:di_info","di_info","dlt645_parser.py",72,72,"            result['di_code'] = di_code_str
            # 从 JSON 加载的 DI_MAP 使用字符串键
            di_info = DI_MAP.get(di_code_str)
            if di_info:
                result['di_desc'] = di_info['name']
",""
"Variable:dlt645_parser.py:ctrl","ctrl","dlt645_parser.py",82,82,"                result['di_data_type'] = """"

        ctrl = result['control']
        ctrl_desc = []
        ctrl_parsed_value = []
",""
"Variable:dlt645_parser.py:ctrl_desc","ctrl_desc","dlt645_parser.py",83,83,"
        ctrl = result['control']
        ctrl_desc = []
        ctrl_parsed_value = []

",""
"Variable:dlt645_parser.py:ctrl_parsed_value","ctrl_parsed_value","dlt645_parser.py",84,84,"        ctrl = result['control']
        ctrl_desc = []
        ctrl_parsed_value = []

        # 解析 D7 方向位
",""
"Variable:dlt645_parser.py:func","func","dlt645_parser.py",90,90,"            ctrl_parsed_value.append(""DIR=1(从站应答)"")
            ctrl_desc.append('从站应答')
            func = ctrl & 0x1F
            if func == 0x11:
                ctrl_desc.append('读数据应答')
",""
"Variable:dlt645_parser.py:validator","validator","dlt645_parser.py",176,176,"        """"""验证帧的协议一致性，返回 ValidationResult""""""
        from validator.dlt645_validator import DLT645Validator
        validator = DLT645Validator()
        return validator.verify(frame_bytes)
",""
"Variable:dlt645_di_lookup.py:json_path","json_path","dlt645_di_lookup.py",20,20,"    def _load_di_map(self):
        """"""从JSON文件加载DI映射表""""""
        json_path = os.path.join(os.path.dirname(__file__), 'dlt645_di.json')

        # 加载标准DI定义",""
"Variable:dlt645_di_lookup.py:standard_dis","standard_dis","dlt645_di_lookup.py",23,23,"
        # 加载标准DI定义
        standard_dis = {}
        if os.path.exists(json_path):
            try:",""
"Variable:dlt645_di_lookup.py:data","data","dlt645_di_lookup.py",27,27,"            try:
                with open(json_path, 'r', encoding='utf-8') as f:
                    data = json.load(f)
                    standard_dis = data.get('di_map', {})
            except Exception as e:",""
"Variable:dlt645_di_lookup.py:custom_dis","custom_dis","dlt645_di_lookup.py",33,33,"
        # 加载自定义DI
        custom_dis = self._load_custom_di()

        # 合并标准DI和自定义DI",""
"Variable:dlt645_di_lookup.py:result","result","dlt645_di_lookup.py",49,49,"                data = json.load(f)
                # 将列表转换为字典
                result = {}
                for item in data:
                    di_code = item.get('di_code', '').upper()",""
"Variable:dlt645_di_lookup.py:di_code","di_code","dlt645_di_lookup.py",51,51,"                result = {}
                for item in data:
                    di_code = item.get('di_code', '').upper()
                    if di_code:
                        result[di_code] = {",""
"Variable:dlt645_di_lookup.py:custom_codes","custom_codes","dlt645_di_lookup.py",67,67,"        """"""重建数据列表""""""
        self._data = []
        custom_codes = set()

        # 首先收集自定义DI代码",""
"Variable:dlt645_di_lookup.py:is_custom","is_custom","dlt645_di_lookup.py",82,82,"        for di_code, info in self._di_map.items():
            di_code = di_code.upper()
            is_custom = di_code in custom_codes

            di_name = info.get('name', '')",""
"Variable:dlt645_di_lookup.py:di_name","di_name","dlt645_di_lookup.py",84,84,"            is_custom = di_code in custom_codes

            di_name = info.get('name', '')
            unit = info.get('unit', '')
            data_type = info.get('data_type', '')",""
"Variable:dlt645_di_lookup.py:unit","unit","dlt645_di_lookup.py",85,85,"
            di_name = info.get('name', '')
            unit = info.get('unit', '')
            data_type = info.get('data_type', '')
            length = info.get('length', 4)",""
"Variable:dlt645_di_lookup.py:data_type","data_type","dlt645_di_lookup.py",86,86,"            di_name = info.get('name', '')
            unit = info.get('unit', '')
            data_type = info.get('data_type', '')
            length = info.get('length', 4)
",""
"Variable:dlt645_di_lookup.py:length","length","dlt645_di_lookup.py",87,87,"            unit = info.get('unit', '')
            data_type = info.get('data_type', '')
            length = info.get('length', 4)

            desc = f""数据类型: {data_type}, 长度: {length}字节""",""
"Variable:dlt645_di_lookup.py:desc","desc","dlt645_di_lookup.py",89,89,"            length = info.get('length', 4)

            desc = f""数据类型: {data_type}, 长度: {length}字节""
            if unit:
                desc += f"", 单位: {unit}""",""
"Variable:dlt645_di_lookup.py:keyword","keyword","dlt645_di_lookup.py",97,97,"    def search(self, keyword: str) -> List[Tuple[str, str, str, str, str, bool]]:
        """"""搜索DI标识""""""
        keyword = keyword.strip().upper()
        results = []
",""
"Variable:dlt645_di_lookup.py:results","results","dlt645_di_lookup.py",98,98,"        """"""搜索DI标识""""""
        keyword = keyword.strip().upper()
        results = []

        for item in self._data:",""
"Variable:dlt645_di_lookup.py:search_text","search_text","dlt645_di_lookup.py",103,103,"            di_code, di_name, unit, data_type, desc, is_custom = item
            # 搜索DI代码、名称、数据类型
            search_text = f""{di_code} {di_name} {data_type}"".upper()
            if keyword in search_text:
                results.append(item)",""
"Variable:dlt645_di_lookup.py:custom_list","custom_list","dlt645_di_lookup.py",131,131,"
        # 添加到自定义列表
        custom_list = []
        if os.path.exists(self._custom_file):
            try:",""
"Variable:dlt645_di_lookup.py:original_len","original_len","dlt645_di_lookup.py",181,181,"
            # 过滤掉要删除的
            original_len = len(custom_list)
            custom_list = [item for item in custom_list if item.get('di_code', '').upper() != di_code]
",""
"Variable:dlt645_di_lookup.py:_dlt645_di_lookup","_dlt645_di_lookup","dlt645_di_lookup.py",201,201,"
# 全局查询器实例
_dlt645_di_lookup = None

",""
"Variable:dlms_parser.py:APDU_TYPES","APDU_TYPES","dlms_parser.py",12,41,"
    # APDU类型映射（按IEC 62056标准/Green Book定义）
    APDU_TYPES = {
        0x01: ""AARQ (关联请求)"",
        0x02: ""AARE (关联响应)"",
        0x03: ""RLRQ (释放请求)"",
        0x04: ""RLRE (释放响应)"",
        0x0C: ""Confirmed-Service-Error"",
        0x0E: ""General-Block-Transfer"",
        0x60: ""AARQ (关联请求-BER)"",
        0x61: ""AARE (关联响应-BER)"",
        0xC0: ""Get-Request"",
        0xC1: ""Set-Request"",
        0xC3: ""Action-Request"",
        0xC4: ""Get-Response"",
        0xC5: ""Set-Response"",
        0xC7: ""Action-Response"",
        0xC8: ""Glo-Get-Request"",
        0xC9: ""Glo-Set-Request"",
        0xCB: ""Glo-Action-Request"",
        0xCC: ""Glo-Get-Response"",
        0xCD: ""Glo-Set-Response"",
        0xCF: ""Glo-Action-Response"",
        0xD0: ""Ded-Get-Request"",
        0xD1: ""Ded-Set-Request"",
        0xD3: ""Ded-Action-Request"",
        0xD4: ""Ded-Get-Response"",
        0xD5: ""Ded-Set-Response"",
        0xD7: ""Ded-Action-Response"",
        0xE6: ""Event-Notification"",
        0xE7: ""Data-Notification"",
    }

    # 数据类型映射
",""
"Variable:dlms_parser.py:DATA_TYPES","DATA_TYPES","dlms_parser.py",44,68,"
    # 数据类型映射
    DATA_TYPES = {
        0x00: ""Null"",
        0x01: ""Data (Array/Structure)"",
        0x02: ""Boolean"",
        0x03: ""Bit-String"",
        0x04: ""Double-Long-Unsigned"",
        0x05: ""Double-Long"",
        0x06: ""Octet-String"",
        0x09: ""Visible-String"",
        0x0A: ""UTF8-String"",
        0x0B: ""BCD"",
        0x0C: ""Integer"",
        0x0D: ""Long"",
        0x0F: ""Long-Unsigned"",
        0x10: ""Compact-Array"",
        0x11: ""Long64-Unsigned"",
        0x12: ""Long64"",
        0x13: ""Enum"",
        0x16: ""Float32"",
        0x17: ""Float64"",
        0x18: ""DateTime"",
        0x19: ""Date"",
        0x1A: ""Time"",
        0x1B: ""Dont-Care"",
    }

    def parse_to_table(self, dlms_data: bytes) -> list:
",""
"Variable:dlms_parser.py:table_data","table_data","dlms_parser.py",72,72,"    def parse_to_table(self, dlms_data: bytes) -> list:
        """"""解析DLMS数据到表格格式""""""
        table_data = []
        
        if len(dlms_data) < 2:
",""
"Variable:dlms_parser.py:offset","offset","dlms_parser.py",78,78,"            return table_data

        offset = 0

        # 尝试解析HDLC帧（如果以0x7E开头）
",""
"Variable:dlms_parser.py:addr_field","addr_field","dlms_parser.py",96,96,"        # HDLC地址字段（简化）
        if len(data) > offset:
            addr_field = data[offset]
            table_data.append((""HDLC地址域"", f""0x{addr_field:02X}"", """", """", offset, offset))
            offset += 1
",""
"Variable:dlms_parser.py:ctrl_field","ctrl_field","dlms_parser.py",102,102,"        # HDLC控制字段
        if len(data) > offset:
            ctrl_field = data[offset]
            table_data.append((""HDLC控制域"", f""0x{ctrl_field:02X}"", """", """", offset, offset))
            offset += 1
",""
"Variable:dlms_parser.py:hcs","hcs","dlms_parser.py",108,108,"        # HCS（HDLC校验和）
        if len(data) > offset + 1:
            hcs = struct.unpack('<H', data[offset:offset+2])[0]
            table_data.append((""HCS校验"", f""0x{hcs:04X}"", """", """", offset, offset+1))
            offset += 2
",""
"Variable:dlms_parser.py:start_offset","start_offset","dlms_parser.py",117,117,"    def _parse_apdu(self, data: bytes, table_data: list, offset: int):
        """"""解析DLMS APDU""""""
        start_offset = offset

        if len(data) < 2:
",""
"Variable:dlms_parser.py:ctrl_desc","ctrl_desc","dlms_parser.py",124,124,"        # 控制字段
        ctrl_field = data[0]
        ctrl_desc = """"
        
        # 分析控制字段
",""
"Variable:dlms_parser.py:dst_addr","dst_addr","dlms_parser.py",139,139,"            # 长格式：目标地址(4字节) + 源地址(1字节) + APDU
            if len(data) > offset + 4:
                dst_addr = data[offset:offset + 4]
                table_data.append((""  目标地址"", dst_addr.hex(' ').upper(), f""4字节"", ""长格式目标地址"", offset, offset + 3))
                offset += 4
",""
"Variable:dlms_parser.py:src_addr","src_addr","dlms_parser.py",144,144,"            
            if len(data) > offset:
                src_addr = data[offset]
                table_data.append((""  源地址"", f""0x{src_addr:02X}"", f""1字节"", """", offset, offset))
                offset += 1
",""
"Variable:dlms_parser.py:apdu_byte","apdu_byte","dlms_parser.py",150,150,"        # APDU类型（可能是下一个字节）
        if len(data) > offset:
            apdu_byte = data[offset]
            
            # 检查是否是已知的APDU类型
",""
"Variable:dlms_parser.py:apdu_name","apdu_name","dlms_parser.py",154,154,"            # 检查是否是已知的APDU类型
            if apdu_byte in self.APDU_TYPES:
                apdu_name = self.APDU_TYPES[apdu_byte]
                table_data.append((""APDU类型"", f""0x{apdu_byte:02X}"", apdu_name, """", offset, offset))
                offset += 1
",""
"Variable:dlms_parser.py:invoke_id","invoke_id","dlms_parser.py",178,178,"        if apdu_type == 0xC0:  # Get-Request
            if len(data) >= 1:
                invoke_id = data[0]
                table_data.append((""  调用ID"", f""0x{invoke_id:02X}"", str(invoke_id), """", offset, offset))
                offset += 1
",""
"Variable:dlms_parser.py:selector","selector","dlms_parser.py",183,183,"                
                if len(data) >= offset + 1:
                    selector = data[offset]
                    selector_map = {0x01: ""变量"", 0x02: ""变量组"", 0x03: ""属性""}
                    selector_name = selector_map.get(selector, f""未知(0x{selector:02X})"")
",""
"Variable:dlms_parser.py:selector_map","selector_map","dlms_parser.py",184,184,"                if len(data) >= offset + 1:
                    selector = data[offset]
                    selector_map = {0x01: ""变量"", 0x02: ""变量组"", 0x03: ""属性""}
                    selector_name = selector_map.get(selector, f""未知(0x{selector:02X})"")
                    table_data.append((""  选择符"", f""0x{selector:02X}"", selector_name, """", offset, offset))
",""
"Variable:dlms_parser.py:selector_name","selector_name","dlms_parser.py",185,185,"                    selector = data[offset]
                    selector_map = {0x01: ""变量"", 0x02: ""变量组"", 0x03: ""属性""}
                    selector_name = selector_map.get(selector, f""未知(0x{selector:02X})"")
                    table_data.append((""  选择符"", f""0x{selector:02X}"", selector_name, """", offset, offset))
                    offset += 1
",""
"Variable:dlms_parser.py:obis","obis","dlms_parser.py",191,191,"                    # OBIS码（6字节）
                    if len(data) >= offset + 6:
                        obis = data[offset:offset + 6]
                        obis_str = ""."".join(str(b) for b in obis)
                        table_data.append((""  OBIS码"", obis.hex(' ').upper(), obis_str, ""对象标识"", offset, offset + 5))
",""
"Variable:dlms_parser.py:obis_str","obis_str","dlms_parser.py",192,192,"                    if len(data) >= offset + 6:
                        obis = data[offset:offset + 6]
                        obis_str = ""."".join(str(b) for b in obis)
                        table_data.append((""  OBIS码"", obis.hex(' ').upper(), obis_str, ""对象标识"", offset, offset + 5))
                        offset += 6
",""
"Variable:dlms_parser.py:attr_idx","attr_idx","dlms_parser.py",198,198,"                        # 属性索引
                        if len(data) >= offset + 1:
                            attr_idx = data[offset]
                            table_data.append((""  属性索引"", f""0x{attr_idx:02X}"", str(attr_idx), """", offset, offset))
                            offset += 1
",""
"Variable:dlms_parser.py:value_data","value_data","dlms_parser.py",204,204,"                            # 数据值
                            if len(data) >= offset + 1:
                                value_data = data[offset:]
                                self._parse_dlms_data(value_data, table_data, offset, ""  数据值"")
        
",""
"Variable:dlms_parser.py:result","result","dlms_parser.py",214,214,"                
                if len(data) >= offset + 1:
                    result = data[offset]
                    result_map = {0x00: ""成功"", 0x01: ""硬件故障"", 0x02: ""临时失败""}
                    result_name = result_map.get(result, f""未知(0x{result:02X})"")
",""
"Variable:dlms_parser.py:result_map","result_map","dlms_parser.py",215,215,"                if len(data) >= offset + 1:
                    result = data[offset]
                    result_map = {0x00: ""成功"", 0x01: ""硬件故障"", 0x02: ""临时失败""}
                    result_name = result_map.get(result, f""未知(0x{result:02X})"")
                    table_data.append((""  结果"", f""0x{result:02X}"", result_name, """", offset, offset))
",""
"Variable:dlms_parser.py:result_name","result_name","dlms_parser.py",216,216,"                    result = data[offset]
                    result_map = {0x00: ""成功"", 0x01: ""硬件故障"", 0x02: ""临时失败""}
                    result_name = result_map.get(result, f""未知(0x{result:02X})"")
                    table_data.append((""  结果"", f""0x{result:02X}"", result_name, """", offset, offset))
                    offset += 1
",""
"Variable:dlms_parser.py:value_type","value_type","dlms_parser.py",282,282,"                if len(data) > offset:
                    value_data = data[offset:]
                    value_type = value_data[0]
                    type_name = self.DATA_TYPES.get(value_type, f""未知(0x{value_type:02X})"")
                    table_data.append((""  请求值"", value_data.hex(' ').upper()[:30] + (""..."" if len(value_data) > 15 else """"), type_name, """", offset, offset + len(value_data) - 1))
",""
"Variable:dlms_parser.py:type_name","type_name","dlms_parser.py",283,283,"                    value_data = data[offset:]
                    value_type = value_data[0]
                    type_name = self.DATA_TYPES.get(value_type, f""未知(0x{value_type:02X})"")
                    table_data.append((""  请求值"", value_data.hex(' ').upper()[:30] + (""..."" if len(value_data) > 15 else """"), type_name, """", offset, offset + len(value_data) - 1))
        else:
",""
"Variable:dlms_parser.py:data_type","data_type","dlms_parser.py",351,351,"            return

        data_type = data[0]
        type_name = self.DATA_TYPES.get(data_type, f""未知(0x{data_type:02X})"")

",""
"Variable:dlms_parser.py:str_len","str_len","dlms_parser.py",355,355,"
        if data_type == 0x09:  # Visible-String
            str_len = data[1] if len(data) > 1 else 0
            if len(data) >= 2 + str_len:
                str_val = data[2:2+str_len].decode('ascii', errors='replace')
",""
"Variable:dlms_parser.py:str_val","str_val","dlms_parser.py",357,357,"            str_len = data[1] if len(data) > 1 else 0
            if len(data) >= 2 + str_len:
                str_val = data[2:2+str_len].decode('ascii', errors='replace')
                table_data.append((label, data[:2+str_len].hex(' ').upper(), str_val, f""Visible-String({str_len}字节)"", offset, offset + 1 + str_len))
        elif data_type == 0x0A:  # UTF8-String
",""
"Variable:dlms_parser.py:hex_val","hex_val","dlms_parser.py",367,367,"            str_len = data[1] if len(data) > 1 else 0
            if len(data) >= 2 + str_len:
                hex_val = data[2:2+str_len].hex(' ').upper()
                table_data.append((label, data[:2+str_len].hex(' ').upper(), hex_val[:30] + (""..."" if len(hex_val) > 30 else """"), f""Octet-String({str_len}字节)"", offset, offset + 1 + str_len))
        elif data_type == 0x0F:  # Long-Unsigned
",""
"Variable:dlms_parser.py:val","val","dlms_parser.py",371,371,"        elif data_type == 0x0F:  # Long-Unsigned
            if len(data) >= 3:
                val = struct.unpack('>H', data[1:3])[0]
                table_data.append((label, data[:3].hex(' ').upper(), str(val), ""Long-Unsigned"", offset, offset + 2))
        elif data_type == 0x12:  # Long64-Unsigned
",""
"Variable:dlms_deep_parser.py:DLMS_DATA_TYPES","DLMS_DATA_TYPES","dlms_deep_parser.py",13,37,"
    # DLMS 数据类型映射
    DLMS_DATA_TYPES = {
        0x00: (""Null"", 0, None),
        0x01: (""Data (Array/Structure)"", 0, None),  # 长度在后续字节
        0x02: (""Boolean"", 1, ""bool""),
        0x03: (""Bit-String"", 0, None),  # 长度+数据
        0x04: (""Double-Long-Unsigned"", 4, ""uint32""),
        0x05: (""Double-Long"", 4, ""int32""),
        0x06: (""Octet-String"", 0, None),  # 长度+数据
        0x09: (""Visible-String"", 0, None),  # 长度+ASCII
        0x0A: (""UTF8-String"", 0, None),  # 长度+UTF8
        0x0B: (""BCD"", 0, None),  # 长度+数据
        0x0C: (""Integer"", 2, ""int16""),
        0x0D: (""Long"", 4, ""int32""),
        0x0F: (""Long-Unsigned"", 2, ""uint16""),
        0x10: (""Compact-Array"", 0, None),
        0x11: (""Long64-Unsigned"", 8, ""uint64""),
        0x12: (""Long64"", 8, ""int64""),
        0x13: (""Enum"", 1, ""uint8""),
        0x16: (""Float32"", 4, ""float""),
        0x17: (""Float64"", 8, ""double""),
        0x18: (""DateTime"", 12, ""datetime""),
        0x19: (""Date"", 5, ""date""),
        0x1A: (""Time"", 4, ""time""),
        0x1B: (""Dont-Care"", 0, None),
    }

    # OBIS 码描述（常见对象）
",""
"Variable:dlms_deep_parser.py:OBIS_DESCRIPTIONS","OBIS_DESCRIPTIONS","dlms_deep_parser.py",40,61,"
    # OBIS 码描述（常见对象）
    OBIS_DESCRIPTIONS = {
        (0, 0, 96, 1, 0, 255): ""逻辑设备名称"",
        (0, 0, 96, 1, 1, 255): ""设备标识"",
        (0, 0, 96, 1, 2, 255): ""固件版本"",
        (1, 0, 1, 8, 0, 255): ""有功电能正向累计值（总）"",
        (1, 0, 1, 8, 1, 255): ""有功电能正向费率1"",
        (1, 0, 1, 8, 2, 255): ""有功电能正向费率2"",
        (1, 0, 2, 8, 0, 255): ""有功电能反向累计值（总）"",
        (1, 0, 3, 8, 0, 255): ""无功电能正向累计值（总）"",
        (1, 0, 4, 8, 0, 255): ""无功电能反向累计值（总）"",
        (1, 0, 21, 7, 0, 255): ""瞬时电压 L1"",
        (1, 0, 22, 7, 0, 255): ""瞬时电压 L2"",
        (1, 0, 23, 7, 0, 255): ""瞬时电压 L3"",
        (1, 0, 31, 7, 0, 255): ""瞬时电流 L1"",
        (1, 0, 32, 7, 0, 255): ""瞬时电流 L2"",
        (1, 0, 33, 7, 0, 255): ""瞬时电流 L3"",
        (1, 0, 51, 7, 0, 255): ""瞬时功率 L1"",
        (1, 0, 52, 7, 0, 255): ""瞬时功率 L2"",
        (1, 0, 53, 7, 0, 255): ""瞬时功率 L3"",
        (1, 0, 96, 1, 0, 255): ""电表时间"",
        (1, 0, 96, 1, 1, 255): ""电表日期"",
    }

    # COSEM 类 ID
",""
"Variable:dlms_deep_parser.py:COSEM_CLASS_IDS","COSEM_CLASS_IDS","dlms_deep_parser.py",64,100,"
    # COSEM 类 ID
    COSEM_CLASS_IDS = {
        1: ""数据 (Data)"",
        3: ""寄存器 (Register)"",
        4: ""扩展寄存器 (Extended-Register)"",
        5: ""需求寄存器 (Demand-Register)"",
        6: ""活动日历 (Activity-Calendar)"",
        7: ""配置文件 (Profile-Generic)"",
        8: ""时钟 (Clock)"",
        9: ""脚本表 (Script-Table)"",
        10: ""调度器 (Schedule)"",
        15: ""特殊天数表 (Special-Days-Table)"",
        17: ""关联逻辑设备 (Association-Logical-Device)"",
        20: ""关联快照 (Association-Snapshot)"",
        42: ""MBus 客户端端口 (M-Bus-Client-Port)"",
        43: ""MBus 主端口 (M-Bus-Master-Port)"",
        44: ""MBus 诊断 (M-Bus-Diagnostic)"",
        70: ""脉冲计数器 (Pulse-Counter)"",
        71: ""水计量 (Water-Meter)"",
        72: ""气体计量 (Gas-Meter)"",
        73: ""热计量 (Heat-Meter)"",
        74: ""热成本分配器 (Heat-Cost-Allocator)"",
        81: ""通信口 HDLC (Comms-Port-HDLC)"",
        82: ""通信口 调制解调器 (Comms-Port-Modem)"",
        88: ""自动应答 (Auto-Ans-wer)"",
        89: ""自动连接 (Auto-Connect)"",
        90: ""GPRS 调制解调器配置 (GPRS-Modem-Configuration)"",
        91: ""LTE 调制解调器配置 (LTE-Modem-Configuration)"",
        100: ""应用关联 (Application-Association)"",
        101: ""安全设置 (Security-Setup)"",
        111: ""断开控制 (Disconnect-Control)"",
        113: ""极限值 (Limit-Value)"",
        114: ""参数监控 (Parameter-Monitor)"",
        115: ""参数控制 (Parameter-Control)"",
        118: ""MBus 端口配置 (M-Bus-Port-Configuration)"",
        129: ""报警对象 (Alarm-Object)"",
        200: ""动作计划 (Action-Schedule)"",
    }

    def parse_action_request(self, data: bytes, base_offset: int) -> List[Tuple]:
",""
"Variable:dlms_deep_parser.py:table_data","table_data","dlms_deep_parser.py",107,107,"        参考 dlmslib 的解析逻辑
        """"""
        table_data = []
        offset = 0
        local_base = base_offset
",""
"Variable:dlms_deep_parser.py:offset","offset","dlms_deep_parser.py",108,108,"        """"""
        table_data = []
        offset = 0
        local_base = base_offset

",""
"Variable:dlms_deep_parser.py:local_base","local_base","dlms_deep_parser.py",109,109,"        table_data = []
        offset = 0
        local_base = base_offset

        # Action-Request 结构:
",""
"Variable:dlms_deep_parser.py:invoke_byte","invoke_byte","dlms_deep_parser.py",114,114,"        # - Invoke-Id-And-Priority (1 byte): 高4位=Invoke-ID, 低2位=Priority
        if len(data) > offset:
            invoke_byte = data[offset]
            invoke_id = (invoke_byte >> 4) & 0x0F
            priority = invoke_byte & 0x03
",""
"Variable:dlms_deep_parser.py:invoke_id","invoke_id","dlms_deep_parser.py",115,115,"        if len(data) > offset:
            invoke_byte = data[offset]
            invoke_id = (invoke_byte >> 4) & 0x0F
            priority = invoke_byte & 0x03
            
",""
"Variable:dlms_deep_parser.py:priority","priority","dlms_deep_parser.py",116,116,"            invoke_byte = data[offset]
            invoke_id = (invoke_byte >> 4) & 0x0F
            priority = invoke_byte & 0x03
            
            table_data.append((
",""
"Variable:dlms_deep_parser.py:obis_len","obis_len","dlms_deep_parser.py",137,137,"            if data[offset] == 0x09 and len(data) >= offset + 8:
                # OCTET STRING (OBIS)
                obis_len = data[offset + 1]
                if obis_len == 6:
                    obis_bytes = data[offset + 2:offset + 8]
",""
"Variable:dlms_deep_parser.py:obis_bytes","obis_bytes","dlms_deep_parser.py",139,139,"                obis_len = data[offset + 1]
                if obis_len == 6:
                    obis_bytes = data[offset + 2:offset + 8]
                    obis_str = ""."".join(str(b) for b in obis_bytes)
                    obis_tuple = tuple(obis_bytes)
",""
"Variable:dlms_deep_parser.py:obis_str","obis_str","dlms_deep_parser.py",140,140,"                if obis_len == 6:
                    obis_bytes = data[offset + 2:offset + 8]
                    obis_str = ""."".join(str(b) for b in obis_bytes)
                    obis_tuple = tuple(obis_bytes)
                    obis_desc = self.OBIS_DESCRIPTIONS.get(obis_tuple, ""未知对象"")
",""
"Variable:dlms_deep_parser.py:obis_tuple","obis_tuple","dlms_deep_parser.py",141,141,"                    obis_bytes = data[offset + 2:offset + 8]
                    obis_str = ""."".join(str(b) for b in obis_bytes)
                    obis_tuple = tuple(obis_bytes)
                    obis_desc = self.OBIS_DESCRIPTIONS.get(obis_tuple, ""未知对象"")
                    
",""
"Variable:dlms_deep_parser.py:obis_desc","obis_desc","dlms_deep_parser.py",142,142,"                    obis_str = ""."".join(str(b) for b in obis_bytes)
                    obis_tuple = tuple(obis_bytes)
                    obis_desc = self.OBIS_DESCRIPTIONS.get(obis_tuple, ""未知对象"")
                    
                    table_data.append((
",""
"Variable:dlms_deep_parser.py:class_id","class_id","dlms_deep_parser.py",156,156,"                    # Class-ID (2 bytes)
                    if len(data) >= offset + 2:
                        class_id = struct.unpack('>H', data[offset:offset + 2])[0]
                        class_name = self.COSEM_CLASS_IDS.get(class_id, f""未知类({class_id})"")
                        
",""
"Variable:dlms_deep_parser.py:class_name","class_name","dlms_deep_parser.py",157,157,"                    if len(data) >= offset + 2:
                        class_id = struct.unpack('>H', data[offset:offset + 2])[0]
                        class_name = self.COSEM_CLASS_IDS.get(class_id, f""未知类({class_id})"")
                        
                        table_data.append((
",""
"Variable:dlms_deep_parser.py:attr_id","attr_id","dlms_deep_parser.py",171,171,"                        # Attribute-ID (2 bytes)
                        if len(data) >= offset + 2:
                            attr_id = struct.unpack('>H', data[offset:offset + 2])[0]
                            
                            table_data.append((
",""
"Variable:dlms_deep_parser.py:method_id","method_id","dlms_deep_parser.py",185,185,"                            # Method-ID (1 byte)
                            if len(data) > offset:
                                method_id = data[offset]
                                
                                table_data.append((
",""
"Variable:dlms_deep_parser.py:param_tag","param_tag","dlms_deep_parser.py",202,202,"                                    if data[offset] in [0xA0, 0xC0]:
                                        # 有上下文标签
                                        param_tag = data[offset]
                                        table_data.append((
                                            ""    参数标签"",
",""
"Variable:dlms_deep_parser.py:remaining","remaining","dlms_deep_parser.py",214,214,"                                        
                                        # 解析参数数据
                                        remaining = data[offset:]
                                        self._parse_dlms_data_value(
                                            remaining, table_data, local_base + offset, ""    参数值""
",""
"Variable:dlms_deep_parser.py:type_tag","type_tag","dlms_deep_parser.py",251,251,"
        # 数据类型标签
        type_tag = data[0]
        offset += 1

",""
"Variable:dlms_deep_parser.py:elem_count","elem_count","dlms_deep_parser.py",276,276,"                # 数组/结构：标签 + 元素数量 + 元素数据
                if len(data) > offset:
                    elem_count = data[offset]
                    offset += 1
                    
",""
"Variable:dlms_deep_parser.py:str_len","str_len","dlms_deep_parser.py",304,304,"            elif type_tag in [0x03, 0x06, 0x09, 0x0A, 0x0B]:  # 字符串/字节串类型
                if len(data) > offset:
                    str_len = data[offset]
                    offset += 1
                    
",""
"Variable:dlms_deep_parser.py:str_data","str_data","dlms_deep_parser.py",308,308,"                    
                    if len(data) >= offset + str_len:
                        str_data = data[offset:offset + str_len]
                        
                        if type_tag == 0x09:  # Visible-String (ASCII)
",""
"Variable:dlms_deep_parser.py:str_value","str_value","dlms_deep_parser.py",312,312,"                        if type_tag == 0x09:  # Visible-String (ASCII)
                            try:
                                str_value = str_data.decode('ascii', errors='replace')
                                table_data.append((
                                    label,
",""
"Variable:dlms_deep_parser.py:year","year","dlms_deep_parser.py",334,334,"                            if str_len == 12:
                                try:
                                    year = struct.unpack('>H', str_data[0:2])[0]
                                    month = str_data[2]
                                    day = str_data[3]
",""
"Variable:dlms_deep_parser.py:month","month","dlms_deep_parser.py",335,335,"                                try:
                                    year = struct.unpack('>H', str_data[0:2])[0]
                                    month = str_data[2]
                                    day = str_data[3]
                                    hour = str_data[4]
",""
"Variable:dlms_deep_parser.py:day","day","dlms_deep_parser.py",336,336,"                                    year = struct.unpack('>H', str_data[0:2])[0]
                                    month = str_data[2]
                                    day = str_data[3]
                                    hour = str_data[4]
                                    minute = str_data[5]
",""
"Variable:dlms_deep_parser.py:hour","hour","dlms_deep_parser.py",337,337,"                                    month = str_data[2]
                                    day = str_data[3]
                                    hour = str_data[4]
                                    minute = str_data[5]
                                    second = str_data[6]
",""
"Variable:dlms_deep_parser.py:minute","minute","dlms_deep_parser.py",338,338,"                                    day = str_data[3]
                                    hour = str_data[4]
                                    minute = str_data[5]
                                    second = str_data[6]
                                    dt_str = f""{year}-{month:02d}-{day:02d} {hour:02d}:{minute:02d}:{second:02d}""
",""
"Variable:dlms_deep_parser.py:second","second","dlms_deep_parser.py",339,339,"                                    hour = str_data[4]
                                    minute = str_data[5]
                                    second = str_data[6]
                                    dt_str = f""{year}-{month:02d}-{day:02d} {hour:02d}:{minute:02d}:{second:02d}""
                                    table_data.append((
",""
"Variable:dlms_deep_parser.py:dt_str","dt_str","dlms_deep_parser.py",340,340,"                                    minute = str_data[5]
                                    second = str_data[6]
                                    dt_str = f""{year}-{month:02d}-{day:02d} {hour:02d}:{minute:02d}:{second:02d}""
                                    table_data.append((
                                        label + "" (DateTime)"",
",""
"Variable:dlms_deep_parser.py:available","available","dlms_deep_parser.py",379,379,"                    else:
                        # 长度不足
                        available = len(data) - offset
                        table_data.append((
                            label,
",""
"Variable:dlms_deep_parser.py:value_data","value_data","dlms_deep_parser.py",392,392,"            # 定长类型
            if len(data) >= offset + fixed_len:
                value_data = data[offset:offset + fixed_len]
                
                if type_format == ""uint16"":
",""
"Variable:dlms_deep_parser.py:value","value","dlms_deep_parser.py",395,395,"                
                if type_format == ""uint16"":
                    value = struct.unpack('>H', value_data)[0]
                    table_data.append((label, self._bytes_to_hex(value_data), str(value), type_name,
                                      local_base - 1, local_base + fixed_len - 1))
",""
"Variable:dlms_deep_parser.py:parser","parser","dlms_deep_parser.py",455,455,"    base_offset: APDU 在原始帧中的起始位置
    """"""
    parser = DLMSDeepParser()
    table_data = []
    
",""
"Variable:dlms_deep_parser.py:apdu_type","apdu_type","dlms_deep_parser.py",461,461,"        return table_data
    
    apdu_type = apdu_data[0]
    
    if apdu_type == 0xC3:  # Action-Request
",""
"Variable:create_work_list.py:pluz","pluz","create_work_list.py",4,4,"
with open('PLUZ计量自动化系统技术规范.md', 'r', encoding='utf-8') as f:
    pluz = f.read()
with open('1.md', 'r', encoding='utf-8') as f:
    doc1 = f.read()",""
"Variable:create_work_list.py:doc1","doc1","create_work_list.py",6,6,"    pluz = f.read()
with open('1.md', 'r', encoding='utf-8') as f:
    doc1 = f.read()
with open('1-1.md', 'r', encoding='utf-8') as f:
    doc1_1 = f.read()",""
"Variable:create_work_list.py:doc1_1","doc1_1","create_work_list.py",8,8,"    doc1 = f.read()
with open('1-1.md', 'r', encoding='utf-8') as f:
    doc1_1 = f.read()

all_text = pluz + '\n' + doc1 + '\n' + doc1_1",""
"Variable:create_work_list.py:all_text","all_text","create_work_list.py",10,10,"    doc1_1 = f.read()

all_text = pluz + '\n' + doc1 + '\n' + doc1_1

def extract_di_downlink_fields(text, di):",""
"Variable:create_work_list.py:di_s","di_s","create_work_list.py",14,14,"def extract_di_downlink_fields(text, di):
    """"""Extract downlink field definitions for a specific DI.""""""
    di_s = f'{di[0]:02X} {di[1]:02X} {di[2]:02X} {di[3]:02X}'
    
    # Find DI section",""
"Variable:create_work_list.py:pattern","pattern","create_work_list.py",17,22,"    
    # Find DI section
    pattern = re.compile(
        r'(?:^|\n)(#{1,6}\s+' + re.escape(di_s) + r'[：:\s]+[^\n]+)\n'
        r'(.*?)'
        r'(?=(?:^|\n)#{1,6}\s+(?:E8|6\.8|6\.9|附录)\s|\Z)',
        re.DOTALL
    )
    m = pattern.search(text)
    if not m:",""
"Variable:create_work_list.py:m","m","create_work_list.py",23,23,"        re.DOTALL
    )
    m = pattern.search(text)
    if not m:
        return None",""
"Variable:create_work_list.py:content","content","create_work_list.py",27,27,"        return None
    
    content = m.group(2)
    
    # Split into downlink and uplink sections",""
"Variable:create_work_list.py:downlink","downlink","create_work_list.py",30,30,"    
    # Split into downlink and uplink sections
    downlink = None
    uplink = None
    ",""
"Variable:create_work_list.py:uplink","uplink","create_work_list.py",31,31,"    # Split into downlink and uplink sections
    downlink = None
    uplink = None
    
    if '下行报文' in content:",""
"Variable:create_work_list.py:parts","parts","create_work_list.py",34,34,"    
    if '下行报文' in content:
        parts = content.split('上行报文', 1)
        downlink = parts[0]
        if len(parts) > 1:",""
"Variable:create_work_list.py:rows","rows","create_work_list.py",44,44,"    
    # Extract table rows from downlink section
    rows = []
    if downlink:
        for tr_match in re.finditer(r'<tr>(.*?)</tr>', downlink, re.DOTALL):",""
"Variable:create_work_list.py:tr","tr","create_work_list.py",47,47,"    if downlink:
        for tr_match in re.finditer(r'<tr>(.*?)</tr>', downlink, re.DOTALL):
            tr = tr_match.group(1)
            cells = re.findall(r'<td[^>]*>(.*?)</td>', tr, re.DOTALL)
            cells = [re.sub(r'<[^>]+>', '', c).strip() for c in cells]",""
"Variable:create_work_list.py:cells","cells","create_work_list.py",48,48,"        for tr_match in re.finditer(r'<tr>(.*?)</tr>', downlink, re.DOTALL):
            tr = tr_match.group(1)
            cells = re.findall(r'<td[^>]*>(.*?)</td>', tr, re.DOTALL)
            cells = [re.sub(r'<[^>]+>', '', c).strip() for c in cells]
            if cells and any(cells):",""
"Variable:create_work_list.py:has_nodata","has_nodata","create_work_list.py",54,54,"    
    # Determine if no data
    has_nodata = downlink and ('无数据标识内容' in downlink or '无数据内容' in downlink)
    
    # Filter data rows (skip header rows)",""
"Variable:create_work_list.py:data_rows","data_rows","create_work_list.py",57,57,"    
    # Filter data rows (skip header rows)
    data_rows = []
    for row in rows:
        if len(row) >= 3:",""
"Variable:create_work_list.py:afn_groups","afn_groups","create_work_list.py",81,89,"    
    # Categorize by AFN
    afn_groups = {
        '01H': [],
        '02H': [],
        '03H': [],
        '04H': [],
        '05H': [],
        '07H': [],
        '其他': []
    }
    
    for di in sorted(s.DI_FIELD_SCHEMA.keys()):",""
"Variable:create_work_list.py:afn","afn","create_work_list.py",92,92,"    
    for di in sorted(s.DI_FIELD_SCHEMA.keys()):
        afn = di[1]
        if afn == 0x01:
            group = '01H'",""
"Variable:create_work_list.py:group","group","create_work_list.py",94,94,"        afn = di[1]
        if afn == 0x01:
            group = '01H'
        elif afn == 0x02:
            group = '02H'",""
"Variable:create_work_list.py:meta","meta","create_work_list.py",108,108,"            group = '其他'
        
        meta = s.DI_FIELD_SCHEMA[di]
        doc_info = extract_di_downlink_fields(all_text, di)
        ",""
"Variable:create_work_list.py:doc_info","doc_info","create_work_list.py",109,109,"        
        meta = s.DI_FIELD_SCHEMA[di]
        doc_info = extract_di_downlink_fields(all_text, di)
        
        afn_groups[group].append({",""
"Variable:create_work_list.py:di","di","create_work_list.py",123,123,"        out.write(f'## AFN={group} ({len(items)}个DI)\n\n')
        for item in items:
            di = item['di']
            di_str = f'{di[0]:02X} {di[1]:02X} {di[2]:02X} {di[3]:02X}'
            name = item['name']",""
"Variable:create_work_list.py:di_str","di_str","create_work_list.py",124,124,"        for item in items:
            di = item['di']
            di_str = f'{di[0]:02X} {di[1]:02X} {di[2]:02X} {di[3]:02X}'
            name = item['name']
            schema_fields = item['schema_fields']",""
"Variable:create_work_list.py:name","name","create_work_list.py",125,125,"            di = item['di']
            di_str = f'{di[0]:02X} {di[1]:02X} {di[2]:02X} {di[3]:02X}'
            name = item['name']
            schema_fields = item['schema_fields']
            doc_info = item['doc_info']",""
"Variable:create_work_list.py:schema_fields","schema_fields","create_work_list.py",126,126,"            di_str = f'{di[0]:02X} {di[1]:02X} {di[2]:02X} {di[3]:02X}'
            name = item['name']
            schema_fields = item['schema_fields']
            doc_info = item['doc_info']
            ",""
"Variable:command_lookup.py:STANDARD_COMMANDS","STANDARD_COMMANDS","command_lookup.py",14,28,"
    # 标准命令字定义 (Command Code -> 中文含义, 详细描述)
    STANDARD_COMMANDS = {
        0x1001: (""模块通用信息"", ""模块通用信息查询/设置""),
        0x1101: (""启动升级命令（初始化）"", ""开始固件升级流程，初始化升级环境""),
        0x1102: (""发送升级包数据"", ""传输固件升级包的分片数据""),
        0x1103: (""激活模块固件"", ""激活新固件，完成升级流程""),
        0x1201: (""数据推送（DataNotification）"", ""模块向电表推送数据通知""),
        0x1202: (""事件推送（EventNotification）"", ""模块向电表推送事件通知""),
        0x1301: (""DLMS数据帧封装"", ""通过DLMS协议封装的数据帧传输""),
        0x2001: (""模块获取电表表号"", ""查询电表的表号信息""),
        0x2002: (""心跳机制"", ""模块与电表之间的心跳保活""),
        0x2003: (""模块将自身信息传输至电表"", ""上报模块自身的配置和状态信息""),
        0x2004: (""获取电表信息"", ""查询电表的详细信息""),
        0x2101: (""从电表获取G3-PLC信息"", ""查询G3-PLC网络相关信息""),
        0x2102: (""模块将G3-PLC信息传输至电表"", ""上报G3-PLC网络状态信息""),
    }

    def __init__(self, custom_commands_file: Optional[str] = None):",""
"Variable:command_lookup.py:default_path","default_path","command_lookup.py",45,45,"        else:
            # 默认保存位置
            default_path = Path(__file__).parent / ""custom_commands.json""
            if default_path.exists():
                self._load_custom_commands(str(default_path))",""
"Variable:command_lookup.py:data","data","command_lookup.py",56,56,"        try:
            with open(filepath, 'r', encoding='utf-8') as f:
                data = json.load(f)
            for item in data:
                code = int(item['code'], 16) if isinstance(item['code'], str) else item['code']",""
"Variable:command_lookup.py:code","code","command_lookup.py",58,58,"                data = json.load(f)
            for item in data:
                code = int(item['code'], 16) if isinstance(item['code'], str) else item['code']
                self.custom_commands[code] = (item['name'], item['desc'])
        except Exception as e:",""
"Variable:command_lookup.py:filepath","filepath","command_lookup.py",66,66,"        """"""保存自定义命令字到 JSON 文件""""""
        if filepath is None:
            filepath = str(Path(__file__).parent / ""custom_commands.json"")

        data = []",""
"Variable:command_lookup.py:found","found","command_lookup.py",95,95,"        for code, (name, desc) in self.custom_commands.items():
            # 检查是否已存在
            found = False
            for i, (c, n, d, is_custom) in enumerate(self._data):
                if c == code:",""
"Variable:command_lookup.py:keyword","keyword","command_lookup.py",120,120,"            return self._data

        keyword = keyword.strip().upper()
        results = []
",""
"Variable:command_lookup.py:results","results","command_lookup.py",121,121,"
        keyword = keyword.strip().upper()
        results = []

        for code, name, desc, is_custom in self._data:",""
"Variable:command_lookup.py:code_hex","code_hex","command_lookup.py",125,125,"        for code, name, desc, is_custom in self._data:
            # 匹配命令字编码（支持 0x1101 或 1101 或 4353）
            code_hex = f""0x{code:04X}""
            code_dec = str(code)
",""
"Variable:command_lookup.py:code_dec","code_dec","command_lookup.py",126,126,"            # 匹配命令字编码（支持 0x1101 或 1101 或 4353）
            code_hex = f""0x{code:04X}""
            code_dec = str(code)

            if keyword in code_hex or keyword in code_dec or keyword == name.upper() or keyword in desc.upper():",""
"Variable:command_lookup.py:lookup","lookup","command_lookup.py",166,166,"if __name__ == ""__main__"":
    # 测试
    lookup = get_command_lookup()
    print(f""总计命令字数量: {len(lookup._data)}"")
",""
"Variable:analyze_lme_ids.py:entries","entries","analyze_lme_ids.py",4,4,"# 加载LME信息条目
with open(r'e:\python\南网解析工具\lme_info_entries.json', 'r', encoding='utf-8') as f:
    entries = json.load(f)

# 按分类组织",""
"Variable:analyze_lme_ids.py:groups","groups","analyze_lme_ids.py",8,8,"# 按分类组织
from collections import defaultdict
groups = defaultdict(list)

for entry in entries[1:]:  # 跳过表头",""
"Variable:analyze_lme_ids.py:group_id","group_id","analyze_lme_ids.py",11,11,"
for entry in entries[1:]:  # 跳过表头
    group_id = entry['group_id'].replace('\n', '').strip()
    item_id = entry['item_id'].strip()
    name = entry['name']",""
"Variable:analyze_lme_ids.py:item_id","item_id","analyze_lme_ids.py",12,12,"for entry in entries[1:]:  # 跳过表头
    group_id = entry['group_id'].replace('\n', '').strip()
    item_id = entry['item_id'].strip()
    name = entry['name']
    ",""
"Variable:analyze_lme_ids.py:name","name","analyze_lme_ids.py",13,13,"    group_id = entry['group_id'].replace('\n', '').strip()
    item_id = entry['item_id'].strip()
    name = entry['name']
    
    if item_id:",""
"Variable:analyze_lme_ids.py:item_num","item_num","analyze_lme_ids.py",17,17,"    if item_id:
        try:
            item_num = int(item_id)
            groups[group_id].append({
                'id': item_num,",""
"Variable:analyze_lme_ids.py:frame_ids","frame_ids","analyze_lme_ids.py",35,37,"
# 从报文中提取的ID
frame_ids = [0x01, 0x02, 0x03, 0x04, 0x05, 0x06, 0x07, 0x08, 0x09, 0x0B, 0x0C, 0x0D, 0x0E, 0x0F, 0x10, 0x11, 0x12, 0x13, 
             0x43, 0x44, 0x45, 0x46, 0x47, 0x48, 0x49, 0x4A, 0x4B, 0x50, 0x51, 0x54, 0x55, 0x56, 0x57, 0x58, 0x5E,
             0x81, 0x82, 0x83, 0x84, 0x85, 0x86, 0x87, 0x88, 0x89, 0x8A, 0x8B, 0x94, 0x95, 0x96, 0x97, 0x99, 0xC1, 0xC2]

print(f""\n{'='*80}"")",""
"Variable:analyze_lme_ids.py:id_map","id_map","analyze_lme_ids.py",44,44,"
# 建立ID到条目的映射
id_map = {}
for group_name, items in groups.items():
    for item in items:",""
"Variable:analyze_frame.py:frame_hex","frame_hex","analyze_frame.py",4,4,"
# 用户提供的报文
frame_hex = ""68400188F00032F000E8003A0112484C02123039031E060226041606C00512484C06123039070C3F080C00094400000000000000000B0C020C360000000000000D36FFFFFFFFFFFF0E24FFFFFFFF0F140502100C02111490041214120213140F6741A246656220203620323032362031343A33333A3135421606C04316010044160F104516460146161E104716460148162E03491639404A1609014B16090150065106541601015516000056160D0157160000581600005E16000081C400000000000000000000000000000000000000000000000000825C00000000000000000000008302840C07850486048704880489048A048B0494CC0989130300000000000000000089130300000000000000009564000000001E74817FFFFFFFFF96141D2297149D00991C000000C105C21D3F00022516""

frame_bytes = bytes.fromhex(frame_hex)",""
"Variable:analyze_frame.py:frame_bytes","frame_bytes","analyze_frame.py",6,6,"frame_hex = ""68400188F00032F000E8003A0112484C02123039031E060226041606C00512484C06123039070C3F080C00094400000000000000000B0C020C360000000000000D36FFFFFFFFFFFF0E24FFFFFFFF0F140502100C02111490041214120213140F6741A246656220203620323032362031343A33333A3135421606C04316010044160F104516460146161E104716460148162E03491639404A1609014B16090150065106541601015516000056160D0157160000581600005E16000081C400000000000000000000000000000000000000000000000000825C00000000000000000000008302840C07850486048704880489048A048B0494CC0989130300000000000000000089130300000000000000009564000000001E74817FFFFFFFFF96141D2297149D00991C000000C105C21D3F00022516""

frame_bytes = bytes.fromhex(frame_hex)

print(""=== 报文分析 ==="")",""
"Variable:analyze_frame.py:length","length","analyze_frame.py",16,16,"print(""=== 手动解析 ==="")
print(f""帧头: 0x{frame_bytes[0]:02X}"")
length = int.from_bytes(frame_bytes[1:3], 'little')
print(f""长度域: 0x{frame_bytes[1]:02X}{frame_bytes[2]:02X} = {length} (0x{length:04X})"")
print(f""控制域: 0x{frame_bytes[3]:02X}"")",""
"Variable:analyze_frame.py:c","c","analyze_frame.py",21,21,"
# 控制域解析
c = frame_bytes[3]
print(f""  DIR: {(c>>7)&1}, PRM: {(c>>6)&1}, ADD: {(c>>5)&1}, VER: {(c>>3)&3}"")
",""
"Variable:analyze_frame.py:user_data_len","user_data_len","analyze_frame.py",25,25,"
# 用户数据区
user_data_len = length - 6
print(f""用户数据区长度: {user_data_len}"")
print()",""
"Variable:analyze_frame.py:user_data","user_data","analyze_frame.py",29,29,"print()

user_data = frame_bytes[4:4+user_data_len]
print(f""用户数据区: {user_data.hex().upper()}"")
print()",""
"Variable:analyze_frame.py:afn","afn","analyze_frame.py",34,34,"
# 解析AFN
afn = user_data[0]
print(f""AFN: 0x{afn:02X}"")
",""
"Variable:analyze_frame.py:seq","seq","analyze_frame.py",38,38,"
# 解析SEQ
seq = user_data[1]
print(f""SEQ: 0x{seq:02X}"")
",""
"Variable:analyze_frame.py:di","di","analyze_frame.py",42,42,"
# 解析DI
di = user_data[2:6]
print(f""DI: {di.hex().upper()}"")
di_val = int.from_bytes(di, 'little')",""
"Variable:analyze_frame.py:di_val","di_val","analyze_frame.py",44,44,"di = user_data[2:6]
print(f""DI: {di.hex().upper()}"")
di_val = int.from_bytes(di, 'little')
print(f""DI值: 0x{di_val:08X}"")
print(f""  DI3: 0x{di[3]:02X}, DI2: 0x{di[2]:02X}, DI1: 0x{di[1]:02X}, DI0: 0x{di[0]:02X}"")",""
"Variable:analyze_frame.py:data_content","data_content","analyze_frame.py",50,50,"
# 数据标识内容
data_content = user_data[6:]
print(f""数据标识内容: {data_content.hex().upper()}"")
print(f""数据标识内容长度: {len(data_content)} 字节"")",""
"Variable:analyze_frame.py:pos","pos","analyze_frame.py",57,57,"# 解析信息条目
print(""=== 信息条目解析 ==="")
pos = 0
entries = []
while pos < len(data_content):",""
"Variable:analyze_frame.py:entries","entries","analyze_frame.py",58,58,"print(""=== 信息条目解析 ==="")
pos = 0
entries = []
while pos < len(data_content):
    if pos + 2 > len(data_content):",""
"Variable:analyze_frame.py:entry_id","entry_id","analyze_frame.py",63,63,"        print(f""剩余数据不足: pos={pos}, len={len(data_content)}"")
        break
    entry_id = data_content[pos]
    entry_len = data_content[pos + 1]
    ",""
"Variable:analyze_frame.py:entry_len","entry_len","analyze_frame.py",64,64,"        break
    entry_id = data_content[pos]
    entry_len = data_content[pos + 1]
    
    if pos + 2 + entry_len > len(data_content):",""
"Variable:analyze_frame.py:entry_data","entry_data","analyze_frame.py",70,70,"        break
        
    entry_data = data_content[pos + 2:pos + 2 + entry_len]
    entries.append({
        'id': entry_id,",""
"Variable:analyze_frame.py:cs_pos","cs_pos","analyze_frame.py",86,86,"print()
print(""=== 校验和 ==="")
cs_pos = 4 + user_data_len
cs = frame_bytes[cs_pos]
print(f""校验和位置: {cs_pos}"")",""
"Variable:analyze_frame.py:cs","cs","analyze_frame.py",87,87,"print(""=== 校验和 ==="")
cs_pos = 4 + user_data_len
cs = frame_bytes[cs_pos]
print(f""校验和位置: {cs_pos}"")
print(f""校验和: 0x{cs:02X}"")",""
"Variable:analyze_fields.py:fields","fields","analyze_fields.py",4,4,"with open('current_fields_report.txt', 'w', encoding='utf-8') as out:
    for di, meta in sorted(s.DI_FIELD_SCHEMA.items()):
        fields = meta.get('fields', [])
        di_str = f'{di[0]:02X} {di[1]:02X} {di[2]:02X} {di[3]:02X}'
        name = meta['name']",""
"Variable:analyze_fields.py:di_str","di_str","analyze_fields.py",5,5,"    for di, meta in sorted(s.DI_FIELD_SCHEMA.items()):
        fields = meta.get('fields', [])
        di_str = f'{di[0]:02X} {di[1]:02X} {di[2]:02X} {di[3]:02X}'
        name = meta['name']
        if fields:",""
"Variable:analyze_fields.py:name","name","analyze_fields.py",6,6,"        fields = meta.get('fields', [])
        di_str = f'{di[0]:02X} {di[1]:02X} {di[2]:02X} {di[3]:02X}'
        name = meta['name']
        if fields:
            out.write(f'{di_str} {name}: {len(fields)} fields\n')",""
"Variable:visual_editor/test_item_editor.py:layout","layout","visual_editor/test_item_editor.py",46,46,"    def _setup_ui(self):
        """"""设置 UI""""""
        layout = QVBoxLayout(self)
        layout.setSpacing(8)

",""
"Variable:visual_editor/test_item_editor.py:tab_widget","tab_widget","visual_editor/test_item_editor.py",50,50,"
        # 标签页
        tab_widget = QTabWidget()

        # 基本模式标签页
",""
"Variable:visual_editor/test_item_editor.py:basic_tab","basic_tab","visual_editor/test_item_editor.py",53,53,"
        # 基本模式标签页
        basic_tab = self._create_basic_tab()
        tab_widget.addTab(basic_tab, ""基本模式"")

",""
"Variable:visual_editor/test_item_editor.py:advanced_tab","advanced_tab","visual_editor/test_item_editor.py",57,57,"
        # 高级模式标签页（从解析结果导入）
        advanced_tab = self._create_advanced_tab()
        tab_widget.addTab(advanced_tab, ""从解析导入"")

",""
"Variable:visual_editor/test_item_editor.py:template_tab","template_tab","visual_editor/test_item_editor.py",61,61,"
        # 模板标签页
        template_tab = self._create_template_tab()
        tab_widget.addTab(template_tab, ""从模板导入"")

",""
"Variable:visual_editor/test_item_editor.py:btn_layout","btn_layout","visual_editor/test_item_editor.py",67,67,"
        # 底部按钮
        btn_layout = QHBoxLayout()
        btn_layout.addStretch()

",""
"Variable:visual_editor/test_item_editor.py:ok_btn","ok_btn","visual_editor/test_item_editor.py",70,70,"        btn_layout.addStretch()

        ok_btn = QPushButton(""确定"")
        ok_btn.setDefault(True)
        ok_btn.clicked.connect(self._on_ok)
",""
"Variable:visual_editor/test_item_editor.py:cancel_btn","cancel_btn","visual_editor/test_item_editor.py",75,75,"        btn_layout.addWidget(ok_btn)

        cancel_btn = QPushButton(""取消"")
        cancel_btn.clicked.connect(self.reject)
        btn_layout.addWidget(cancel_btn)
",""
"Variable:visual_editor/test_item_editor.py:tab","tab","visual_editor/test_item_editor.py",83,83,"    def _create_basic_tab(self) -> QWidget:
        """"""创建基本模式标签页""""""
        tab = QWidget()
        layout = QVBoxLayout(tab)
        layout.setSpacing(8)
",""
"Variable:visual_editor/test_item_editor.py:nature_group","nature_group","visual_editor/test_item_editor.py",88,88,"
        # 性质选择
        nature_group = QGroupBox(""测试项性质"")
        nature_layout = QHBoxLayout(nature_group)
        nature_layout.addWidget(QLabel(""性质:""))
",""
"Variable:visual_editor/test_item_editor.py:nature_layout","nature_layout","visual_editor/test_item_editor.py",89,89,"        # 性质选择
        nature_group = QGroupBox(""测试项性质"")
        nature_layout = QHBoxLayout(nature_group)
        nature_layout.addWidget(QLabel(""性质:""))
        self._nature_combo = QComboBox()
",""
"Variable:visual_editor/test_item_editor.py:basic_group","basic_group","visual_editor/test_item_editor.py",100,100,"
        # 基本信息
        basic_group = QGroupBox(""基本信息"")
        basic_form = QFormLayout(basic_group)

",""
"Variable:visual_editor/test_item_editor.py:basic_form","basic_form","visual_editor/test_item_editor.py",101,101,"        # 基本信息
        basic_group = QGroupBox(""基本信息"")
        basic_form = QFormLayout(basic_group)

        self._name_edit = QLineEdit()
",""
"Variable:visual_editor/test_item_editor.py:frame_group","frame_group","visual_editor/test_item_editor.py",116,116,"
        # 帧内容
        frame_group = QGroupBox(""帧内容"")
        frame_layout = QVBoxLayout(frame_group)

",""
"Variable:visual_editor/test_item_editor.py:frame_layout","frame_layout","visual_editor/test_item_editor.py",117,117,"        # 帧内容
        frame_group = QGroupBox(""帧内容"")
        frame_layout = QVBoxLayout(frame_group)

        frame_layout.addWidget(QLabel(""发送帧 (HEX):""))
",""
"Variable:visual_editor/test_item_editor.py:match_layout","match_layout","visual_editor/test_item_editor.py",125,125,"
        # 匹配规则
        match_layout = QHBoxLayout()
        match_layout.addWidget(QLabel(""匹配规则:""))
        self._match_edit = QLineEdit()
",""
"Variable:visual_editor/test_item_editor.py:response_group","response_group","visual_editor/test_item_editor.py",145,145,"
        # 响应帧
        response_group = QGroupBox(""响应帧 (可选)"")
        response_layout = QVBoxLayout(response_group)

",""
"Variable:visual_editor/test_item_editor.py:response_layout","response_layout","visual_editor/test_item_editor.py",146,146,"        # 响应帧
        response_group = QGroupBox(""响应帧 (可选)"")
        response_layout = QVBoxLayout(response_group)

        response_layout.addWidget(QLabel(""匹配成功后自动发送的响应帧:""))
",""
"Variable:visual_editor/test_item_editor.py:info_label","info_label","visual_editor/test_item_editor.py",164,165,"
        # 说明
        info_label = QLabel(""在此粘贴一个完整的 HEX 报文，系统会自动解析并生成测试项。\n""
                           ""您可以选择需要匹配的字段，其他字段自动设为通配符。"")
        info_label.setWordWrap(True)
        info_label.setStyleSheet(""color: #666; padding: 8px;"")
",""
"Variable:visual_editor/test_item_editor.py:input_group","input_group","visual_editor/test_item_editor.py",171,171,"
        # 输入区
        input_group = QGroupBox(""输入报文"")
        input_layout = QVBoxLayout(input_group)

",""
"Variable:visual_editor/test_item_editor.py:input_layout","input_layout","visual_editor/test_item_editor.py",172,172,"        # 输入区
        input_group = QGroupBox(""输入报文"")
        input_layout = QVBoxLayout(input_group)

        self._import_hex_edit = QLineEdit()
",""
"Variable:visual_editor/test_item_editor.py:import_btn_layout","import_btn_layout","visual_editor/test_item_editor.py",178,178,"        input_layout.addWidget(self._import_hex_edit)

        import_btn_layout = QHBoxLayout()
        parse_btn = QPushButton(""解析"")
        parse_btn.clicked.connect(self._on_parse_import)
",""
"Variable:visual_editor/test_item_editor.py:parse_btn","parse_btn","visual_editor/test_item_editor.py",179,179,"
        import_btn_layout = QHBoxLayout()
        parse_btn = QPushButton(""解析"")
        parse_btn.clicked.connect(self._on_parse_import)
        import_btn_layout.addWidget(parse_btn)
",""
"Variable:visual_editor/test_item_editor.py:from_file_btn","from_file_btn","visual_editor/test_item_editor.py",183,183,"        import_btn_layout.addWidget(parse_btn)

        from_file_btn = QPushButton(""从文件导入"")
        from_file_btn.clicked.connect(self._on_import_from_file)
        import_btn_layout.addWidget(from_file_btn)
",""
"Variable:visual_editor/test_item_editor.py:result_group","result_group","visual_editor/test_item_editor.py",193,193,"
        # 解析结果
        result_group = QGroupBox(""解析结果 - 勾选需要匹配的字段"")
        result_layout = QVBoxLayout(result_group)

",""
"Variable:visual_editor/test_item_editor.py:result_layout","result_layout","visual_editor/test_item_editor.py",194,194,"        # 解析结果
        result_group = QGroupBox(""解析结果 - 勾选需要匹配的字段"")
        result_layout = QVBoxLayout(result_group)

        self._import_result_table = QTableWidget()
",""
"Variable:visual_editor/test_item_editor.py:header","header","visual_editor/test_item_editor.py",199,199,"        self._import_result_table.setColumnCount(5)
        self._import_result_table.setHorizontalHeaderLabels([""匹配"", ""字段"", ""原始值"", ""解析值"", ""说明""])
        header = self._import_result_table.horizontalHeader()
        header.setSectionResizeMode(QHeaderView.ResizeMode.Interactive)
        header.setStretchLastSection(True)
",""
"Variable:visual_editor/test_item_editor.py:select_btn_layout","select_btn_layout","visual_editor/test_item_editor.py",209,209,"
        # 全选/全不选
        select_btn_layout = QHBoxLayout()
        select_all_btn = QPushButton(""全选"")
        select_all_btn.clicked.connect(self._on_select_all_fields)
",""
"Variable:visual_editor/test_item_editor.py:select_all_btn","select_all_btn","visual_editor/test_item_editor.py",210,210,"        # 全选/全不选
        select_btn_layout = QHBoxLayout()
        select_all_btn = QPushButton(""全选"")
        select_all_btn.clicked.connect(self._on_select_all_fields)
        select_btn_layout.addWidget(select_all_btn)
",""
"Variable:visual_editor/test_item_editor.py:deselect_all_btn","deselect_all_btn","visual_editor/test_item_editor.py",214,214,"        select_btn_layout.addWidget(select_all_btn)

        deselect_all_btn = QPushButton(""全不选"")
        deselect_all_btn.clicked.connect(self._on_deselect_all_fields)
        select_btn_layout.addWidget(deselect_all_btn)
",""
"Variable:visual_editor/test_item_editor.py:apply_btn","apply_btn","visual_editor/test_item_editor.py",220,220,"        select_btn_layout.addStretch()

        apply_btn = QPushButton(""应用到测试项"")
        apply_btn.setStyleSheet(
            ""QPushButton { background-color: #4CAF50; color: white; padding: 6px 16px; border-radius: 3px; }""
",""
"Variable:visual_editor/test_item_editor.py:template_group","template_group","visual_editor/test_item_editor.py",245,245,"
        # 模板选择
        template_group = QGroupBox(""选择模板"")
        template_layout = QVBoxLayout(template_group)

",""
"Variable:visual_editor/test_item_editor.py:template_layout","template_layout","visual_editor/test_item_editor.py",246,246,"        # 模板选择
        template_group = QGroupBox(""选择模板"")
        template_layout = QVBoxLayout(template_group)

        # 模板列表
",""
"Variable:visual_editor/test_item_editor.py:load_template_btn","load_template_btn","visual_editor/test_item_editor.py",262,262,"        btn_layout = QHBoxLayout()

        load_template_btn = QPushButton(""加载选中模板"")
        load_template_btn.clicked.connect(self._on_load_template)
        btn_layout.addWidget(load_template_btn)
",""
"Variable:visual_editor/test_item_editor.py:nature","nature","visual_editor/test_item_editor.py",282,282,"    def _on_nature_changed(self, index):
        """"""性质变化""""""
        nature = self._nature_combo.currentData()
        if nature == ""listen"":
            self._frame_edit.setEnabled(False)
",""
"Variable:visual_editor/test_item_editor.py:hex_text","hex_text","visual_editor/test_item_editor.py",298,298,"    def _on_parse_import(self):
        """"""解析导入的 HEX""""""
        hex_text = self._import_hex_edit.text().strip()
        if not hex_text:
            QMessageBox.warning(self, ""警告"", ""请输入 HEX 报文"")
",""
"Variable:visual_editor/test_item_editor.py:clean_hex","clean_hex","visual_editor/test_item_editor.py",304,304,"
        # 清理 HEX
        clean_hex = hex_text.replace("" "", """").replace(""\n"", """")
        if len(clean_hex) % 2 != 0:
            QMessageBox.warning(self, ""警告"", ""HEX 长度必须是偶数"")
",""
"Variable:visual_editor/test_item_editor.py:frame_bytes","frame_bytes","visual_editor/test_item_editor.py",310,310,"
        try:
            frame_bytes = bytes.fromhex(clean_hex)
        except ValueError as e:
            QMessageBox.critical(self, ""错误"", f""无效的 HEX 格式: {e}"")
",""
"Variable:visual_editor/test_item_editor.py:parse_result","parse_result","visual_editor/test_item_editor.py",316,316,"
        # 尝试解析
        parse_result = self._try_parse(frame_bytes)
        if not parse_result:
            QMessageBox.warning(self, ""警告"", ""无法解析此报文，请检查格式"")
",""
"Variable:visual_editor/test_item_editor.py:check_item","check_item","visual_editor/test_item_editor.py",325,325,"        for row_idx, row_data in enumerate(parse_result):
            # 匹配复选框
            check_item = QTableWidgetItem()
            check_item.setCheckState(Qt.Checked)
            check_item.setFlags(Qt.ItemIsUserCheckable | Qt.ItemIsEnabled)
",""
"Variable:visual_editor/test_item_editor.py:parser","parser","visual_editor/test_item_editor.py",353,353,"            # 识别协议并解析
            if frame_bytes[0] == 0x68 and frame_bytes[-1] == 0x16:
                parser = ProtocolFrameParser()
                return parser.parse_to_table(frame_bytes)
            elif frame_bytes[0] == 0x7E:
",""
"Variable:visual_editor/test_item_editor.py:content","content","visual_editor/test_item_editor.py",375,375,"        try:
            with open(file_path, 'r', encoding='utf-8') as f:
                content = f.read().strip()
            self._import_hex_edit.setText(content)
            self._on_parse_import()
",""
"Variable:visual_editor/test_item_editor.py:item","item","visual_editor/test_item_editor.py",384,384,"        """"""全选字段""""""
        for row in range(self._import_result_table.rowCount()):
            item = self._import_result_table.item(row, 0)
            if item:
                item.setCheckState(Qt.Checked)
",""
"Variable:visual_editor/test_item_editor.py:match_rule","match_rule","visual_editor/test_item_editor.py",405,405,"
        # 生成匹配规则
        match_rule = self._generate_match_rule(clean_hex)

        # 设置到基本模式
",""
"Variable:visual_editor/test_item_editor.py:rule_chars","rule_chars","visual_editor/test_item_editor.py",424,424,"
        # 构建匹配规则
        rule_chars = list(hex_str)

        for row in range(self._import_result_table.rowCount()):
",""
"Variable:visual_editor/test_item_editor.py:original","original","visual_editor/test_item_editor.py",431,431,"                # 未选中的字段设为通配符
                # 获取原始值的字节位置
                original = self._import_result_table.item(row, 2)
                if original:
                    orig_hex = original.text().replace("" "", """")
",""
"Variable:visual_editor/test_item_editor.py:orig_hex","orig_hex","visual_editor/test_item_editor.py",433,433,"                original = self._import_result_table.item(row, 2)
                if original:
                    orig_hex = original.text().replace("" "", """")
                    # 在 hex_str 中查找并替换为 XX
                    pos = hex_str.find(orig_hex)
",""
"Variable:visual_editor/test_item_editor.py:pos","pos","visual_editor/test_item_editor.py",435,435,"                    orig_hex = original.text().replace("" "", """")
                    # 在 hex_str 中查找并替换为 XX
                    pos = hex_str.find(orig_hex)
                    if pos >= 0:
                        for i in range(len(orig_hex)):
",""
"Variable:visual_editor/test_item_editor.py:current_row","current_row","visual_editor/test_item_editor.py",445,445,"    def _on_load_template(self):
        """"""加载选中的模板""""""
        current_row = self._template_table.currentRow()
        if current_row < 0:
            QMessageBox.warning(self, ""警告"", ""请先选择一个模板"")
",""
"Variable:visual_editor/test_item_editor.py:name_item","name_item","visual_editor/test_item_editor.py",451,451,"
        # 获取模板名称
        name_item = self._template_table.item(current_row, 0)
        if not name_item:
            return
",""
"Variable:visual_editor/test_item_editor.py:template_name","template_name","visual_editor/test_item_editor.py",455,455,"            return

        template_name = name_item.text()

        # 加载模板
",""
"Variable:visual_editor/test_item_editor.py:template","template","visual_editor/test_item_editor.py",459,459,"        # 加载模板
        from templates.test_templates import get_template_by_name
        template = get_template_by_name(template_name)
        if template:
            self._loaded_template = template
",""
"Variable:visual_editor/test_item_editor.py:templates","templates","visual_editor/test_item_editor.py",488,488,"        from templates.test_templates import get_templates

        templates = get_templates()
        self._template_table.setRowCount(len(templates))

",""
"Variable:visual_editor/test_item_editor.py:mode","mode","visual_editor/test_item_editor.py",515,515,"        self._match_edit.setText(self._format_hex(self._edit_data.get('match_rule', '')))

        mode = self._edit_data.get('match_mode', 'HEX')
        self._match_mode_combo.setCurrentText(mode)

",""
"Variable:visual_editor/test_item_editor.py:name","name","visual_editor/test_item_editor.py",524,524,"    def _on_ok(self):
        """"""确定""""""
        name = self._name_edit.text().strip()
        if not name:
            QMessageBox.warning(self, ""警告"", ""请输入测试项名称"")
",""
"Variable:visual_editor/test_item_editor.py:clean","clean","visual_editor/test_item_editor.py",553,553,"        if not hex_str:
            return """"
        clean = hex_str.replace("" "", """").upper()
        return "" "".join(clean[i:i+2] for i in range(0, len(clean), 2))
",""
"Variable:validator/__init__.py:__all__","__all__","validator/__init__.py",9,12,"from .dlt645_validator import DLT645Validator

__all__ = [
    'ValidationResult', 'CheckItem', 'CheckLevel', 'BaseValidator',
    'NWValidator', 'GDWValidator', 'HDLCValidator', 'PLCRFValidator', 'DLT645Validator'
]
",""
"Variable:validator/plc_rf_validator.py:FRAME_START","FRAME_START","validator/plc_rf_validator.py",8,8,"    """"""PLC RF 协议帧合法性验证器""""""

    FRAME_START = 0x02

    def verify(self, frame_bytes: bytes) -> ValidationResult:
",""
"Variable:validator/plc_rf_validator.py:result","result","validator/plc_rf_validator.py",12,12,"    def verify(self, frame_bytes: bytes) -> ValidationResult:
        """"""验证 PLC RF 帧的合法性""""""
        result = ValidationResult(protocol=""PLC RF"", valid=True)

        # 1. 最小帧长度校验
",""
"Variable:validator/plc_rf_validator.py:check","check","validator/plc_rf_validator.py",15,15,"
        # 1. 最小帧长度校验
        check = self._check_min_length(frame_bytes, 8, ""PLC RF"")
        result.checks.append(check)
        if check.level == CheckLevel.FAIL:
",""
"Variable:validator/plc_rf_validator.py:length_val","length_val","validator/plc_rf_validator.py",29,29,"        # 3. 长度域校验（小端序）
        if len(frame_bytes) >= 3:
            length_val = int.from_bytes(frame_bytes[1:3], 'little')
            actual_len = len(frame_bytes)
            if actual_len < length_val:
",""
"Variable:validator/plc_rf_validator.py:actual_len","actual_len","validator/plc_rf_validator.py",30,30,"        if len(frame_bytes) >= 3:
            length_val = int.from_bytes(frame_bytes[1:3], 'little')
            actual_len = len(frame_bytes)
            if actual_len < length_val:
                check = CheckItem(
",""
"Variable:validator/plc_rf_validator.py:crc_pos","crc_pos","validator/plc_rf_validator.py",53,53,"        if len(frame_bytes) >= 8:
            # CRC 位于帧尾部（最后2字节之前）
            crc_pos = len(frame_bytes) - 2
            if crc_pos >= 3:
                crc_received = int.from_bytes(frame_bytes[crc_pos:crc_pos + 2], 'little')
",""
"Variable:validator/plc_rf_validator.py:crc_received","crc_received","validator/plc_rf_validator.py",55,55,"            crc_pos = len(frame_bytes) - 2
            if crc_pos >= 3:
                crc_received = int.from_bytes(frame_bytes[crc_pos:crc_pos + 2], 'little')
                crc_data = frame_bytes[1:crc_pos]  # 从 Length 到 CRC 之前
                crc_calc = self._calc_crc16_ccitt(crc_data)
",""
"Variable:validator/plc_rf_validator.py:crc_data","crc_data","validator/plc_rf_validator.py",56,56,"            if crc_pos >= 3:
                crc_received = int.from_bytes(frame_bytes[crc_pos:crc_pos + 2], 'little')
                crc_data = frame_bytes[1:crc_pos]  # 从 Length 到 CRC 之前
                crc_calc = self._calc_crc16_ccitt(crc_data)
                if crc_received == crc_calc:
",""
"Variable:validator/plc_rf_validator.py:crc_calc","crc_calc","validator/plc_rf_validator.py",57,57,"                crc_received = int.from_bytes(frame_bytes[crc_pos:crc_pos + 2], 'little')
                crc_data = frame_bytes[1:crc_pos]  # 从 Length 到 CRC 之前
                crc_calc = self._calc_crc16_ccitt(crc_data)
                if crc_received == crc_calc:
                    check = CheckItem(
",""
"Variable:validator/plc_rf_validator.py:ctrl","ctrl","validator/plc_rf_validator.py",79,79,"        # 5. 控制域值检查
        if len(frame_bytes) >= 4:
            ctrl = frame_bytes[3]
            known_ctrl = {0xC0, 0xC4}
            if ctrl in known_ctrl:
",""
"Variable:validator/plc_rf_validator.py:known_ctrl","known_ctrl","validator/plc_rf_validator.py",80,80,"        if len(frame_bytes) >= 4:
            ctrl = frame_bytes[3]
            known_ctrl = {0xC0, 0xC4}
            if ctrl in known_ctrl:
                check = CheckItem(
",""
"Variable:validator/nw_validator.py:AFN_VALID_RANGE","AFN_VALID_RANGE","validator/nw_validator.py",8,8,"    """"""南网协议帧合法性验证器""""""

    AFN_VALID_RANGE = range(0x00, 0xF1)  # AFN 合法范围

    def verify(self, frame_bytes: bytes) -> ValidationResult:
",""
"Variable:validator/nw_validator.py:result","result","validator/nw_validator.py",12,12,"    def verify(self, frame_bytes: bytes) -> ValidationResult:
        """"""验证南网协议帧的合法性""""""
        result = ValidationResult(protocol=""南网协议"", valid=True)

        # 1. 最小帧长度校验
",""
"Variable:validator/nw_validator.py:check","check","validator/nw_validator.py",15,15,"
        # 1. 最小帧长度校验
        check = self._check_min_length(frame_bytes, 8, ""南网协议"")
        result.checks.append(check)
        if check.level == CheckLevel.FAIL:
",""
"Variable:validator/nw_validator.py:length_val","length_val","validator/nw_validator.py",29,29,"        # 3. 长度域校验（小端序）
        if len(frame_bytes) >= 3:
            length_val = int.from_bytes(frame_bytes[1:3], 'little')
            # 南网协议：L = 用户数据区长度 + 6
            # 帧总长度 = 1(68) + 2(L) + 1(C) + (L-6)(用户数据) + 1(CS) + 1(16) = L
",""
"Variable:validator/nw_validator.py:expected_len","expected_len","validator/nw_validator.py",32,32,"            # 南网协议：L = 用户数据区长度 + 6
            # 帧总长度 = 1(68) + 2(L) + 1(C) + (L-6)(用户数据) + 1(CS) + 1(16) = L
            expected_len = length_val  # 长度域值即帧总长度
            actual_len = len(frame_bytes)
            if actual_len < expected_len:
",""
"Variable:validator/nw_validator.py:actual_len","actual_len","validator/nw_validator.py",33,33,"            # 帧总长度 = 1(68) + 2(L) + 1(C) + (L-6)(用户数据) + 1(CS) + 1(16) = L
            expected_len = length_val  # 长度域值即帧总长度
            actual_len = len(frame_bytes)
            if actual_len < expected_len:
                check = CheckItem(
",""
"Variable:validator/nw_validator.py:cs_pos","cs_pos","validator/nw_validator.py",70,70,"        # 5. 校验和校验（控制域 + 用户数据区的算术和）
        if len(frame_bytes) >= 8:
            cs_pos = len(frame_bytes) - 2  # 校验和位置：倒数第2字节
            cs_actual = frame_bytes[cs_pos]
            cs_data = frame_bytes[3:cs_pos]  # 控制域 + 用户数据区
",""
"Variable:validator/nw_validator.py:cs_actual","cs_actual","validator/nw_validator.py",71,71,"        if len(frame_bytes) >= 8:
            cs_pos = len(frame_bytes) - 2  # 校验和位置：倒数第2字节
            cs_actual = frame_bytes[cs_pos]
            cs_data = frame_bytes[3:cs_pos]  # 控制域 + 用户数据区
            cs_calc = self._calc_checksum_sum(cs_data)
",""
"Variable:validator/nw_validator.py:cs_data","cs_data","validator/nw_validator.py",72,72,"            cs_pos = len(frame_bytes) - 2  # 校验和位置：倒数第2字节
            cs_actual = frame_bytes[cs_pos]
            cs_data = frame_bytes[3:cs_pos]  # 控制域 + 用户数据区
            cs_calc = self._calc_checksum_sum(cs_data)
            if cs_actual == cs_calc:
",""
"Variable:validator/nw_validator.py:cs_calc","cs_calc","validator/nw_validator.py",73,73,"            cs_actual = frame_bytes[cs_pos]
            cs_data = frame_bytes[3:cs_pos]  # 控制域 + 用户数据区
            cs_calc = self._calc_checksum_sum(cs_data)
            if cs_actual == cs_calc:
                check = CheckItem(
",""
"Variable:validator/nw_validator.py:afn","afn","validator/nw_validator.py",96,96,"        if len(frame_bytes) >= 8:
            # AFN 在用户数据区第1字节（偏移6）
            afn = frame_bytes[6]
            if afn in self.AFN_VALID_RANGE:
                check = CheckItem(
",""
"Variable:validator/hdlc_validator.py:HDLC_FLAG","HDLC_FLAG","validator/hdlc_validator.py",8,8,"    """"""HDLC/DLMS 协议帧合法性验证器""""""

    HDLC_FLAG = 0x7E

    def verify(self, frame_bytes: bytes) -> ValidationResult:
",""
"Variable:validator/hdlc_validator.py:result","result","validator/hdlc_validator.py",12,12,"    def verify(self, frame_bytes: bytes) -> ValidationResult:
        """"""验证 HDLC 帧的合法性""""""
        result = ValidationResult(protocol=""HDLC/DLMS"", valid=True)

        # 1. 最小帧长度校验
",""
"Variable:validator/hdlc_validator.py:check","check","validator/hdlc_validator.py",15,15,"
        # 1. 最小帧长度校验
        check = self._check_min_length(frame_bytes, 7, ""HDLC"")
        result.checks.append(check)
        if check.level == CheckLevel.FAIL:
",""
"Variable:validator/hdlc_validator.py:fmt_byte","fmt_byte","validator/hdlc_validator.py",35,35,"        # 4. 格式域校验
        if len(frame_bytes) >= 3:
            fmt_byte = frame_bytes[1]
            format_type = (fmt_byte >> 4) & 0x0F
            if format_type == 0x0A:  # Type 3
",""
"Variable:validator/hdlc_validator.py:format_type","format_type","validator/hdlc_validator.py",36,36,"        if len(frame_bytes) >= 3:
            fmt_byte = frame_bytes[1]
            format_type = (fmt_byte >> 4) & 0x0F
            if format_type == 0x0A:  # Type 3
                check = CheckItem(
",""
"Variable:validator/hdlc_validator.py:addr_end","addr_end","validator/hdlc_validator.py",60,60,"            # HCS 位于地址域+控制域之后，信息域之前
            # 需要先解析地址域确定 HCS 位置
            addr_end = self._find_address_end(frame_bytes)
            if addr_end > 0 and addr_end + 2 < len(frame_bytes):
                hcs_pos = addr_end
",""
"Variable:validator/hdlc_validator.py:hcs_pos","hcs_pos","validator/hdlc_validator.py",62,62,"            addr_end = self._find_address_end(frame_bytes)
            if addr_end > 0 and addr_end + 2 < len(frame_bytes):
                hcs_pos = addr_end
                hcs_received = frame_bytes[hcs_pos] | (frame_bytes[hcs_pos + 1] << 8)
                hcs_data = frame_bytes[1:hcs_pos]  # 格式域 + 地址域 + 控制域
",""
"Variable:validator/hdlc_validator.py:hcs_received","hcs_received","validator/hdlc_validator.py",63,63,"            if addr_end > 0 and addr_end + 2 < len(frame_bytes):
                hcs_pos = addr_end
                hcs_received = frame_bytes[hcs_pos] | (frame_bytes[hcs_pos + 1] << 8)
                hcs_data = frame_bytes[1:hcs_pos]  # 格式域 + 地址域 + 控制域
                hcs_calc = self._calc_crc16_ccitt(hcs_data)
",""
"Variable:validator/hdlc_validator.py:hcs_data","hcs_data","validator/hdlc_validator.py",64,64,"                hcs_pos = addr_end
                hcs_received = frame_bytes[hcs_pos] | (frame_bytes[hcs_pos + 1] << 8)
                hcs_data = frame_bytes[1:hcs_pos]  # 格式域 + 地址域 + 控制域
                hcs_calc = self._calc_crc16_ccitt(hcs_data)
                if hcs_received == hcs_calc:
",""
"Variable:validator/hdlc_validator.py:hcs_calc","hcs_calc","validator/hdlc_validator.py",65,65,"                hcs_received = frame_bytes[hcs_pos] | (frame_bytes[hcs_pos + 1] << 8)
                hcs_data = frame_bytes[1:hcs_pos]  # 格式域 + 地址域 + 控制域
                hcs_calc = self._calc_crc16_ccitt(hcs_data)
                if hcs_received == hcs_calc:
                    check = CheckItem(
",""
"Variable:validator/hdlc_validator.py:fcs_pos","fcs_pos","validator/hdlc_validator.py",88,88,"        if len(frame_bytes) >= 7:
            # FCS 位于结束标志之前
            fcs_pos = len(frame_bytes) - 3  # 倒数第2-3字节是FCS，最后1字节是结束标志
            if fcs_pos >= 2:
                fcs_received = frame_bytes[fcs_pos] | (frame_bytes[fcs_pos + 1] << 8)
",""
"Variable:validator/hdlc_validator.py:fcs_received","fcs_received","validator/hdlc_validator.py",90,90,"            fcs_pos = len(frame_bytes) - 3  # 倒数第2-3字节是FCS，最后1字节是结束标志
            if fcs_pos >= 2:
                fcs_received = frame_bytes[fcs_pos] | (frame_bytes[fcs_pos + 1] << 8)
                fcs_data = frame_bytes[1:fcs_pos]  # 格式域到信息域
                fcs_calc = self._calc_crc16_ccitt(fcs_data)
",""
"Variable:validator/hdlc_validator.py:fcs_data","fcs_data","validator/hdlc_validator.py",91,91,"            if fcs_pos >= 2:
                fcs_received = frame_bytes[fcs_pos] | (frame_bytes[fcs_pos + 1] << 8)
                fcs_data = frame_bytes[1:fcs_pos]  # 格式域到信息域
                fcs_calc = self._calc_crc16_ccitt(fcs_data)
                if fcs_received == fcs_calc:
",""
"Variable:validator/hdlc_validator.py:fcs_calc","fcs_calc","validator/hdlc_validator.py",92,92,"                fcs_received = frame_bytes[fcs_pos] | (frame_bytes[fcs_pos + 1] << 8)
                fcs_data = frame_bytes[1:fcs_pos]  # 格式域到信息域
                fcs_calc = self._calc_crc16_ccitt(fcs_data)
                if fcs_received == fcs_calc:
                    check = CheckItem(
",""
"Variable:validator/hdlc_validator.py:pos","pos","validator/hdlc_validator.py",118,118,"        if len(data) < 3:
            return -1
        pos = 2  # 从第3字节开始（跳过起始标志和格式域）
        for i in range(pos, min(pos + 8, len(data))):
            if data[i] & 0x01:  # 最高位为1表示地址域结束
",""
"Variable:validator/gdw_validator.py:AFN_VALID_RANGE","AFN_VALID_RANGE","validator/gdw_validator.py",8,8,"    """"""国网协议帧合法性验证器""""""

    AFN_VALID_RANGE = range(0x00, 0xF2)  # AFN 合法范围

    def verify(self, frame_bytes: bytes) -> ValidationResult:
",""
"Variable:validator/gdw_validator.py:result","result","validator/gdw_validator.py",12,12,"    def verify(self, frame_bytes: bytes) -> ValidationResult:
        """"""验证国网协议帧的合法性""""""
        result = ValidationResult(protocol=""国网协议"", valid=True)

        # 1. 最小帧长度校验
",""
"Variable:validator/gdw_validator.py:check","check","validator/gdw_validator.py",15,15,"
        # 1. 最小帧长度校验
        check = self._check_min_length(frame_bytes, 8, ""国网协议"")
        result.checks.append(check)
        if check.level == CheckLevel.FAIL:
",""
"Variable:validator/gdw_validator.py:fmt_byte","fmt_byte","validator/gdw_validator.py",29,29,"        # 3. 格式域校验（第2-3字节）
        if len(frame_bytes) >= 4:
            fmt_byte = frame_bytes[1]
            # 格式域包含帧长度信息
            frame_len_from_fmt = ((frame_bytes[2] & 0x03) << 8) | fmt_byte
",""
"Variable:validator/gdw_validator.py:frame_len_from_fmt","frame_len_from_fmt","validator/gdw_validator.py",31,31,"            fmt_byte = frame_bytes[1]
            # 格式域包含帧长度信息
            frame_len_from_fmt = ((frame_bytes[2] & 0x03) << 8) | fmt_byte
            actual_len = len(frame_bytes)
            if actual_len < frame_len_from_fmt:
",""
"Variable:validator/gdw_validator.py:actual_len","actual_len","validator/gdw_validator.py",32,32,"            # 格式域包含帧长度信息
            frame_len_from_fmt = ((frame_bytes[2] & 0x03) << 8) | fmt_byte
            actual_len = len(frame_bytes)
            if actual_len < frame_len_from_fmt:
                check = CheckItem(
",""
"Variable:validator/gdw_validator.py:cs_pos","cs_pos","validator/gdw_validator.py",60,60,"        # 5. 校验和校验
        if len(frame_bytes) >= 8:
            cs_pos = len(frame_bytes) - 2
            cs_actual = frame_bytes[cs_pos]
            cs_data = frame_bytes[3:cs_pos]
",""
"Variable:validator/gdw_validator.py:cs_actual","cs_actual","validator/gdw_validator.py",61,61,"        if len(frame_bytes) >= 8:
            cs_pos = len(frame_bytes) - 2
            cs_actual = frame_bytes[cs_pos]
            cs_data = frame_bytes[3:cs_pos]
            cs_calc = self._calc_checksum_sum(cs_data)
",""
"Variable:validator/gdw_validator.py:cs_data","cs_data","validator/gdw_validator.py",62,62,"            cs_pos = len(frame_bytes) - 2
            cs_actual = frame_bytes[cs_pos]
            cs_data = frame_bytes[3:cs_pos]
            cs_calc = self._calc_checksum_sum(cs_data)
            if cs_actual == cs_calc:
",""
"Variable:validator/gdw_validator.py:cs_calc","cs_calc","validator/gdw_validator.py",63,63,"            cs_actual = frame_bytes[cs_pos]
            cs_data = frame_bytes[3:cs_pos]
            cs_calc = self._calc_checksum_sum(cs_data)
            if cs_actual == cs_calc:
                check = CheckItem(
",""
"Variable:validator/gdw_validator.py:afn","afn","validator/gdw_validator.py",85,85,"        # 6. AFN 值域检查
        if len(frame_bytes) >= 8:
            afn = frame_bytes[6]
            if afn in self.AFN_VALID_RANGE:
                check = CheckItem(
",""
"Variable:validator/dlt645_validator.py:START_CHAR","START_CHAR","validator/dlt645_validator.py",8,8,"    """"""DLT645-2007 协议帧合法性验证器""""""

    START_CHAR = 0x68
    END_CHAR = 0x16

",""
"Variable:validator/dlt645_validator.py:END_CHAR","END_CHAR","validator/dlt645_validator.py",9,9,"
    START_CHAR = 0x68
    END_CHAR = 0x16

    def verify(self, frame_bytes: bytes) -> ValidationResult:
",""
"Variable:validator/dlt645_validator.py:result","result","validator/dlt645_validator.py",13,13,"    def verify(self, frame_bytes: bytes) -> ValidationResult:
        """"""验证 DLT645 帧的合法性""""""
        result = ValidationResult(protocol=""DLT645-2007"", valid=True)

        # 1. 最小帧长度校验
",""
"Variable:validator/dlt645_validator.py:check","check","validator/dlt645_validator.py",16,16,"
        # 1. 最小帧长度校验
        check = self._check_min_length(frame_bytes, 12, ""DLT645"")
        result.checks.append(check)
        if check.level == CheckLevel.FAIL:
",""
"Variable:validator/dlt645_validator.py:cs_pos","cs_pos","validator/dlt645_validator.py",43,43,"        # 5. 校验和校验（所有字节累加和 & 0xFF）
        if len(frame_bytes) >= 12:
            cs_pos = len(frame_bytes) - 2  # 倒数第2字节
            cs_actual = frame_bytes[cs_pos]
            cs_data = frame_bytes[0:cs_pos]  # 从第一个0x68到校验和之前
",""
"Variable:validator/dlt645_validator.py:cs_actual","cs_actual","validator/dlt645_validator.py",44,44,"        if len(frame_bytes) >= 12:
            cs_pos = len(frame_bytes) - 2  # 倒数第2字节
            cs_actual = frame_bytes[cs_pos]
            cs_data = frame_bytes[0:cs_pos]  # 从第一个0x68到校验和之前
            cs_calc = self._calc_checksum_sum(cs_data)
",""
"Variable:validator/dlt645_validator.py:cs_data","cs_data","validator/dlt645_validator.py",45,45,"            cs_pos = len(frame_bytes) - 2  # 倒数第2字节
            cs_actual = frame_bytes[cs_pos]
            cs_data = frame_bytes[0:cs_pos]  # 从第一个0x68到校验和之前
            cs_calc = self._calc_checksum_sum(cs_data)
            if cs_actual == cs_calc:
",""
"Variable:validator/dlt645_validator.py:cs_calc","cs_calc","validator/dlt645_validator.py",46,46,"            cs_actual = frame_bytes[cs_pos]
            cs_data = frame_bytes[0:cs_pos]  # 从第一个0x68到校验和之前
            cs_calc = self._calc_checksum_sum(cs_data)
            if cs_actual == cs_calc:
                check = CheckItem(
",""
"Variable:validator/dlt645_validator.py:data_len","data_len","validator/dlt645_validator.py",68,68,"        # 6. 数据长度字段检查
        if len(frame_bytes) >= 11:
            data_len = frame_bytes[9]  # 第10字节是数据长度
            if data_len > 200:  # 合理性检查
                check = CheckItem(
",""
"Variable:validator/base.py:PASS","PASS","validator/base.py",13,13,"class CheckLevel(Enum):
    """"""校验结果级别""""""
    PASS = ""pass""      # 通过
    FAIL = ""fail""      # 失败
    WARN = ""warn""      # 警告
",""
"Variable:validator/base.py:FAIL","FAIL","validator/base.py",14,14,"    """"""校验结果级别""""""
    PASS = ""pass""      # 通过
    FAIL = ""fail""      # 失败
    WARN = ""warn""      # 警告

",""
"Variable:validator/base.py:WARN","WARN","validator/base.py",15,15,"    PASS = ""pass""      # 通过
    FAIL = ""fail""      # 失败
    WARN = ""warn""      # 警告


",""
"Variable:validator/base.py:name","name","validator/base.py",21,21,"class CheckItem:
    """"""单个校验项结果""""""
    name: str           # 校验项名称（如""起始字符""、""校验和""）
    level: CheckLevel   # 校验结果级别
    expected: str       # 期望值（如""0x68""）
",""
"Variable:validator/base.py:level","level","validator/base.py",22,22,"    """"""单个校验项结果""""""
    name: str           # 校验项名称（如""起始字符""、""校验和""）
    level: CheckLevel   # 校验结果级别
    expected: str       # 期望值（如""0x68""）
    actual: str         # 实际值
",""
"Variable:validator/base.py:expected","expected","validator/base.py",23,23,"    name: str           # 校验项名称（如""起始字符""、""校验和""）
    level: CheckLevel   # 校验结果级别
    expected: str       # 期望值（如""0x68""）
    actual: str         # 实际值
    message: str        # 描述信息
",""
"Variable:validator/base.py:actual","actual","validator/base.py",24,24,"    level: CheckLevel   # 校验结果级别
    expected: str       # 期望值（如""0x68""）
    actual: str         # 实际值
    message: str        # 描述信息

",""
"Variable:validator/base.py:message","message","validator/base.py",25,25,"    expected: str       # 期望值（如""0x68""）
    actual: str         # 实际值
    message: str        # 描述信息

    @property
",""
"Variable:validator/base.py:protocol","protocol","validator/base.py",41,41,"class ValidationResult:
    """"""验证结果""""""
    protocol: str                    # 协议名称
    valid: bool                      # 整体是否通过
    checks: List[CheckItem] = field(default_factory=list)
",""
"Variable:validator/base.py:valid","valid","validator/base.py",42,42,"    """"""验证结果""""""
    protocol: str                    # 协议名称
    valid: bool                      # 整体是否通过
    checks: List[CheckItem] = field(default_factory=list)
    warnings: List[str] = field(default_factory=list)
",""
"Variable:validator/base.py:checks","checks","validator/base.py",43,43,"    protocol: str                    # 协议名称
    valid: bool                      # 整体是否通过
    checks: List[CheckItem] = field(default_factory=list)
    warnings: List[str] = field(default_factory=list)
    errors: List[str] = field(default_factory=list)
",""
"Variable:validator/base.py:warnings","warnings","validator/base.py",44,44,"    valid: bool                      # 整体是否通过
    checks: List[CheckItem] = field(default_factory=list)
    warnings: List[str] = field(default_factory=list)
    errors: List[str] = field(default_factory=list)

",""
"Variable:validator/base.py:errors","errors","validator/base.py",45,45,"    checks: List[CheckItem] = field(default_factory=list)
    warnings: List[str] = field(default_factory=list)
    errors: List[str] = field(default_factory=list)

    @property
",""
"Variable:validator/base.py:status","status","validator/base.py",61,61,"    def summary(self) -> str:
        """"""返回摘要字符串""""""
        status = ""通过"" if self.valid else ""失败""
        parts = [f""[{status}]""]
        parts.append(f""通过{self.pass_count}项"")
",""
"Variable:validator/base.py:parts","parts","validator/base.py",62,62,"        """"""返回摘要字符串""""""
        status = ""通过"" if self.valid else ""失败""
        parts = [f""[{status}]""]
        parts.append(f""通过{self.pass_count}项"")
        if self.fail_count > 0:
",""
"Variable:validator/base.py:crc_table","crc_table","validator/base.py",179,212,"    def _calc_crc16_ccitt(self, data: bytes) -> int:
        """"""计算 CRC16-CCITT 校验（初始值0xFFFF，最终异或0xFFFF）""""""
        crc_table = [
            0x0000, 0x1189, 0x2312, 0x329b, 0x4624, 0x57ad, 0x6536, 0x74bf,
            0x8c48, 0x9dc1, 0xaf5a, 0xbed3, 0xca6c, 0xdbe5, 0xe97e, 0xf8f7,
            0x1081, 0x0108, 0x3393, 0x221a, 0x56a5, 0x472c, 0x75b7, 0x643e,
            0x9cc9, 0x8d40, 0xbfdb, 0xae52, 0xdaed, 0xcb64, 0xf9ff, 0xe876,
            0x2102, 0x308b, 0x0210, 0x1399, 0x6726, 0x76af, 0x4434, 0x55bd,
            0xad4a, 0xbcc3, 0x8e58, 0x9fd1, 0xeb6e, 0xfae7, 0xc87c, 0xd9f5,
            0x3183, 0x200a, 0x1291, 0x0318, 0x77a7, 0x662e, 0x54b5, 0x453c,
            0xbdcb, 0xac42, 0x9ed9, 0x8f50, 0xfbef, 0xea66, 0xd8fd, 0xc974,
            0x4204, 0x538d, 0x6116, 0x709f, 0x0420, 0x15a9, 0x2732, 0x36bb,
            0xce4c, 0xdfc5, 0xed5e, 0xfcd7, 0x8868, 0x99e1, 0xab7a, 0xbaf3,
            0x5285, 0x430c, 0x7197, 0x601e, 0x14a1, 0x0528, 0x37b3, 0x263a,
            0xdecd, 0xcf44, 0xfddf, 0xec56, 0x98e9, 0x8960, 0xbbfb, 0xaa72,
            0x6306, 0x728f, 0x4014, 0x519d, 0x2522, 0x34ab, 0x0630, 0x17b9,
            0xef4e, 0xfec7, 0xcc5c, 0xddd5, 0xa96a, 0xb8e3, 0x8a78, 0x9bf1,
            0x7387, 0x620e, 0x5095, 0x411c, 0x35a3, 0x242a, 0x16b1, 0x0738,
            0xffcf, 0xee46, 0xdcdd, 0xcd54, 0xb9eb, 0xa862, 0x9af9, 0x8b70,
            0x8408, 0x9581, 0xa71a, 0xb693, 0xc22c, 0xd3a5, 0xe13e, 0xf0b7,
            0x0840, 0x19c9, 0x2b52, 0x3adb, 0x4e64, 0x5fed, 0x6d76, 0x7cff,
            0x9489, 0x8500, 0xb79b, 0xa612, 0xd2ad, 0xc324, 0xf1bf, 0xe036,
            0x18c1, 0x0948, 0x3bd3, 0x2a5a, 0x5ee5, 0x4f6c, 0x7df7, 0x6c7e,
            0xa50a, 0xb483, 0x8618, 0x9791, 0xe32e, 0xf2a7, 0xc03c, 0xd1b5,
            0x2942, 0x38cb, 0x0a50, 0x1bd9, 0x6f66, 0x7eef, 0x4c74, 0x5dfd,
            0xb58b, 0xa402, 0x9699, 0x8710, 0xf3af, 0xe226, 0xd0bd, 0xc134,
            0x39c3, 0x284a, 0x1ad1, 0x0b58, 0x7fe7, 0x6e6e, 0x5cf5, 0x4d7c,
            0xc60c, 0xd785, 0xe51e, 0xf497, 0x8028, 0x91a1, 0xa33a, 0xb2b3,
            0x4a44, 0x5bcd, 0x6956, 0x78df, 0x0c60, 0x1de9, 0x2f72, 0x3efb,
            0xd68d, 0xc704, 0xf59f, 0xe416, 0x90a9, 0x8120, 0xb3bb, 0xa232,
            0x5ac5, 0x4b4c, 0x79d7, 0x685e, 0x1ce1, 0x0d68, 0x3ff3, 0x2e7a,
            0xe70e, 0xf687, 0xc41c, 0xd595, 0xa12a, 0xb0a3, 0x8238, 0x93b1,
            0x6b46, 0x7acf, 0x4854, 0x59dd, 0x2d62, 0x3ceb, 0x0e70, 0x1ff9,
            0xf78f, 0xe606, 0xd49d, 0xc514, 0xb1ab, 0xa022, 0x92b9, 0x8330,
            0x7bc7, 0x6a4e, 0x58d5, 0x495c, 0x3de3, 0x2c6a, 0x1ef1, 0x0f78
        ]
        fcs = 0xFFFF
        for byte in data:
",""
"Variable:validator/base.py:fcs","fcs","validator/base.py",213,213,"            0x7bc7, 0x6a4e, 0x58d5, 0x495c, 0x3de3, 0x2c6a, 0x1ef1, 0x0f78
        ]
        fcs = 0xFFFF
        for byte in data:
            fcs = ((fcs >> 8) ^ crc_table[(fcs ^ byte) & 0xFF]) & 0xFFFF
",""
"Variable:templates/test_templates.py:name","name","templates/test_templates.py",14,14,"class TestTemplate:
    """"""测试用例模板""""""
    name: str                    # 模板名称
    description: str             # 描述
    protocol: str                # 协议类型（south/gdw/hdlc/plc_rf/dlt645）
",""
"Variable:templates/test_templates.py:description","description","templates/test_templates.py",15,15,"    """"""测试用例模板""""""
    name: str                    # 模板名称
    description: str             # 描述
    protocol: str                # 协议类型（south/gdw/hdlc/plc_rf/dlt645）
    category: str                # 分类（组网/档案/任务/时间/查询等）
",""
"Variable:templates/test_templates.py:protocol","protocol","templates/test_templates.py",16,16,"    name: str                    # 模板名称
    description: str             # 描述
    protocol: str                # 协议类型（south/gdw/hdlc/plc_rf/dlt645）
    category: str                # 分类（组网/档案/任务/时间/查询等）
    items: List[Dict[str, Any]]  # 测试项列表
",""
"Variable:templates/test_templates.py:category","category","templates/test_templates.py",17,17,"    description: str             # 描述
    protocol: str                # 协议类型（south/gdw/hdlc/plc_rf/dlt645）
    category: str                # 分类（组网/档案/任务/时间/查询等）
    items: List[Dict[str, Any]]  # 测试项列表

",""
"Variable:templates/test_templates.py:items","items","templates/test_templates.py",18,18,"    protocol: str                # 协议类型（south/gdw/hdlc/plc_rf/dlt645）
    category: str                # 分类（组网/档案/任务/时间/查询等）
    items: List[Dict[str, Any]]  # 测试项列表


",""
"Variable:templates/test_templates.py:TEMPLATE_NETWORKING","TEMPLATE_NETWORKING","templates/test_templates.py",22,172,"
# 预置模板：组网完整流程
TEMPLATE_NETWORKING = TestTemplate(
    name=""组网完整流程"",
    description=""复位 → 查询 → 初始化档案 → 添加从节点 → 等待组网 → 查询拓扑"",
    protocol=""south"",
    category=""组网"",
    items=[
        {
            ""name"": ""复位硬件"",
            ""frame_hex"": ""680C00000100010102E8ED16"",
            ""match_rule"": ""682A00C80300020300E8029808000202129078563412FC0301000F00010817484C3039XXXXXXXXXXXX16"",
            ""match_mode"": ""HEX"",
            ""timeout_ms"": 5000,
            ""send_enabled"": True,
            ""match_enabled"": True,
            ""response_frame"": ""680E00880000010001E800007216"",
            ""persistent"": False
        },
        {
            ""name"": ""回复集中器时间"",
            ""frame_hex"": """",
            ""match_rule"": ""680C00C806XX010606E8XX16"",
            ""match_mode"": ""HEX"",
            ""timeout_ms"": 600000,
            ""send_enabled"": False,
            ""match_enabled"": True,
            ""response_frame"": ""681200000606010606E8【\""time\"",6,Y-M-D-h-m-s,\""little\""】【\""CS\"",1,3:-2,\""little\""】16"",
            ""persistent"": True
        },
        {
            ""name"": ""查询最大网络规模"",
            ""frame_hex"": ""680C000003006A0300E85816"",
            ""match_rule"": ""68 0E 00 88 03 00 6A 03 00 E8 F7 03 DA 16"",
            ""match_mode"": ""HEX"",
            ""timeout_ms"": 2000,
            ""send_enabled"": True,
            ""match_enabled"": True,
            ""response_frame"": """",
            ""persistent"": False
        },
        {
            ""name"": ""查询多网络信息"",
            ""frame_hex"": ""680C00000300910300E87F16"",
            ""match_rule"": ""68 14 00 88 03 00 91 03 00 E8 00 01 12 90 78 56 34 12 BE 16"",
            ""match_mode"": ""HEX"",
            ""timeout_ms"": 2000,
            ""send_enabled"": True,
            ""match_enabled"": True,
            ""response_frame"": """",
            ""persistent"": False
        },
        {
            ""name"": ""查询并发数"",
            ""frame_hex"": ""680C00000300950300E88316"",
            ""match_rule"": ""68 0D 00 88 03 00 95 03 00 E8 14 1F 16"",
            ""match_mode"": ""HEX"",
            ""timeout_ms"": 2000,
            ""send_enabled"": True,
            ""match_enabled"": True,
            ""response_frame"": """",
            ""persistent"": False
        },
        {
            ""name"": ""查询宽带载波频段"",
            ""frame_hex"": ""680C00000300900300E87E16"",
            ""match_rule"": ""68 0D 00 88 03 00 90 03 00 E8 XX XX 16"",
            ""match_mode"": ""HEX"",
            ""timeout_ms"": 2000,
            ""send_enabled"": True,
            ""match_enabled"": True,
            ""response_frame"": """",
            ""persistent"": False
        },
        {
            ""name"": ""查询主节点运行信息"",
            ""frame_hex"": ""680C000003006F0300E85D16"",
            ""match_rule"": ""6825008803006F0300E8XXXXXXXXFFFFFFFFFFFFFFFFFFFFFFXXXXXXXXXXXXXX000000XX16"",
            ""match_mode"": ""HEX"",
            ""timeout_ms"": 2000,
            ""send_enabled"": True,
            ""match_enabled"": True,
            ""response_frame"": """",
            ""persistent"": False
        },
        {
            ""name"": ""查询台区组网成功率"",
            ""frame_hex"": ""680C00000300970300E88516"",
            ""match_rule"": ""680E00880300970300E8XXXXXX16"",
            ""match_mode"": ""HEX"",
            ""timeout_ms"": 2000,
            ""send_enabled"": True,
            ""match_enabled"": True,
            ""response_frame"": """",
            ""persistent"": False
        },
        {
            ""name"": ""初始化档案"",
            ""frame_hex"": ""680C00000100020102E8EE16"",
            ""match_rule"": ""680E00880000010001E8XXXXXX16"",
            ""match_mode"": ""HEX"",
            ""timeout_ms"": 2000,
            ""send_enabled"": True,
            ""match_enabled"": True,
            ""response_frame"": """",
            ""persistent"": False
        },
        {
            ""name"": ""添加从节点"",
            ""frame_hex"": ""681300000400020402E8012200000000001716"",
            ""match_rule"": ""680E00880000010001E800007216"",
            ""match_mode"": ""HEX"",
            ""timeout_ms"": 2000,
            ""send_enabled"": True,
            ""match_enabled"": True,
            ""response_frame"": """",
            ""persistent"": False
        },
        {
            ""name"": ""查询从节点数量"",
            ""frame_hex"": ""680C00000300050300E8F316"",
            ""match_rule"": ""680E00880300050300E801007C16"",
            ""match_mode"": ""HEX"",
            ""timeout_ms"": 2000,
            ""send_enabled"": True,
            ""match_enabled"": True,
            ""response_frame"": """",
            ""persistent"": False
        },
        {
            ""name"": ""等待组网"",
            ""frame_hex"": """",
            ""match_rule"": """",
            ""match_mode"": ""HEX"",
            ""timeout_ms"": 60000,
            ""send_enabled"": False,
            ""match_enabled"": False,
            ""response_frame"": """",
            ""persistent"": False
        },
        {
            ""name"": ""查询网络拓扑信息"",
            ""frame_hex"": ""680F00000300650303E80000025816"",
          
... [truncated]",""
"Variable:templates/test_templates.py:TEMPLATE_TASK_MANAGEMENT","TEMPLATE_TASK_MANAGEMENT","templates/test_templates.py",175,226,"
# 预置模板：任务管理流程
TEMPLATE_TASK_MANAGEMENT = TestTemplate(
    name=""任务管理流程"",
    description=""初始化任务 → 启动任务 → 添加任务 → 等待数据上报"",
    protocol=""south"",
    category=""任务"",
    items=[
        {
            ""name"": ""初始化任务"",
            ""frame_hex"": ""680C00000100030102E8EF16"",
            ""match_rule"": ""680E00880000010001E800007216"",
            ""match_mode"": ""HEX"",
            ""timeout_ms"": 2000,
            ""send_enabled"": True,
            ""match_enabled"": True,
            ""response_frame"": """",
            ""persistent"": False
        },
        {
            ""name"": ""启动任务"",
            ""frame_hex"": ""681800200000000000002200000000000200080202E83816"",
            ""match_rule"": ""680E00880000010001E800007216"",
            ""match_mode"": ""HEX"",
            ""timeout_ms"": 2000,
            ""send_enabled"": True,
            ""match_enabled"": True,
            ""response_frame"": """",
            ""persistent"": False
        },
        {
            ""name"": ""添加任务"",
            ""frame_hex"": ""682600200000000000002200000000000200010202E80000801E00070001020304050607F216"",
            ""match_rule"": ""680E00880000010001E800007216"",
            ""match_mode"": ""HEX"",
            ""timeout_ms"": 2000,
            ""send_enabled"": True,
            ""match_enabled"": True,
            ""response_frame"": """",
            ""persistent"": False
        },
        {
            ""name"": ""延时等待任务数据上报"",
            ""frame_hex"": """",
            ""match_rule"": ""681500C80500050505E8000022000000000001E716"",
            ""match_mode"": ""HEX"",
            ""timeout_ms"": 25000,
            ""send_enabled"": False,
            ""match_enabled"": True,
            ""response_frame"": ""680E00880000010001E800007216"",
            ""persistent"": False
        }
    ]
)

# 预置模板：档案管理流程
",""
"Variable:templates/test_templates.py:TEMPLATE_ARCHIVE_MANAGEMENT","TEMPLATE_ARCHIVE_MANAGEMENT","templates/test_templates.py",229,269,"
# 预置模板：档案管理流程
TEMPLATE_ARCHIVE_MANAGEMENT = TestTemplate(
    name=""档案管理流程"",
    description=""初始化档案 → 添加从节点 → 查询从节点 → 删除从节点"",
    protocol=""south"",
    category=""档案"",
    items=[
        {
            ""name"": ""初始化档案"",
            ""frame_hex"": ""680C00000100020102E8EE16"",
            ""match_rule"": ""680E00880000010001E8XXXXXX16"",
            ""match_mode"": ""HEX"",
            ""timeout_ms"": 2000,
            ""send_enabled"": True,
            ""match_enabled"": True,
            ""response_frame"": """",
            ""persistent"": False
        },
        {
            ""name"": ""添加从节点1"",
            ""frame_hex"": ""681300000400020402E8012200000000001716"",
            ""match_rule"": ""680E00880000010001E800007216"",
            ""match_mode"": ""HEX"",
            ""timeout_ms"": 2000,
            ""send_enabled"": True,
            ""match_enabled"": True,
            ""response_frame"": """",
            ""persistent"": False
        },
        {
            ""name"": ""查询从节点数量"",
            ""frame_hex"": ""680C00000300050300E8F316"",
            ""match_rule"": ""680E00880300050300E801007C16"",
            ""match_mode"": ""HEX"",
            ""timeout_ms"": 2000,
            ""send_enabled"": True,
            ""match_enabled"": True,
            ""response_frame"": """",
            ""persistent"": False
        }
    ]
)

# 预置模板：常见查询命令
",""
"Variable:templates/test_templates.py:TEMPLATE_COMMON_QUERIES","TEMPLATE_COMMON_QUERIES","templates/test_templates.py",272,312,"
# 预置模板：常见查询命令
TEMPLATE_COMMON_QUERIES = TestTemplate(
    name=""常见查询命令"",
    description=""查询厂商代码、查询版本、查询运行状态等常用查询"",
    protocol=""south"",
    category=""查询"",
    items=[
        {
            ""name"": ""查询厂商代码"",
            ""frame_hex"": ""680C00000300010300E8EF16"",
            ""match_rule"": ""68XX00880300010300E8XXXXXX16"",
            ""match_mode"": ""HEX"",
            ""timeout_ms"": 2000,
            ""send_enabled"": True,
            ""match_enabled"": True,
            ""response_frame"": """",
            ""persistent"": False
        },
        {
            ""name"": ""查询硬件版本"",
            ""frame_hex"": ""680C00000300020300E8F016"",
            ""match_rule"": ""68XX00880300020300E8XXXXXX16"",
            ""match_mode"": ""HEX"",
            ""timeout_ms"": 2000,
            ""send_enabled"": True,
            ""match_enabled"": True,
            ""response_frame"": """",
            ""persistent"": False
        },
        {
            ""name"": ""查询软件版本"",
            ""frame_hex"": ""680C00000300030300E8F116"",
            ""match_rule"": ""68XX00880300030300E8XXXXXX16"",
            ""match_mode"": ""HEX"",
            ""timeout_ms"": 2000,
            ""send_enabled"": True,
            ""match_enabled"": True,
            ""response_frame"": """",
            ""persistent"": False
        }
    ]
)

# 所有预置模板
",""
"Variable:templates/test_templates.py:ALL_TEMPLATES","ALL_TEMPLATES","templates/test_templates.py",315,320,"
# 所有预置模板
ALL_TEMPLATES = [
    TEMPLATE_NETWORKING,
    TEMPLATE_TASK_MANAGEMENT,
    TEMPLATE_ARCHIVE_MANAGEMENT,
    TEMPLATE_COMMON_QUERIES,
]


",""
"Variable:templates/test_templates.py:data","data","templates/test_templates.py",355,355,"    try:
        with open(file_path, 'r', encoding='utf-8') as f:
            data = json.load(f)

        if isinstance(data, list):
",""
"Variable:report/excel_reporter.py:HEADER_FONT","HEADER_FONT","report/excel_reporter.py",21,21,"
    # 样式定义
    HEADER_FONT = Font(name='微软雅黑', bold=True, size=11, color='FFFFFF')
    HEADER_FILL = PatternFill(start_color='4472C4', end_color='4472C4', fill_type='solid')
    HEADER_ALIGNMENT = Alignment(horizontal='center', vertical='center', wrap_text=True)
",""
"Variable:report/excel_reporter.py:HEADER_FILL","HEADER_FILL","report/excel_reporter.py",22,22,"    # 样式定义
    HEADER_FONT = Font(name='微软雅黑', bold=True, size=11, color='FFFFFF')
    HEADER_FILL = PatternFill(start_color='4472C4', end_color='4472C4', fill_type='solid')
    HEADER_ALIGNMENT = Alignment(horizontal='center', vertical='center', wrap_text=True)

",""
"Variable:report/excel_reporter.py:HEADER_ALIGNMENT","HEADER_ALIGNMENT","report/excel_reporter.py",23,23,"    HEADER_FONT = Font(name='微软雅黑', bold=True, size=11, color='FFFFFF')
    HEADER_FILL = PatternFill(start_color='4472C4', end_color='4472C4', fill_type='solid')
    HEADER_ALIGNMENT = Alignment(horizontal='center', vertical='center', wrap_text=True)

    PASS_FILL = PatternFill(start_color='C6EFCE', end_color='C6EFCE', fill_type='solid')
",""
"Variable:report/excel_reporter.py:PASS_FILL","PASS_FILL","report/excel_reporter.py",25,25,"    HEADER_ALIGNMENT = Alignment(horizontal='center', vertical='center', wrap_text=True)

    PASS_FILL = PatternFill(start_color='C6EFCE', end_color='C6EFCE', fill_type='solid')
    PASS_FONT = Font(color='006100')

",""
"Variable:report/excel_reporter.py:PASS_FONT","PASS_FONT","report/excel_reporter.py",26,26,"
    PASS_FILL = PatternFill(start_color='C6EFCE', end_color='C6EFCE', fill_type='solid')
    PASS_FONT = Font(color='006100')

    FAIL_FILL = PatternFill(start_color='FFC7CE', end_color='FFC7CE', fill_type='solid')
",""
"Variable:report/excel_reporter.py:FAIL_FILL","FAIL_FILL","report/excel_reporter.py",28,28,"    PASS_FONT = Font(color='006100')

    FAIL_FILL = PatternFill(start_color='FFC7CE', end_color='FFC7CE', fill_type='solid')
    FAIL_FONT = Font(color='9C0006')

",""
"Variable:report/excel_reporter.py:FAIL_FONT","FAIL_FONT","report/excel_reporter.py",29,29,"
    FAIL_FILL = PatternFill(start_color='FFC7CE', end_color='FFC7CE', fill_type='solid')
    FAIL_FONT = Font(color='9C0006')

    WARN_FILL = PatternFill(start_color='FFEB9C', end_color='FFEB9C', fill_type='solid')
",""
"Variable:report/excel_reporter.py:WARN_FILL","WARN_FILL","report/excel_reporter.py",31,31,"    FAIL_FONT = Font(color='9C0006')

    WARN_FILL = PatternFill(start_color='FFEB9C', end_color='FFEB9C', fill_type='solid')
    WARN_FONT = Font(color='9C6500')

",""
"Variable:report/excel_reporter.py:WARN_FONT","WARN_FONT","report/excel_reporter.py",32,32,"
    WARN_FILL = PatternFill(start_color='FFEB9C', end_color='FFEB9C', fill_type='solid')
    WARN_FONT = Font(color='9C6500')

    NORMAL_FONT = Font(name='微软雅黑', size=10)
",""
"Variable:report/excel_reporter.py:NORMAL_FONT","NORMAL_FONT","report/excel_reporter.py",34,34,"    WARN_FONT = Font(color='9C6500')

    NORMAL_FONT = Font(name='微软雅黑', size=10)
    TITLE_FONT = Font(name='微软雅黑', bold=True, size=14)
    SUBTITLE_FONT = Font(name='微软雅黑', bold=True, size=11)
",""
"Variable:report/excel_reporter.py:TITLE_FONT","TITLE_FONT","report/excel_reporter.py",35,35,"
    NORMAL_FONT = Font(name='微软雅黑', size=10)
    TITLE_FONT = Font(name='微软雅黑', bold=True, size=14)
    SUBTITLE_FONT = Font(name='微软雅黑', bold=True, size=11)

",""
"Variable:report/excel_reporter.py:SUBTITLE_FONT","SUBTITLE_FONT","report/excel_reporter.py",36,36,"    NORMAL_FONT = Font(name='微软雅黑', size=10)
    TITLE_FONT = Font(name='微软雅黑', bold=True, size=14)
    SUBTITLE_FONT = Font(name='微软雅黑', bold=True, size=11)

    THIN_BORDER = Border(
",""
"Variable:report/excel_reporter.py:THIN_BORDER","THIN_BORDER","report/excel_reporter.py",38,43,"    SUBTITLE_FONT = Font(name='微软雅黑', bold=True, size=11)

    THIN_BORDER = Border(
        left=Side(style='thin'),
        right=Side(style='thin'),
        top=Side(style='thin'),
        bottom=Side(style='thin')
    )

    def export(self, file_path: str, test_items: List[Dict[str, Any]],
",""
"Variable:report/excel_reporter.py:wb","wb","report/excel_reporter.py",61,61,"            保存的文件路径
        """"""
        wb = Workbook()

        # Sheet 1: 测试概要
",""
"Variable:report/excel_reporter.py:ws","ws","report/excel_reporter.py",80,80,"                              end_time: Optional[datetime]):
        """"""创建测试概要 Sheet""""""
        ws = wb.active
        ws.title = ""测试概要""

",""
"Variable:report/excel_reporter.py:total","total","report/excel_reporter.py",90,90,"
        # 统计数据
        total = len(items)
        passed = sum(1 for item in items if item.get('test_result') == '通过')
        failed = sum(1 for item in items if item.get('test_result') == '失败')
",""
"Variable:report/excel_reporter.py:passed","passed","report/excel_reporter.py",91,91,"        # 统计数据
        total = len(items)
        passed = sum(1 for item in items if item.get('test_result') == '通过')
        failed = sum(1 for item in items if item.get('test_result') == '失败')
        timeout = sum(1 for item in items if item.get('test_result') == '超时')
",""
"Variable:report/excel_reporter.py:failed","failed","report/excel_reporter.py",92,92,"        total = len(items)
        passed = sum(1 for item in items if item.get('test_result') == '通过')
        failed = sum(1 for item in items if item.get('test_result') == '失败')
        timeout = sum(1 for item in items if item.get('test_result') == '超时')
        skipped = sum(1 for item in items if item.get('test_result') == '未测')
",""
"Variable:report/excel_reporter.py:timeout","timeout","report/excel_reporter.py",93,93,"        passed = sum(1 for item in items if item.get('test_result') == '通过')
        failed = sum(1 for item in items if item.get('test_result') == '失败')
        timeout = sum(1 for item in items if item.get('test_result') == '超时')
        skipped = sum(1 for item in items if item.get('test_result') == '未测')

",""
"Variable:report/excel_reporter.py:skipped","skipped","report/excel_reporter.py",94,94,"        failed = sum(1 for item in items if item.get('test_result') == '失败')
        timeout = sum(1 for item in items if item.get('test_result') == '超时')
        skipped = sum(1 for item in items if item.get('test_result') == '未测')

        pass_rate = (passed / total * 100) if total > 0 else 0
",""
"Variable:report/excel_reporter.py:pass_rate","pass_rate","report/excel_reporter.py",96,96,"        skipped = sum(1 for item in items if item.get('test_result') == '未测')

        pass_rate = (passed / total * 100) if total > 0 else 0

        # 概要信息
",""
"Variable:report/excel_reporter.py:summary_data","summary_data","report/excel_reporter.py",99,108,"
        # 概要信息
        summary_data = [
            (""测试信息"", """", """", """", """", """"),
            (""测试开始时间"", start_time.strftime(""%Y-%m-%d %H:%M:%S"") if start_time else ""未记录"", """", """", """", """"),
            (""测试结束时间"", end_time.strftime(""%Y-%m-%d %H:%M:%S"") if end_time else ""未记录"", """", """", """", """"),
            ("""", """", """", """", """", """"),
            (""测试统计"", """", """", """", """", """"),
            (""总步骤数"", total, """", ""通过数"", passed, """"),
            (""失败数"", failed, """", ""超时数"", timeout, """"),
            (""未测数"", skipped, """", ""通过率"", f""{pass_rate:.1f}%"", """"),
        ]

        for row_idx, row_data in enumerate(summary_data, start=3):
",""
"Variable:report/excel_reporter.py:cell","cell","report/excel_reporter.py",112,112,"        for row_idx, row_data in enumerate(summary_data, start=3):
            for col_idx, value in enumerate(row_data, start=1):
                cell = ws.cell(row=row_idx, column=col_idx, value=value)
                cell.font = self.NORMAL_FONT
                cell.border = self.THIN_BORDER
",""
"Variable:report/excel_reporter.py:headers","headers","report/excel_reporter.py",131,131,"
        # 表头
        headers = [""序号"", ""测试项名称"", ""发送帧"", ""匹配规则"", ""响应帧"", ""匹配结果"", ""状态""]
        for col_idx, header in enumerate(headers, start=1):
            cell = ws.cell(row=1, column=col_idx, value=header)
",""
"Variable:report/excel_reporter.py:frame_hex","frame_hex","report/excel_reporter.py",148,148,"
            # 发送帧
            frame_hex = item.get('frame_hex', '')
            ws.cell(row=row_idx, column=3, value=self._format_hex(frame_hex)).font = self.NORMAL_FONT

",""
"Variable:report/excel_reporter.py:match_rule","match_rule","report/excel_reporter.py",152,152,"
            # 匹配规则
            match_rule = item.get('match_rule', '')
            ws.cell(row=row_idx, column=4, value=self._format_hex(match_rule)).font = self.NORMAL_FONT

",""
"Variable:report/excel_reporter.py:response","response","report/excel_reporter.py",156,156,"
            # 响应帧
            response = item.get('response_frame', '')
            ws.cell(row=row_idx, column=5, value=self._format_hex(response)).font = self.NORMAL_FONT

",""
"Variable:report/excel_reporter.py:result","result","report/excel_reporter.py",160,160,"
            # 匹配结果
            result = item.get('test_result', '未测')
            result_cell = ws.cell(row=row_idx, column=6, value=result)
            result_cell.font = self.NORMAL_FONT
",""
"Variable:report/excel_reporter.py:result_cell","result_cell","report/excel_reporter.py",161,161,"            # 匹配结果
            result = item.get('test_result', '未测')
            result_cell = ws.cell(row=row_idx, column=6, value=result)
            result_cell.font = self.NORMAL_FONT
            if result == '通过':
",""
"Variable:report/excel_reporter.py:status","status","report/excel_reporter.py",174,174,"
            # 状态
            status = item.get('status', '待测')
            ws.cell(row=row_idx, column=7, value=status).font = self.NORMAL_FONT

",""
"Variable:report/excel_reporter.py:lines","lines","report/excel_reporter.py",201,201,"        # 日志内容
        if log_text:
            lines = log_text.split('\n')
            for row_idx, line in enumerate(lines, start=3):
                cell = ws.cell(row=row_idx, column=1, value=line)
",""
"Variable:report/excel_reporter.py:clean","clean","report/excel_reporter.py",213,213,"        if not hex_str:
            return """"
        clean = hex_str.replace("" "", """").upper()
        return "" "".join(clean[i:i+2] for i in range(0, len(clean), 2))
",""
"Variable:monitor/frame_monitor.py:frame_selected","frame_selected","monitor/frame_monitor.py",22,22,"
    # 信号
    frame_selected = Signal(bytes)  # 用户选中帧时发出
    add_to_test_plan = Signal(str, str)  # 添加到测试方案 (name, frame_hex)

",""
"Variable:monitor/frame_monitor.py:add_to_test_plan","add_to_test_plan","monitor/frame_monitor.py",23,23,"    # 信号
    frame_selected = Signal(bytes)  # 用户选中帧时发出
    add_to_test_plan = Signal(str, str)  # 添加到测试方案 (name, frame_hex)

    # 最大历史记录数
",""
"Variable:monitor/frame_monitor.py:MAX_HISTORY","MAX_HISTORY","monitor/frame_monitor.py",26,26,"
    # 最大历史记录数
    MAX_HISTORY = 1000

    def __init__(self, parent=None):
",""
"Variable:monitor/frame_monitor.py:layout","layout","monitor/frame_monitor.py",58,58,"    def _setup_ui(self):
        """"""设置 UI 布局""""""
        layout = QVBoxLayout(self)
        layout.setSpacing(6)
        layout.setContentsMargins(6, 6, 6, 6)
",""
"Variable:monitor/frame_monitor.py:toolbar","toolbar","monitor/frame_monitor.py",63,63,"
        # ---- 工具栏 ----
        toolbar = QHBoxLayout()
        toolbar.setSpacing(6)

",""
"Variable:monitor/frame_monitor.py:splitter","splitter","monitor/frame_monitor.py",98,98,"
        # ---- 主内容区（左右分割）----
        splitter = QSplitter(Qt.Horizontal)

        # 左侧：帧历史列表
",""
"Variable:monitor/frame_monitor.py:left_group","left_group","monitor/frame_monitor.py",101,101,"
        # 左侧：帧历史列表
        left_group = QGroupBox(""帧历史"")
        left_layout = QVBoxLayout(left_group)
        left_layout.setContentsMargins(4, 4, 4, 4)
",""
"Variable:monitor/frame_monitor.py:left_layout","left_layout","monitor/frame_monitor.py",102,102,"        # 左侧：帧历史列表
        left_group = QGroupBox(""帧历史"")
        left_layout = QVBoxLayout(left_group)
        left_layout.setContentsMargins(4, 4, 4, 4)

",""
"Variable:monitor/frame_monitor.py:header","header","monitor/frame_monitor.py",108,108,"        self._history_table.setColumnCount(6)
        self._history_table.setHorizontalHeaderLabels([""序号"", ""时间"", ""协议"", ""方向"", ""长度"", ""摘要""])
        header = self._history_table.horizontalHeader()
        header.setSectionResizeMode(QHeaderView.ResizeMode.Interactive)
        header.setStretchLastSection(True)
",""
"Variable:monitor/frame_monitor.py:table_font","table_font","monitor/frame_monitor.py",121,121,"        self._history_table.setEditTriggers(QTableWidget.NoEditTriggers)
        self._history_table.currentCellChanged.connect(self._on_history_row_changed)
        table_font = QFont()
        table_font.setPointSize(8)
        self._history_table.setFont(table_font)
",""
"Variable:monitor/frame_monitor.py:right_group","right_group","monitor/frame_monitor.py",129,129,"
        # 右侧：选中帧的解析结果 + 校验结果
        right_group = QGroupBox(""解析结果"")
        right_layout = QVBoxLayout(right_group)
        right_layout.setContentsMargins(4, 4, 4, 4)
",""
"Variable:monitor/frame_monitor.py:right_layout","right_layout","monitor/frame_monitor.py",130,130,"        # 右侧：选中帧的解析结果 + 校验结果
        right_group = QGroupBox(""解析结果"")
        right_layout = QVBoxLayout(right_group)
        right_layout.setContentsMargins(4, 4, 4, 4)

",""
"Variable:monitor/frame_monitor.py:verify_layout","verify_layout","monitor/frame_monitor.py",151,151,"        # 校验结果区域
        self._verify_group = QGroupBox(""校验结果"")
        verify_layout = QVBoxLayout(self._verify_group)
        verify_layout.setContentsMargins(4, 4, 4, 4)
        self._verify_label = QLabel(""等待解析..."")
",""
"Variable:monitor/frame_monitor.py:bottom_layout","bottom_layout","monitor/frame_monitor.py",165,165,"
        # ---- 底部按钮 ----
        bottom_layout = QHBoxLayout()
        bottom_layout.setSpacing(6)

",""
"Variable:monitor/frame_monitor.py:protocol","protocol","monitor/frame_monitor.py",215,215,"
        # 识别协议
        protocol = self._identify_protocol(frame)

        # 过滤检查
",""
"Variable:monitor/frame_monitor.py:filter_text","filter_text","monitor/frame_monitor.py",218,218,"
        # 过滤检查
        filter_text = self._filter_combo.currentText()
        if filter_text != ""全部"" and filter_text != protocol:
            return
",""
"Variable:monitor/frame_monitor.py:parse_result","parse_result","monitor/frame_monitor.py",223,223,"
        # 解析帧
        parse_result = self._parse_frame(frame, protocol)

        # 添加到历史
",""
"Variable:monitor/frame_monitor.py:now","now","monitor/frame_monitor.py",226,226,"
        # 添加到历史
        now = datetime.now()
        entry = {
            'time': now,
",""
"Variable:monitor/frame_monitor.py:entry","entry","monitor/frame_monitor.py",227,234,"        # 添加到历史
        now = datetime.now()
        entry = {
            'time': now,
            'frame': frame,
            'protocol': protocol,
            'direction': '接收',
            'parse_result': parse_result,
            'hex': frame.hex().upper()
        }
        self._frame_history.append(entry)

",""
"Variable:monitor/frame_monitor.py:length","length","monitor/frame_monitor.py",249,249,"            # 通过长度域区分：南网长度域占2字节，国网格式域更复杂
            if len(frame) >= 3:
                length = int.from_bytes(frame[1:3], 'little')
                if length + 6 == len(frame):
                    return ""南网""
",""
"Variable:monitor/frame_monitor.py:parser","parser","monitor/frame_monitor.py",270,270,"    def _parse_frame(self, frame: bytes, protocol: str) -> Optional[List]:
        """"""解析帧""""""
        parser = self._parsers.get(protocol)
        if parser and hasattr(parser, 'parse_to_table'):
            try:
",""
"Variable:monitor/frame_monitor.py:row","row","monitor/frame_monitor.py",282,282,"        self._history_table.setRowCount(len(self._frame_history))
        for idx, entry in enumerate(reversed(self._frame_history)):
            row = len(self._frame_history) - 1 - idx
            if row < 0:
                continue
",""
"Variable:monitor/frame_monitor.py:time_str","time_str","monitor/frame_monitor.py",290,290,"
            # 时间
            time_str = entry['time'].strftime(""%H:%M:%S"")
            self._history_table.setItem(row, 1, QTableWidgetItem(time_str))

",""
"Variable:monitor/frame_monitor.py:protocol_item","protocol_item","monitor/frame_monitor.py",294,294,"
            # 协议
            protocol_item = QTableWidgetItem(entry['protocol'])
            if entry['protocol'] == ""南网"":
                protocol_item.setForeground(QColor(""#1565C0""))
",""
"Variable:monitor/frame_monitor.py:summary","summary","monitor/frame_monitor.py",310,310,"
            # 摘要
            summary = self._get_frame_summary(entry)
            self._history_table.setItem(row, 5, QTableWidgetItem(summary))

",""
"Variable:monitor/frame_monitor.py:frame","frame","monitor/frame_monitor.py",318,318,"    def _get_frame_summary(self, entry: Dict) -> str:
        """"""获取帧摘要""""""
        frame = entry['frame']
        protocol = entry['protocol']

",""
"Variable:monitor/frame_monitor.py:afn","afn","monitor/frame_monitor.py",322,322,"
        if protocol in (""南网"", ""国网"") and len(frame) >= 7:
            afn = frame[6]
            return f""AFN=0x{afn:02X}""
        elif protocol == ""HDLC"" and len(frame) >= 3:
",""
"Variable:monitor/frame_monitor.py:cmd","cmd","monitor/frame_monitor.py",327,327,"            return f""控制域=0x{frame[2]:02X}""
        elif protocol == ""PLC RF"" and len(frame) >= 5:
            cmd = int.from_bytes(frame[3:5], 'little')
            return f""CMD=0x{cmd:04X}""
        elif protocol == ""DLT645"" and len(frame) >= 12:
",""
"Variable:monitor/frame_monitor.py:ctrl","ctrl","monitor/frame_monitor.py",330,330,"            return f""CMD=0x{cmd:04X}""
        elif protocol == ""DLT645"" and len(frame) >= 12:
            ctrl = frame[8]
            return f""控制码=0x{ctrl:02X}""

",""
"Variable:monitor/frame_monitor.py:idx","idx","monitor/frame_monitor.py",344,344,"
        # 获取选中的帧（注意表格是倒序显示的）
        idx = len(self._frame_history) - 1 - row
        if idx < 0 or idx >= len(self._frame_history):
            return
",""
"Variable:monitor/frame_monitor.py:formatted","formatted","monitor/frame_monitor.py",361,361,"
        # 显示 HEX
        formatted = "" "".join(self._selected_hex[i:i+2] for i in range(0, len(self._selected_hex), 2))
        self._hex_display.setText(formatted[:100] + ""..."" if len(formatted) > 100 else formatted)

",""
"Variable:monitor/frame_monitor.py:hex_str","hex_str","monitor/frame_monitor.py",424,424,"                for entry in self._frame_history:
                    time_str = entry['time'].strftime(""%Y-%m-%d %H:%M:%S"")
                    hex_str = entry['hex']
                    protocol = entry['protocol']
                    f.write(f""[{time_str}] [{protocol}] {hex_str}\n"")
",""
"Variable:monitor/frame_monitor.py:clipboard","clipboard","monitor/frame_monitor.py",435,435,"        if hasattr(self, '_selected_hex'):
            from PySide6.QtWidgets import QApplication
            clipboard = QApplication.clipboard()
            clipboard.setText(self._selected_hex)
            QMessageBox.information(self, ""成功"", ""已复制到剪贴板"")
",""
"Variable:monitor/frame_monitor.py:history_idx","history_idx","monitor/frame_monitor.py",445,445,"            idx = self._history_table.currentRow()
            if idx >= 0:
                history_idx = len(self._frame_history) - 1 - idx
                if 0 <= history_idx < len(self._frame_history):
                    entry = list(self._frame_history)[history_idx]
",""
"Variable:monitor/frame_monitor.py:name","name","monitor/frame_monitor.py",448,448,"                if 0 <= history_idx < len(self._frame_history):
                    entry = list(self._frame_history)[history_idx]
                    name = f""{entry['protocol']}帧-{entry['time'].strftime('%H%M%S')}""
                    self.add_to_test_plan.emit(name, self._selected_hex)
                    QMessageBox.information(self, ""成功"", f""已添加到测试方案: {name}"")
",""
"Variable:monitor/frame_monitor.py:validators","validators","monitor/frame_monitor.py",466,472,"            )

            validators = {
                '南网': NWValidator(),
                '国网': GDWValidator(),
                'HDLC': HDLCValidator(),
                'PLC RF': PLCRFValidator(),
                'DLT645': DLT645Validator(),
            }

            validator = validators.get(protocol)
",""
"Variable:monitor/frame_monitor.py:validator","validator","monitor/frame_monitor.py",474,474,"            }

            validator = validators.get(protocol)
            if validator:
                result = validator.verify(frame)
",""
"Variable:monitor/frame_monitor.py:result","result","monitor/frame_monitor.py",476,476,"            validator = validators.get(protocol)
            if validator:
                result = validator.verify(frame)
                self._display_verify_result(result)
            else:
",""
"Variable:monitor/frame_monitor.py:lines","lines","monitor/frame_monitor.py",487,487,"        from validator.base import CheckLevel

        lines = []
        lines.append(f""协议: {result.protocol}"")
        lines.append(f""整体结果: {'✅ 通过' if result.valid else '❌ 失败'}"")
",""
"Variable:monitor/frame_monitor.py:icon","icon","monitor/frame_monitor.py",493,493,"
        for check in result.checks:
            icon = ""✅"" if check.level == CheckLevel.PASS else ""❌"" if check.level == CheckLevel.FAIL else ""⚠️""
            lines.append(f""{icon} {check.name}: {check.message}"")

",""
